{
  "n_true_positives": 8,
  "n_positives": 8,
  "total_time": 124.89072561264038,
  "date": "2025-01-25T18:33:08.922882",
  "backend": "BruteForce",
  "n_bins": 0,
  "eps": 7.5,
  "args": {
    "csvpath": [
      "../data/RobustBench/predictions/imagenet3dcc-Tian2022Deeper_DeiT-B/vanilla.csv",
      "../data/RobustBench/predictions/imagenet3dcc-Tian2022Deeper_DeiT-B/near_focus-1.csv"
    ],
    "eps": 7.5,
    "n_bins": 0,
    "n_examples": -1,
    "out_path": "../results/semantic//results/imagenet3dcc-Tian2022Deeper_DeiT-B/imagenet3dcc-Tian2022Deeper_DeiT-B-L2-7.5-near_focus-1.json",
    "full_output": false,
    "verbose": false,
    "randomize_order": false,
    "backend": "bf",
    "blind_cols": null,
    "pred": "pred",
    "metric": "L2"
  },
  "backend_meta": {
    "epsilon": 7.5,
    "decision_col": "pred",
    "metric": "Linf",
    "is_exact": true,
    "is_sound": true,
    "is_complete": true
  },
  "positives": [
    [
      1114,
      6114
    ],
    [
      1204,
      6204
    ],
    [
      1564,
      6564
    ],
    [
      1644,
      6644
    ],
    [
      2722,
      7722
    ],
    [
      3760,
      8760
    ],
    [
      3945,
      8945
    ],
    [
      4382,
      9382
    ]
  ]
}