{
  "n_true_positives": 12,
  "n_positives": 12,
  "total_time": 142.7315113544464,
  "date": "2025-01-25T18:40:34.552982",
  "backend": "BruteForce",
  "n_bins": 0,
  "eps": 7.5,
  "args": {
    "csvpath": [
      "../data/RobustBench/predictions/imagenet3dcc-Tian2022Deeper_DeiT-B/vanilla.csv",
      "../data/RobustBench/predictions/imagenet3dcc-Tian2022Deeper_DeiT-B/fog_3d-3.csv"
    ],
    "eps": 7.5,
    "n_bins": 0,
    "n_examples": -1,
    "out_path": "../results/semantic//results/imagenet3dcc-Tian2022Deeper_DeiT-B/imagenet3dcc-Tian2022Deeper_DeiT-B-L2-7.5-fog_3d-3.json",
    "full_output": false,
    "verbose": false,
    "randomize_order": false,
    "backend": "bf",
    "blind_cols": null,
    "pred": "pred",
    "metric": "L2"
  },
  "backend_meta": {
    "epsilon": 7.5,
    "decision_col": "pred",
    "metric": "Linf",
    "is_exact": true,
    "is_sound": true,
    "is_complete": true
  },
  "positives": [
    [
      5038,
      5398
    ],
    [
      5145,
      5856
    ],
    [
      5155,
      5605
    ],
    [
      5632,
      6186
    ],
    [
      5833,
      6001
    ],
    [
      5856,
      9287
    ],
    [
      5856,
      9419
    ],
    [
      5873,
      6295
    ],
    [
      5873,
      6325
    ],
    [
      5921,
      6186
    ],
    [
      6453,
      9016
    ],
    [
      7307,
      7576
    ]
  ]
}