{
  "n_true_positives": 37,
  "n_positives": 37,
  "total_time": 143.09727120399475,
  "date": "2025-01-25T18:23:18.114317",
  "backend": "BruteForce",
  "n_bins": 0,
  "eps": 7.5,
  "args": {
    "csvpath": [
      "../data/RobustBench/predictions/imagenet3dcc-Tian2022Deeper_DeiT-B/vanilla.csv",
      "../data/RobustBench/predictions/imagenet3dcc-Tian2022Deeper_DeiT-B/color_quant-1.csv"
    ],
    "eps": 7.5,
    "n_bins": 0,
    "n_examples": -1,
    "out_path": "../results/semantic//results/imagenet3dcc-Tian2022Deeper_DeiT-B/imagenet3dcc-Tian2022Deeper_DeiT-B-L2-7.5-color_quant-1.json",
    "full_output": false,
    "verbose": false,
    "randomize_order": false,
    "backend": "bf",
    "blind_cols": null,
    "pred": "pred",
    "metric": "L2"
  },
  "backend_meta": {
    "epsilon": 7.5,
    "decision_col": "pred",
    "metric": "Linf",
    "is_exact": true,
    "is_sound": true,
    "is_complete": true
  },
  "positives": [
    [
      4,
      5004
    ],
    [
      320,
      5320
    ],
    [
      396,
      5396
    ],
    [
      799,
      5799
    ],
    [
      902,
      5902
    ],
    [
      1027,
      6027
    ],
    [
      1204,
      6204
    ],
    [
      1457,
      6457
    ],
    [
      1564,
      6564
    ],
    [
      1616,
      6616
    ],
    [
      1708,
      6708
    ],
    [
      1720,
      6720
    ],
    [
      1887,
      6887
    ],
    [
      1935,
      6935
    ],
    [
      2235,
      7235
    ],
    [
      2503,
      7503
    ],
    [
      2555,
      7555
    ],
    [
      2722,
      7722
    ],
    [
      2747,
      7747
    ],
    [
      2803,
      7803
    ],
    [
      2939,
      7939
    ],
    [
      2978,
      7978
    ],
    [
      3322,
      8322
    ],
    [
      3516,
      8516
    ],
    [
      3651,
      8651
    ],
    [
      3740,
      8740
    ],
    [
      4082,
      9082
    ],
    [
      4229,
      9229
    ],
    [
      4423,
      9423
    ],
    [
      4437,
      9437
    ],
    [
      4447,
      9447
    ],
    [
      4465,
      9465
    ],
    [
      4639,
      9639
    ],
    [
      4660,
      9660
    ],
    [
      4710,
      9710
    ],
    [
      4743,
      9743
    ],
    [
      4990,
      9990
    ]
  ]
}