{
  "n_true_positives": 204,
  "n_positives": 204,
  "total_time": 125.69791007041931,
  "date": "2025-01-25T18:40:47.585642",
  "backend": "BruteForce",
  "n_bins": 0,
  "eps": 7.5,
  "args": {
    "csvpath": [
      "../data/RobustBench/predictions/imagenet3dcc-Tian2022Deeper_DeiT-B/vanilla.csv",
      "../data/RobustBench/predictions/imagenet3dcc-Tian2022Deeper_DeiT-B/fog_3d-4.csv"
    ],
    "eps": 7.5,
    "n_bins": 0,
    "n_examples": -1,
    "out_path": "../results/semantic//results/imagenet3dcc-Tian2022Deeper_DeiT-B/imagenet3dcc-Tian2022Deeper_DeiT-B-L2-7.5-fog_3d-4.json",
    "full_output": false,
    "verbose": false,
    "randomize_order": false,
    "backend": "bf",
    "blind_cols": null,
    "pred": "pred",
    "metric": "L2"
  },
  "backend_meta": {
    "epsilon": 7.5,
    "decision_col": "pred",
    "metric": "Linf",
    "is_exact": true,
    "is_sound": true,
    "is_complete": true
  },
  "positives": [
    [
      5019,
      6942
    ],
    [
      5025,
      7378
    ],
    [
      5040,
      6744
    ],
    [
      5043,
      5155
    ],
    [
      5043,
      6744
    ],
    [
      5043,
      7643
    ],
    [
      5043,
      9153
    ],
    [
      5049,
      5826
    ],
    [
      5052,
      7093
    ],
    [
      5082,
      6821
    ],
    [
      5125,
      5715
    ],
    [
      5141,
      6401
    ],
    [
      5145,
      5856
    ],
    [
      5145,
      9287
    ],
    [
      5155,
      6857
    ],
    [
      5155,
      9153
    ],
    [
      5155,
      9817
    ],
    [
      5155,
      9876
    ],
    [
      5157,
      6114
    ],
    [
      5157,
      9708
    ],
    [
      5164,
      6651
    ],
    [
      5210,
      5419
    ],
    [
      5210,
      6371
    ],
    [
      5233,
      5396
    ],
    [
      5241,
      6787
    ],
    [
      5248,
      5566
    ],
    [
      5257,
      6665
    ],
    [
      5288,
      7207
    ],
    [
      5299,
      6974
    ],
    [
      5302,
      8025
    ],
    [
      5304,
      6181
    ],
    [
      5372,
      6181
    ],
    [
      5372,
      9429
    ],
    [
      5374,
      5833
    ],
    [
      5375,
      6297
    ],
    [
      5381,
      5766
    ],
    [
      5381,
      7615
    ],
    [
      5396,
      7571
    ],
    [
      5398,
      9381
    ],
    [
      5490,
      8447
    ],
    [
      5490,
      9725
    ],
    [
      5501,
      7434
    ],
    [
      5507,
      9219
    ],
    [
      5535,
      9846
    ],
    [
      5557,
      5813
    ],
    [
      5566,
      6906
    ],
    [
      5566,
      8968
    ],
    [
      5566,
      9978
    ],
    [
      5623,
      7812
    ],
    [
      5632,
      8412
    ],
    [
      5640,
      6542
    ],
    [
      5640,
      6753
    ],
    [
      5640,
      9846
    ],
    [
      5640,
      9920
    ],
    [
      5641,
      5689
    ],
    [
      5642,
      7580
    ],
    [
      5669,
      8553
    ],
    [
      5689,
      6628
    ],
    [
      5705,
      6453
    ],
    [
      5705,
      7626
    ],
    [
      5705,
      8112
    ],
    [
      5715,
      7650
    ],
    [
      5750,
      7938
    ],
    [
      5751,
      5943
    ],
    [
      5755,
      6720
    ],
    [
      5755,
      8718
    ],
    [
      5755,
      9126
    ],
    [
      5766,
      7615
    ],
    [
      5766,
      9325
    ],
    [
      5787,
      7874
    ],
    [
      5787,
      7934
    ],
    [
      5787,
      9374
    ],
    [
      5787,
      9859
    ],
    [
      5813,
      6925
    ],
    [
      5813,
      9755
    ],
    [
      5826,
      8617
    ],
    [
      5856,
      6422
    ],
    [
      5856,
      9074
    ],
    [
      5867,
      9084
    ],
    [
      5867,
      9504
    ],
    [
      5892,
      9978
    ],
    [
      5911,
      7882
    ],
    [
      5921,
      8412
    ],
    [
      5921,
      8752
    ],
    [
      5952,
      7178
    ],
    [
      5952,
      8985
    ],
    [
      5963,
      9135
    ],
    [
      5991,
      6290
    ],
    [
      5991,
      8825
    ],
    [
      6001,
      8043
    ],
    [
      6001,
      9374
    ],
    [
      6031,
      8126
    ],
    [
      6035,
      7812
    ],
    [
      6059,
      7181
    ],
    [
      6059,
      8513
    ],
    [
      6091,
      7351
    ],
    [
      6091,
      7836
    ],
    [
      6091,
      9185
    ],
    [
      6181,
      6465
    ],
    [
      6181,
      9878
    ],
    [
      6186,
      6425
    ],
    [
      6186,
      6696
    ],
    [
      6193,
      6272
    ],
    [
      6253,
      8390
    ],
    [
      6253,
      9973
    ],
    [
      6264,
      6823
    ],
    [
      6264,
      7148
    ],
    [
      6272,
      8533
    ],
    [
      6273,
      9926
    ],
    [
      6290,
      7727
    ],
    [
      6360,
      8069
    ],
    [
      6360,
      8188
    ],
    [
      6360,
      8900
    ],
    [
      6360,
      9375
    ],
    [
      6406,
      9574
    ],
    [
      6410,
      7250
    ],
    [
      6422,
      9287
    ],
    [
      6453,
      7626
    ],
    [
      6453,
      8112
    ],
    [
      6453,
      8401
    ],
    [
      6453,
      9016
    ],
    [
      6465,
      9429
    ],
    [
      6468,
      9194
    ],
    [
      6542,
      9625
    ],
    [
      6562,
      7481
    ],
    [
      6696,
      7250
    ],
    [
      6720,
      8718
    ],
    [
      6720,
      9126
    ],
    [
      6744,
      9153
    ],
    [
      6744,
      9876
    ],
    [
      6753,
      7229
    ],
    [
      6753,
      8250
    ],
    [
      6753,
      9625
    ],
    [
      6753,
      9904
    ],
    [
      6758,
      8390
    ],
    [
      6758,
      9973
    ],
    [
      6779,
      8533
    ],
    [
      6823,
      7148
    ],
    [
      6878,
      7938
    ],
    [
      6899,
      7147
    ],
    [
      6950,
      8497
    ],
    [
      6974,
      8126
    ],
    [
      7093,
      8428
    ],
    [
      7093,
      9130
    ],
    [
      7141,
      7921
    ],
    [
      7229,
      8250
    ],
    [
      7250,
      8153
    ],
    [
      7250,
      9072
    ],
    [
      7351,
      7836
    ],
    [
      7351,
      9185
    ],
    [
      7413,
      9325
    ],
    [
      7434,
      7697
    ],
    [
      7445,
      7973
    ],
    [
      7445,
      9755
    ],
    [
      7465,
      9574
    ],
    [
      7573,
      8382
    ],
    [
      7573,
      9497
    ],
    [
      7606,
      7615
    ],
    [
      7626,
      8112
    ],
    [
      7626,
      8870
    ],
    [
      7643,
      9153
    ],
    [
      7643,
      9876
    ],
    [
      7757,
      7811
    ],
    [
      7811,
      8172
    ],
    [
      7874,
      8043
    ],
    [
      7874,
      9374
    ],
    [
      7874,
      9859
    ],
    [
      7878,
      8126
    ],
    [
      7892,
      8258
    ],
    [
      7934,
      8043
    ],
    [
      7934,
      9374
    ],
    [
      7934,
      9859
    ],
    [
      8034,
      8838
    ],
    [
      8043,
      9374
    ],
    [
      8069,
      8188
    ],
    [
      8069,
      8900
    ],
    [
      8070,
      9429
    ],
    [
      8112,
      8401
    ],
    [
      8112,
      9016
    ],
    [
      8172,
      9859
    ],
    [
      8183,
      9375
    ],
    [
      8313,
      9375
    ],
    [
      8342,
      9235
    ],
    [
      8369,
      8669
    ],
    [
      8382,
      9497
    ],
    [
      8382,
      9867
    ],
    [
      8401,
      9016
    ],
    [
      8441,
      9669
    ],
    [
      8646,
      9708
    ],
    [
      8698,
      8943
    ],
    [
      8718,
      9126
    ],
    [
      8863,
      9497
    ],
    [
      8870,
      9895
    ],
    [
      9074,
      9287
    ],
    [
      9084,
      9504
    ],
    [
      9153,
      9876
    ],
    [
      9181,
      9830
    ],
    [
      9194,
      9538
    ],
    [
      9247,
      9574
    ],
    [
      9259,
      9778
    ],
    [
      9497,
      9867
    ],
    [
      9557,
      9979
    ],
    [
      9625,
      9846
    ],
    [
      9625,
      9920
    ]
  ]
}