{
  "n_true_positives": 16,
  "n_positives": 16,
  "total_time": 115.14436459541321,
  "date": "2025-01-25T18:35:00.748420",
  "backend": "BruteForce",
  "n_bins": 0,
  "eps": 7.5,
  "args": {
    "csvpath": [
      "../data/RobustBench/predictions/imagenet3dcc-Tian2022Deeper_DeiT-B/vanilla.csv",
      "../data/RobustBench/predictions/imagenet3dcc-Tian2022Deeper_DeiT-B/color_quant-2.csv"
    ],
    "eps": 7.5,
    "n_bins": 0,
    "n_examples": -1,
    "out_path": "../results/semantic//results/imagenet3dcc-Tian2022Deeper_DeiT-B/imagenet3dcc-Tian2022Deeper_DeiT-B-L2-7.5-color_quant-2.json",
    "full_output": false,
    "verbose": false,
    "randomize_order": false,
    "backend": "bf",
    "blind_cols": null,
    "pred": "pred",
    "metric": "L2"
  },
  "backend_meta": {
    "epsilon": 7.5,
    "decision_col": "pred",
    "metric": "Linf",
    "is_exact": true,
    "is_sound": true,
    "is_complete": true
  },
  "positives": [
    [
      455,
      5455
    ],
    [
      902,
      5902
    ],
    [
      1457,
      6457
    ],
    [
      1564,
      6564
    ],
    [
      1616,
      6616
    ],
    [
      2503,
      7503
    ],
    [
      2722,
      7722
    ],
    [
      2803,
      7803
    ],
    [
      2939,
      7939
    ],
    [
      3322,
      8322
    ],
    [
      3651,
      8651
    ],
    [
      3740,
      8740
    ],
    [
      4447,
      9447
    ],
    [
      4484,
      9484
    ],
    [
      4710,
      9710
    ],
    [
      4815,
      9815
    ]
  ]
}