{
  "n_true_positives": 11,
  "n_positives": 11,
  "total_time": 142.22679805755615,
  "date": "2025-01-25T18:31:26.652236",
  "backend": "BruteForce",
  "n_bins": 0,
  "eps": 7.5,
  "args": {
    "csvpath": [
      "../data/RobustBench/predictions/imagenet3dcc-Tian2022Deeper_DeiT-B/vanilla.csv",
      "../data/RobustBench/predictions/imagenet3dcc-Tian2022Deeper_DeiT-B/far_focus-2.csv"
    ],
    "eps": 7.5,
    "n_bins": 0,
    "n_examples": -1,
    "out_path": "../results/semantic//results/imagenet3dcc-Tian2022Deeper_DeiT-B/imagenet3dcc-Tian2022Deeper_DeiT-B-L2-7.5-far_focus-2.json",
    "full_output": false,
    "verbose": false,
    "randomize_order": false,
    "backend": "bf",
    "blind_cols": null,
    "pred": "pred",
    "metric": "L2"
  },
  "backend_meta": {
    "epsilon": 7.5,
    "decision_col": "pred",
    "metric": "Linf",
    "is_exact": true,
    "is_sound": true,
    "is_complete": true
  },
  "positives": [
    [
      164,
      5164
    ],
    [
      192,
      5192
    ],
    [
      396,
      5396
    ],
    [
      799,
      5799
    ],
    [
      1114,
      6114
    ],
    [
      1191,
      6191
    ],
    [
      1644,
      6644
    ],
    [
      2034,
      7034
    ],
    [
      2653,
      7653
    ],
    [
      3945,
      8945
    ],
    [
      4743,
      9743
    ]
  ]
}