{
  "n_true_positives": 809,
  "n_positives": 809,
  "total_time": 135.3074803352356,
  "date": "2025-01-25T18:33:51.931071",
  "backend": "BruteForce",
  "n_bins": 0,
  "eps": 7.5,
  "args": {
    "csvpath": [
      "../data/RobustBench/predictions/imagenet3dcc-Tian2022Deeper_DeiT-B/vanilla.csv",
      "../data/RobustBench/predictions/imagenet3dcc-Tian2022Deeper_DeiT-B/fog_3d-5.csv"
    ],
    "eps": 7.5,
    "n_bins": 0,
    "n_examples": -1,
    "out_path": "../results/semantic//results/imagenet3dcc-Tian2022Deeper_DeiT-B/imagenet3dcc-Tian2022Deeper_DeiT-B-L2-7.5-fog_3d-5.json",
    "full_output": false,
    "verbose": false,
    "randomize_order": false,
    "backend": "bf",
    "blind_cols": null,
    "pred": "pred",
    "metric": "L2"
  },
  "backend_meta": {
    "epsilon": 7.5,
    "decision_col": "pred",
    "metric": "Linf",
    "is_exact": true,
    "is_sound": true,
    "is_complete": true
  },
  "positives": [
    [
      5019,
      5210
    ],
    [
      5019,
      8141
    ],
    [
      5025,
      5641
    ],
    [
      5025,
      6357
    ],
    [
      5025,
      6628
    ],
    [
      5025,
      7054
    ],
    [
      5025,
      7584
    ],
    [
      5038,
      5398
    ],
    [
      5038,
      8141
    ],
    [
      5038,
      8515
    ],
    [
      5038,
      8800
    ],
    [
      5038,
      8956
    ],
    [
      5038,
      9806
    ],
    [
      5040,
      6562
    ],
    [
      5040,
      6744
    ],
    [
      5040,
      7481
    ],
    [
      5043,
      5155
    ],
    [
      5043,
      5991
    ],
    [
      5043,
      6290
    ],
    [
      5043,
      6577
    ],
    [
      5043,
      6744
    ],
    [
      5043,
      7102
    ],
    [
      5043,
      7643
    ],
    [
      5043,
      7727
    ],
    [
      5043,
      7957
    ],
    [
      5043,
      8178
    ],
    [
      5043,
      8474
    ],
    [
      5043,
      8825
    ],
    [
      5046,
      9654
    ],
    [
      5049,
      5826
    ],
    [
      5052,
      7091
    ],
    [
      5052,
      7304
    ],
    [
      5052,
      7808
    ],
    [
      5052,
      8428
    ],
    [
      5052,
      8752
    ],
    [
      5052,
      9130
    ],
    [
      5062,
      9574
    ],
    [
      5073,
      8912
    ],
    [
      5082,
      5375
    ],
    [
      5082,
      6297
    ],
    [
      5083,
      9778
    ],
    [
      5110,
      5241
    ],
    [
      5110,
      6056
    ],
    [
      5110,
      6227
    ],
    [
      5110,
      6453
    ],
    [
      5125,
      6468
    ],
    [
      5125,
      9538
    ],
    [
      5128,
      8364
    ],
    [
      5141,
      6401
    ],
    [
      5141,
      6649
    ],
    [
      5141,
      9728
    ],
    [
      5143,
      5490
    ],
    [
      5143,
      8342
    ],
    [
      5143,
      9020
    ],
    [
      5143,
      9235
    ],
    [
      5145,
      5856
    ],
    [
      5145,
      6000
    ],
    [
      5145,
      8176
    ],
    [
      5145,
      9287
    ],
    [
      5155,
      5605
    ],
    [
      5155,
      6577
    ],
    [
      5155,
      6857
    ],
    [
      5155,
      7102
    ],
    [
      5155,
      7727
    ],
    [
      5155,
      7892
    ],
    [
      5155,
      8178
    ],
    [
      5155,
      8398
    ],
    [
      5155,
      8474
    ],
    [
      5155,
      9153
    ],
    [
      5155,
      9817
    ],
    [
      5155,
      9876
    ],
    [
      5160,
      6531
    ],
    [
      5176,
      6222
    ],
    [
      5176,
      7480
    ],
    [
      5176,
      8596
    ],
    [
      5176,
      9804
    ],
    [
      5178,
      9476
    ],
    [
      5194,
      5856
    ],
    [
      5194,
      9287
    ],
    [
      5210,
      6942
    ],
    [
      5210,
      9702
    ],
    [
      5228,
      5248
    ],
    [
      5231,
      7346
    ],
    [
      5233,
      5396
    ],
    [
      5233,
      7571
    ],
    [
      5233,
      9456
    ],
    [
      5235,
      7307
    ],
    [
      5235,
      7576
    ],
    [
      5241,
      5898
    ],
    [
      5241,
      6114
    ],
    [
      5241,
      6787
    ],
    [
      5248,
      5824
    ],
    [
      5248,
      6430
    ],
    [
      5248,
      8968
    ],
    [
      5257,
      6272
    ],
    [
      5257,
      6379
    ],
    [
      5257,
      6779
    ],
    [
      5257,
      9244
    ],
    [
      5279,
      8342
    ],
    [
      5279,
      8447
    ],
    [
      5288,
      6542
    ],
    [
      5288,
      7207
    ],
    [
      5288,
      7244
    ],
    [
      5294,
      7811
    ],
    [
      5299,
      7878
    ],
    [
      5299,
      8126
    ],
    [
      5302,
      5671
    ],
    [
      5302,
      7725
    ],
    [
      5302,
      8025
    ],
    [
      5304,
      8070
    ],
    [
      5304,
      8943
    ],
    [
      5322,
      6325
    ],
    [
      5361,
      9386
    ],
    [
      5374,
      5833
    ],
    [
      5374,
      8043
    ],
    [
      5374,
      9374
    ],
    [
      5375,
      6297
    ],
    [
      5375,
      7978
    ],
    [
      5381,
      7413
    ],
    [
      5381,
      7615
    ],
    [
      5381,
      9325
    ],
    [
      5396,
      7571
    ],
    [
      5398,
      8800
    ],
    [
      5398,
      9381
    ],
    [
      5398,
      9806
    ],
    [
      5411,
      6003
    ],
    [
      5425,
      6462
    ],
    [
      5426,
      8271
    ],
    [
      5431,
      6812
    ],
    [
      5431,
      7757
    ],
    [
      5431,
      7811
    ],
    [
      5431,
      7874
    ],
    [
      5431,
      7934
    ],
    [
      5431,
      8172
    ],
    [
      5432,
      7727
    ],
    [
      5432,
      7764
    ],
    [
      5432,
      8731
    ],
    [
      5433,
      6264
    ],
    [
      5448,
      6433
    ],
    [
      5448,
      7476
    ],
    [
      5448,
      7700
    ],
    [
      5471,
      5961
    ],
    [
      5471,
      6514
    ],
    [
      5483,
      8070
    ],
    [
      5490,
      5509
    ],
    [
      5490,
      8342
    ],
    [
      5490,
      8447
    ],
    [
      5490,
      9070
    ],
    [
      5490,
      9725
    ],
    [
      5507,
      7542
    ],
    [
      5508,
      8057
    ],
    [
      5508,
      8519
    ],
    [
      5509,
      5669
    ],
    [
      5509,
      8342
    ],
    [
      5509,
      9020
    ],
    [
      5509,
      9235
    ],
    [
      5519,
      7433
    ],
    [
      5535,
      5981
    ],
    [
      5535,
      6753
    ],
    [
      5535,
      7328
    ],
    [
      5535,
      9625
    ],
    [
      5557,
      7342
    ],
    [
      5564,
      5565
    ],
    [
      5564,
      8553
    ],
    [
      5565,
      8362
    ],
    [
      5565,
      8553
    ],
    [
      5566,
      5892
    ],
    [
      5566,
      6699
    ],
    [
      5566,
      8441
    ],
    [
      5566,
      9669
    ],
    [
      5566,
      9978
    ],
    [
      5575,
      9606
    ],
    [
      5605,
      6290
    ],
    [
      5605,
      6577
    ],
    [
      5605,
      7102
    ],
    [
      5605,
      7727
    ],
    [
      5605,
      7957
    ],
    [
      5605,
      8178
    ],
    [
      5605,
      8258
    ],
    [
      5605,
      8474
    ],
    [
      5606,
      6587
    ],
    [
      5606,
      8725
    ],
    [
      5613,
      8271
    ],
    [
      5623,
      7409
    ],
    [
      5623,
      7812
    ],
    [
      5626,
      6181
    ],
    [
      5632,
      6696
    ],
    [
      5632,
      8070
    ],
    [
      5632,
      8412
    ],
    [
      5632,
      8507
    ],
    [
      5632,
      9072
    ],
    [
      5640,
      5826
    ],
    [
      5640,
      6753
    ],
    [
      5640,
      9625
    ],
    [
      5641,
      5689
    ],
    [
      5641,
      7235
    ],
    [
      5641,
      7596
    ],
    [
      5649,
      9772
    ],
    [
      5669,
      7812
    ],
    [
      5669,
      9070
    ],
    [
      5669,
      9725
    ],
    [
      5671,
      6375
    ],
    [
      5671,
      7725
    ],
    [
      5671,
      7908
    ],
    [
      5671,
      8025
    ],
    [
      5678,
      6398
    ],
    [
      5678,
      6562
    ],
    [
      5678,
      7481
    ],
    [
      5689,
      6357
    ],
    [
      5689,
      6628
    ],
    [
      5689,
      7054
    ],
    [
      5689,
      7584
    ],
    [
      5690,
      7034
    ],
    [
      5705,
      7626
    ],
    [
      5705,
      8112
    ],
    [
      5705,
      8401
    ],
    [
      5705,
      9093
    ],
    [
      5715,
      6468
    ],
    [
      5715,
      9538
    ],
    [
      5720,
      5982
    ],
    [
      5720,
      7217
    ],
    [
      5720,
      7263
    ],
    [
      5720,
      7324
    ],
    [
      5720,
      9166
    ],
    [
      5732,
      7278
    ],
    [
      5739,
      6384
    ],
    [
      5739,
      8266
    ],
    [
      5746,
      7337
    ],
    [
      5750,
      7892
    ],
    [
      5750,
      8398
    ],
    [
      5755,
      6947
    ],
    [
      5755,
      7162
    ],
    [
      5755,
      8369
    ],
    [
      5755,
      8669
    ],
    [
      5755,
      9542
    ],
    [
      5766,
      7700
    ],
    [
      5787,
      6001
    ],
    [
      5787,
      6812
    ],
    [
      5787,
      7874
    ],
    [
      5787,
      7934
    ],
    [
      5787,
      8043
    ],
    [
      5787,
      8172
    ],
    [
      5791,
      8070
    ],
    [
      5791,
      8943
    ],
    [
      5795,
      5856
    ],
    [
      5795,
      6000
    ],
    [
      5795,
      8176
    ],
    [
      5795,
      9287
    ],
    [
      5813,
      6227
    ],
    [
      5824,
      6495
    ],
    [
      5826,
      8617
    ],
    [
      5826,
      9904
    ],
    [
      5833,
      6001
    ],
    [
      5833,
      6297
    ],
    [
      5833,
      6812
    ],
    [
      5833,
      7874
    ],
    [
      5833,
      7934
    ],
    [
      5833,
      9374
    ],
    [
      5842,
      6718
    ],
    [
      5846,
      7309
    ],
    [
      5846,
      7811
    ],
    [
      5847,
      8271
    ],
    [
      5856,
      6000
    ],
    [
      5856,
      6099
    ],
    [
      5856,
      6422
    ],
    [
      5856,
      6861
    ],
    [
      5856,
      8176
    ],
    [
      5856,
      9074
    ],
    [
      5856,
      9419
    ],
    [
      5867,
      9084
    ],
    [
      5873,
      8085
    ],
    [
      5873,
      9394
    ],
    [
      5873,
      9465
    ],
    [
      5882,
      9181
    ],
    [
      5885,
      7808
    ],
    [
      5885,
      8428
    ],
    [
      5892,
      6906
    ],
    [
      5892,
      6920
    ],
    [
      5892,
      7452
    ],
    [
      5894,
      9200
    ],
    [
      5911,
      6514
    ],
    [
      5911,
      7882
    ],
    [
      5916,
      6059
    ],
    [
      5916,
      7181
    ],
    [
      5916,
      8390
    ],
    [
      5916,
      8513
    ],
    [
      5916,
      8526
    ],
    [
      5917,
      9236
    ],
    [
      5921,
      6696
    ],
    [
      5921,
      7091
    ],
    [
      5921,
      8412
    ],
    [
      5921,
      8507
    ],
    [
      5921,
      8752
    ],
    [
      5921,
      9072
    ],
    [
      5921,
      9130
    ],
    [
      5947,
      9200
    ],
    [
      5952,
      7178
    ],
    [
      5954,
      6181
    ],
    [
      5959,
      7847
    ],
    [
      5963,
      5985
    ],
    [
      5963,
      9135
    ],
    [
      5969,
      6737
    ],
    [
      5969,
      6827
    ],
    [
      5969,
      8674
    ],
    [
      5981,
      7328
    ],
    [
      5981,
      7406
    ],
    [
      5981,
      9846
    ],
    [
      5981,
      9920
    ],
    [
      5982,
      7324
    ],
    [
      5982,
      9126
    ],
    [
      5991,
      6290
    ],
    [
      5991,
      6577
    ],
    [
      5991,
      6685
    ],
    [
      5991,
      7643
    ],
    [
      5991,
      7764
    ],
    [
      5991,
      7957
    ],
    [
      5991,
      8178
    ],
    [
      5991,
      8731
    ],
    [
      5991,
      8825
    ],
    [
      5991,
      9153
    ],
    [
      5991,
      9876
    ],
    [
      6000,
      6099
    ],
    [
      6000,
      6422
    ],
    [
      6000,
      6861
    ],
    [
      6000,
      8176
    ],
    [
      6000,
      9287
    ],
    [
      6000,
      9419
    ],
    [
      6001,
      8043
    ],
    [
      6001,
      9374
    ],
    [
      6003,
      8968
    ],
    [
      6026,
      6737
    ],
    [
      6026,
      9856
    ],
    [
      6031,
      6974
    ],
    [
      6031,
      7878
    ],
    [
      6031,
      8034
    ],
    [
      6031,
      8648
    ],
    [
      6035,
      7409
    ],
    [
      6035,
      7812
    ],
    [
      6059,
      6092
    ],
    [
      6059,
      7907
    ],
    [
      6059,
      8390
    ],
    [
      6084,
      7472
    ],
    [
      6084,
      7958
    ],
    [
      6084,
      9465
    ],
    [
      6091,
      7836
    ],
    [
      6091,
      9185
    ],
    [
      6092,
      7181
    ],
    [
      6092,
      8390
    ],
    [
      6092,
      8513
    ],
    [
      6092,
      8526
    ],
    [
      6099,
      8176
    ],
    [
      6099,
      9287
    ],
    [
      6110,
      9171
    ],
    [
      6111,
      9839
    ],
    [
      6113,
      9959
    ],
    [
      6135,
      7719
    ],
    [
      6155,
      6748
    ],
    [
      6161,
      8148
    ],
    [
      6179,
      6360
    ],
    [
      6179,
      8069
    ],
    [
      6181,
      9760
    ],
    [
      6186,
      6696
    ],
    [
      6186,
      7091
    ],
    [
      6186,
      8412
    ],
    [
      6186,
      8507
    ],
    [
      6186,
      8752
    ],
    [
      6186,
      9072
    ],
    [
      6186,
      9130
    ],
    [
      6191,
      6699
    ],
    [
      6193,
      6272
    ],
    [
      6195,
      6348
    ],
    [
      6195,
      7324
    ],
    [
      6199,
      8098
    ],
    [
      6206,
      9938
    ],
    [
      6209,
      6696
    ],
    [
      6209,
      8070
    ],
    [
      6209,
      9072
    ],
    [
      6222,
      8596
    ],
    [
      6222,
      9150
    ],
    [
      6222,
      9804
    ],
    [
      6227,
      6925
    ],
    [
      6227,
      9755
    ],
    [
      6253,
      7452
    ],
    [
      6253,
      7907
    ],
    [
      6253,
      8390
    ],
    [
      6253,
      9973
    ],
    [
      6260,
      7122
    ],
    [
      6260,
      7591
    ],
    [
      6260,
      8151
    ],
    [
      6264,
      6823
    ],
    [
      6264,
      7148
    ],
    [
      6264,
      7351
    ],
    [
      6266,
      8402
    ],
    [
      6272,
      6379
    ],
    [
      6272,
      7351
    ],
    [
      6272,
      8533
    ],
    [
      6273,
      7445
    ],
    [
      6285,
      8497
    ],
    [
      6290,
      6577
    ],
    [
      6290,
      6857
    ],
    [
      6290,
      7102
    ],
    [
      6290,
      7727
    ],
    [
      6290,
      7892
    ],
    [
      6290,
      8178
    ],
    [
      6290,
      8398
    ],
    [
      6290,
      8474
    ],
    [
      6290,
      9153
    ],
    [
      6290,
      9817
    ],
    [
      6290,
      9876
    ],
    [
      6292,
      6689
    ],
    [
      6292,
      7981
    ],
    [
      6292,
      9141
    ],
    [
      6292,
      9279
    ],
    [
      6295,
      6325
    ],
    [
      6297,
      7978
    ],
    [
      6325,
      6742
    ],
    [
      6325,
      8085
    ],
    [
      6325,
      8551
    ],
    [
      6348,
      6376
    ],
    [
      6348,
      7096
    ],
    [
      6348,
      7324
    ],
    [
      6348,
      9166
    ],
    [
      6360,
      8188
    ],
    [
      6360,
      8900
    ],
    [
      6360,
      9375
    ],
    [
      6360,
      9863
    ],
    [
      6371,
      9113
    ],
    [
      6379,
      6779
    ],
    [
      6379,
      8533
    ],
    [
      6379,
      9244
    ],
    [
      6406,
      9574
    ],
    [
      6410,
      6696
    ],
    [
      6410,
      7091
    ],
    [
      6410,
      8412
    ],
    [
      6410,
      8507
    ],
    [
      6410,
      8752
    ],
    [
      6410,
      9072
    ],
    [
      6410,
      9130
    ],
    [
      6422,
      8176
    ],
    [
      6422,
      9287
    ],
    [
      6425,
      8470
    ],
    [
      6462,
      7252
    ],
    [
      6468,
      7650
    ],
    [
      6468,
      9194
    ],
    [
      6481,
      7141
    ],
    [
      6481,
      8758
    ],
    [
      6481,
      8818
    ],
    [
      6495,
      8968
    ],
    [
      6528,
      7855
    ],
    [
      6542,
      7207
    ],
    [
      6551,
      7178
    ],
    [
      6556,
      9181
    ],
    [
      6577,
      6744
    ],
    [
      6577,
      6857
    ],
    [
      6577,
      7643
    ],
    [
      6577,
      7727
    ],
    [
      6577,
      7957
    ],
    [
      6577,
      8178
    ],
    [
      6577,
      8474
    ],
    [
      6577,
      8825
    ],
    [
      6577,
      9153
    ],
    [
      6577,
      9817
    ],
    [
      6577,
      9876
    ],
    [
      6587,
      7921
    ],
    [
      6591,
      8870
    ],
    [
      6615,
      9795
    ],
    [
      6651,
      7008
    ],
    [
      6651,
      9035
    ],
    [
      6685,
      7727
    ],
    [
      6685,
      7764
    ],
    [
      6685,
      8178
    ],
    [
      6685,
      8474
    ],
    [
      6685,
      8731
    ],
    [
      6689,
      9035
    ],
    [
      6696,
      7250
    ],
    [
      6696,
      7580
    ],
    [
      6696,
      8484
    ],
    [
      6699,
      6906
    ],
    [
      6699,
      6920
    ],
    [
      6737,
      9856
    ],
    [
      6744,
      8474
    ],
    [
      6744,
      9153
    ],
    [
      6744,
      9876
    ],
    [
      6745,
      7342
    ],
    [
      6747,
      8034
    ],
    [
      6748,
      8963
    ],
    [
      6753,
      8250
    ],
    [
      6753,
      8617
    ],
    [
      6753,
      9625
    ],
    [
      6753,
      9846
    ],
    [
      6753,
      9904
    ],
    [
      6758,
      7452
    ],
    [
      6758,
      7907
    ],
    [
      6758,
      8390
    ],
    [
      6758,
      9973
    ],
    [
      6779,
      8533
    ],
    [
      6782,
      7244
    ],
    [
      6790,
      8070
    ],
    [
      6812,
      8043
    ],
    [
      6812,
      9374
    ],
    [
      6812,
      9859
    ],
    [
      6827,
      9856
    ],
    [
      6857,
      7102
    ],
    [
      6857,
      7727
    ],
    [
      6857,
      7957
    ],
    [
      6857,
      8178
    ],
    [
      6857,
      8258
    ],
    [
      6857,
      8474
    ],
    [
      6861,
      8176
    ],
    [
      6861,
      9287
    ],
    [
      6864,
      7296
    ],
    [
      6906,
      8441
    ],
    [
      6906,
      9669
    ],
    [
      6906,
      9978
    ],
    [
      6920,
      8441
    ],
    [
      6920,
      9669
    ],
    [
      6920,
      9978
    ],
    [
      6923,
      8998
    ],
    [
      6934,
      9330
    ],
    [
      6942,
      8141
    ],
    [
      6947,
      7162
    ],
    [
      6947,
      8369
    ],
    [
      6947,
      8669
    ],
    [
      6947,
      9126
    ],
    [
      6947,
      9542
    ],
    [
      6950,
      8497
    ],
    [
      6968,
      8070
    ],
    [
      6968,
      8943
    ],
    [
      6974,
      7878
    ],
    [
      6974,
      8126
    ],
    [
      7003,
      7648
    ],
    [
      7008,
      8853
    ],
    [
      7025,
      9927
    ],
    [
      7044,
      9236
    ],
    [
      7054,
      7235
    ],
    [
      7054,
      7596
    ],
    [
      7091,
      7093
    ],
    [
      7091,
      7250
    ],
    [
      7093,
      7304
    ],
    [
      7093,
      7808
    ],
    [
      7093,
      8428
    ],
    [
      7093,
      8752
    ],
    [
      7093,
      9130
    ],
    [
      7096,
      7324
    ],
    [
      7102,
      7643
    ],
    [
      7102,
      7727
    ],
    [
      7102,
      7892
    ],
    [
      7102,
      7957
    ],
    [
      7102,
      8178
    ],
    [
      7102,
      8258
    ],
    [
      7102,
      8398
    ],
    [
      7102,
      8474
    ],
    [
      7102,
      8825
    ],
    [
      7102,
      9153
    ],
    [
      7102,
      9817
    ],
    [
      7102,
      9876
    ],
    [
      7105,
      8773
    ],
    [
      7141,
      7921
    ],
    [
      7155,
      9513
    ],
    [
      7162,
      7263
    ],
    [
      7162,
      8369
    ],
    [
      7162,
      9126
    ],
    [
      7162,
      9542
    ],
    [
      7167,
      8517
    ],
    [
      7181,
      7907
    ],
    [
      7181,
      8390
    ],
    [
      7195,
      7298
    ],
    [
      7207,
      7244
    ],
    [
      7217,
      9126
    ],
    [
      7235,
      7584
    ],
    [
      7235,
      7587
    ],
    [
      7241,
      8853
    ],
    [
      7241,
      9445
    ],
    [
      7250,
      8412
    ],
    [
      7250,
      8507
    ],
    [
      7250,
      8752
    ],
    [
      7250,
      9072
    ],
    [
      7250,
      9130
    ],
    [
      7278,
      7855
    ],
    [
      7278,
      9938
    ],
    [
      7296,
      9894
    ],
    [
      7298,
      8098
    ],
    [
      7307,
      8066
    ],
    [
      7309,
      7841
    ],
    [
      7324,
      9126
    ],
    [
      7324,
      9166
    ],
    [
      7328,
      9846
    ],
    [
      7364,
      7938
    ],
    [
      7400,
      8646
    ],
    [
      7406,
      9920
    ],
    [
      7409,
      7812
    ],
    [
      7409,
      7995
    ],
    [
      7409,
      8515
    ],
    [
      7413,
      7615
    ],
    [
      7413,
      8962
    ],
    [
      7413,
      9437
    ],
    [
      7414,
      8098
    ],
    [
      7450,
      9181
    ],
    [
      7452,
      8382
    ],
    [
      7452,
      8441
    ],
    [
      7452,
      8863
    ],
    [
      7452,
      9328
    ],
    [
      7452,
      9669
    ],
    [
      7455,
      8330
    ],
    [
      7465,
      9574
    ],
    [
      7476,
      7700
    ],
    [
      7480,
      9150
    ],
    [
      7480,
      9553
    ],
    [
      7508,
      9910
    ],
    [
      7541,
      8275
    ],
    [
      7542,
      7570
    ],
    [
      7542,
      7697
    ],
    [
      7545,
      7878
    ],
    [
      7545,
      8126
    ],
    [
      7571,
      9456
    ],
    [
      7573,
      8020
    ],
    [
      7573,
      9497
    ],
    [
      7576,
      8066
    ],
    [
      7580,
      8470
    ],
    [
      7580,
      9072
    ],
    [
      7584,
      7587
    ],
    [
      7584,
      7596
    ],
    [
      7587,
      7596
    ],
    [
      7591,
      8175
    ],
    [
      7591,
      8536
    ],
    [
      7615,
      8962
    ],
    [
      7615,
      9247
    ],
    [
      7615,
      9325
    ],
    [
      7615,
      9437
    ],
    [
      7623,
      8271
    ],
    [
      7626,
      8401
    ],
    [
      7630,
      8497
    ],
    [
      7643,
      8178
    ],
    [
      7643,
      8474
    ],
    [
      7643,
      9153
    ],
    [
      7643,
      9876
    ],
    [
      7648,
      7969
    ],
    [
      7650,
      9538
    ],
    [
      7727,
      7764
    ],
    [
      7727,
      7957
    ],
    [
      7727,
      8178
    ],
    [
      7727,
      8731
    ],
    [
      7727,
      8825
    ],
    [
      7727,
      9153
    ],
    [
      7727,
      9817
    ],
    [
      7727,
      9876
    ],
    [
      7731,
      8505
    ],
    [
      7731,
      9815
    ],
    [
      7743,
      8070
    ],
    [
      7757,
      7811
    ],
    [
      7764,
      8474
    ],
    [
      7764,
      8731
    ],
    [
      7774,
      9181
    ],
    [
      7811,
      8172
    ],
    [
      7812,
      7995
    ],
    [
      7818,
      9553
    ],
    [
      7843,
      8897
    ],
    [
      7843,
      9315
    ],
    [
      7847,
      8547
    ],
    [
      7847,
      9163
    ],
    [
      7847,
      9173
    ],
    [
      7874,
      8043
    ],
    [
      7874,
      9374
    ],
    [
      7874,
      9859
    ],
    [
      7878,
      8034
    ],
    [
      7878,
      8126
    ],
    [
      7892,
      7957
    ],
    [
      7892,
      8178
    ],
    [
      7892,
      8258
    ],
    [
      7892,
      9385
    ],
    [
      7907,
      8382
    ],
    [
      7907,
      8513
    ],
    [
      7907,
      8863
    ],
    [
      7907,
      9328
    ],
    [
      7934,
      8043
    ],
    [
      7934,
      9374
    ],
    [
      7934,
      9859
    ],
    [
      7955,
      9476
    ],
    [
      7957,
      8178
    ],
    [
      7957,
      8398
    ],
    [
      7957,
      8474
    ],
    [
      7957,
      9153
    ],
    [
      7957,
      9817
    ],
    [
      7957,
      9876
    ],
    [
      7969,
      8316
    ],
    [
      7969,
      8866
    ],
    [
      7978,
      9141
    ],
    [
      8020,
      9497
    ],
    [
      8020,
      9770
    ],
    [
      8020,
      9867
    ],
    [
      8034,
      8126
    ],
    [
      8034,
      9979
    ],
    [
      8043,
      9374
    ],
    [
      8043,
      9859
    ],
    [
      8045,
      9518
    ],
    [
      8057,
      9171
    ],
    [
      8069,
      8188
    ],
    [
      8069,
      8900
    ],
    [
      8069,
      9375
    ],
    [
      8069,
      9863
    ],
    [
      8070,
      8484
    ],
    [
      8070,
      8698
    ],
    [
      8070,
      9458
    ],
    [
      8070,
      9878
    ],
    [
      8089,
      9504
    ],
    [
      8112,
      9093
    ],
    [
      8141,
      9381
    ],
    [
      8141,
      9702
    ],
    [
      8151,
      8175
    ],
    [
      8151,
      8536
    ],
    [
      8172,
      9374
    ],
    [
      8172,
      9859
    ],
    [
      8175,
      9569
    ],
    [
      8175,
      9993
    ],
    [
      8176,
      9287
    ],
    [
      8176,
      9419
    ],
    [
      8178,
      8258
    ],
    [
      8178,
      8398
    ],
    [
      8178,
      8474
    ],
    [
      8178,
      8731
    ],
    [
      8178,
      8825
    ],
    [
      8178,
      9153
    ],
    [
      8178,
      9817
    ],
    [
      8178,
      9876
    ],
    [
      8183,
      9375
    ],
    [
      8183,
      9863
    ],
    [
      8258,
      8398
    ],
    [
      8258,
      9817
    ],
    [
      8271,
      9157
    ],
    [
      8271,
      9686
    ],
    [
      8313,
      9375
    ],
    [
      8313,
      9863
    ],
    [
      8316,
      8866
    ],
    [
      8342,
      8447
    ],
    [
      8342,
      9020
    ],
    [
      8342,
      9070
    ],
    [
      8342,
      9235
    ],
    [
      8342,
      9725
    ],
    [
      8362,
      8553
    ],
    [
      8369,
      8669
    ],
    [
      8369,
      9126
    ],
    [
      8369,
      9394
    ],
    [
      8369,
      9542
    ],
    [
      8382,
      9973
    ],
    [
      8390,
      8513
    ],
    [
      8390,
      8526
    ],
    [
      8398,
      9385
    ],
    [
      8401,
      9093
    ],
    [
      8415,
      8539
    ],
    [
      8447,
      9020
    ],
    [
      8447,
      9235
    ],
    [
      8474,
      8731
    ],
    [
      8474,
      8825
    ],
    [
      8474,
      9153
    ],
    [
      8474,
      9817
    ],
    [
      8474,
      9876
    ],
    [
      8484,
      9072
    ],
    [
      8505,
      9815
    ],
    [
      8533,
      9244
    ],
    [
      8536,
      9569
    ],
    [
      8536,
      9993
    ],
    [
      8566,
      9920
    ],
    [
      8596,
      9804
    ],
    [
      8617,
      9625
    ],
    [
      8646,
      9624
    ],
    [
      8669,
      9126
    ],
    [
      8669,
      9542
    ],
    [
      8674,
      9856
    ],
    [
      8698,
      8943
    ],
    [
      8800,
      9381
    ],
    [
      8825,
      9153
    ],
    [
      8825,
      9876
    ],
    [
      8853,
      9035
    ],
    [
      8863,
      9973
    ],
    [
      8870,
      9093
    ],
    [
      8881,
      9016
    ],
    [
      8943,
      9878
    ],
    [
      8951,
      9116
    ],
    [
      8951,
      9451
    ],
    [
      8962,
      9325
    ],
    [
      8980,
      9171
    ],
    [
      9013,
      9113
    ],
    [
      9020,
      9070
    ],
    [
      9063,
      9116
    ],
    [
      9070,
      9235
    ],
    [
      9074,
      9287
    ],
    [
      9092,
      9778
    ],
    [
      9119,
      9181
    ],
    [
      9126,
      9542
    ],
    [
      9150,
      9553
    ],
    [
      9150,
      9624
    ],
    [
      9163,
      9173
    ],
    [
      9194,
      9538
    ],
    [
      9235,
      9725
    ],
    [
      9247,
      9574
    ],
    [
      9287,
      9419
    ],
    [
      9325,
      9437
    ],
    [
      9328,
      9973
    ],
    [
      9375,
      9619
    ],
    [
      9381,
      9806
    ],
    [
      9497,
      9770
    ],
    [
      9497,
      9867
    ],
    [
      9618,
      9740
    ],
    [
      9619,
      9863
    ],
    [
      9625,
      9846
    ],
    [
      9625,
      9904
    ],
    [
      9721,
      9740
    ],
    [
      9740,
      9775
    ],
    [
      9740,
      9953
    ]
  ]
}