{
  "n_true_positives": 21,
  "n_positives": 21,
  "total_time": 139.22374320030212,
  "date": "2025-01-25T18:30:20.257946",
  "backend": "BruteForce",
  "n_bins": 0,
  "eps": 7.5,
  "args": {
    "csvpath": [
      "../data/RobustBench/predictions/imagenet3dcc-Tian2022Deeper_DeiT-B/vanilla.csv",
      "../data/RobustBench/predictions/imagenet3dcc-Tian2022Deeper_DeiT-B/far_focus-1.csv"
    ],
    "eps": 7.5,
    "n_bins": 0,
    "n_examples": -1,
    "out_path": "../results/semantic//results/imagenet3dcc-Tian2022Deeper_DeiT-B/imagenet3dcc-Tian2022Deeper_DeiT-B-L2-7.5-far_focus-1.json",
    "full_output": false,
    "verbose": false,
    "randomize_order": false,
    "backend": "bf",
    "blind_cols": null,
    "pred": "pred",
    "metric": "L2"
  },
  "backend_meta": {
    "epsilon": 7.5,
    "decision_col": "pred",
    "metric": "Linf",
    "is_exact": true,
    "is_sound": true,
    "is_complete": true
  },
  "positives": [
    [
      164,
      5164
    ],
    [
      192,
      5192
    ],
    [
      396,
      5396
    ],
    [
      799,
      5799
    ],
    [
      1114,
      6114
    ],
    [
      1191,
      6191
    ],
    [
      1372,
      6372
    ],
    [
      1457,
      6457
    ],
    [
      1644,
      6644
    ],
    [
      1887,
      6887
    ],
    [
      2034,
      7034
    ],
    [
      2157,
      7157
    ],
    [
      2387,
      7387
    ],
    [
      2653,
      7653
    ],
    [
      2939,
      7939
    ],
    [
      3322,
      8322
    ],
    [
      3945,
      8945
    ],
    [
      3973,
      8973
    ],
    [
      4385,
      9385
    ],
    [
      4543,
      9543
    ],
    [
      4743,
      9743
    ]
  ]
}