{
  "n_processed": 1,
  "n_flagged": 0,
  "total_time": 1.0198209285736084,
  "args": [
    {
      "csvpath": [
        "../data/RobustBench/predictions/proc_imagenet-Standard_R50-combined-8d.csv-lowdec.csv"
      ],
      "eps": 0.0157,
      "n_bins": 63,
      "n_examples": null,
      "out_path": "../results/par/results/kdtree-96t/8-d.json",
      "full_output": true,
      "concise_output": false,
      "verbose": false,
      "randomize_order": false,
      "backend": "kdtree",
      "parallelize": 95,
      "blind_cols": null,
      "sample_cols": 8,
      "pred": "0",
      "metric": "infinity",
      "max_time": 43200.0,
      "batchsize": 500,
      "st_threads": 1,
      "faiss_omp_threads": 0,
      "diff": null,
      "pairwise_diff": null,
      "preload": null,
      "quantize_pred": null
    }
  ],
  "perc_flagged": 0.0,
  "avg_time": 1.0198473930358887,
  "peak_mem": [
    235464
  ],
  "timings": [
    1.268718
  ],
  "positives": []
}