{
  "n_true_positives": 172,
  "n_positives": 172,
  "total_time": 49.64815306663513,
  "date": "2025-01-25T15:17:41.764922",
  "backend": "BruteForce",
  "n_bins": 0,
  "eps": 7.5,
  "args": {
    "csvpath": [
      "../data/RobustBench/predictions/cifar10c-Standard/vanilla.csv",
      "../data/RobustBench/predictions/cifar10c-Standard/pixelate-1.csv"
    ],
    "eps": 7.5,
    "n_bins": 0,
    "n_examples": -1,
    "out_path": "../results/semantic//results/cifar10c-Standard/cifar10c-Standard-L2-7.5-pixelate-1.json",
    "full_output": false,
    "verbose": false,
    "randomize_order": false,
    "backend": "bf",
    "blind_cols": null,
    "pred": "pred",
    "metric": "L2"
  },
  "backend_meta": {
    "epsilon": 7.5,
    "decision_col": "pred",
    "metric": "Linf",
    "is_exact": true,
    "is_sound": true,
    "is_complete": true
  },
  "positives": [
    [
      70,
      10070
    ],
    [
      160,
      10160
    ],
    [
      221,
      10221
    ],
    [
      263,
      10263
    ],
    [
      271,
      10271
    ],
    [
      355,
      10355
    ],
    [
      422,
      10422
    ],
    [
      551,
      10551
    ],
    [
      746,
      10746
    ],
    [
      749,
      10749
    ],
    [
      767,
      10767
    ],
    [
      770,
      10770
    ],
    [
      866,
      10866
    ],
    [
      910,
      10910
    ],
    [
      972,
      10972
    ],
    [
      1049,
      11049
    ],
    [
      1074,
      11074
    ],
    [
      1105,
      11105
    ],
    [
      1138,
      11138
    ],
    [
      1172,
      11172
    ],
    [
      1217,
      11217
    ],
    [
      1248,
      11248
    ],
    [
      1326,
      11326
    ],
    [
      1439,
      11439
    ],
    [
      1442,
      11442
    ],
    [
      1445,
      11445
    ],
    [
      1456,
      11456
    ],
    [
      1538,
      11538
    ],
    [
      1547,
      11547
    ],
    [
      1649,
      11649
    ],
    [
      1713,
      11713
    ],
    [
      1738,
      11738
    ],
    [
      1791,
      11791
    ],
    [
      1804,
      11804
    ],
    [
      1884,
      11884
    ],
    [
      1885,
      11885
    ],
    [
      1892,
      11892
    ],
    [
      2023,
      12023
    ],
    [
      2034,
      12034
    ],
    [
      2087,
      12087
    ],
    [
      2091,
      12091
    ],
    [
      2350,
      12350
    ],
    [
      2413,
      12413
    ],
    [
      2421,
      12421
    ],
    [
      2441,
      12441
    ],
    [
      2643,
      12643
    ],
    [
      2808,
      12808
    ],
    [
      2854,
      12854
    ],
    [
      2989,
      12989
    ],
    [
      2999,
      12999
    ],
    [
      3051,
      13051
    ],
    [
      3059,
      13059
    ],
    [
      3168,
      13168
    ],
    [
      3171,
      13171
    ],
    [
      3254,
      13254
    ],
    [
      3299,
      13299
    ],
    [
      3349,
      13349
    ],
    [
      3354,
      13354
    ],
    [
      3381,
      13381
    ],
    [
      3443,
      13443
    ],
    [
      3501,
      13501
    ],
    [
      3514,
      13514
    ],
    [
      3584,
      13584
    ],
    [
      3607,
      13607
    ],
    [
      3625,
      13625
    ],
    [
      3635,
      13635
    ],
    [
      3669,
      13669
    ],
    [
      3753,
      13753
    ],
    [
      3755,
      13755
    ],
    [
      3785,
      13785
    ],
    [
      3867,
      13867
    ],
    [
      3897,
      13897
    ],
    [
      4013,
      14013
    ],
    [
      4106,
      14106
    ],
    [
      4170,
      14170
    ],
    [
      4192,
      14192
    ],
    [
      4244,
      14244
    ],
    [
      4276,
      14276
    ],
    [
      4309,
      14309
    ],
    [
      4320,
      14320
    ],
    [
      4391,
      14391
    ],
    [
      4442,
      14442
    ],
    [
      4457,
      14457
    ],
    [
      4458,
      14458
    ],
    [
      4532,
      14532
    ],
    [
      4546,
      14546
    ],
    [
      4577,
      14577
    ],
    [
      4661,
      14661
    ],
    [
      4686,
      14686
    ],
    [
      4710,
      14710
    ],
    [
      4859,
      14859
    ],
    [
      4862,
      14862
    ],
    [
      4964,
      14964
    ],
    [
      4993,
      14993
    ],
    [
      5074,
      15074
    ],
    [
      5129,
      15129
    ],
    [
      5130,
      15130
    ],
    [
      5200,
      15200
    ],
    [
      5240,
      15240
    ],
    [
      5324,
      15324
    ],
    [
      5369,
      15369
    ],
    [
      5416,
      15416
    ],
    [
      5518,
      15518
    ],
    [
      5603,
      15603
    ],
    [
      5609,
      15609
    ],
    [
      5819,
      15819
    ],
    [
      5830,
      15830
    ],
    [
      5910,
      15910
    ],
    [
      5927,
      15927
    ],
    [
      5992,
      15992
    ],
    [
      6190,
      16190
    ],
    [
      6231,
      16231
    ],
    [
      6253,
      16253
    ],
    [
      6361,
      16361
    ],
    [
      6401,
      16401
    ],
    [
      6438,
      16438
    ],
    [
      6443,
      16443
    ],
    [
      6491,
      16491
    ],
    [
      6574,
      16574
    ],
    [
      6631,
      16631
    ],
    [
      6646,
      16646
    ],
    [
      6709,
      16709
    ],
    [
      6750,
      16750
    ],
    [
      6753,
      16753
    ],
    [
      6859,
      16859
    ],
    [
      6877,
      16877
    ],
    [
      6985,
      16985
    ],
    [
      7126,
      17126
    ],
    [
      7143,
      17143
    ],
    [
      7497,
      17497
    ],
    [
      7600,
      17600
    ],
    [
      7685,
      17685
    ],
    [
      7689,
      17689
    ],
    [
      7736,
      17736
    ],
    [
      7779,
      17779
    ],
    [
      7784,
      17784
    ],
    [
      7816,
      17816
    ],
    [
      7839,
      17839
    ],
    [
      7853,
      17853
    ],
    [
      7906,
      17906
    ],
    [
      8020,
      18020
    ],
    [
      8114,
      18114
    ],
    [
      8115,
      18115
    ],
    [
      8138,
      18138
    ],
    [
      8172,
      18172
    ],
    [
      8304,
      18304
    ],
    [
      8314,
      18314
    ],
    [
      8378,
      18378
    ],
    [
      8427,
      18427
    ],
    [
      8469,
      18469
    ],
    [
      8481,
      18481
    ],
    [
      8632,
      18632
    ],
    [
      8720,
      18720
    ],
    [
      8774,
      18774
    ],
    [
      8827,
      18827
    ],
    [
      8877,
      18877
    ],
    [
      9137,
      19137
    ],
    [
      9246,
      19246
    ],
    [
      9269,
      19269
    ],
    [
      9337,
      19337
    ],
    [
      9380,
      19380
    ],
    [
      9429,
      19429
    ],
    [
      9514,
      19514
    ],
    [
      9522,
      19522
    ],
    [
      9528,
      19528
    ],
    [
      9699,
      19699
    ],
    [
      9734,
      19734
    ],
    [
      9776,
      19776
    ],
    [
      9825,
      19825
    ],
    [
      9866,
      19866
    ],
    [
      9928,
      19928
    ],
    [
      9949,
      19949
    ]
  ]
}