{
  "n_true_positives": 388,
  "n_positives": 388,
  "total_time": 54.83291053771973,
  "date": "2025-01-25T15:16:46.487145",
  "backend": "BruteForce",
  "n_bins": 0,
  "eps": 7.5,
  "args": {
    "csvpath": [
      "../data/RobustBench/predictions/cifar10c-Standard/vanilla.csv",
      "../data/RobustBench/predictions/cifar10c-Standard/frost-1.csv"
    ],
    "eps": 7.5,
    "n_bins": 0,
    "n_examples": -1,
    "out_path": "../results/semantic//results/cifar10c-Standard/cifar10c-Standard-L2-7.5-frost-1.json",
    "full_output": false,
    "verbose": false,
    "randomize_order": false,
    "backend": "bf",
    "blind_cols": null,
    "pred": "pred",
    "metric": "L2"
  },
  "backend_meta": {
    "epsilon": 7.5,
    "decision_col": "pred",
    "metric": "Linf",
    "is_exact": true,
    "is_sound": true,
    "is_complete": true
  },
  "positives": [
    [
      3,
      10003
    ],
    [
      15,
      10015
    ],
    [
      52,
      10052
    ],
    [
      57,
      10057
    ],
    [
      59,
      10059
    ],
    [
      81,
      10081
    ],
    [
      134,
      10134
    ],
    [
      187,
      10187
    ],
    [
      258,
      10258
    ],
    [
      263,
      10263
    ],
    [
      287,
      10287
    ],
    [
      323,
      10323
    ],
    [
      326,
      10326
    ],
    [
      355,
      10355
    ],
    [
      370,
      10370
    ],
    [
      405,
      10405
    ],
    [
      428,
      10428
    ],
    [
      433,
      10433
    ],
    [
      439,
      10439
    ],
    [
      441,
      10441
    ],
    [
      470,
      10470
    ],
    [
      518,
      10518
    ],
    [
      634,
      10634
    ],
    [
      715,
      10715
    ],
    [
      719,
      10719
    ],
    [
      734,
      10734
    ],
    [
      768,
      10768
    ],
    [
      770,
      10770
    ],
    [
      776,
      10776
    ],
    [
      793,
      10793
    ],
    [
      887,
      10887
    ],
    [
      900,
      10900
    ],
    [
      910,
      10910
    ],
    [
      923,
      10923
    ],
    [
      989,
      10989
    ],
    [
      997,
      10997
    ],
    [
      1019,
      11019
    ],
    [
      1034,
      11034
    ],
    [
      1066,
      11066
    ],
    [
      1072,
      11072
    ],
    [
      1074,
      11074
    ],
    [
      1094,
      11094
    ],
    [
      1149,
      11149
    ],
    [
      1181,
      11181
    ],
    [
      1228,
      11228
    ],
    [
      1237,
      11237
    ],
    [
      1318,
      11318
    ],
    [
      1326,
      11326
    ],
    [
      1364,
      11364
    ],
    [
      1394,
      11394
    ],
    [
      1442,
      11442
    ],
    [
      1470,
      11470
    ],
    [
      1480,
      11480
    ],
    [
      1521,
      11521
    ],
    [
      1542,
      11542
    ],
    [
      1577,
      11577
    ],
    [
      1595,
      11595
    ],
    [
      1732,
      11732
    ],
    [
      1804,
      11804
    ],
    [
      1813,
      11813
    ],
    [
      1830,
      11830
    ],
    [
      1845,
      11845
    ],
    [
      1895,
      11895
    ],
    [
      1898,
      11898
    ],
    [
      1959,
      11959
    ],
    [
      1985,
      11985
    ],
    [
      1998,
      11998
    ],
    [
      2002,
      12002
    ],
    [
      2010,
      12010
    ],
    [
      2033,
      12033
    ],
    [
      2061,
      12061
    ],
    [
      2067,
      12067
    ],
    [
      2078,
      12078
    ],
    [
      2081,
      12081
    ],
    [
      2108,
      12108
    ],
    [
      2111,
      12111
    ],
    [
      2141,
      12141
    ],
    [
      2155,
      12155
    ],
    [
      2159,
      12159
    ],
    [
      2161,
      12161
    ],
    [
      2174,
      12174
    ],
    [
      2176,
      12176
    ],
    [
      2187,
      12187
    ],
    [
      2205,
      12205
    ],
    [
      2216,
      12216
    ],
    [
      2226,
      12226
    ],
    [
      2300,
      12300
    ],
    [
      2350,
      12350
    ],
    [
      2351,
      12351
    ],
    [
      2441,
      12441
    ],
    [
      2486,
      12486
    ],
    [
      2494,
      12494
    ],
    [
      2511,
      12511
    ],
    [
      2532,
      12532
    ],
    [
      2575,
      12575
    ],
    [
      2580,
      12580
    ],
    [
      2603,
      12603
    ],
    [
      2609,
      12609
    ],
    [
      2622,
      12622
    ],
    [
      2643,
      12643
    ],
    [
      2684,
      12684
    ],
    [
      2690,
      12690
    ],
    [
      2716,
      12716
    ],
    [
      2785,
      12785
    ],
    [
      2831,
      12831
    ],
    [
      2844,
      12844
    ],
    [
      2845,
      12845
    ],
    [
      2955,
      12955
    ],
    [
      3025,
      13025
    ],
    [
      3032,
      13032
    ],
    [
      3044,
      13044
    ],
    [
      3084,
      13084
    ],
    [
      3100,
      13100
    ],
    [
      3113,
      13113
    ],
    [
      3115,
      13115
    ],
    [
      3158,
      13158
    ],
    [
      3168,
      13168
    ],
    [
      3171,
      13171
    ],
    [
      3174,
      13174
    ],
    [
      3180,
      13180
    ],
    [
      3254,
      13254
    ],
    [
      3275,
      13275
    ],
    [
      3297,
      13297
    ],
    [
      3311,
      13311
    ],
    [
      3314,
      13314
    ],
    [
      3336,
      13336
    ],
    [
      3342,
      13342
    ],
    [
      3343,
      13343
    ],
    [
      3355,
      13355
    ],
    [
      3452,
      13452
    ],
    [
      3490,
      13490
    ],
    [
      3497,
      13497
    ],
    [
      3514,
      13514
    ],
    [
      3525,
      13525
    ],
    [
      3596,
      13596
    ],
    [
      3601,
      13601
    ],
    [
      3615,
      13615
    ],
    [
      3622,
      13622
    ],
    [
      3624,
      13624
    ],
    [
      3645,
      13645
    ],
    [
      3658,
      13658
    ],
    [
      3755,
      13755
    ],
    [
      3774,
      13774
    ],
    [
      3799,
      13799
    ],
    [
      3828,
      13828
    ],
    [
      3835,
      13835
    ],
    [
      3924,
      13924
    ],
    [
      3980,
      13980
    ],
    [
      3996,
      13996
    ],
    [
      4000,
      14000
    ],
    [
      4012,
      14012
    ],
    [
      4036,
      14036
    ],
    [
      4044,
      14044
    ],
    [
      4054,
      14054
    ],
    [
      4055,
      14055
    ],
    [
      4133,
      14133
    ],
    [
      4140,
      14140
    ],
    [
      4210,
      14210
    ],
    [
      4355,
      14355
    ],
    [
      4368,
      14368
    ],
    [
      4442,
      14442
    ],
    [
      4463,
      14463
    ],
    [
      4470,
      14470
    ],
    [
      4478,
      14478
    ],
    [
      4485,
      14485
    ],
    [
      4495,
      14495
    ],
    [
      4537,
      14537
    ],
    [
      4555,
      14555
    ],
    [
      4565,
      14565
    ],
    [
      4615,
      14615
    ],
    [
      4618,
      14618
    ],
    [
      4630,
      14630
    ],
    [
      4686,
      14686
    ],
    [
      4696,
      14696
    ],
    [
      4710,
      14710
    ],
    [
      4748,
      14748
    ],
    [
      4750,
      14750
    ],
    [
      4760,
      14760
    ],
    [
      4770,
      14770
    ],
    [
      4871,
      14871
    ],
    [
      4892,
      14892
    ],
    [
      4910,
      14910
    ],
    [
      4964,
      14964
    ],
    [
      4967,
      14967
    ],
    [
      4988,
      14988
    ],
    [
      4995,
      14995
    ],
    [
      5071,
      15071
    ],
    [
      5106,
      15106
    ],
    [
      5151,
      15151
    ],
    [
      5154,
      15154
    ],
    [
      5158,
      15158
    ],
    [
      5193,
      15193
    ],
    [
      5200,
      15200
    ],
    [
      5211,
      15211
    ],
    [
      5213,
      15213
    ],
    [
      5218,
      15218
    ],
    [
      5324,
      15324
    ],
    [
      5352,
      15352
    ],
    [
      5369,
      15369
    ],
    [
      5377,
      15377
    ],
    [
      5387,
      15387
    ],
    [
      5413,
      15413
    ],
    [
      5450,
      15450
    ],
    [
      5459,
      15459
    ],
    [
      5469,
      15469
    ],
    [
      5498,
      15498
    ],
    [
      5511,
      15511
    ],
    [
      5578,
      15578
    ],
    [
      5628,
      15628
    ],
    [
      5659,
      15659
    ],
    [
      5677,
      15677
    ],
    [
      5690,
      15690
    ],
    [
      5749,
      15749
    ],
    [
      5751,
      15751
    ],
    [
      5752,
      15752
    ],
    [
      5774,
      15774
    ],
    [
      5795,
      15795
    ],
    [
      5803,
      15803
    ],
    [
      5809,
      15809
    ],
    [
      5839,
      15839
    ],
    [
      5872,
      15872
    ],
    [
      5878,
      15878
    ],
    [
      5882,
      15882
    ],
    [
      5903,
      15903
    ],
    [
      5924,
      15924
    ],
    [
      5940,
      15940
    ],
    [
      5987,
      15987
    ],
    [
      6000,
      16000
    ],
    [
      6018,
      16018
    ],
    [
      6021,
      16021
    ],
    [
      6040,
      16040
    ],
    [
      6074,
      16074
    ],
    [
      6077,
      16077
    ],
    [
      6083,
      16083
    ],
    [
      6116,
      16116
    ],
    [
      6146,
      16146
    ],
    [
      6197,
      16197
    ],
    [
      6206,
      16206
    ],
    [
      6253,
      16253
    ],
    [
      6271,
      16271
    ],
    [
      6329,
      16329
    ],
    [
      6339,
      16339
    ],
    [
      6423,
      16423
    ],
    [
      6428,
      16428
    ],
    [
      6443,
      16443
    ],
    [
      6464,
      16464
    ],
    [
      6466,
      16466
    ],
    [
      6491,
      16491
    ],
    [
      6543,
      16543
    ],
    [
      6580,
      16580
    ],
    [
      6588,
      16588
    ],
    [
      6627,
      16627
    ],
    [
      6631,
      16631
    ],
    [
      6671,
      16671
    ],
    [
      6706,
      16706
    ],
    [
      6721,
      16721
    ],
    [
      6732,
      16732
    ],
    [
      6854,
      16854
    ],
    [
      6900,
      16900
    ],
    [
      6912,
      16912
    ],
    [
      6954,
      16954
    ],
    [
      6965,
      16965
    ],
    [
      7027,
      17027
    ],
    [
      7062,
      17062
    ],
    [
      7077,
      17077
    ],
    [
      7102,
      17102
    ],
    [
      7107,
      17107
    ],
    [
      7126,
      17126
    ],
    [
      7265,
      17265
    ],
    [
      7271,
      17271
    ],
    [
      7384,
      17384
    ],
    [
      7443,
      17443
    ],
    [
      7446,
      17446
    ],
    [
      7496,
      17496
    ],
    [
      7543,
      17543
    ],
    [
      7546,
      17546
    ],
    [
      7605,
      17605
    ],
    [
      7657,
      17657
    ],
    [
      7667,
      17667
    ],
    [
      7673,
      17673
    ],
    [
      7685,
      17685
    ],
    [
      7705,
      17705
    ],
    [
      7744,
      17744
    ],
    [
      7784,
      17784
    ],
    [
      7787,
      17787
    ],
    [
      7797,
      17797
    ],
    [
      7802,
      17802
    ],
    [
      7815,
      17815
    ],
    [
      7816,
      17816
    ],
    [
      7931,
      17931
    ],
    [
      7958,
      17958
    ],
    [
      7960,
      17960
    ],
    [
      7967,
      17967
    ],
    [
      7989,
      17989
    ],
    [
      7999,
      17999
    ],
    [
      8022,
      18022
    ],
    [
      8086,
      18086
    ],
    [
      8110,
      18110
    ],
    [
      8115,
      18115
    ],
    [
      8128,
      18128
    ],
    [
      8138,
      18138
    ],
    [
      8166,
      18166
    ],
    [
      8173,
      18173
    ],
    [
      8197,
      18197
    ],
    [
      8212,
      18212
    ],
    [
      8304,
      18304
    ],
    [
      8340,
      18340
    ],
    [
      8357,
      18357
    ],
    [
      8363,
      18363
    ],
    [
      8399,
      18399
    ],
    [
      8410,
      18410
    ],
    [
      8413,
      18413
    ],
    [
      8427,
      18427
    ],
    [
      8440,
      18440
    ],
    [
      8450,
      18450
    ],
    [
      8451,
      18451
    ],
    [
      8480,
      18480
    ],
    [
      8514,
      18514
    ],
    [
      8518,
      18518
    ],
    [
      8533,
      18533
    ],
    [
      8578,
      18578
    ],
    [
      8586,
      18586
    ],
    [
      8624,
      18624
    ],
    [
      8626,
      18626
    ],
    [
      8699,
      18699
    ],
    [
      8727,
      18727
    ],
    [
      8779,
      18779
    ],
    [
      8803,
      18803
    ],
    [
      8809,
      18809
    ],
    [
      8941,
      18941
    ],
    [
      8947,
      18947
    ],
    [
      8976,
      18976
    ],
    [
      8991,
      18991
    ],
    [
      9012,
      19012
    ],
    [
      9040,
      19040
    ],
    [
      9041,
      19041
    ],
    [
      9050,
      19050
    ],
    [
      9065,
      19065
    ],
    [
      9068,
      19068
    ],
    [
      9102,
      19102
    ],
    [
      9103,
      19103
    ],
    [
      9160,
      19160
    ],
    [
      9218,
      19218
    ],
    [
      9225,
      19225
    ],
    [
      9231,
      19231
    ],
    [
      9235,
      19235
    ],
    [
      9246,
      19246
    ],
    [
      9255,
      19255
    ],
    [
      9292,
      19292
    ],
    [
      9294,
      19294
    ],
    [
      9346,
      19346
    ],
    [
      9352,
      19352
    ],
    [
      9363,
      19363
    ],
    [
      9429,
      19429
    ],
    [
      9431,
      19431
    ],
    [
      9434,
      19434
    ],
    [
      9436,
      19436
    ],
    [
      9484,
      19484
    ],
    [
      9485,
      19485
    ],
    [
      9492,
      19492
    ],
    [
      9497,
      19497
    ],
    [
      9503,
      19503
    ],
    [
      9507,
      19507
    ],
    [
      9533,
      19533
    ],
    [
      9542,
      19542
    ],
    [
      9551,
      19551
    ],
    [
      9586,
      19586
    ],
    [
      9609,
      19609
    ],
    [
      9643,
      19643
    ],
    [
      9644,
      19644
    ],
    [
      9654,
      19654
    ],
    [
      9691,
      19691
    ],
    [
      9729,
      19729
    ],
    [
      9740,
      19740
    ],
    [
      9776,
      19776
    ],
    [
      9786,
      19786
    ],
    [
      9787,
      19787
    ],
    [
      9791,
      19791
    ],
    [
      9793,
      19793
    ],
    [
      9840,
      19840
    ],
    [
      9853,
      19853
    ],
    [
      9857,
      19857
    ],
    [
      9862,
      19862
    ],
    [
      9877,
      19877
    ],
    [
      9928,
      19928
    ],
    [
      9959,
      19959
    ],
    [
      9968,
      19968
    ],
    [
      9982,
      19982
    ]
  ]
}