{
  "n_true_positives": 25,
  "n_positives": 25,
  "total_time": 33.620094299316406,
  "date": "2025-01-25T15:16:23.123016",
  "backend": "BruteForce",
  "n_bins": 0,
  "eps": 7.5,
  "args": {
    "csvpath": [
      "../data/RobustBench/predictions/cifar10c-Standard/vanilla.csv",
      "../data/RobustBench/predictions/cifar10c-Standard/jpeg_compression-4.csv"
    ],
    "eps": 7.5,
    "n_bins": 0,
    "n_examples": -1,
    "out_path": "../results/semantic//results/cifar10c-Standard/cifar10c-Standard-L2-7.5-jpeg_compression-4.json",
    "full_output": false,
    "verbose": false,
    "randomize_order": false,
    "backend": "bf",
    "blind_cols": null,
    "pred": "pred",
    "metric": "L2"
  },
  "backend_meta": {
    "epsilon": 7.5,
    "decision_col": "pred",
    "metric": "Linf",
    "is_exact": true,
    "is_sound": true,
    "is_complete": true
  },
  "positives": [
    [
      152,
      10152
    ],
    [
      433,
      10433
    ],
    [
      551,
      10551
    ],
    [
      755,
      10755
    ],
    [
      767,
      10767
    ],
    [
      1437,
      11437
    ],
    [
      2300,
      12300
    ],
    [
      2301,
      12301
    ],
    [
      2643,
      12643
    ],
    [
      2995,
      12995
    ],
    [
      3068,
      13068
    ],
    [
      3759,
      13759
    ],
    [
      4988,
      14988
    ],
    [
      5031,
      15031
    ],
    [
      5189,
      15189
    ],
    [
      5460,
      15460
    ],
    [
      5505,
      15505
    ],
    [
      5518,
      15518
    ],
    [
      6281,
      16281
    ],
    [
      8201,
      18201
    ],
    [
      8230,
      18230
    ],
    [
      8245,
      18245
    ],
    [
      8446,
      18446
    ],
    [
      8690,
      18690
    ],
    [
      9709,
      19709
    ]
  ]
}