{
  "n_true_positives": 114,
  "n_positives": 114,
  "total_time": 55.11350750923157,
  "date": "2025-01-25T15:18:18.208192",
  "backend": "BruteForce",
  "n_bins": 0,
  "eps": 7.5,
  "args": {
    "csvpath": [
      "../data/RobustBench/predictions/cifar10c-Standard/vanilla.csv",
      "../data/RobustBench/predictions/cifar10c-Standard/brightness-4.csv"
    ],
    "eps": 7.5,
    "n_bins": 0,
    "n_examples": -1,
    "out_path": "../results/semantic//results/cifar10c-Standard/cifar10c-Standard-L2-7.5-brightness-4.json",
    "full_output": false,
    "verbose": false,
    "randomize_order": false,
    "backend": "bf",
    "blind_cols": null,
    "pred": "pred",
    "metric": "L2"
  },
  "backend_meta": {
    "epsilon": 7.5,
    "decision_col": "pred",
    "metric": "Linf",
    "is_exact": true,
    "is_sound": true,
    "is_complete": true
  },
  "positives": [
    [
      224,
      10224
    ],
    [
      323,
      10323
    ],
    [
      342,
      10342
    ],
    [
      370,
      10370
    ],
    [
      470,
      10470
    ],
    [
      577,
      10577
    ],
    [
      631,
      10631
    ],
    [
      655,
      10655
    ],
    [
      715,
      10715
    ],
    [
      727,
      10727
    ],
    [
      887,
      10887
    ],
    [
      997,
      10997
    ],
    [
      1072,
      11072
    ],
    [
      1129,
      11129
    ],
    [
      1236,
      11236
    ],
    [
      1247,
      11247
    ],
    [
      1248,
      11248
    ],
    [
      1364,
      11364
    ],
    [
      1393,
      11393
    ],
    [
      1470,
      11470
    ],
    [
      1731,
      11731
    ],
    [
      1813,
      11813
    ],
    [
      1939,
      11939
    ],
    [
      2005,
      12005
    ],
    [
      2061,
      12061
    ],
    [
      2108,
      12108
    ],
    [
      2142,
      12142
    ],
    [
      2161,
      12161
    ],
    [
      2270,
      12270
    ],
    [
      2283,
      12283
    ],
    [
      2441,
      12441
    ],
    [
      2785,
      12785
    ],
    [
      2810,
      12810
    ],
    [
      2847,
      12847
    ],
    [
      3115,
      13115
    ],
    [
      3202,
      13202
    ],
    [
      3231,
      13231
    ],
    [
      3299,
      13299
    ],
    [
      3381,
      13381
    ],
    [
      3393,
      13393
    ],
    [
      3400,
      13400
    ],
    [
      3443,
      13443
    ],
    [
      3514,
      13514
    ],
    [
      3550,
      13550
    ],
    [
      3622,
      13622
    ],
    [
      3624,
      13624
    ],
    [
      3708,
      13708
    ],
    [
      3834,
      13834
    ],
    [
      3909,
      13909
    ],
    [
      3995,
      13995
    ],
    [
      4016,
      14016
    ],
    [
      4023,
      14023
    ],
    [
      4152,
      14152
    ],
    [
      4238,
      14238
    ],
    [
      4244,
      14244
    ],
    [
      4302,
      14302
    ],
    [
      4574,
      14574
    ],
    [
      4906,
      14906
    ],
    [
      4951,
      14951
    ],
    [
      5162,
      15162
    ],
    [
      5193,
      15193
    ],
    [
      5200,
      15200
    ],
    [
      5211,
      15211
    ],
    [
      5213,
      15213
    ],
    [
      5229,
      15229
    ],
    [
      5340,
      15340
    ],
    [
      5450,
      15450
    ],
    [
      5481,
      15481
    ],
    [
      5511,
      15511
    ],
    [
      5747,
      15747
    ],
    [
      5749,
      15749
    ],
    [
      5910,
      15910
    ],
    [
      6054,
      16054
    ],
    [
      6068,
      16068
    ],
    [
      6134,
      16134
    ],
    [
      6193,
      16193
    ],
    [
      6443,
      16443
    ],
    [
      6466,
      16466
    ],
    [
      6580,
      16580
    ],
    [
      6646,
      16646
    ],
    [
      6666,
      16666
    ],
    [
      6748,
      16748
    ],
    [
      6912,
      16912
    ],
    [
      6965,
      16965
    ],
    [
      7061,
      17061
    ],
    [
      7062,
      17062
    ],
    [
      7082,
      17082
    ],
    [
      7107,
      17107
    ],
    [
      7134,
      17134
    ],
    [
      7578,
      17578
    ],
    [
      7590,
      17590
    ],
    [
      7787,
      17787
    ],
    [
      7906,
      17906
    ],
    [
      8014,
      18014
    ],
    [
      8128,
      18128
    ],
    [
      8219,
      18219
    ],
    [
      8362,
      18362
    ],
    [
      8420,
      18420
    ],
    [
      8488,
      18488
    ],
    [
      8529,
      18529
    ],
    [
      8549,
      18549
    ],
    [
      8690,
      18690
    ],
    [
      8759,
      18759
    ],
    [
      8809,
      18809
    ],
    [
      8898,
      18898
    ],
    [
      8958,
      18958
    ],
    [
      9041,
      19041
    ],
    [
      9216,
      19216
    ],
    [
      9316,
      19316
    ],
    [
      9346,
      19346
    ],
    [
      9497,
      19497
    ],
    [
      9894,
      19894
    ],
    [
      9959,
      19959
    ],
    [
      9968,
      19968
    ]
  ]
}