{
  "n_true_positives": 56,
  "n_positives": 56,
  "total_time": 25.053189992904663,
  "date": "2025-01-25T15:16:19.482603",
  "backend": "BruteForce",
  "n_bins": 0,
  "eps": 7.5,
  "args": {
    "csvpath": [
      "../data/RobustBench/predictions/cifar10c-Standard/vanilla.csv",
      "../data/RobustBench/predictions/cifar10c-Standard/contrast-3.csv"
    ],
    "eps": 7.5,
    "n_bins": 0,
    "n_examples": -1,
    "out_path": "../results/semantic//results/cifar10c-Standard/cifar10c-Standard-L2-7.5-contrast-3.json",
    "full_output": false,
    "verbose": false,
    "randomize_order": false,
    "backend": "bf",
    "blind_cols": null,
    "pred": "pred",
    "metric": "L2"
  },
  "backend_meta": {
    "epsilon": 7.5,
    "decision_col": "pred",
    "metric": "Linf",
    "is_exact": true,
    "is_sound": true,
    "is_complete": true
  },
  "positives": [
    [
      3759,
      11681
    ],
    [
      3759,
      14816
    ],
    [
      10167,
      12825
    ],
    [
      10370,
      14200
    ],
    [
      10441,
      13924
    ],
    [
      10446,
      14735
    ],
    [
      10482,
      18780
    ],
    [
      10537,
      11325
    ],
    [
      10537,
      16778
    ],
    [
      10563,
      16032
    ],
    [
      10647,
      12660
    ],
    [
      10755,
      12933
    ],
    [
      10805,
      11367
    ],
    [
      10837,
      14755
    ],
    [
      11014,
      11624
    ],
    [
      11043,
      19815
    ],
    [
      11140,
      17531
    ],
    [
      11140,
      19761
    ],
    [
      11204,
      19842
    ],
    [
      11367,
      12933
    ],
    [
      11367,
      18180
    ],
    [
      11681,
      13914
    ],
    [
      11731,
      18191
    ],
    [
      11883,
      16422
    ],
    [
      11946,
      19815
    ],
    [
      11986,
      18367
    ],
    [
      12011,
      17664
    ],
    [
      12025,
      13354
    ],
    [
      12025,
      15244
    ],
    [
      12422,
      16458
    ],
    [
      12507,
      19625
    ],
    [
      12629,
      16666
    ],
    [
      12933,
      19762
    ],
    [
      13227,
      15244
    ],
    [
      13451,
      14957
    ],
    [
      13759,
      15244
    ],
    [
      14043,
      15227
    ],
    [
      14137,
      15145
    ],
    [
      14137,
      15359
    ],
    [
      14184,
      15244
    ],
    [
      14200,
      19762
    ],
    [
      14438,
      19584
    ],
    [
      14627,
      19038
    ],
    [
      14718,
      17327
    ],
    [
      15022,
      15555
    ],
    [
      15244,
      19318
    ],
    [
      15337,
      16777
    ],
    [
      15337,
      17508
    ],
    [
      15337,
      19318
    ],
    [
      15337,
      19762
    ],
    [
      15510,
      19584
    ],
    [
      16778,
      19318
    ],
    [
      17019,
      19701
    ],
    [
      17508,
      18180
    ],
    [
      17508,
      19318
    ],
    [
      18322,
      19690
    ]
  ]
}