{
  "n_true_positives": 1265,
  "n_positives": 1265,
  "total_time": 25.02661108970642,
  "date": "2025-01-25T15:16:19.542258",
  "backend": "BruteForce",
  "n_bins": 0,
  "eps": 7.5,
  "args": {
    "csvpath": [
      "../data/RobustBench/predictions/cifar10c-Standard/vanilla.csv",
      "../data/RobustBench/predictions/cifar10c-Standard/contrast-4.csv"
    ],
    "eps": 7.5,
    "n_bins": 0,
    "n_examples": -1,
    "out_path": "../results/semantic//results/cifar10c-Standard/cifar10c-Standard-L2-7.5-contrast-4.json",
    "full_output": false,
    "verbose": false,
    "randomize_order": false,
    "backend": "bf",
    "blind_cols": null,
    "pred": "pred",
    "metric": "L2"
  },
  "backend_meta": {
    "epsilon": 7.5,
    "decision_col": "pred",
    "metric": "Linf",
    "is_exact": true,
    "is_sound": true,
    "is_complete": true
  },
  "positives": [
    [
      97,
      12918
    ],
    [
      97,
      17171
    ],
    [
      10005,
      10834
    ],
    [
      10024,
      16345
    ],
    [
      10049,
      10716
    ],
    [
      10049,
      13932
    ],
    [
      10049,
      14816
    ],
    [
      10049,
      18398
    ],
    [
      10070,
      11248
    ],
    [
      10070,
      14294
    ],
    [
      10070,
      15589
    ],
    [
      10070,
      17708
    ],
    [
      10094,
      10195
    ],
    [
      10094,
      13737
    ],
    [
      10094,
      14903
    ],
    [
      10094,
      16083
    ],
    [
      10094,
      16941
    ],
    [
      10100,
      13778
    ],
    [
      10103,
      11105
    ],
    [
      10107,
      19189
    ],
    [
      10120,
      13452
    ],
    [
      10135,
      18252
    ],
    [
      10135,
      18436
    ],
    [
      10164,
      10588
    ],
    [
      10164,
      19101
    ],
    [
      10167,
      10756
    ],
    [
      10178,
      12338
    ],
    [
      10178,
      17298
    ],
    [
      10178,
      18326
    ],
    [
      10178,
      18328
    ],
    [
      10195,
      13084
    ],
    [
      10195,
      14903
    ],
    [
      10195,
      15897
    ],
    [
      10199,
      19804
    ],
    [
      10223,
      10900
    ],
    [
      10223,
      15433
    ],
    [
      10223,
      18069
    ],
    [
      10241,
      18467
    ],
    [
      10270,
      11166
    ],
    [
      10270,
      11798
    ],
    [
      10270,
      14159
    ],
    [
      10287,
      14171
    ],
    [
      10287,
      16242
    ],
    [
      10307,
      13761
    ],
    [
      10309,
      11946
    ],
    [
      10309,
      13707
    ],
    [
      10309,
      17171
    ],
    [
      10309,
      18687
    ],
    [
      10309,
      19318
    ],
    [
      10319,
      15556
    ],
    [
      10319,
      15567
    ],
    [
      10319,
      15666
    ],
    [
      10319,
      16693
    ],
    [
      10319,
      16948
    ],
    [
      10336,
      15227
    ],
    [
      10342,
      16215
    ],
    [
      10342,
      18841
    ],
    [
      10352,
      14754
    ],
    [
      10352,
      19591
    ],
    [
      10370,
      10805
    ],
    [
      10370,
      10901
    ],
    [
      10370,
      12034
    ],
    [
      10370,
      12183
    ],
    [
      10370,
      12441
    ],
    [
      10370,
      12933
    ],
    [
      10370,
      14200
    ],
    [
      10370,
      15499
    ],
    [
      10370,
      16422
    ],
    [
      10370,
      17651
    ],
    [
      10370,
      18180
    ],
    [
      10370,
      19762
    ],
    [
      10373,
      15541
    ],
    [
      10380,
      15634
    ],
    [
      10395,
      15121
    ],
    [
      10395,
      16098
    ],
    [
      10395,
      19771
    ],
    [
      10419,
      15488
    ],
    [
      10424,
      10735
    ],
    [
      10424,
      14294
    ],
    [
      10424,
      16768
    ],
    [
      10432,
      14122
    ],
    [
      10441,
      13924
    ],
    [
      10441,
      14137
    ],
    [
      10441,
      15337
    ],
    [
      10441,
      15359
    ],
    [
      10441,
      16905
    ],
    [
      10441,
      17080
    ],
    [
      10441,
      18524
    ],
    [
      10443,
      17087
    ],
    [
      10446,
      11730
    ],
    [
      10446,
      14377
    ],
    [
      10446,
      15541
    ],
    [
      10446,
      15985
    ],
    [
      10447,
      13068
    ],
    [
      10448,
      10650
    ],
    [
      10448,
      14375
    ],
    [
      10448,
      18914
    ],
    [
      10448,
      19947
    ],
    [
      10449,
      15405
    ],
    [
      10465,
      17085
    ],
    [
      10465,
      17557
    ],
    [
      10481,
      17476
    ],
    [
      10482,
      18780
    ],
    [
      10501,
      11145
    ],
    [
      10501,
      11425
    ],
    [
      10501,
      13884
    ],
    [
      10501,
      15854
    ],
    [
      10501,
      15931
    ],
    [
      10501,
      16122
    ],
    [
      10530,
      10815
    ],
    [
      10534,
      14493
    ],
    [
      10537,
      10735
    ],
    [
      10537,
      15760
    ],
    [
      10537,
      16778
    ],
    [
      10563,
      10658
    ],
    [
      10563,
      14043
    ],
    [
      10563,
      16032
    ],
    [
      10563,
      16908
    ],
    [
      10570,
      14538
    ],
    [
      10575,
      12858
    ],
    [
      10575,
      14053
    ],
    [
      10575,
      15317
    ],
    [
      10575,
      18398
    ],
    [
      10575,
      18452
    ],
    [
      10587,
      15859
    ],
    [
      10593,
      12800
    ],
    [
      10627,
      15565
    ],
    [
      10630,
      11350
    ],
    [
      10630,
      12034
    ],
    [
      10630,
      12183
    ],
    [
      10630,
      13292
    ],
    [
      10630,
      16032
    ],
    [
      10630,
      17365
    ],
    [
      10630,
      17381
    ],
    [
      10630,
      17531
    ],
    [
      10630,
      19038
    ],
    [
      10634,
      11554
    ],
    [
      10635,
      17337
    ],
    [
      10635,
      18893
    ],
    [
      10647,
      10658
    ],
    [
      10647,
      10735
    ],
    [
      10647,
      11544
    ],
    [
      10647,
      11724
    ],
    [
      10647,
      12933
    ],
    [
      10647,
      13292
    ],
    [
      10647,
      14615
    ],
    [
      10647,
      14653
    ],
    [
      10647,
      15337
    ],
    [
      10647,
      16360
    ],
    [
      10647,
      16707
    ],
    [
      10647,
      16905
    ],
    [
      10647,
      17213
    ],
    [
      10647,
      17365
    ],
    [
      10647,
      17651
    ],
    [
      10647,
      17659
    ],
    [
      10647,
      18695
    ],
    [
      10647,
      19129
    ],
    [
      10647,
      19321
    ],
    [
      10647,
      19632
    ],
    [
      10658,
      12632
    ],
    [
      10658,
      14615
    ],
    [
      10658,
      16905
    ],
    [
      10658,
      19038
    ],
    [
      10661,
      17496
    ],
    [
      10663,
      14957
    ],
    [
      10663,
      19978
    ],
    [
      10681,
      17591
    ],
    [
      10685,
      17520
    ],
    [
      10694,
      16752
    ],
    [
      10716,
      13671
    ],
    [
      10716,
      14816
    ],
    [
      10716,
      16407
    ],
    [
      10716,
      17381
    ],
    [
      10716,
      17531
    ],
    [
      10716,
      18398
    ],
    [
      10716,
      19547
    ],
    [
      10735,
      11151
    ],
    [
      10735,
      11325
    ],
    [
      10735,
      11553
    ],
    [
      10735,
      12025
    ],
    [
      10735,
      12033
    ],
    [
      10735,
      13990
    ],
    [
      10735,
      14090
    ],
    [
      10735,
      14653
    ],
    [
      10735,
      15337
    ],
    [
      10735,
      15344
    ],
    [
      10735,
      15760
    ],
    [
      10735,
      16778
    ],
    [
      10735,
      17365
    ],
    [
      10738,
      13645
    ],
    [
      10746,
      18044
    ],
    [
      10746,
      19135
    ],
    [
      10754,
      11553
    ],
    [
      10754,
      12933
    ],
    [
      10754,
      13276
    ],
    [
      10754,
      14090
    ],
    [
      10754,
      15725
    ],
    [
      10754,
      15897
    ],
    [
      10754,
      16778
    ],
    [
      10754,
      17651
    ],
    [
      10754,
      17802
    ],
    [
      10754,
      17940
    ],
    [
      10754,
      18322
    ],
    [
      10754,
      19050
    ],
    [
      10754,
      19129
    ],
    [
      10754,
      19308
    ],
    [
      10755,
      12507
    ],
    [
      10755,
      12515
    ],
    [
      10755,
      12826
    ],
    [
      10755,
      12933
    ],
    [
      10755,
      13084
    ],
    [
      10755,
      13545
    ],
    [
      10755,
      13704
    ],
    [
      10755,
      15252
    ],
    [
      10755,
      18780
    ],
    [
      10755,
      18786
    ],
    [
      10756,
      11986
    ],
    [
      10756,
      13581
    ],
    [
      10756,
      15469
    ],
    [
      10756,
      16122
    ],
    [
      10756,
      16201
    ],
    [
      10756,
      17032
    ],
    [
      10756,
      18124
    ],
    [
      10770,
      14629
    ],
    [
      10785,
      11504
    ],
    [
      10797,
      13026
    ],
    [
      10799,
      14625
    ],
    [
      10799,
      14958
    ],
    [
      10799,
      15859
    ],
    [
      10799,
      18695
    ],
    [
      10799,
      18842
    ],
    [
      10805,
      11043
    ],
    [
      10805,
      11367
    ],
    [
      10805,
      13681
    ],
    [
      10805,
      14653
    ],
    [
      10805,
      15337
    ],
    [
      10805,
      18464
    ],
    [
      10805,
      18786
    ],
    [
      10805,
      19762
    ],
    [
      10805,
      19815
    ],
    [
      10807,
      14027
    ],
    [
      10807,
      15089
    ],
    [
      10807,
      18833
    ],
    [
      10841,
      13673
    ],
    [
      10849,
      16705
    ],
    [
      10853,
      11750
    ],
    [
      10860,
      10862
    ],
    [
      10860,
      13084
    ],
    [
      10860,
      15859
    ],
    [
      10862,
      13581
    ],
    [
      10862,
      15076
    ],
    [
      10862,
      15414
    ],
    [
      10862,
      17537
    ],
    [
      10867,
      16504
    ],
    [
      10876,
      14146
    ],
    [
      10900,
      16109
    ],
    [
      10900,
      17802
    ],
    [
      10900,
      18069
    ],
    [
      10901,
      11350
    ],
    [
      10901,
      12034
    ],
    [
      10901,
      12183
    ],
    [
      10901,
      15337
    ],
    [
      10901,
      16422
    ],
    [
      10901,
      17846
    ],
    [
      10901,
      17921
    ],
    [
      10901,
      18322
    ],
    [
      10901,
      19690
    ],
    [
      10905,
      15017
    ],
    [
      10908,
      17087
    ],
    [
      10943,
      16553
    ],
    [
      10943,
      16905
    ],
    [
      10983,
      13338
    ],
    [
      10989,
      17402
    ],
    [
      11011,
      16752
    ],
    [
      11014,
      11624
    ],
    [
      11033,
      13656
    ],
    [
      11035,
      16134
    ],
    [
      11043,
      12933
    ],
    [
      11043,
      14299
    ],
    [
      11043,
      17041
    ],
    [
      11043,
      17867
    ],
    [
      11043,
      18786
    ],
    [
      11043,
      19815
    ],
    [
      11075,
      14091
    ],
    [
      11077,
      13276
    ],
    [
      11077,
      16252
    ],
    [
      11084,
      18766
    ],
    [
      11092,
      14184
    ],
    [
      11092,
      14200
    ],
    [
      11092,
      15499
    ],
    [
      11092,
      19762
    ],
    [
      11114,
      15541
    ],
    [
      11118,
      13026
    ],
    [
      11133,
      12029
    ],
    [
      11133,
      15773
    ],
    [
      11133,
      18315
    ],
    [
      11140,
      11224
    ],
    [
      11140,
      12867
    ],
    [
      11140,
      13671
    ],
    [
      11140,
      14053
    ],
    [
      11140,
      14615
    ],
    [
      11140,
      16855
    ],
    [
      11140,
      17032
    ],
    [
      11140,
      17298
    ],
    [
      11140,
      17381
    ],
    [
      11140,
      17531
    ],
    [
      11140,
      19761
    ],
    [
      11145,
      18420
    ],
    [
      11145,
      18748
    ],
    [
      11151,
      11325
    ],
    [
      11151,
      11724
    ],
    [
      11151,
      13596
    ],
    [
      11151,
      13990
    ],
    [
      11151,
      15244
    ],
    [
      11154,
      13966
    ],
    [
      11166,
      12762
    ],
    [
      11166,
      14615
    ],
    [
      11166,
      16032
    ],
    [
      11166,
      17381
    ],
    [
      11166,
      17531
    ],
    [
      11174,
      18592
    ],
    [
      11179,
      16512
    ],
    [
      11204,
      14645
    ],
    [
      11204,
      15208
    ],
    [
      11224,
      12635
    ],
    [
      11224,
      14615
    ],
    [
      11224,
      16547
    ],
    [
      11224,
      17213
    ],
    [
      11224,
      17531
    ],
    [
      11224,
      17591
    ],
    [
      11224,
      17921
    ],
    [
      11224,
      18791
    ],
    [
      11248,
      14220
    ],
    [
      11274,
      12826
    ],
    [
      11274,
      17403
    ],
    [
      11274,
      19701
    ],
    [
      11300,
      11827
    ],
    [
      11300,
      12589
    ],
    [
      11300,
      18780
    ],
    [
      11308,
      14465
    ],
    [
      11308,
      15523
    ],
    [
      11308,
      15567
    ],
    [
      11325,
      15760
    ],
    [
      11326,
      15510
    ],
    [
      11326,
      17417
    ],
    [
      11336,
      16905
    ],
    [
      11336,
      18398
    ],
    [
      11337,
      12905
    ],
    [
      11348,
      12218
    ],
    [
      11348,
      12778
    ],
    [
      11348,
      19414
    ],
    [
      11367,
      12034
    ],
    [
      11367,
      12826
    ],
    [
      11367,
      12933
    ],
    [
      11367,
      14200
    ],
    [
      11367,
      14627
    ],
    [
      11367,
      14958
    ],
    [
      11367,
      15337
    ],
    [
      11367,
      16778
    ],
    [
      11367,
      16941
    ],
    [
      11367,
      17651
    ],
    [
      11367,
      18180
    ],
    [
      11367,
      18786
    ],
    [
      11367,
      19129
    ],
    [
      11367,
      19762
    ],
    [
      11389,
      12441
    ],
    [
      11409,
      15589
    ],
    [
      11425,
      12937
    ],
    [
      11425,
      13880
    ],
    [
      11431,
      14746
    ],
    [
      11443,
      17059
    ],
    [
      11479,
      11761
    ],
    [
      11479,
      19066
    ],
    [
      11492,
      19717
    ],
    [
      11496,
      12608
    ],
    [
      11504,
      14377
    ],
    [
      11504,
      15910
    ],
    [
      11504,
      17375
    ],
    [
      11510,
      15757
    ],
    [
      11522,
      19584
    ],
    [
      11532,
      15725
    ],
    [
      11543,
      14031
    ],
    [
      11544,
      12972
    ],
    [
      11544,
      18736
    ],
    [
      11553,
      14090
    ],
    [
      11553,
      17520
    ],
    [
      11553,
      19729
    ],
    [
      11559,
      15567
    ],
    [
      11578,
      13726
    ],
    [
      11578,
      15885
    ],
    [
      11587,
      12653
    ],
    [
      11619,
      13635
    ],
    [
      11624,
      19584
    ],
    [
      11666,
      13271
    ],
    [
      11666,
      13276
    ],
    [
      11666,
      13704
    ],
    [
      11666,
      14309
    ],
    [
      11666,
      14499
    ],
    [
      11666,
      15897
    ],
    [
      11666,
      16060
    ],
    [
      11667,
      17059
    ],
    [
      11681,
      11911
    ],
    [
      11681,
      12275
    ],
    [
      11681,
      13340
    ],
    [
      11681,
      13671
    ],
    [
      11681,
      15502
    ],
    [
      11710,
      17299
    ],
    [
      11719,
      19439
    ],
    [
      11724,
      12660
    ],
    [
      11724,
      14075
    ],
    [
      11758,
      13990
    ],
    [
      11794,
      16152
    ],
    [
      11794,
      18784
    ],
    [
      11794,
      19729
    ],
    [
      11827,
      14264
    ],
    [
      11862,
      19161
    ],
    [
      11871,
      17253
    ],
    [
      11873,
      19386
    ],
    [
      11883,
      17730
    ],
    [
      11911,
      12275
    ],
    [
      11911,
      12730
    ],
    [
      11911,
      13340
    ],
    [
      11911,
      14816
    ],
    [
      11914,
      14791
    ],
    [
      11929,
      12515
    ],
    [
      11929,
      15375
    ],
    [
      11929,
      17327
    ],
    [
      11929,
      17881
    ],
    [
      11929,
      18069
    ],
    [
      11946,
      13169
    ],
    [
      11946,
      14315
    ],
    [
      11961,
      17630
    ],
    [
      11986,
      18367
    ],
    [
      11986,
      19189
    ],
    [
      11994,
      15145
    ],
    [
      12011,
      12660
    ],
    [
      12011,
      17664
    ],
    [
      12015,
      12825
    ],
    [
      12015,
      13230
    ],
    [
      12025,
      13354
    ],
    [
      12025,
      13759
    ],
    [
      12025,
      15244
    ],
    [
      12025,
      15337
    ],
    [
      12025,
      17504
    ],
    [
      12033,
      13681
    ],
    [
      12033,
      15244
    ],
    [
      12033,
      17508
    ],
    [
      12034,
      14090
    ],
    [
      12034,
      15244
    ],
    [
      12034,
      15337
    ],
    [
      12034,
      17508
    ],
    [
      12034,
      17539
    ],
    [
      12034,
      18786
    ],
    [
      12034,
      19762
    ],
    [
      12076,
      18791
    ],
    [
      12113,
      13673
    ],
    [
      12115,
      13065
    ],
    [
      12115,
      15769
    ],
    [
      12115,
      18090
    ],
    [
      12128,
      13682
    ],
    [
      12128,
      18774
    ],
    [
      12172,
      13419
    ],
    [
      12183,
      12575
    ],
    [
      12183,
      18524
    ],
    [
      12183,
      18736
    ],
    [
      12218,
      16345
    ],
    [
      12256,
      16163
    ],
    [
      12256,
      18678
    ],
    [
      12269,
      16161
    ],
    [
      12275,
      14053
    ],
    [
      12275,
      14159
    ],
    [
      12275,
      17381
    ],
    [
      12301,
      13067
    ],
    [
      12301,
      13737
    ],
    [
      12301,
      15897
    ],
    [
      12301,
      17090
    ],
    [
      12316,
      15931
    ],
    [
      12316,
      18378
    ],
    [
      12338,
      15540
    ],
    [
      12353,
      17397
    ],
    [
      12362,
      12660
    ],
    [
      12362,
      17520
    ],
    [
      12362,
      17664
    ],
    [
      12362,
      19678
    ],
    [
      12383,
      13354
    ],
    [
      12383,
      13503
    ],
    [
      12383,
      14294
    ],
    [
      12383,
      15337
    ],
    [
      12383,
      16777
    ],
    [
      12383,
      16778
    ],
    [
      12383,
      16824
    ],
    [
      12383,
      17508
    ],
    [
      12383,
      17651
    ],
    [
      12383,
      18694
    ],
    [
      12391,
      13884
    ],
    [
      12391,
      19947
    ],
    [
      12403,
      13230
    ],
    [
      12403,
      15884
    ],
    [
      12403,
      17457
    ],
    [
      12403,
      19128
    ],
    [
      12406,
      13580
    ],
    [
      12407,
      17414
    ],
    [
      12407,
      19274
    ],
    [
      12422,
      16277
    ],
    [
      12422,
      16458
    ],
    [
      12424,
      12521
    ],
    [
      12441,
      17539
    ],
    [
      12441,
      19762
    ],
    [
      12452,
      17802
    ],
    [
      12453,
      16421
    ],
    [
      12515,
      14472
    ],
    [
      12515,
      15252
    ],
    [
      12515,
      17327
    ],
    [
      12515,
      18780
    ],
    [
      12532,
      18702
    ],
    [
      12553,
      16946
    ],
    [
      12558,
      17429
    ],
    [
      12562,
      14377
    ],
    [
      12562,
      16152
    ],
    [
      12562,
      18784
    ],
    [
      12613,
      17520
    ],
    [
      12629,
      16148
    ],
    [
      12629,
      16666
    ],
    [
      12629,
      17397
    ],
    [
      12629,
      19678
    ],
    [
      12632,
      14161
    ],
    [
      12632,
      16032
    ],
    [
      12632,
      17032
    ],
    [
      12632,
      17381
    ],
    [
      12632,
      17531
    ],
    [
      12632,
      18730
    ],
    [
      12632,
      19038
    ],
    [
      12635,
      12933
    ],
    [
      12635,
      14615
    ],
    [
      12635,
      15725
    ],
    [
      12635,
      16553
    ],
    [
      12635,
      17032
    ],
    [
      12635,
      17591
    ],
    [
      12635,
      17921
    ],
    [
      12635,
      19732
    ],
    [
      12660,
      14053
    ],
    [
      12660,
      14615
    ],
    [
      12660,
      17298
    ],
    [
      12660,
      17504
    ],
    [
      12660,
      17590
    ],
    [
      12662,
      13357
    ],
    [
      12699,
      17080
    ],
    [
      12718,
      15414
    ],
    [
      12718,
      16164
    ],
    [
      12718,
      17537
    ],
    [
      12718,
      18328
    ],
    [
      12730,
      13671
    ],
    [
      12730,
      16855
    ],
    [
      12730,
      17298
    ],
    [
      12730,
      17397
    ],
    [
      12762,
      15944
    ],
    [
      12762,
      16407
    ],
    [
      12762,
      17664
    ],
    [
      12763,
      17019
    ],
    [
      12797,
      14053
    ],
    [
      12800,
      16651
    ],
    [
      12800,
      18963
    ],
    [
      12825,
      13084
    ],
    [
      12825,
      13809
    ],
    [
      12825,
      14090
    ],
    [
      12825,
      14625
    ],
    [
      12825,
      14958
    ],
    [
      12825,
      15375
    ],
    [
      12825,
      15773
    ],
    [
      12825,
      18695
    ],
    [
      12825,
      18786
    ],
    [
      12825,
      18842
    ],
    [
      12826,
      13704
    ],
    [
      12826,
      13824
    ],
    [
      12826,
      16252
    ],
    [
      12826,
      16941
    ],
    [
      12826,
      18786
    ],
    [
      12826,
      19762
    ],
    [
      12826,
      19815
    ],
    [
      12834,
      19475
    ],
    [
      12867,
      16152
    ],
    [
      12867,
      17298
    ],
    [
      12867,
      18124
    ],
    [
      12867,
      18698
    ],
    [
      12869,
      13704
    ],
    [
      12869,
      14965
    ],
    [
      12869,
      15337
    ],
    [
      12869,
      15725
    ],
    [
      12869,
      15897
    ],
    [
      12869,
      16060
    ],
    [
      12869,
      16778
    ],
    [
      12869,
      18786
    ],
    [
      12869,
      19162
    ],
    [
      12905,
      13193
    ],
    [
      12933,
      13704
    ],
    [
      12933,
      13824
    ],
    [
      12933,
      14090
    ],
    [
      12933,
      14653
    ],
    [
      12933,
      15337
    ],
    [
      12933,
      15443
    ],
    [
      12933,
      15897
    ],
    [
      12933,
      16458
    ],
    [
      12933,
      16699
    ],
    [
      12933,
      16707
    ],
    [
      12933,
      16905
    ],
    [
      12933,
      17213
    ],
    [
      12933,
      18786
    ],
    [
      12933,
      19762
    ],
    [
      12933,
      19815
    ],
    [
      12938,
      14939
    ],
    [
      12958,
      14226
    ],
    [
      12972,
      17754
    ],
    [
      13004,
      14137
    ],
    [
      13004,
      14615
    ],
    [
      13004,
      15337
    ],
    [
      13004,
      16905
    ],
    [
      13018,
      15829
    ],
    [
      13026,
      15661
    ],
    [
      13046,
      17227
    ],
    [
      13046,
      19850
    ],
    [
      13049,
      15532
    ],
    [
      13056,
      19161
    ],
    [
      13065,
      16786
    ],
    [
      13065,
      17802
    ],
    [
      13065,
      18090
    ],
    [
      13068,
      13429
    ],
    [
      13068,
      13475
    ],
    [
      13068,
      15665
    ],
    [
      13068,
      17929
    ],
    [
      13068,
      17952
    ],
    [
      13068,
      19625
    ],
    [
      13084,
      17508
    ],
    [
      13090,
      13581
    ],
    [
      13090,
      15412
    ],
    [
      13120,
      15931
    ],
    [
      13131,
      13312
    ],
    [
      13131,
      18896
    ],
    [
      13146,
      14377
    ],
    [
      13146,
      15985
    ],
    [
      13146,
      18784
    ],
    [
      13169,
      13331
    ],
    [
      13194,
      17190
    ],
    [
      13194,
      17531
    ],
    [
      13194,
      17802
    ],
    [
      13194,
      19152
    ],
    [
      13195,
      13824
    ],
    [
      13195,
      14299
    ],
    [
      13195,
      14315
    ],
    [
      13195,
      15757
    ],
    [
      13195,
      17245
    ],
    [
      13195,
      17539
    ],
    [
      13195,
      17927
    ],
    [
      13195,
      18786
    ],
    [
      13227,
      13990
    ],
    [
      13227,
      14184
    ],
    [
      13227,
      15022
    ],
    [
      13227,
      15244
    ],
    [
      13227,
      19639
    ],
    [
      13230,
      14879
    ],
    [
      13230,
      17802
    ],
    [
      13230,
      18367
    ],
    [
      13230,
      19480
    ],
    [
      13265,
      17087
    ],
    [
      13276,
      13704
    ],
    [
      13276,
      13924
    ],
    [
      13276,
      15303
    ],
    [
      13276,
      15684
    ],
    [
      13276,
      15725
    ],
    [
      13276,
      15897
    ],
    [
      13276,
      16060
    ],
    [
      13276,
      16109
    ],
    [
      13276,
      16252
    ],
    [
      13276,
      17087
    ],
    [
      13276,
      17457
    ],
    [
      13276,
      19162
    ],
    [
      13292,
      14615
    ],
    [
      13292,
      14653
    ],
    [
      13292,
      15337
    ],
    [
      13292,
      16905
    ],
    [
      13292,
      17213
    ],
    [
      13292,
      19761
    ],
    [
      13338,
      19262
    ],
    [
      13357,
      13899
    ],
    [
      13357,
      15684
    ],
    [
      13375,
      16073
    ],
    [
      13375,
      19586
    ],
    [
      13378,
      17408
    ],
    [
      13382,
      17190
    ],
    [
      13382,
      19632
    ],
    [
      13419,
      13635
    ],
    [
      13451,
      13767
    ],
    [
      13451,
      14472
    ],
    [
      13451,
      14957
    ],
    [
      13451,
      15886
    ],
    [
      13456,
      14283
    ],
    [
      13456,
      17433
    ],
    [
      13462,
      14903
    ],
    [
      13462,
      17041
    ],
    [
      13462,
      19625
    ],
    [
      13475,
      19947
    ],
    [
      13481,
      15793
    ],
    [
      13489,
      18662
    ],
    [
      13503,
      15725
    ],
    [
      13512,
      13932
    ],
    [
      13512,
      14615
    ],
    [
      13512,
      16905
    ],
    [
      13512,
      18398
    ],
    [
      13521,
      16950
    ],
    [
      13533,
      13783
    ],
    [
      13538,
      14090
    ],
    [
      13559,
      13880
    ],
    [
      13605,
      13671
    ],
    [
      13605,
      18452
    ],
    [
      13607,
      19646
    ],
    [
      13614,
      17676
    ],
    [
      13625,
      17087
    ],
    [
      13671,
      14816
    ],
    [
      13671,
      15159
    ],
    [
      13671,
      17504
    ],
    [
      13673,
      16146
    ],
    [
      13673,
      18780
    ],
    [
      13681,
      13952
    ],
    [
      13681,
      13990
    ],
    [
      13681,
      14184
    ],
    [
      13681,
      14200
    ],
    [
      13681,
      15244
    ],
    [
      13681,
      15757
    ],
    [
      13681,
      16777
    ],
    [
      13681,
      17651
    ],
    [
      13681,
      19815
    ],
    [
      13697,
      14043
    ],
    [
      13697,
      15227
    ],
    [
      13704,
      15113
    ],
    [
      13704,
      15252
    ],
    [
      13704,
      15897
    ],
    [
      13704,
      16252
    ],
    [
      13704,
      16422
    ],
    [
      13704,
      18091
    ],
    [
      13704,
      18786
    ],
    [
      13706,
      14438
    ],
    [
      13706,
      17476
    ],
    [
      13707,
      16366
    ],
    [
      13710,
      17377
    ],
    [
      13737,
      14903
    ],
    [
      13737,
      15897
    ],
    [
      13737,
      16083
    ],
    [
      13759,
      13952
    ],
    [
      13759,
      13990
    ],
    [
      13759,
      14184
    ],
    [
      13759,
      15337
    ],
    [
      13759,
      17508
    ],
    [
      13759,
      18180
    ],
    [
      13759,
      18687
    ],
    [
      13759,
      19318
    ],
    [
      13767,
      14472
    ],
    [
      13767,
      14957
    ],
    [
      13767,
      15886
    ],
    [
      13767,
      19978
    ],
    [
      13778,
      15337
    ],
    [
      13778,
      18695
    ],
    [
      13778,
      19762
    ],
    [
      13779,
      16521
    ],
    [
      13783,
      17340
    ],
    [
      13809,
      17508
    ],
    [
      13809,
      18786
    ],
    [
      13809,
      19609
    ],
    [
      13815,
      19452
    ],
    [
      13821,
      19491
    ],
    [
      13824,
      14299
    ],
    [
      13824,
      14315
    ],
    [
      13824,
      16941
    ],
    [
      13824,
      18357
    ],
    [
      13824,
      18786
    ],
    [
      13824,
      19701
    ],
    [
      13824,
      19815
    ],
    [
      13827,
      14017
    ],
    [
      13843,
      15412
    ],
    [
      13848,
      16366
    ],
    [
      13848,
      17485
    ],
    [
      13848,
      18075
    ],
    [
      13851,
      16018
    ],
    [
      13851,
      18730
    ],
    [
      13899,
      15684
    ],
    [
      13914,
      15244
    ],
    [
      13915,
      19842
    ],
    [
      13924,
      15725
    ],
    [
      13932,
      14053
    ],
    [
      13932,
      14615
    ],
    [
      13932,
      15802
    ],
    [
      13932,
      17298
    ],
    [
      13932,
      19795
    ],
    [
      13941,
      17846
    ],
    [
      13949,
      15434
    ],
    [
      13949,
      15502
    ],
    [
      13949,
      18847
    ],
    [
      13952,
      17539
    ],
    [
      13952,
      19318
    ],
    [
      13952,
      19762
    ],
    [
      13956,
      16422
    ],
    [
      13956,
      16512
    ],
    [
      13977,
      15510
    ],
    [
      13977,
      19073
    ],
    [
      13990,
      14653
    ],
    [
      13990,
      15244
    ],
    [
      13990,
      16905
    ],
    [
      13990,
      17539
    ],
    [
      13993,
      15883
    ],
    [
      14000,
      16811
    ],
    [
      14009,
      14299
    ],
    [
      14009,
      14731
    ],
    [
      14009,
      17143
    ],
    [
      14009,
      17408
    ],
    [
      14009,
      19832
    ],
    [
      14031,
      15499
    ],
    [
      14031,
      16382
    ],
    [
      14043,
      14615
    ],
    [
      14043,
      15227
    ],
    [
      14043,
      16908
    ],
    [
      14043,
      18398
    ],
    [
      14043,
      19729
    ],
    [
      14053,
      15567
    ],
    [
      14053,
      15802
    ],
    [
      14053,
      18698
    ],
    [
      14090,
      14493
    ],
    [
      14090,
      14627
    ],
    [
      14090,
      14958
    ],
    [
      14090,
      16699
    ],
    [
      14090,
      17365
    ],
    [
      14090,
      18322
    ],
    [
      14090,
      18695
    ],
    [
      14090,
      18842
    ],
    [
      14090,
      19129
    ],
    [
      14090,
      19762
    ],
    [
      14099,
      14537
    ],
    [
      14137,
      15227
    ],
    [
      14137,
      15359
    ],
    [
      14137,
      18524
    ],
    [
      14158,
      16414
    ],
    [
      14158,
      17967
    ],
    [
      14159,
      16018
    ],
    [
      14161,
      17381
    ],
    [
      14161,
      17531
    ],
    [
      14184,
      15244
    ],
    [
      14184,
      15337
    ],
    [
      14184,
      17408
    ],
    [
      14184,
      17539
    ],
    [
      14184,
      19318
    ],
    [
      14184,
      19762
    ],
    [
      14200,
      15337
    ],
    [
      14200,
      16778
    ],
    [
      14200,
      18786
    ],
    [
      14200,
      19318
    ],
    [
      14200,
      19762
    ],
    [
      14224,
      17408
    ],
    [
      14293,
      18090
    ],
    [
      14294,
      16768
    ],
    [
      14299,
      16941
    ],
    [
      14299,
      17171
    ],
    [
      14299,
      18357
    ],
    [
      14299,
      18786
    ],
    [
      14315,
      16941
    ],
    [
      14315,
      17245
    ],
    [
      14345,
      19665
    ],
    [
      14351,
      15725
    ],
    [
      14375,
      17356
    ],
    [
      14375,
      17508
    ],
    [
      14375,
      17590
    ],
    [
      14375,
      19154
    ],
    [
      14377,
      18601
    ],
    [
      14377,
      19454
    ],
    [
      14436,
      15802
    ],
    [
      14436,
      17520
    ],
    [
      14436,
      18468
    ],
    [
      14438,
      15884
    ],
    [
      14438,
      16651
    ],
    [
      14438,
      18774
    ],
    [
      14472,
      15886
    ],
    [
      14491,
      19678
    ],
    [
      14493,
      17305
    ],
    [
      14508,
      15793
    ],
    [
      14508,
      19491
    ],
    [
      14516,
      17274
    ],
    [
      14564,
      15334
    ],
    [
      14564,
      17846
    ],
    [
      14571,
      15244
    ],
    [
      14571,
      16098
    ],
    [
      14571,
      16905
    ],
    [
      14575,
      17190
    ],
    [
      14577,
      17791
    ],
    [
      14577,
      19804
    ],
    [
      14615,
      14816
    ],
    [
      14615,
      15227
    ],
    [
      14615,
      16032
    ],
    [
      14615,
      16547
    ],
    [
      14615,
      17032
    ],
    [
      14615,
      17213
    ],
    [
      14615,
      17381
    ],
    [
      14615,
      17531
    ],
    [
      14615,
      18398
    ],
    [
      14615,
      18486
    ],
    [
      14615,
      19189
    ],
    [
      14615,
      19761
    ],
    [
      14625,
      15375
    ],
    [
      14625,
      18748
    ],
    [
      14627,
      15337
    ],
    [
      14627,
      17508
    ],
    [
      14627,
      19762
    ],
    [
      14653,
      15244
    ],
    [
      14653,
      17365
    ],
    [
      14653,
      17651
    ],
    [
      14653,
      18736
    ],
    [
      14653,
      19038
    ],
    [
      14669,
      15863
    ],
    [
      14669,
      19732
    ],
    [
      14683,
      17539
    ],
    [
      14693,
      18252
    ],
    [
      14697,
      19505
    ],
    [
      14697,
      19665
    ],
    [
      14718,
      17327
    ],
    [
      14730,
      16799
    ],
    [
      14731,
      17408
    ],
    [
      14735,
      15541
    ],
    [
      14746,
      19189
    ],
    [
      14791,
      16784
    ],
    [
      14791,
      17557
    ],
    [
      14816,
      17381
    ],
    [
      14816,
      17531
    ],
    [
      14816,
      18398
    ],
    [
      14816,
      18452
    ],
    [
      14826,
      16327
    ],
    [
      14826,
      18497
    ],
    [
      14874,
      17967
    ],
    [
      14888,
      15317
    ],
    [
      14916,
      18328
    ],
    [
      14957,
      15886
    ],
    [
      14957,
      15900
    ],
    [
      14957,
      17143
    ],
    [
      14958,
      16277
    ],
    [
      14958,
      16360
    ],
    [
      14958,
      17659
    ],
    [
      14958,
      18748
    ],
    [
      14958,
      18786
    ],
    [
      14958,
      19050
    ],
    [
      14958,
      19815
    ],
    [
      14965,
      17728
    ],
    [
      14993,
      19320
    ],
    [
      15004,
      15859
    ],
    [
      15004,
      17520
    ],
    [
      15017,
      16784
    ],
    [
      15038,
      19374
    ],
    [
      15113,
      17846
    ],
    [
      15113,
      17921
    ],
    [
      15113,
      19128
    ],
    [
      15113,
      19690
    ],
    [
      15121,
      15634
    ],
    [
      15131,
      19386
    ],
    [
      15145,
      15684
    ],
    [
      15157,
      15589
    ],
    [
      15157,
      15897
    ],
    [
      15158,
      16559
    ],
    [
      15159,
      15638
    ],
    [
      15159,
      18414
    ],
    [
      15159,
      18452
    ],
    [
      15227,
      16547
    ],
    [
      15227,
      18398
    ],
    [
      15227,
      19729
    ],
    [
      15241,
      15534
    ],
    [
      15244,
      15337
    ],
    [
      15244,
      16905
    ],
    [
      15244,
      17539
    ],
    [
      15252,
      16252
    ],
    [
      15252,
      18786
    ],
    [
      15254,
      17251
    ],
    [
      15254,
      19158
    ],
    [
      15334,
      15369
    ],
    [
      15334,
      17846
    ],
    [
      15337,
      16777
    ],
    [
      15337,
      16905
    ],
    [
      15337,
      17508
    ],
    [
      15337,
      17651
    ],
    [
      15337,
      18695
    ],
    [
      15337,
      19762
    ],
    [
      15341,
      17417
    ],
    [
      15344,
      15760
    ],
    [
      15344,
      17504
    ],
    [
      15369,
      15561
    ],
    [
      15375,
      18786
    ],
    [
      15414,
      15458
    ],
    [
      15414,
      15469
    ],
    [
      15414,
      15565
    ],
    [
      15414,
      15590
    ],
    [
      15414,
      16201
    ],
    [
      15414,
      17802
    ],
    [
      15414,
      18090
    ],
    [
      15414,
      19584
    ],
    [
      15424,
      17190
    ],
    [
      15424,
      17531
    ],
    [
      15424,
      18398
    ],
    [
      15424,
      19038
    ],
    [
      15426,
      17330
    ],
    [
      15426,
      17554
    ],
    [
      15429,
      15458
    ],
    [
      15433,
      18069
    ],
    [
      15458,
      17802
    ],
    [
      15458,
      18784
    ],
    [
      15458,
      18889
    ],
    [
      15458,
      19729
    ],
    [
      15469,
      19584
    ],
    [
      15479,
      18616
    ],
    [
      15499,
      15555
    ],
    [
      15499,
      15757
    ],
    [
      15499,
      17408
    ],
    [
      15499,
      18914
    ],
    [
      15499,
      19318
    ],
    [
      15502,
      18774
    ],
    [
      15507,
      18029
    ],
    [
      15510,
      18616
    ],
    [
      15510,
      19584
    ],
    [
      15534,
      18786
    ],
    [
      15540,
      18079
    ],
    [
      15541,
      15793
    ],
    [
      15542,
      18725
    ],
    [
      15565,
      16621
    ],
    [
      15589,
      16361
    ],
    [
      15589,
      18397
    ],
    [
      15589,
      18856
    ],
    [
      15589,
      19947
    ],
    [
      15590,
      15931
    ],
    [
      15590,
      17802
    ],
    [
      15590,
      18784
    ],
    [
      15609,
      18647
    ],
    [
      15609,
      19665
    ],
    [
      15634,
      16360
    ],
    [
      15634,
      18748
    ],
    [
      15634,
      19454
    ],
    [
      15665,
      18841
    ],
    [
      15666,
      17476
    ],
    [
      15666,
      18436
    ],
    [
      15666,
      18889
    ],
    [
      15684,
      15725
    ],
    [
      15684,
      15884
    ],
    [
      15684,
      16208
    ],
    [
      15684,
      17087
    ],
    [
      15684,
      18091
    ],
    [
      15684,
      19491
    ],
    [
      15725,
      15884
    ],
    [
      15725,
      17213
    ],
    [
      15725,
      17457
    ],
    [
      15725,
      18299
    ],
    [
      15725,
      18322
    ],
    [
      15725,
      18617
    ],
    [
      15725,
      18786
    ],
    [
      15725,
      19129
    ],
    [
      15725,
      19189
    ],
    [
      15755,
      19832
    ],
    [
      15760,
      16053
    ],
    [
      15760,
      19038
    ],
    [
      15802,
      15889
    ],
    [
      15802,
      17081
    ],
    [
      15802,
      19547
    ],
    [
      15822,
      18367
    ],
    [
      15854,
      15859
    ],
    [
      15859,
      15931
    ],
    [
      15859,
      16673
    ],
    [
      15868,
      19999
    ],
    [
      15874,
      16707
    ],
    [
      15877,
      17967
    ],
    [
      15884,
      16109
    ],
    [
      15884,
      17457
    ],
    [
      15884,
      17802
    ],
    [
      15884,
      17846
    ],
    [
      15884,
      18299
    ],
    [
      15884,
      18617
    ],
    [
      15885,
      19761
    ],
    [
      15886,
      15900
    ],
    [
      15897,
      16252
    ],
    [
      15897,
      16763
    ],
    [
      15897,
      19129
    ],
    [
      15900,
      16512
    ],
    [
      15910,
      17375
    ],
    [
      15927,
      17281
    ],
    [
      15927,
      19050
    ],
    [
      15931,
      16731
    ],
    [
      15932,
      17539
    ],
    [
      15932,
      17927
    ],
    [
      15955,
      16750
    ],
    [
      16007,
      17846
    ],
    [
      16017,
      17967
    ],
    [
      16032,
      16905
    ],
    [
      16032,
      17213
    ],
    [
      16032,
      19038
    ],
    [
      16053,
      19038
    ],
    [
      16071,
      16673
    ],
    [
      16083,
      17940
    ],
    [
      16098,
      17539
    ],
    [
      16109,
      17457
    ],
    [
      16122,
      17967
    ],
    [
      16146,
      19423
    ],
    [
      16148,
      18665
    ],
    [
      16152,
      19761
    ],
    [
      16164,
      17030
    ],
    [
      16164,
      18468
    ],
    [
      16178,
      16327
    ],
    [
      16201,
      17590
    ],
    [
      16201,
      17802
    ],
    [
      16252,
      17940
    ],
    [
      16252,
      18786
    ],
    [
      16253,
      18774
    ],
    [
      16312,
      18662
    ],
    [
      16346,
      17087
    ],
    [
      16360,
      18695
    ],
    [
      16414,
      17967
    ],
    [
      16422,
      18236
    ],
    [
      16422,
      19690
    ],
    [
      16423,
      16504
    ],
    [
      16454,
      17251
    ],
    [
      16458,
      17651
    ],
    [
      16458,
      19815
    ],
    [
      16489,
      19804
    ],
    [
      16547,
      19189
    ],
    [
      16553,
      17213
    ],
    [
      16553,
      19480
    ],
    [
      16559,
      16763
    ],
    [
      16559,
      17207
    ],
    [
      16658,
      19557
    ],
    [
      16690,
      19050
    ],
    [
      16693,
      16855
    ],
    [
      16699,
      16777
    ],
    [
      16699,
      19815
    ],
    [
      16707,
      17365
    ],
    [
      16707,
      18736
    ],
    [
      16707,
      19308
    ],
    [
      16750,
      19152
    ],
    [
      16752,
      18762
    ],
    [
      16763,
      17207
    ],
    [
      16777,
      16905
    ],
    [
      16777,
      17019
    ],
    [
      16777,
      17651
    ],
    [
      16777,
      18695
    ],
    [
      16777,
      19701
    ],
    [
      16778,
      17508
    ],
    [
      16778,
      17520
    ],
    [
      16778,
      17590
    ],
    [
      16778,
      18695
    ],
    [
      16778,
      19129
    ],
    [
      16786,
      17802
    ],
    [
      16855,
      17299
    ],
    [
      16855,
      17520
    ],
    [
      16855,
      18698
    ],
    [
      16855,
      19454
    ],
    [
      16905,
      16943
    ],
    [
      16905,
      17651
    ],
    [
      16905,
      18398
    ],
    [
      16909,
      17408
    ],
    [
      16946,
      17081
    ],
    [
      16950,
      17414
    ],
    [
      16950,
      19932
    ],
    [
      16954,
      17526
    ],
    [
      17019,
      17216
    ],
    [
      17019,
      19701
    ],
    [
      17032,
      17213
    ],
    [
      17032,
      18791
    ],
    [
      17032,
      19632
    ],
    [
      17032,
      19761
    ],
    [
      17081,
      17520
    ],
    [
      17081,
      18468
    ],
    [
      17087,
      18091
    ],
    [
      17103,
      19144
    ],
    [
      17131,
      19804
    ],
    [
      17171,
      17245
    ],
    [
      17179,
      18319
    ],
    [
      17189,
      19591
    ],
    [
      17190,
      17933
    ],
    [
      17213,
      19732
    ],
    [
      17271,
      19491
    ],
    [
      17281,
      17327
    ],
    [
      17292,
      19801
    ],
    [
      17298,
      17397
    ],
    [
      17298,
      18698
    ],
    [
      17305,
      18322
    ],
    [
      17327,
      18616
    ],
    [
      17330,
      18821
    ],
    [
      17336,
      17591
    ],
    [
      17364,
      19682
    ],
    [
      17365,
      19761
    ],
    [
      17381,
      17917
    ],
    [
      17381,
      19038
    ],
    [
      17381,
      19767
    ],
    [
      17397,
      18784
    ],
    [
      17457,
      19452
    ],
    [
      17508,
      19318
    ],
    [
      17520,
      17590
    ],
    [
      17520,
      18322
    ],
    [
      17520,
      18486
    ],
    [
      17531,
      17802
    ],
    [
      17531,
      18398
    ],
    [
      17531,
      19038
    ],
    [
      17531,
      19729
    ],
    [
      17531,
      19761
    ],
    [
      17539,
      17927
    ],
    [
      17539,
      18180
    ],
    [
      17539,
      19701
    ],
    [
      17539,
      19762
    ],
    [
      17651,
      18786
    ],
    [
      17651,
      19762
    ],
    [
      17651,
      19815
    ],
    [
      17730,
      18616
    ],
    [
      17730,
      19809
    ],
    [
      17754,
      18397
    ],
    [
      17784,
      18687
    ],
    [
      17785,
      18334
    ],
    [
      17791,
      18290
    ],
    [
      17802,
      18617
    ],
    [
      17802,
      19189
    ],
    [
      17802,
      19584
    ],
    [
      17802,
      19632
    ],
    [
      17831,
      19129
    ],
    [
      17846,
      18322
    ],
    [
      17846,
      19092
    ],
    [
      17846,
      19851
    ],
    [
      17921,
      18786
    ],
    [
      17921,
      19762
    ],
    [
      17927,
      19472
    ],
    [
      17927,
      19762
    ],
    [
      17933,
      19632
    ],
    [
      17952,
      18841
    ],
    [
      17967,
      18124
    ],
    [
      18044,
      19135
    ],
    [
      18091,
      19466
    ],
    [
      18133,
      19999
    ],
    [
      18164,
      19252
    ],
    [
      18180,
      18786
    ],
    [
      18180,
      19318
    ],
    [
      18180,
      19762
    ],
    [
      18290,
      19851
    ],
    [
      18322,
      19189
    ],
    [
      18367,
      19189
    ],
    [
      18398,
      18486
    ],
    [
      18414,
      18452
    ],
    [
      18446,
      18719
    ],
    [
      18468,
      19574
    ],
    [
      18681,
      19632
    ],
    [
      18695,
      18786
    ],
    [
      18695,
      19762
    ],
    [
      18695,
      19815
    ],
    [
      18736,
      19627
    ],
    [
      18748,
      18842
    ],
    [
      18774,
      19316
    ],
    [
      18784,
      19454
    ],
    [
      18786,
      19701
    ],
    [
      18786,
      19762
    ],
    [
      18786,
      19815
    ],
    [
      18791,
      19189
    ],
    [
      18791,
      19632
    ],
    [
      18889,
      19729
    ],
    [
      18911,
      19373
    ],
    [
      19102,
      19252
    ],
    [
      19129,
      19454
    ],
    [
      19129,
      19632
    ],
    [
      19152,
      19809
    ],
    [
      19318,
      19762
    ],
    [
      19407,
      19454
    ],
    [
      19701,
      19815
    ],
    [
      19729,
      19761
    ],
    [
      19809,
      19851
    ]
  ]
}