{
  "n_true_positives": 103,
  "n_positives": 103,
  "total_time": 50.08317708969116,
  "date": "2025-01-25T15:16:40.272703",
  "backend": "BruteForce",
  "n_bins": 0,
  "eps": 7.5,
  "args": {
    "csvpath": [
      "../data/RobustBench/predictions/cifar10c-Standard/vanilla.csv",
      "../data/RobustBench/predictions/cifar10c-Standard/fog-1.csv"
    ],
    "eps": 7.5,
    "n_bins": 0,
    "n_examples": -1,
    "out_path": "../results/semantic//results/cifar10c-Standard/cifar10c-Standard-L2-7.5-fog-1.json",
    "full_output": false,
    "verbose": false,
    "randomize_order": false,
    "backend": "bf",
    "blind_cols": null,
    "pred": "pred",
    "metric": "L2"
  },
  "backend_meta": {
    "epsilon": 7.5,
    "decision_col": "pred",
    "metric": "Linf",
    "is_exact": true,
    "is_sound": true,
    "is_complete": true
  },
  "positives": [
    [
      273,
      10273
    ],
    [
      287,
      10287
    ],
    [
      689,
      10689
    ],
    [
      715,
      10715
    ],
    [
      734,
      10734
    ],
    [
      811,
      10811
    ],
    [
      887,
      10887
    ],
    [
      910,
      10910
    ],
    [
      916,
      10916
    ],
    [
      1058,
      11058
    ],
    [
      1072,
      11072
    ],
    [
      1088,
      11088
    ],
    [
      1177,
      11177
    ],
    [
      1227,
      11227
    ],
    [
      1393,
      11393
    ],
    [
      1439,
      11439
    ],
    [
      1494,
      11494
    ],
    [
      1713,
      11713
    ],
    [
      1738,
      11738
    ],
    [
      1845,
      11845
    ],
    [
      1983,
      11983
    ],
    [
      1998,
      11998
    ],
    [
      2159,
      12159
    ],
    [
      2174,
      12174
    ],
    [
      2205,
      12205
    ],
    [
      2242,
      12242
    ],
    [
      2253,
      12253
    ],
    [
      2270,
      12270
    ],
    [
      2283,
      12283
    ],
    [
      2331,
      12331
    ],
    [
      2494,
      12494
    ],
    [
      2525,
      12525
    ],
    [
      2580,
      12580
    ],
    [
      2592,
      12592
    ],
    [
      2705,
      12705
    ],
    [
      2831,
      12831
    ],
    [
      2843,
      12843
    ],
    [
      2914,
      12914
    ],
    [
      3059,
      13059
    ],
    [
      3113,
      13113
    ],
    [
      3115,
      13115
    ],
    [
      3171,
      13171
    ],
    [
      3311,
      13311
    ],
    [
      3336,
      13336
    ],
    [
      3342,
      13342
    ],
    [
      3349,
      13349
    ],
    [
      3392,
      13392
    ],
    [
      3443,
      13443
    ],
    [
      3474,
      13474
    ],
    [
      3514,
      13514
    ],
    [
      3601,
      13601
    ],
    [
      3615,
      13615
    ],
    [
      3635,
      13635
    ],
    [
      3787,
      13787
    ],
    [
      3789,
      13789
    ],
    [
      4097,
      14097
    ],
    [
      4112,
      14112
    ],
    [
      4125,
      14125
    ],
    [
      4140,
      14140
    ],
    [
      4355,
      14355
    ],
    [
      4556,
      14556
    ],
    [
      4710,
      14710
    ],
    [
      5151,
      15151
    ],
    [
      5176,
      15176
    ],
    [
      5193,
      15193
    ],
    [
      5213,
      15213
    ],
    [
      5578,
      15578
    ],
    [
      5607,
      15607
    ],
    [
      5708,
      15708
    ],
    [
      5917,
      15917
    ],
    [
      5972,
      15972
    ],
    [
      6077,
      16077
    ],
    [
      6083,
      16083
    ],
    [
      6443,
      16443
    ],
    [
      6627,
      16627
    ],
    [
      6781,
      16781
    ],
    [
      7107,
      17107
    ],
    [
      7561,
      17561
    ],
    [
      7667,
      17667
    ],
    [
      7761,
      17761
    ],
    [
      7931,
      17931
    ],
    [
      8166,
      18166
    ],
    [
      8178,
      18178
    ],
    [
      8219,
      18219
    ],
    [
      8222,
      18222
    ],
    [
      8236,
      18236
    ],
    [
      8428,
      18428
    ],
    [
      8457,
      18457
    ],
    [
      8488,
      18488
    ],
    [
      8632,
      18632
    ],
    [
      8735,
      18735
    ],
    [
      8743,
      18743
    ],
    [
      8943,
      18943
    ],
    [
      8976,
      18976
    ],
    [
      9160,
      19160
    ],
    [
      9218,
      19218
    ],
    [
      9225,
      19225
    ],
    [
      9255,
      19255
    ],
    [
      9269,
      19269
    ],
    [
      9319,
      19319
    ],
    [
      9587,
      19587
    ],
    [
      9643,
      19643
    ],
    [
      9953,
      19953
    ]
  ]
}