{
  "n_true_positives": 285,
  "n_positives": 285,
  "total_time": 29.579869747161865,
  "date": "2025-01-25T15:16:19.188249",
  "backend": "BruteForce",
  "n_bins": 0,
  "eps": 7.5,
  "args": {
    "csvpath": [
      "../data/RobustBench/predictions/cifar10c-Standard/vanilla.csv",
      "../data/RobustBench/predictions/cifar10c-Standard/gaussian_noise-1.csv"
    ],
    "eps": 7.5,
    "n_bins": 0,
    "n_examples": -1,
    "out_path": "../results/semantic//results/cifar10c-Standard/cifar10c-Standard-L2-7.5-gaussian_noise-1.json",
    "full_output": false,
    "verbose": false,
    "randomize_order": false,
    "backend": "bf",
    "blind_cols": null,
    "pred": "pred",
    "metric": "L2"
  },
  "backend_meta": {
    "epsilon": 7.5,
    "decision_col": "pred",
    "metric": "Linf",
    "is_exact": true,
    "is_sound": true,
    "is_complete": true
  },
  "positives": [
    [
      9,
      10009
    ],
    [
      51,
      10051
    ],
    [
      52,
      10052
    ],
    [
      57,
      10057
    ],
    [
      110,
      10110
    ],
    [
      188,
      10188
    ],
    [
      200,
      10200
    ],
    [
      220,
      10220
    ],
    [
      224,
      10224
    ],
    [
      325,
      10325
    ],
    [
      326,
      10326
    ],
    [
      361,
      10361
    ],
    [
      439,
      10439
    ],
    [
      452,
      10452
    ],
    [
      468,
      10468
    ],
    [
      488,
      10488
    ],
    [
      508,
      10508
    ],
    [
      684,
      10684
    ],
    [
      689,
      10689
    ],
    [
      731,
      10731
    ],
    [
      773,
      10773
    ],
    [
      776,
      10776
    ],
    [
      811,
      10811
    ],
    [
      831,
      10831
    ],
    [
      835,
      10835
    ],
    [
      892,
      10892
    ],
    [
      912,
      10912
    ],
    [
      925,
      10925
    ],
    [
      953,
      10953
    ],
    [
      972,
      10972
    ],
    [
      1056,
      11056
    ],
    [
      1149,
      11149
    ],
    [
      1201,
      11201
    ],
    [
      1265,
      11265
    ],
    [
      1388,
      11388
    ],
    [
      1439,
      11439
    ],
    [
      1480,
      11480
    ],
    [
      1491,
      11491
    ],
    [
      1506,
      11506
    ],
    [
      1529,
      11529
    ],
    [
      1644,
      11644
    ],
    [
      1732,
      11732
    ],
    [
      1739,
      11739
    ],
    [
      1779,
      11779
    ],
    [
      1791,
      11791
    ],
    [
      1804,
      11804
    ],
    [
      1813,
      11813
    ],
    [
      1858,
      11858
    ],
    [
      1905,
      11905
    ],
    [
      1924,
      11924
    ],
    [
      1976,
      11976
    ],
    [
      2005,
      12005
    ],
    [
      2015,
      12015
    ],
    [
      2017,
      12017
    ],
    [
      2018,
      12018
    ],
    [
      2078,
      12078
    ],
    [
      2108,
      12108
    ],
    [
      2128,
      12128
    ],
    [
      2136,
      12136
    ],
    [
      2159,
      12159
    ],
    [
      2163,
      12163
    ],
    [
      2167,
      12167
    ],
    [
      2174,
      12174
    ],
    [
      2176,
      12176
    ],
    [
      2186,
      12186
    ],
    [
      2205,
      12205
    ],
    [
      2213,
      12213
    ],
    [
      2216,
      12216
    ],
    [
      2248,
      12248
    ],
    [
      2250,
      12250
    ],
    [
      2292,
      12292
    ],
    [
      2316,
      12316
    ],
    [
      2363,
      12363
    ],
    [
      2379,
      12379
    ],
    [
      2532,
      12532
    ],
    [
      2640,
      12640
    ],
    [
      2650,
      12650
    ],
    [
      2695,
      12695
    ],
    [
      2785,
      12785
    ],
    [
      2794,
      12794
    ],
    [
      2795,
      12795
    ],
    [
      2831,
      12831
    ],
    [
      2987,
      12987
    ],
    [
      3025,
      13025
    ],
    [
      3060,
      13060
    ],
    [
      3062,
      13062
    ],
    [
      3150,
      13150
    ],
    [
      3171,
      13171
    ],
    [
      3180,
      13180
    ],
    [
      3251,
      13251
    ],
    [
      3253,
      13253
    ],
    [
      3257,
      13257
    ],
    [
      3336,
      13336
    ],
    [
      3364,
      13364
    ],
    [
      3375,
      13375
    ],
    [
      3381,
      13381
    ],
    [
      3415,
      13415
    ],
    [
      3446,
      13446
    ],
    [
      3539,
      13539
    ],
    [
      3569,
      13569
    ],
    [
      3571,
      13571
    ],
    [
      3587,
      13587
    ],
    [
      3629,
      13629
    ],
    [
      3785,
      13785
    ],
    [
      3804,
      13804
    ],
    [
      3890,
      13890
    ],
    [
      3902,
      13902
    ],
    [
      3915,
      13915
    ],
    [
      3948,
      13948
    ],
    [
      3949,
      13949
    ],
    [
      3977,
      13977
    ],
    [
      3983,
      13983
    ],
    [
      3996,
      13996
    ],
    [
      4044,
      14044
    ],
    [
      4058,
      14058
    ],
    [
      4097,
      14097
    ],
    [
      4114,
      14114
    ],
    [
      4139,
      14139
    ],
    [
      4152,
      14152
    ],
    [
      4170,
      14170
    ],
    [
      4210,
      14210
    ],
    [
      4275,
      14275
    ],
    [
      4277,
      14277
    ],
    [
      4287,
      14287
    ],
    [
      4343,
      14343
    ],
    [
      4358,
      14358
    ],
    [
      4376,
      14376
    ],
    [
      4381,
      14381
    ],
    [
      4398,
      14398
    ],
    [
      4411,
      14411
    ],
    [
      4490,
      14490
    ],
    [
      4521,
      14521
    ],
    [
      4547,
      14547
    ],
    [
      4559,
      14559
    ],
    [
      4573,
      14573
    ],
    [
      4599,
      14599
    ],
    [
      4615,
      14615
    ],
    [
      4630,
      14630
    ],
    [
      4666,
      14666
    ],
    [
      4696,
      14696
    ],
    [
      4745,
      14745
    ],
    [
      4849,
      14849
    ],
    [
      4922,
      14922
    ],
    [
      4964,
      14964
    ],
    [
      4967,
      14967
    ],
    [
      4988,
      14988
    ],
    [
      4995,
      14995
    ],
    [
      4998,
      14998
    ],
    [
      5013,
      15013
    ],
    [
      5025,
      15025
    ],
    [
      5112,
      15112
    ],
    [
      5141,
      15141
    ],
    [
      5152,
      15152
    ],
    [
      5154,
      15154
    ],
    [
      5177,
      15177
    ],
    [
      5198,
      15198
    ],
    [
      5200,
      15200
    ],
    [
      5235,
      15235
    ],
    [
      5271,
      15271
    ],
    [
      5377,
      15377
    ],
    [
      5411,
      15411
    ],
    [
      5460,
      15460
    ],
    [
      5644,
      15644
    ],
    [
      5677,
      15677
    ],
    [
      5734,
      15734
    ],
    [
      5786,
      15786
    ],
    [
      5795,
      15795
    ],
    [
      5839,
      15839
    ],
    [
      5856,
      15856
    ],
    [
      5907,
      15907
    ],
    [
      5929,
      15929
    ],
    [
      5940,
      15940
    ],
    [
      5987,
      15987
    ],
    [
      5992,
      15992
    ],
    [
      6101,
      16101
    ],
    [
      6193,
      16193
    ],
    [
      6339,
      16339
    ],
    [
      6354,
      16354
    ],
    [
      6397,
      16397
    ],
    [
      6525,
      16525
    ],
    [
      6584,
      16584
    ],
    [
      6686,
      16686
    ],
    [
      6695,
      16695
    ],
    [
      6753,
      16753
    ],
    [
      6756,
      16756
    ],
    [
      6784,
      16784
    ],
    [
      6823,
      16823
    ],
    [
      6871,
      16871
    ],
    [
      6887,
      16887
    ],
    [
      6901,
      16901
    ],
    [
      6922,
      16922
    ],
    [
      6933,
      16933
    ],
    [
      6964,
      16964
    ],
    [
      7002,
      17002
    ],
    [
      7005,
      17005
    ],
    [
      7026,
      17026
    ],
    [
      7035,
      17035
    ],
    [
      7050,
      17050
    ],
    [
      7059,
      17059
    ],
    [
      7090,
      17090
    ],
    [
      7117,
      17117
    ],
    [
      7161,
      17161
    ],
    [
      7173,
      17173
    ],
    [
      7203,
      17203
    ],
    [
      7228,
      17228
    ],
    [
      7243,
      17243
    ],
    [
      7294,
      17294
    ],
    [
      7311,
      17311
    ],
    [
      7314,
      17314
    ],
    [
      7324,
      17324
    ],
    [
      7406,
      17406
    ],
    [
      7443,
      17443
    ],
    [
      7446,
      17446
    ],
    [
      7449,
      17449
    ],
    [
      7461,
      17461
    ],
    [
      7507,
      17507
    ],
    [
      7546,
      17546
    ],
    [
      7608,
      17608
    ],
    [
      7657,
      17657
    ],
    [
      7750,
      17750
    ],
    [
      7756,
      17756
    ],
    [
      7797,
      17797
    ],
    [
      7820,
      17820
    ],
    [
      7827,
      17827
    ],
    [
      7909,
      17909
    ],
    [
      7931,
      17931
    ],
    [
      7956,
      17956
    ],
    [
      7985,
      17985
    ],
    [
      8003,
      18003
    ],
    [
      8009,
      18009
    ],
    [
      8046,
      18046
    ],
    [
      8110,
      18110
    ],
    [
      8111,
      18111
    ],
    [
      8138,
      18138
    ],
    [
      8166,
      18166
    ],
    [
      8173,
      18173
    ],
    [
      8181,
      18181
    ],
    [
      8200,
      18200
    ],
    [
      8262,
      18262
    ],
    [
      8296,
      18296
    ],
    [
      8335,
      18335
    ],
    [
      8345,
      18345
    ],
    [
      8384,
      18384
    ],
    [
      8398,
      18398
    ],
    [
      8399,
      18399
    ],
    [
      8440,
      18440
    ],
    [
      8443,
      18443
    ],
    [
      8444,
      18444
    ],
    [
      8535,
      18535
    ],
    [
      8578,
      18578
    ],
    [
      8626,
      18626
    ],
    [
      8642,
      18642
    ],
    [
      8722,
      18722
    ],
    [
      8749,
      18749
    ],
    [
      8865,
      18865
    ],
    [
      8877,
      18877
    ],
    [
      9039,
      19039
    ],
    [
      9216,
      19216
    ],
    [
      9218,
      19218
    ],
    [
      9223,
      19223
    ],
    [
      9254,
      19254
    ],
    [
      9329,
      19329
    ],
    [
      9369,
      19369
    ],
    [
      9375,
      19375
    ],
    [
      9380,
      19380
    ],
    [
      9411,
      19411
    ],
    [
      9467,
      19467
    ],
    [
      9468,
      19468
    ],
    [
      9497,
      19497
    ],
    [
      9506,
      19506
    ],
    [
      9563,
      19563
    ],
    [
      9609,
      19609
    ],
    [
      9635,
      19635
    ],
    [
      9646,
      19646
    ],
    [
      9710,
      19710
    ],
    [
      9740,
      19740
    ],
    [
      9786,
      19786
    ],
    [
      9817,
      19817
    ],
    [
      9824,
      19824
    ],
    [
      9829,
      19829
    ],
    [
      9855,
      19855
    ],
    [
      9862,
      19862
    ],
    [
      9880,
      19880
    ],
    [
      9921,
      19921
    ],
    [
      9982,
      19982
    ]
  ]
}