{
  "n_true_positives": 19,
  "n_positives": 19,
  "total_time": 53.70496988296509,
  "date": "2025-01-25T15:18:15.937739",
  "backend": "BruteForce",
  "n_bins": 0,
  "eps": 7.5,
  "args": {
    "csvpath": [
      "../data/RobustBench/predictions/cifar10c-Standard/vanilla.csv",
      "../data/RobustBench/predictions/cifar10c-Standard/shot_noise-3.csv"
    ],
    "eps": 7.5,
    "n_bins": 0,
    "n_examples": -1,
    "out_path": "../results/semantic//results/cifar10c-Standard/cifar10c-Standard-L2-7.5-shot_noise-3.json",
    "full_output": false,
    "verbose": false,
    "randomize_order": false,
    "backend": "bf",
    "blind_cols": null,
    "pred": "pred",
    "metric": "L2"
  },
  "backend_meta": {
    "epsilon": 7.5,
    "decision_col": "pred",
    "metric": "Linf",
    "is_exact": true,
    "is_sound": true,
    "is_complete": true
  },
  "positives": [
    [
      1388,
      11388
    ],
    [
      1564,
      11564
    ],
    [
      2363,
      12363
    ],
    [
      2831,
      12831
    ],
    [
      4478,
      14478
    ],
    [
      4532,
      14532
    ],
    [
      5115,
      15115
    ],
    [
      5927,
      15927
    ],
    [
      6145,
      16145
    ],
    [
      7002,
      17002
    ],
    [
      7242,
      17242
    ],
    [
      7491,
      17491
    ],
    [
      8166,
      18166
    ],
    [
      8244,
      18244
    ],
    [
      8448,
      18448
    ],
    [
      8542,
      18542
    ],
    [
      8850,
      18850
    ],
    [
      8877,
      18877
    ],
    [
      9264,
      19264
    ]
  ]
}