{
  "n_true_positives": 189,
  "n_positives": 189,
  "total_time": 17.089731216430664,
  "date": "2025-01-25T15:17:07.180275",
  "backend": "BruteForce",
  "n_bins": 0,
  "eps": 7.5,
  "args": {
    "csvpath": [
      "../data/RobustBench/predictions/cifar10c-Standard/vanilla.csv",
      "../data/RobustBench/predictions/cifar10c-Standard/frost-2.csv"
    ],
    "eps": 7.5,
    "n_bins": 0,
    "n_examples": -1,
    "out_path": "../results/semantic//results/cifar10c-Standard/cifar10c-Standard-L2-7.5-frost-2.json",
    "full_output": false,
    "verbose": false,
    "randomize_order": false,
    "backend": "bf",
    "blind_cols": null,
    "pred": "pred",
    "metric": "L2"
  },
  "backend_meta": {
    "epsilon": 7.5,
    "decision_col": "pred",
    "metric": "Linf",
    "is_exact": true,
    "is_sound": true,
    "is_complete": true
  },
  "positives": [
    [
      24,
      10024
    ],
    [
      52,
      10052
    ],
    [
      134,
      10134
    ],
    [
      263,
      10263
    ],
    [
      342,
      10342
    ],
    [
      405,
      10405
    ],
    [
      422,
      10422
    ],
    [
      439,
      10439
    ],
    [
      441,
      10441
    ],
    [
      470,
      10470
    ],
    [
      488,
      10488
    ],
    [
      567,
      10567
    ],
    [
      598,
      10598
    ],
    [
      760,
      10760
    ],
    [
      793,
      10793
    ],
    [
      887,
      10887
    ],
    [
      900,
      10900
    ],
    [
      923,
      10923
    ],
    [
      997,
      10997
    ],
    [
      1042,
      11042
    ],
    [
      1058,
      11058
    ],
    [
      1061,
      11061
    ],
    [
      1129,
      11129
    ],
    [
      1181,
      11181
    ],
    [
      1203,
      11203
    ],
    [
      1304,
      11304
    ],
    [
      1326,
      11326
    ],
    [
      1393,
      11393
    ],
    [
      1498,
      11498
    ],
    [
      1516,
      11516
    ],
    [
      1521,
      11521
    ],
    [
      1577,
      11577
    ],
    [
      1696,
      11696
    ],
    [
      1713,
      11713
    ],
    [
      1811,
      11811
    ],
    [
      1813,
      11813
    ],
    [
      1862,
      11862
    ],
    [
      1957,
      11957
    ],
    [
      1961,
      11961
    ],
    [
      2128,
      12128
    ],
    [
      2136,
      12136
    ],
    [
      2216,
      12216
    ],
    [
      2242,
      12242
    ],
    [
      2270,
      12270
    ],
    [
      2282,
      12282
    ],
    [
      2283,
      12283
    ],
    [
      2397,
      12397
    ],
    [
      2465,
      12465
    ],
    [
      2486,
      12486
    ],
    [
      2573,
      12573
    ],
    [
      2580,
      12580
    ],
    [
      2622,
      12622
    ],
    [
      2675,
      12675
    ],
    [
      2695,
      12695
    ],
    [
      2785,
      12785
    ],
    [
      2810,
      12810
    ],
    [
      2831,
      12831
    ],
    [
      2854,
      12854
    ],
    [
      2895,
      12895
    ],
    [
      2987,
      12987
    ],
    [
      3019,
      13019
    ],
    [
      3025,
      13025
    ],
    [
      3032,
      13032
    ],
    [
      3171,
      13171
    ],
    [
      3174,
      13174
    ],
    [
      3191,
      13191
    ],
    [
      3251,
      13251
    ],
    [
      3299,
      13299
    ],
    [
      3311,
      13311
    ],
    [
      3444,
      13444
    ],
    [
      3472,
      13472
    ],
    [
      3500,
      13500
    ],
    [
      3716,
      13716
    ],
    [
      3753,
      13753
    ],
    [
      3789,
      13789
    ],
    [
      3831,
      13831
    ],
    [
      3835,
      13835
    ],
    [
      3884,
      13884
    ],
    [
      3995,
      13995
    ],
    [
      4000,
      14000
    ],
    [
      4012,
      14012
    ],
    [
      4013,
      14013
    ],
    [
      4017,
      14017
    ],
    [
      4054,
      14054
    ],
    [
      4097,
      14097
    ],
    [
      4152,
      14152
    ],
    [
      4276,
      14276
    ],
    [
      4309,
      14309
    ],
    [
      4449,
      14449
    ],
    [
      4463,
      14463
    ],
    [
      4479,
      14479
    ],
    [
      4630,
      14630
    ],
    [
      4696,
      14696
    ],
    [
      4710,
      14710
    ],
    [
      4730,
      14730
    ],
    [
      4750,
      14750
    ],
    [
      4921,
      14921
    ],
    [
      5107,
      15107
    ],
    [
      5151,
      15151
    ],
    [
      5154,
      15154
    ],
    [
      5158,
      15158
    ],
    [
      5211,
      15211
    ],
    [
      5337,
      15337
    ],
    [
      5369,
      15369
    ],
    [
      5388,
      15388
    ],
    [
      5441,
      15441
    ],
    [
      5450,
      15450
    ],
    [
      5469,
      15469
    ],
    [
      5580,
      15580
    ],
    [
      5690,
      15690
    ],
    [
      5693,
      15693
    ],
    [
      5794,
      15794
    ],
    [
      5795,
      15795
    ],
    [
      5830,
      15830
    ],
    [
      5835,
      15835
    ],
    [
      5839,
      15839
    ],
    [
      5903,
      15903
    ],
    [
      5940,
      15940
    ],
    [
      5979,
      15979
    ],
    [
      6146,
      16146
    ],
    [
      6161,
      16161
    ],
    [
      6193,
      16193
    ],
    [
      6319,
      16319
    ],
    [
      6326,
      16326
    ],
    [
      6429,
      16429
    ],
    [
      6497,
      16497
    ],
    [
      6671,
      16671
    ],
    [
      6781,
      16781
    ],
    [
      6824,
      16824
    ],
    [
      6916,
      16916
    ],
    [
      6986,
      16986
    ],
    [
      7061,
      17061
    ],
    [
      7125,
      17125
    ],
    [
      7146,
      17146
    ],
    [
      7242,
      17242
    ],
    [
      7265,
      17265
    ],
    [
      7394,
      17394
    ],
    [
      7509,
      17509
    ],
    [
      7546,
      17546
    ],
    [
      7557,
      17557
    ],
    [
      7562,
      17562
    ],
    [
      7611,
      17611
    ],
    [
      7657,
      17657
    ],
    [
      7674,
      17674
    ],
    [
      7705,
      17705
    ],
    [
      7736,
      17736
    ],
    [
      7784,
      17784
    ],
    [
      7787,
      17787
    ],
    [
      7815,
      17815
    ],
    [
      7976,
      17976
    ],
    [
      8014,
      18014
    ],
    [
      8110,
      18110
    ],
    [
      8166,
      18166
    ],
    [
      8266,
      18266
    ],
    [
      8280,
      18280
    ],
    [
      8362,
      18362
    ],
    [
      8396,
      18396
    ],
    [
      8399,
      18399
    ],
    [
      8410,
      18410
    ],
    [
      8450,
      18450
    ],
    [
      8488,
      18488
    ],
    [
      8553,
      18553
    ],
    [
      8641,
      18641
    ],
    [
      8650,
      18650
    ],
    [
      8670,
      18670
    ],
    [
      8774,
      18774
    ],
    [
      8775,
      18775
    ],
    [
      8779,
      18779
    ],
    [
      8850,
      18850
    ],
    [
      8898,
      18898
    ],
    [
      8976,
      18976
    ],
    [
      9145,
      19145
    ],
    [
      9147,
      19147
    ],
    [
      9255,
      19255
    ],
    [
      9257,
      19257
    ],
    [
      9346,
      19346
    ],
    [
      9360,
      19360
    ],
    [
      9422,
      19422
    ],
    [
      9431,
      19431
    ],
    [
      9497,
      19497
    ],
    [
      9503,
      19503
    ],
    [
      9528,
      19528
    ],
    [
      9586,
      19586
    ],
    [
      9709,
      19709
    ],
    [
      9729,
      19729
    ],
    [
      9786,
      19786
    ],
    [
      9840,
      19840
    ],
    [
      9857,
      19857
    ],
    [
      9879,
      19879
    ]
  ]
}