{
  "n_true_positives": 43,
  "n_positives": 43,
  "total_time": 53.72517156600952,
  "date": "2025-01-25T15:18:17.136897",
  "backend": "BruteForce",
  "n_bins": 0,
  "eps": 7.5,
  "args": {
    "csvpath": [
      "../data/RobustBench/predictions/cifar10c-Standard/vanilla.csv",
      "../data/RobustBench/predictions/cifar10c-Standard/frost-4.csv"
    ],
    "eps": 7.5,
    "n_bins": 0,
    "n_examples": -1,
    "out_path": "../results/semantic//results/cifar10c-Standard/cifar10c-Standard-L2-7.5-frost-4.json",
    "full_output": false,
    "verbose": false,
    "randomize_order": false,
    "backend": "bf",
    "blind_cols": null,
    "pred": "pred",
    "metric": "L2"
  },
  "backend_meta": {
    "epsilon": 7.5,
    "decision_col": "pred",
    "metric": "Linf",
    "is_exact": true,
    "is_sound": true,
    "is_complete": true
  },
  "positives": [
    [
      171,
      10171
    ],
    [
      203,
      10203
    ],
    [
      661,
      10661
    ],
    [
      1066,
      11066
    ],
    [
      1203,
      11203
    ],
    [
      1442,
      11442
    ],
    [
      1939,
      11939
    ],
    [
      2002,
      12002
    ],
    [
      2161,
      12161
    ],
    [
      2250,
      12250
    ],
    [
      2255,
      12255
    ],
    [
      2521,
      12521
    ],
    [
      2549,
      12549
    ],
    [
      2590,
      12590
    ],
    [
      2810,
      12810
    ],
    [
      2831,
      12831
    ],
    [
      3060,
      13060
    ],
    [
      3242,
      13242
    ],
    [
      3514,
      13514
    ],
    [
      3835,
      13835
    ],
    [
      4000,
      14000
    ],
    [
      4431,
      14431
    ],
    [
      4463,
      14463
    ],
    [
      4479,
      14479
    ],
    [
      4532,
      14532
    ],
    [
      4843,
      14843
    ],
    [
      5027,
      15027
    ],
    [
      5154,
      15154
    ],
    [
      5234,
      15234
    ],
    [
      5235,
      15235
    ],
    [
      5905,
      15905
    ],
    [
      5924,
      15924
    ],
    [
      5979,
      15979
    ],
    [
      6854,
      16854
    ],
    [
      7078,
      17078
    ],
    [
      7143,
      17143
    ],
    [
      7146,
      17146
    ],
    [
      7173,
      17173
    ],
    [
      8757,
      18757
    ],
    [
      9231,
      19231
    ],
    [
      9235,
      19235
    ],
    [
      9820,
      19820
    ],
    [
      9877,
      19877
    ]
  ]
}