{
  "n_true_positives": 24,
  "n_positives": 24,
  "total_time": 19.088523149490356,
  "date": "2025-01-25T15:17:40.204988",
  "backend": "BruteForce",
  "n_bins": 0,
  "eps": 7.5,
  "args": {
    "csvpath": [
      "../data/RobustBench/predictions/cifar10c-Standard/vanilla.csv",
      "../data/RobustBench/predictions/cifar10c-Standard/gaussian_noise-2.csv"
    ],
    "eps": 7.5,
    "n_bins": 0,
    "n_examples": -1,
    "out_path": "../results/semantic//results/cifar10c-Standard/cifar10c-Standard-L2-7.5-gaussian_noise-2.json",
    "full_output": false,
    "verbose": false,
    "randomize_order": false,
    "backend": "bf",
    "blind_cols": null,
    "pred": "pred",
    "metric": "L2"
  },
  "backend_meta": {
    "epsilon": 7.5,
    "decision_col": "pred",
    "metric": "Linf",
    "is_exact": true,
    "is_sound": true,
    "is_complete": true
  },
  "positives": [
    [
      51,
      10051
    ],
    [
      340,
      10340
    ],
    [
      394,
      10394
    ],
    [
      439,
      10439
    ],
    [
      889,
      10889
    ],
    [
      972,
      10972
    ],
    [
      1437,
      11437
    ],
    [
      1564,
      11564
    ],
    [
      2205,
      12205
    ],
    [
      2293,
      12293
    ],
    [
      2500,
      12500
    ],
    [
      2834,
      12834
    ],
    [
      3910,
      13910
    ],
    [
      3996,
      13996
    ],
    [
      4411,
      14411
    ],
    [
      4532,
      14532
    ],
    [
      4547,
      14547
    ],
    [
      4745,
      14745
    ],
    [
      5696,
      15696
    ],
    [
      5864,
      15864
    ],
    [
      6396,
      16396
    ],
    [
      6883,
      16883
    ],
    [
      8877,
      18877
    ],
    [
      9943,
      19943
    ]
  ]
}