{
  "n_true_positives": 12,
  "n_positives": 12,
  "total_time": 14.727980136871338,
  "date": "2025-01-25T15:17:35.754576",
  "backend": "BruteForce",
  "n_bins": 0,
  "eps": 7.5,
  "args": {
    "csvpath": [
      "../data/RobustBench/predictions/cifar10c-Standard/vanilla.csv",
      "../data/RobustBench/predictions/cifar10c-Standard/snow-3.csv"
    ],
    "eps": 7.5,
    "n_bins": 0,
    "n_examples": -1,
    "out_path": "../results/semantic//results/cifar10c-Standard/cifar10c-Standard-L2-7.5-snow-3.json",
    "full_output": false,
    "verbose": false,
    "randomize_order": false,
    "backend": "bf",
    "blind_cols": null,
    "pred": "pred",
    "metric": "L2"
  },
  "backend_meta": {
    "epsilon": 7.5,
    "decision_col": "pred",
    "metric": "Linf",
    "is_exact": true,
    "is_sound": true,
    "is_complete": true
  },
  "positives": [
    [
      606,
      10606
    ],
    [
      2494,
      12494
    ],
    [
      4074,
      14074
    ],
    [
      5274,
      15274
    ],
    [
      5603,
      15603
    ],
    [
      5924,
      15924
    ],
    [
      7735,
      17735
    ],
    [
      7750,
      17750
    ],
    [
      9319,
      19319
    ],
    [
      9718,
      19718
    ],
    [
      9855,
      19855
    ],
    [
      9995,
      19995
    ]
  ]
}