{
  "n_true_positives": 30,
  "n_positives": 30,
  "total_time": 16.9102725982666,
  "date": "2025-01-25T15:16:38.939075",
  "backend": "BruteForce",
  "n_bins": 0,
  "eps": 7.5,
  "args": {
    "csvpath": [
      "../data/RobustBench/predictions/cifar10c-Standard/vanilla.csv",
      "../data/RobustBench/predictions/cifar10c-Standard/snow-2.csv"
    ],
    "eps": 7.5,
    "n_bins": 0,
    "n_examples": -1,
    "out_path": "../results/semantic//results/cifar10c-Standard/cifar10c-Standard-L2-7.5-snow-2.json",
    "full_output": false,
    "verbose": false,
    "randomize_order": false,
    "backend": "bf",
    "blind_cols": null,
    "pred": "pred",
    "metric": "L2"
  },
  "backend_meta": {
    "epsilon": 7.5,
    "decision_col": "pred",
    "metric": "Linf",
    "is_exact": true,
    "is_sound": true,
    "is_complete": true
  },
  "positives": [
    [
      232,
      10232
    ],
    [
      1051,
      11051
    ],
    [
      1172,
      11172
    ],
    [
      1649,
      11649
    ],
    [
      1940,
      11940
    ],
    [
      2134,
      12134
    ],
    [
      2810,
      12810
    ],
    [
      2831,
      12831
    ],
    [
      3079,
      13079
    ],
    [
      3629,
      13629
    ],
    [
      3939,
      13939
    ],
    [
      3996,
      13996
    ],
    [
      4411,
      14411
    ],
    [
      4921,
      14921
    ],
    [
      4923,
      14923
    ],
    [
      5271,
      15271
    ],
    [
      5320,
      15320
    ],
    [
      5838,
      15838
    ],
    [
      5882,
      15882
    ],
    [
      5992,
      15992
    ],
    [
      7035,
      17035
    ],
    [
      7228,
      17228
    ],
    [
      7446,
      17446
    ],
    [
      8046,
      18046
    ],
    [
      8178,
      18178
    ],
    [
      8518,
      18518
    ],
    [
      8642,
      18642
    ],
    [
      8877,
      18877
    ],
    [
      9667,
      19667
    ],
    [
      9877,
      19877
    ]
  ]
}