{
  "n_true_positives": 217,
  "n_positives": 217,
  "total_time": 14.861300706863403,
  "date": "2025-01-25T15:17:05.090161",
  "backend": "BruteForce",
  "n_bins": 0,
  "eps": 7.5,
  "args": {
    "csvpath": [
      "../data/RobustBench/predictions/cifar10c-Standard/vanilla.csv",
      "../data/RobustBench/predictions/cifar10c-Standard/defocus_blur-2.csv"
    ],
    "eps": 7.5,
    "n_bins": 0,
    "n_examples": -1,
    "out_path": "../results/semantic//results/cifar10c-Standard/cifar10c-Standard-L2-7.5-defocus_blur-2.json",
    "full_output": false,
    "verbose": false,
    "randomize_order": false,
    "backend": "bf",
    "blind_cols": null,
    "pred": "pred",
    "metric": "L2"
  },
  "backend_meta": {
    "epsilon": 7.5,
    "decision_col": "pred",
    "metric": "Linf",
    "is_exact": true,
    "is_sound": true,
    "is_complete": true
  },
  "positives": [
    [
      58,
      10058
    ],
    [
      147,
      10147
    ],
    [
      226,
      10226
    ],
    [
      232,
      10232
    ],
    [
      287,
      10287
    ],
    [
      357,
      10357
    ],
    [
      370,
      10370
    ],
    [
      463,
      10463
    ],
    [
      551,
      10551
    ],
    [
      631,
      10631
    ],
    [
      687,
      10687
    ],
    [
      731,
      10731
    ],
    [
      749,
      10749
    ],
    [
      793,
      10793
    ],
    [
      828,
      10828
    ],
    [
      882,
      10882
    ],
    [
      900,
      10900
    ],
    [
      916,
      10916
    ],
    [
      994,
      10994
    ],
    [
      1019,
      11019
    ],
    [
      1034,
      11034
    ],
    [
      1042,
      11042
    ],
    [
      1072,
      11072
    ],
    [
      1088,
      11088
    ],
    [
      1090,
      11090
    ],
    [
      1094,
      11094
    ],
    [
      1105,
      11105
    ],
    [
      1217,
      11217
    ],
    [
      1227,
      11227
    ],
    [
      1303,
      11303
    ],
    [
      1439,
      11439
    ],
    [
      1456,
      11456
    ],
    [
      1480,
      11480
    ],
    [
      1489,
      11489
    ],
    [
      1494,
      11494
    ],
    [
      1713,
      11713
    ],
    [
      1738,
      11738
    ],
    [
      1791,
      11791
    ],
    [
      1804,
      11804
    ],
    [
      1812,
      11812
    ],
    [
      1885,
      11885
    ],
    [
      2034,
      12034
    ],
    [
      2067,
      12067
    ],
    [
      2159,
      12159
    ],
    [
      2165,
      12165
    ],
    [
      2216,
      12216
    ],
    [
      2242,
      12242
    ],
    [
      2270,
      12270
    ],
    [
      2283,
      12283
    ],
    [
      2285,
      12285
    ],
    [
      2309,
      12309
    ],
    [
      2331,
      12331
    ],
    [
      2335,
      12335
    ],
    [
      2350,
      12350
    ],
    [
      2441,
      12441
    ],
    [
      2455,
      12455
    ],
    [
      2525,
      12525
    ],
    [
      2526,
      12526
    ],
    [
      2592,
      12592
    ],
    [
      2599,
      12599
    ],
    [
      2705,
      12705
    ],
    [
      2767,
      12767
    ],
    [
      2785,
      12785
    ],
    [
      2825,
      12825
    ],
    [
      2831,
      12831
    ],
    [
      2843,
      12843
    ],
    [
      2845,
      12845
    ],
    [
      2914,
      12914
    ],
    [
      2940,
      12940
    ],
    [
      2948,
      12948
    ],
    [
      3019,
      13019
    ],
    [
      3044,
      13044
    ],
    [
      3135,
      13135
    ],
    [
      3146,
      13146
    ],
    [
      3171,
      13171
    ],
    [
      3202,
      13202
    ],
    [
      3214,
      13214
    ],
    [
      3336,
      13336
    ],
    [
      3354,
      13354
    ],
    [
      3359,
      13359
    ],
    [
      3443,
      13443
    ],
    [
      3472,
      13472
    ],
    [
      3474,
      13474
    ],
    [
      3490,
      13490
    ],
    [
      3580,
      13580
    ],
    [
      3635,
      13635
    ],
    [
      3637,
      13637
    ],
    [
      3683,
      13683
    ],
    [
      3728,
      13728
    ],
    [
      3821,
      13821
    ],
    [
      3995,
      13995
    ],
    [
      4000,
      14000
    ],
    [
      4003,
      14003
    ],
    [
      4012,
      14012
    ],
    [
      4125,
      14125
    ],
    [
      4165,
      14165
    ],
    [
      4204,
      14204
    ],
    [
      4217,
      14217
    ],
    [
      4368,
      14368
    ],
    [
      4446,
      14446
    ],
    [
      4457,
      14457
    ],
    [
      4477,
      14477
    ],
    [
      4546,
      14546
    ],
    [
      4556,
      14556
    ],
    [
      4630,
      14630
    ],
    [
      4646,
      14646
    ],
    [
      4705,
      14705
    ],
    [
      4798,
      14798
    ],
    [
      4871,
      14871
    ],
    [
      4906,
      14906
    ],
    [
      4993,
      14993
    ],
    [
      5006,
      15006
    ],
    [
      5082,
      15082
    ],
    [
      5154,
      15154
    ],
    [
      5176,
      15176
    ],
    [
      5224,
      15224
    ],
    [
      5352,
      15352
    ],
    [
      5388,
      15388
    ],
    [
      5460,
      15460
    ],
    [
      5558,
      15558
    ],
    [
      5578,
      15578
    ],
    [
      5582,
      15582
    ],
    [
      5603,
      15603
    ],
    [
      5607,
      15607
    ],
    [
      5708,
      15708
    ],
    [
      5747,
      15747
    ],
    [
      5883,
      15883
    ],
    [
      5886,
      15886
    ],
    [
      5908,
      15908
    ],
    [
      5940,
      15940
    ],
    [
      6014,
      16014
    ],
    [
      6035,
      16035
    ],
    [
      6083,
      16083
    ],
    [
      6127,
      16127
    ],
    [
      6145,
      16145
    ],
    [
      6245,
      16245
    ],
    [
      6257,
      16257
    ],
    [
      6271,
      16271
    ],
    [
      6353,
      16353
    ],
    [
      6385,
      16385
    ],
    [
      6442,
      16442
    ],
    [
      6443,
      16443
    ],
    [
      6559,
      16559
    ],
    [
      6669,
      16669
    ],
    [
      6706,
      16706
    ],
    [
      6721,
      16721
    ],
    [
      6795,
      16795
    ],
    [
      6824,
      16824
    ],
    [
      6856,
      16856
    ],
    [
      6859,
      16859
    ],
    [
      6916,
      16916
    ],
    [
      6942,
      16942
    ],
    [
      6980,
      16980
    ],
    [
      7005,
      17005
    ],
    [
      7150,
      17150
    ],
    [
      7367,
      17367
    ],
    [
      7398,
      17398
    ],
    [
      7436,
      17436
    ],
    [
      7444,
      17444
    ],
    [
      7590,
      17590
    ],
    [
      7619,
      17619
    ],
    [
      7667,
      17667
    ],
    [
      7730,
      17730
    ],
    [
      7735,
      17735
    ],
    [
      7761,
      17761
    ],
    [
      7802,
      17802
    ],
    [
      7816,
      17816
    ],
    [
      7846,
      17846
    ],
    [
      7853,
      17853
    ],
    [
      7931,
      17931
    ],
    [
      7941,
      17941
    ],
    [
      7976,
      17976
    ],
    [
      8014,
      18014
    ],
    [
      8114,
      18114
    ],
    [
      8119,
      18119
    ],
    [
      8138,
      18138
    ],
    [
      8178,
      18178
    ],
    [
      8236,
      18236
    ],
    [
      8384,
      18384
    ],
    [
      8408,
      18408
    ],
    [
      8410,
      18410
    ],
    [
      8450,
      18450
    ],
    [
      8476,
      18476
    ],
    [
      8518,
      18518
    ],
    [
      8545,
      18545
    ],
    [
      8559,
      18559
    ],
    [
      8611,
      18611
    ],
    [
      8613,
      18613
    ],
    [
      8690,
      18690
    ],
    [
      8728,
      18728
    ],
    [
      8743,
      18743
    ],
    [
      8804,
      18804
    ],
    [
      8827,
      18827
    ],
    [
      8858,
      18858
    ],
    [
      8898,
      18898
    ],
    [
      8932,
      18932
    ],
    [
      8976,
      18976
    ],
    [
      8993,
      18993
    ],
    [
      9082,
      19082
    ],
    [
      9145,
      19145
    ],
    [
      9226,
      19226
    ],
    [
      9231,
      19231
    ],
    [
      9255,
      19255
    ],
    [
      9260,
      19260
    ],
    [
      9430,
      19430
    ],
    [
      9514,
      19514
    ],
    [
      9542,
      19542
    ],
    [
      9555,
      19555
    ],
    [
      9587,
      19587
    ],
    [
      9633,
      19633
    ],
    [
      9635,
      19635
    ],
    [
      9643,
      19643
    ],
    [
      9690,
      19690
    ],
    [
      9699,
      19699
    ],
    [
      9801,
      19801
    ],
    [
      9832,
      19832
    ],
    [
      9892,
      19892
    ]
  ]
}