{
  "n_true_positives": 8,
  "n_positives": 8,
  "total_time": 16.861969232559204,
  "date": "2025-01-25T15:17:06.743711",
  "backend": "BruteForce",
  "n_bins": 0,
  "eps": 7.5,
  "args": {
    "csvpath": [
      "../data/RobustBench/predictions/cifar10c-Standard/vanilla.csv",
      "../data/RobustBench/predictions/cifar10c-Standard/frost-5.csv"
    ],
    "eps": 7.5,
    "n_bins": 0,
    "n_examples": -1,
    "out_path": "../results/semantic//results/cifar10c-Standard/cifar10c-Standard-L2-7.5-frost-5.json",
    "full_output": false,
    "verbose": false,
    "randomize_order": false,
    "backend": "bf",
    "blind_cols": null,
    "pred": "pred",
    "metric": "L2"
  },
  "backend_meta": {
    "epsilon": 7.5,
    "decision_col": "pred",
    "metric": "Linf",
    "is_exact": true,
    "is_sound": true,
    "is_complete": true
  },
  "positives": [
    [
      1494,
      11494
    ],
    [
      2311,
      12311
    ],
    [
      6101,
      16101
    ],
    [
      6291,
      16291
    ],
    [
      6814,
      16814
    ],
    [
      7062,
      17062
    ],
    [
      7078,
      17078
    ],
    [
      9522,
      19522
    ]
  ]
}