{
  "n_true_positives": 8,
  "n_positives": 8,
  "total_time": 29.639028310775757,
  "date": "2025-01-25T15:17:19.610145",
  "backend": "BruteForce",
  "n_bins": 0,
  "eps": 7.5,
  "args": {
    "csvpath": [
      "../data/RobustBench/predictions/cifar10c-Standard/vanilla.csv",
      "../data/RobustBench/predictions/cifar10c-Standard/defocus_blur-5.csv"
    ],
    "eps": 7.5,
    "n_bins": 0,
    "n_examples": -1,
    "out_path": "../results/semantic//results/cifar10c-Standard/cifar10c-Standard-L2-7.5-defocus_blur-5.json",
    "full_output": false,
    "verbose": false,
    "randomize_order": false,
    "backend": "bf",
    "blind_cols": null,
    "pred": "pred",
    "metric": "L2"
  },
  "backend_meta": {
    "epsilon": 7.5,
    "decision_col": "pred",
    "metric": "Linf",
    "is_exact": true,
    "is_sound": true,
    "is_complete": true
  },
  "positives": [
    [
      2995,
      12995
    ],
    [
      3848,
      13848
    ],
    [
      5189,
      15189
    ],
    [
      6549,
      16549
    ],
    [
      9690,
      19690
    ],
    [
      11565,
      13861
    ],
    [
      12369,
      15394
    ],
    [
      15075,
      18822
    ]
  ]
}