{
  "n_true_positives": 67,
  "n_positives": 67,
  "total_time": 18.574463605880737,
  "date": "2025-01-25T15:18:09.301210",
  "backend": "BruteForce",
  "n_bins": 0,
  "eps": 7.5,
  "args": {
    "csvpath": [
      "../data/RobustBench/predictions/cifar10c-Standard/vanilla.csv",
      "../data/RobustBench/predictions/cifar10c-Standard/frost-3.csv"
    ],
    "eps": 7.5,
    "n_bins": 0,
    "n_examples": -1,
    "out_path": "../results/semantic//results/cifar10c-Standard/cifar10c-Standard-L2-7.5-frost-3.json",
    "full_output": false,
    "verbose": false,
    "randomize_order": false,
    "backend": "bf",
    "blind_cols": null,
    "pred": "pred",
    "metric": "L2"
  },
  "backend_meta": {
    "epsilon": 7.5,
    "decision_col": "pred",
    "metric": "Linf",
    "is_exact": true,
    "is_sound": true,
    "is_complete": true
  },
  "positives": [
    [
      52,
      10052
    ],
    [
      155,
      10155
    ],
    [
      488,
      10488
    ],
    [
      561,
      10561
    ],
    [
      655,
      10655
    ],
    [
      675,
      10675
    ],
    [
      689,
      10689
    ],
    [
      704,
      10704
    ],
    [
      957,
      10957
    ],
    [
      967,
      10967
    ],
    [
      1072,
      11072
    ],
    [
      1265,
      11265
    ],
    [
      1355,
      11355
    ],
    [
      1986,
      11986
    ],
    [
      2078,
      12078
    ],
    [
      2085,
      12085
    ],
    [
      2126,
      12126
    ],
    [
      2128,
      12128
    ],
    [
      2174,
      12174
    ],
    [
      2240,
      12240
    ],
    [
      2465,
      12465
    ],
    [
      2521,
      12521
    ],
    [
      3051,
      13051
    ],
    [
      3082,
      13082
    ],
    [
      3171,
      13171
    ],
    [
      3242,
      13242
    ],
    [
      3347,
      13347
    ],
    [
      3593,
      13593
    ],
    [
      3783,
      13783
    ],
    [
      3939,
      13939
    ],
    [
      4012,
      14012
    ],
    [
      4017,
      14017
    ],
    [
      4019,
      14019
    ],
    [
      4485,
      14485
    ],
    [
      4507,
      14507
    ],
    [
      4525,
      14525
    ],
    [
      4537,
      14537
    ],
    [
      4951,
      14951
    ],
    [
      4987,
      14987
    ],
    [
      4995,
      14995
    ],
    [
      5027,
      15027
    ],
    [
      5411,
      15411
    ],
    [
      5736,
      15736
    ],
    [
      5838,
      15838
    ],
    [
      5897,
      15897
    ],
    [
      5991,
      15991
    ],
    [
      5992,
      15992
    ],
    [
      6210,
      16210
    ],
    [
      6443,
      16443
    ],
    [
      7002,
      17002
    ],
    [
      7078,
      17078
    ],
    [
      7546,
      17546
    ],
    [
      7557,
      17557
    ],
    [
      8166,
      18166
    ],
    [
      8292,
      18292
    ],
    [
      8450,
      18450
    ],
    [
      8529,
      18529
    ],
    [
      8533,
      18533
    ],
    [
      8642,
      18642
    ],
    [
      9316,
      19316
    ],
    [
      9363,
      19363
    ],
    [
      9761,
      19761
    ],
    [
      9850,
      19850
    ],
    [
      9855,
      19855
    ],
    [
      9869,
      19869
    ],
    [
      9949,
      19949
    ],
    [
      9953,
      19953
    ]
  ]
}