{
  "n_true_positives": 14,
  "n_positives": 14,
  "total_time": 29.69255495071411,
  "date": "2025-01-25T15:16:19.302196",
  "backend": "BruteForce",
  "n_bins": 0,
  "eps": 7.5,
  "args": {
    "csvpath": [
      "../data/RobustBench/predictions/cifar10c-Standard/vanilla.csv",
      "../data/RobustBench/predictions/cifar10c-Standard/zoom_blur-3.csv"
    ],
    "eps": 7.5,
    "n_bins": 0,
    "n_examples": -1,
    "out_path": "../results/semantic//results/cifar10c-Standard/cifar10c-Standard-L2-7.5-zoom_blur-3.json",
    "full_output": false,
    "verbose": false,
    "randomize_order": false,
    "backend": "bf",
    "blind_cols": null,
    "pred": "pred",
    "metric": "L2"
  },
  "backend_meta": {
    "epsilon": 7.5,
    "decision_col": "pred",
    "metric": "Linf",
    "is_exact": true,
    "is_sound": true,
    "is_complete": true
  },
  "positives": [
    [
      551,
      10551
    ],
    [
      3068,
      13068
    ],
    [
      3848,
      13848
    ],
    [
      5189,
      15189
    ],
    [
      6422,
      16422
    ],
    [
      6549,
      16549
    ],
    [
      6824,
      16824
    ],
    [
      7121,
      17121
    ],
    [
      8014,
      18014
    ],
    [
      8236,
      18236
    ],
    [
      8921,
      18921
    ],
    [
      9590,
      19590
    ],
    [
      10772,
      12119
    ],
    [
      15075,
      18822
    ]
  ]
}