{
  "n_true_positives": 67,
  "n_positives": 67,
  "total_time": 13.24775218963623,
  "date": "2025-01-25T15:16:07.054686",
  "backend": "BruteForce",
  "n_bins": 0,
  "eps": 7.5,
  "args": {
    "csvpath": [
      "../data/RobustBench/predictions/cifar10c-Standard/vanilla.csv",
      "../data/RobustBench/predictions/cifar10c-Standard/jpeg_compression-2.csv"
    ],
    "eps": 7.5,
    "n_bins": 0,
    "n_examples": -1,
    "out_path": "../results/semantic//results/cifar10c-Standard/cifar10c-Standard-L2-7.5-jpeg_compression-2.json",
    "full_output": false,
    "verbose": false,
    "randomize_order": false,
    "backend": "bf",
    "blind_cols": null,
    "pred": "pred",
    "metric": "L2"
  },
  "backend_meta": {
    "epsilon": 7.5,
    "decision_col": "pred",
    "metric": "Linf",
    "is_exact": true,
    "is_sound": true,
    "is_complete": true
  },
  "positives": [
    [
      97,
      10097
    ],
    [
      152,
      10152
    ],
    [
      287,
      10287
    ],
    [
      411,
      10411
    ],
    [
      422,
      10422
    ],
    [
      433,
      10433
    ],
    [
      551,
      10551
    ],
    [
      882,
      10882
    ],
    [
      889,
      10889
    ],
    [
      1107,
      11107
    ],
    [
      1263,
      11263
    ],
    [
      1306,
      11306
    ],
    [
      1510,
      11510
    ],
    [
      1981,
      11981
    ],
    [
      2033,
      12033
    ],
    [
      2136,
      12136
    ],
    [
      2233,
      12233
    ],
    [
      2300,
      12300
    ],
    [
      2494,
      12494
    ],
    [
      2795,
      12795
    ],
    [
      2831,
      12831
    ],
    [
      2840,
      12840
    ],
    [
      2958,
      12958
    ],
    [
      2995,
      12995
    ],
    [
      3068,
      13068
    ],
    [
      3144,
      13144
    ],
    [
      3278,
      13278
    ],
    [
      3828,
      13828
    ],
    [
      4004,
      14004
    ],
    [
      4221,
      14221
    ],
    [
      4307,
      14307
    ],
    [
      4382,
      14382
    ],
    [
      4478,
      14478
    ],
    [
      4521,
      14521
    ],
    [
      4525,
      14525
    ],
    [
      5031,
      15031
    ],
    [
      5189,
      15189
    ],
    [
      5367,
      15367
    ],
    [
      5411,
      15411
    ],
    [
      5460,
      15460
    ],
    [
      5649,
      15649
    ],
    [
      5896,
      15896
    ],
    [
      5905,
      15905
    ],
    [
      5924,
      15924
    ],
    [
      5991,
      15991
    ],
    [
      6024,
      16024
    ],
    [
      7225,
      17225
    ],
    [
      7451,
      17451
    ],
    [
      7557,
      17557
    ],
    [
      7625,
      17625
    ],
    [
      7904,
      17904
    ],
    [
      8014,
      18014
    ],
    [
      8128,
      18128
    ],
    [
      8212,
      18212
    ],
    [
      8236,
      18236
    ],
    [
      8245,
      18245
    ],
    [
      8677,
      18677
    ],
    [
      9169,
      19169
    ],
    [
      9255,
      19255
    ],
    [
      9292,
      19292
    ],
    [
      9298,
      19298
    ],
    [
      9336,
      19336
    ],
    [
      9601,
      19601
    ],
    [
      9629,
      19629
    ],
    [
      9746,
      19746
    ],
    [
      9877,
      19877
    ],
    [
      9926,
      19926
    ]
  ]
}