{
  "n_true_positives": 0,
  "n_positives": 0,
  "total_time": 14.611191987991333,
  "date": "2025-01-25T15:17:35.143674",
  "backend": "BruteForce",
  "n_bins": 0,
  "eps": 7.5,
  "args": {
    "csvpath": [
      "../data/RobustBench/predictions/cifar10c-Standard/vanilla.csv",
      "../data/RobustBench/predictions/cifar10c-Standard/impulse_noise-3.csv"
    ],
    "eps": 7.5,
    "n_bins": 0,
    "n_examples": -1,
    "out_path": "../results/semantic//results/cifar10c-Standard/cifar10c-Standard-L2-7.5-impulse_noise-3.json",
    "full_output": false,
    "verbose": false,
    "randomize_order": false,
    "backend": "bf",
    "blind_cols": null,
    "pred": "pred",
    "metric": "L2"
  },
  "backend_meta": {
    "epsilon": 7.5,
    "decision_col": "pred",
    "metric": "Linf",
    "is_exact": true,
    "is_sound": true,
    "is_complete": true
  },
  "positives": []
}