{
  "n_true_positives": 511,
  "n_positives": 511,
  "total_time": 49.29896426200867,
  "date": "2025-01-25T15:16:39.322447",
  "backend": "BruteForce",
  "n_bins": 0,
  "eps": 7.5,
  "args": {
    "csvpath": [
      "../data/RobustBench/predictions/cifar10c-Standard/vanilla.csv",
      "../data/RobustBench/predictions/cifar10c-Standard/shot_noise-1.csv"
    ],
    "eps": 7.5,
    "n_bins": 0,
    "n_examples": -1,
    "out_path": "../results/semantic//results/cifar10c-Standard/cifar10c-Standard-L2-7.5-shot_noise-1.json",
    "full_output": false,
    "verbose": false,
    "randomize_order": false,
    "backend": "bf",
    "blind_cols": null,
    "pred": "pred",
    "metric": "L2"
  },
  "backend_meta": {
    "epsilon": 7.5,
    "decision_col": "pred",
    "metric": "Linf",
    "is_exact": true,
    "is_sound": true,
    "is_complete": true
  },
  "positives": [
    [
      12,
      10012
    ],
    [
      24,
      10024
    ],
    [
      37,
      10037
    ],
    [
      47,
      10047
    ],
    [
      52,
      10052
    ],
    [
      78,
      10078
    ],
    [
      127,
      10127
    ],
    [
      128,
      10128
    ],
    [
      134,
      10134
    ],
    [
      155,
      10155
    ],
    [
      169,
      10169
    ],
    [
      188,
      10188
    ],
    [
      215,
      10215
    ],
    [
      263,
      10263
    ],
    [
      355,
      10355
    ],
    [
      433,
      10433
    ],
    [
      439,
      10439
    ],
    [
      441,
      10441
    ],
    [
      468,
      10468
    ],
    [
      470,
      10470
    ],
    [
      567,
      10567
    ],
    [
      631,
      10631
    ],
    [
      634,
      10634
    ],
    [
      639,
      10639
    ],
    [
      640,
      10640
    ],
    [
      679,
      10679
    ],
    [
      715,
      10715
    ],
    [
      725,
      10725
    ],
    [
      734,
      10734
    ],
    [
      749,
      10749
    ],
    [
      766,
      10766
    ],
    [
      767,
      10767
    ],
    [
      798,
      10798
    ],
    [
      866,
      10866
    ],
    [
      881,
      10881
    ],
    [
      887,
      10887
    ],
    [
      912,
      10912
    ],
    [
      923,
      10923
    ],
    [
      982,
      10982
    ],
    [
      991,
      10991
    ],
    [
      1032,
      11032
    ],
    [
      1058,
      11058
    ],
    [
      1100,
      11100
    ],
    [
      1138,
      11138
    ],
    [
      1145,
      11145
    ],
    [
      1149,
      11149
    ],
    [
      1157,
      11157
    ],
    [
      1201,
      11201
    ],
    [
      1227,
      11227
    ],
    [
      1236,
      11236
    ],
    [
      1247,
      11247
    ],
    [
      1303,
      11303
    ],
    [
      1326,
      11326
    ],
    [
      1355,
      11355
    ],
    [
      1393,
      11393
    ],
    [
      1395,
      11395
    ],
    [
      1442,
      11442
    ],
    [
      1480,
      11480
    ],
    [
      1501,
      11501
    ],
    [
      1521,
      11521
    ],
    [
      1529,
      11529
    ],
    [
      1542,
      11542
    ],
    [
      1577,
      11577
    ],
    [
      1644,
      11644
    ],
    [
      1727,
      11727
    ],
    [
      1731,
      11731
    ],
    [
      1732,
      11732
    ],
    [
      1739,
      11739
    ],
    [
      1756,
      11756
    ],
    [
      1764,
      11764
    ],
    [
      1765,
      11765
    ],
    [
      1790,
      11790
    ],
    [
      1804,
      11804
    ],
    [
      1813,
      11813
    ],
    [
      1823,
      11823
    ],
    [
      1845,
      11845
    ],
    [
      1858,
      11858
    ],
    [
      1895,
      11895
    ],
    [
      1898,
      11898
    ],
    [
      1902,
      11902
    ],
    [
      1911,
      11911
    ],
    [
      1934,
      11934
    ],
    [
      1936,
      11936
    ],
    [
      1939,
      11939
    ],
    [
      1950,
      11950
    ],
    [
      1976,
      11976
    ],
    [
      1983,
      11983
    ],
    [
      2023,
      12023
    ],
    [
      2029,
      12029
    ],
    [
      2033,
      12033
    ],
    [
      2046,
      12046
    ],
    [
      2047,
      12047
    ],
    [
      2061,
      12061
    ],
    [
      2078,
      12078
    ],
    [
      2080,
      12080
    ],
    [
      2081,
      12081
    ],
    [
      2108,
      12108
    ],
    [
      2111,
      12111
    ],
    [
      2141,
      12141
    ],
    [
      2167,
      12167
    ],
    [
      2174,
      12174
    ],
    [
      2176,
      12176
    ],
    [
      2187,
      12187
    ],
    [
      2213,
      12213
    ],
    [
      2216,
      12216
    ],
    [
      2255,
      12255
    ],
    [
      2273,
      12273
    ],
    [
      2286,
      12286
    ],
    [
      2305,
      12305
    ],
    [
      2339,
      12339
    ],
    [
      2351,
      12351
    ],
    [
      2363,
      12363
    ],
    [
      2379,
      12379
    ],
    [
      2413,
      12413
    ],
    [
      2414,
      12414
    ],
    [
      2455,
      12455
    ],
    [
      2472,
      12472
    ],
    [
      2490,
      12490
    ],
    [
      2511,
      12511
    ],
    [
      2515,
      12515
    ],
    [
      2532,
      12532
    ],
    [
      2542,
      12542
    ],
    [
      2580,
      12580
    ],
    [
      2592,
      12592
    ],
    [
      2596,
      12596
    ],
    [
      2603,
      12603
    ],
    [
      2609,
      12609
    ],
    [
      2626,
      12626
    ],
    [
      2642,
      12642
    ],
    [
      2650,
      12650
    ],
    [
      2655,
      12655
    ],
    [
      2690,
      12690
    ],
    [
      2775,
      12775
    ],
    [
      2785,
      12785
    ],
    [
      2831,
      12831
    ],
    [
      2840,
      12840
    ],
    [
      2844,
      12844
    ],
    [
      2845,
      12845
    ],
    [
      2849,
      12849
    ],
    [
      2854,
      12854
    ],
    [
      2889,
      12889
    ],
    [
      2900,
      12900
    ],
    [
      2975,
      12975
    ],
    [
      2987,
      12987
    ],
    [
      3032,
      13032
    ],
    [
      3059,
      13059
    ],
    [
      3060,
      13060
    ],
    [
      3075,
      13075
    ],
    [
      3082,
      13082
    ],
    [
      3108,
      13108
    ],
    [
      3135,
      13135
    ],
    [
      3160,
      13160
    ],
    [
      3168,
      13168
    ],
    [
      3192,
      13192
    ],
    [
      3275,
      13275
    ],
    [
      3297,
      13297
    ],
    [
      3323,
      13323
    ],
    [
      3336,
      13336
    ],
    [
      3375,
      13375
    ],
    [
      3381,
      13381
    ],
    [
      3393,
      13393
    ],
    [
      3400,
      13400
    ],
    [
      3446,
      13446
    ],
    [
      3467,
      13467
    ],
    [
      3469,
      13469
    ],
    [
      3470,
      13470
    ],
    [
      3475,
      13475
    ],
    [
      3490,
      13490
    ],
    [
      3517,
      13517
    ],
    [
      3571,
      13571
    ],
    [
      3574,
      13574
    ],
    [
      3578,
      13578
    ],
    [
      3601,
      13601
    ],
    [
      3607,
      13607
    ],
    [
      3610,
      13610
    ],
    [
      3615,
      13615
    ],
    [
      3622,
      13622
    ],
    [
      3645,
      13645
    ],
    [
      3658,
      13658
    ],
    [
      3669,
      13669
    ],
    [
      3752,
      13752
    ],
    [
      3774,
      13774
    ],
    [
      3787,
      13787
    ],
    [
      3821,
      13821
    ],
    [
      3828,
      13828
    ],
    [
      3833,
      13833
    ],
    [
      3835,
      13835
    ],
    [
      3890,
      13890
    ],
    [
      3909,
      13909
    ],
    [
      3953,
      13953
    ],
    [
      3996,
      13996
    ],
    [
      4000,
      14000
    ],
    [
      4012,
      14012
    ],
    [
      4013,
      14013
    ],
    [
      4016,
      14016
    ],
    [
      4017,
      14017
    ],
    [
      4019,
      14019
    ],
    [
      4032,
      14032
    ],
    [
      4038,
      14038
    ],
    [
      4044,
      14044
    ],
    [
      4055,
      14055
    ],
    [
      4077,
      14077
    ],
    [
      4094,
      14094
    ],
    [
      4097,
      14097
    ],
    [
      4106,
      14106
    ],
    [
      4112,
      14112
    ],
    [
      4121,
      14121
    ],
    [
      4162,
      14162
    ],
    [
      4170,
      14170
    ],
    [
      4187,
      14187
    ],
    [
      4192,
      14192
    ],
    [
      4244,
      14244
    ],
    [
      4255,
      14255
    ],
    [
      4275,
      14275
    ],
    [
      4303,
      14303
    ],
    [
      4343,
      14343
    ],
    [
      4355,
      14355
    ],
    [
      4358,
      14358
    ],
    [
      4366,
      14366
    ],
    [
      4442,
      14442
    ],
    [
      4447,
      14447
    ],
    [
      4470,
      14470
    ],
    [
      4485,
      14485
    ],
    [
      4526,
      14526
    ],
    [
      4553,
      14553
    ],
    [
      4565,
      14565
    ],
    [
      4571,
      14571
    ],
    [
      4574,
      14574
    ],
    [
      4589,
      14589
    ],
    [
      4599,
      14599
    ],
    [
      4614,
      14614
    ],
    [
      4624,
      14624
    ],
    [
      4630,
      14630
    ],
    [
      4661,
      14661
    ],
    [
      4686,
      14686
    ],
    [
      4710,
      14710
    ],
    [
      4730,
      14730
    ],
    [
      4732,
      14732
    ],
    [
      4791,
      14791
    ],
    [
      4794,
      14794
    ],
    [
      4868,
      14868
    ],
    [
      4906,
      14906
    ],
    [
      4917,
      14917
    ],
    [
      4967,
      14967
    ],
    [
      4986,
      14986
    ],
    [
      4988,
      14988
    ],
    [
      4995,
      14995
    ],
    [
      4998,
      14998
    ],
    [
      5023,
      15023
    ],
    [
      5043,
      15043
    ],
    [
      5103,
      15103
    ],
    [
      5115,
      15115
    ],
    [
      5134,
      15134
    ],
    [
      5141,
      15141
    ],
    [
      5151,
      15151
    ],
    [
      5154,
      15154
    ],
    [
      5184,
      15184
    ],
    [
      5193,
      15193
    ],
    [
      5198,
      15198
    ],
    [
      5211,
      15211
    ],
    [
      5213,
      15213
    ],
    [
      5227,
      15227
    ],
    [
      5232,
      15232
    ],
    [
      5271,
      15271
    ],
    [
      5273,
      15273
    ],
    [
      5320,
      15320
    ],
    [
      5337,
      15337
    ],
    [
      5352,
      15352
    ],
    [
      5377,
      15377
    ],
    [
      5387,
      15387
    ],
    [
      5411,
      15411
    ],
    [
      5417,
      15417
    ],
    [
      5426,
      15426
    ],
    [
      5430,
      15430
    ],
    [
      5450,
      15450
    ],
    [
      5463,
      15463
    ],
    [
      5469,
      15469
    ],
    [
      5481,
      15481
    ],
    [
      5498,
      15498
    ],
    [
      5508,
      15508
    ],
    [
      5534,
      15534
    ],
    [
      5552,
      15552
    ],
    [
      5558,
      15558
    ],
    [
      5578,
      15578
    ],
    [
      5580,
      15580
    ],
    [
      5603,
      15603
    ],
    [
      5609,
      15609
    ],
    [
      5617,
      15617
    ],
    [
      5649,
      15649
    ],
    [
      5690,
      15690
    ],
    [
      5705,
      15705
    ],
    [
      5706,
      15706
    ],
    [
      5709,
      15709
    ],
    [
      5736,
      15736
    ],
    [
      5794,
      15794
    ],
    [
      5795,
      15795
    ],
    [
      5808,
      15808
    ],
    [
      5830,
      15830
    ],
    [
      5839,
      15839
    ],
    [
      5872,
      15872
    ],
    [
      5901,
      15901
    ],
    [
      5927,
      15927
    ],
    [
      5946,
      15946
    ],
    [
      6008,
      16008
    ],
    [
      6016,
      16016
    ],
    [
      6031,
      16031
    ],
    [
      6068,
      16068
    ],
    [
      6083,
      16083
    ],
    [
      6094,
      16094
    ],
    [
      6101,
      16101
    ],
    [
      6116,
      16116
    ],
    [
      6134,
      16134
    ],
    [
      6142,
      16142
    ],
    [
      6145,
      16145
    ],
    [
      6202,
      16202
    ],
    [
      6253,
      16253
    ],
    [
      6305,
      16305
    ],
    [
      6339,
      16339
    ],
    [
      6353,
      16353
    ],
    [
      6384,
      16384
    ],
    [
      6388,
      16388
    ],
    [
      6401,
      16401
    ],
    [
      6405,
      16405
    ],
    [
      6406,
      16406
    ],
    [
      6423,
      16423
    ],
    [
      6447,
      16447
    ],
    [
      6456,
      16456
    ],
    [
      6491,
      16491
    ],
    [
      6497,
      16497
    ],
    [
      6499,
      16499
    ],
    [
      6530,
      16530
    ],
    [
      6543,
      16543
    ],
    [
      6584,
      16584
    ],
    [
      6588,
      16588
    ],
    [
      6627,
      16627
    ],
    [
      6646,
      16646
    ],
    [
      6647,
      16647
    ],
    [
      6671,
      16671
    ],
    [
      6705,
      16705
    ],
    [
      6709,
      16709
    ],
    [
      6726,
      16726
    ],
    [
      6729,
      16729
    ],
    [
      6732,
      16732
    ],
    [
      6756,
      16756
    ],
    [
      6774,
      16774
    ],
    [
      6781,
      16781
    ],
    [
      6783,
      16783
    ],
    [
      6786,
      16786
    ],
    [
      6833,
      16833
    ],
    [
      6845,
      16845
    ],
    [
      6854,
      16854
    ],
    [
      6859,
      16859
    ],
    [
      6865,
      16865
    ],
    [
      6989,
      16989
    ],
    [
      7000,
      17000
    ],
    [
      7002,
      17002
    ],
    [
      7011,
      17011
    ],
    [
      7036,
      17036
    ],
    [
      7059,
      17059
    ],
    [
      7061,
      17061
    ],
    [
      7062,
      17062
    ],
    [
      7087,
      17087
    ],
    [
      7090,
      17090
    ],
    [
      7097,
      17097
    ],
    [
      7102,
      17102
    ],
    [
      7128,
      17128
    ],
    [
      7133,
      17133
    ],
    [
      7143,
      17143
    ],
    [
      7177,
      17177
    ],
    [
      7203,
      17203
    ],
    [
      7228,
      17228
    ],
    [
      7235,
      17235
    ],
    [
      7257,
      17257
    ],
    [
      7294,
      17294
    ],
    [
      7314,
      17314
    ],
    [
      7388,
      17388
    ],
    [
      7406,
      17406
    ],
    [
      7443,
      17443
    ],
    [
      7446,
      17446
    ],
    [
      7508,
      17508
    ],
    [
      7556,
      17556
    ],
    [
      7561,
      17561
    ],
    [
      7562,
      17562
    ],
    [
      7571,
      17571
    ],
    [
      7605,
      17605
    ],
    [
      7609,
      17609
    ],
    [
      7632,
      17632
    ],
    [
      7657,
      17657
    ],
    [
      7662,
      17662
    ],
    [
      7669,
      17669
    ],
    [
      7685,
      17685
    ],
    [
      7705,
      17705
    ],
    [
      7723,
      17723
    ],
    [
      7752,
      17752
    ],
    [
      7763,
      17763
    ],
    [
      7778,
      17778
    ],
    [
      7784,
      17784
    ],
    [
      7797,
      17797
    ],
    [
      7842,
      17842
    ],
    [
      7893,
      17893
    ],
    [
      7931,
      17931
    ],
    [
      7941,
      17941
    ],
    [
      7947,
      17947
    ],
    [
      7967,
      17967
    ],
    [
      7971,
      17971
    ],
    [
      8009,
      18009
    ],
    [
      8022,
      18022
    ],
    [
      8079,
      18079
    ],
    [
      8111,
      18111
    ],
    [
      8115,
      18115
    ],
    [
      8138,
      18138
    ],
    [
      8166,
      18166
    ],
    [
      8172,
      18172
    ],
    [
      8173,
      18173
    ],
    [
      8197,
      18197
    ],
    [
      8198,
      18198
    ],
    [
      8200,
      18200
    ],
    [
      8242,
      18242
    ],
    [
      8296,
      18296
    ],
    [
      8301,
      18301
    ],
    [
      8305,
      18305
    ],
    [
      8363,
      18363
    ],
    [
      8394,
      18394
    ],
    [
      8410,
      18410
    ],
    [
      8413,
      18413
    ],
    [
      8428,
      18428
    ],
    [
      8440,
      18440
    ],
    [
      8450,
      18450
    ],
    [
      8465,
      18465
    ],
    [
      8476,
      18476
    ],
    [
      8511,
      18511
    ],
    [
      8576,
      18576
    ],
    [
      8616,
      18616
    ],
    [
      8618,
      18618
    ],
    [
      8626,
      18626
    ],
    [
      8642,
      18642
    ],
    [
      8664,
      18664
    ],
    [
      8671,
      18671
    ],
    [
      8722,
      18722
    ],
    [
      8728,
      18728
    ],
    [
      8729,
      18729
    ],
    [
      8742,
      18742
    ],
    [
      8749,
      18749
    ],
    [
      8757,
      18757
    ],
    [
      8759,
      18759
    ],
    [
      8774,
      18774
    ],
    [
      8779,
      18779
    ],
    [
      8803,
      18803
    ],
    [
      8811,
      18811
    ],
    [
      8827,
      18827
    ],
    [
      8828,
      18828
    ],
    [
      8869,
      18869
    ],
    [
      8874,
      18874
    ],
    [
      8877,
      18877
    ],
    [
      9005,
      19005
    ],
    [
      9041,
      19041
    ],
    [
      9050,
      19050
    ],
    [
      9082,
      19082
    ],
    [
      9099,
      19099
    ],
    [
      9102,
      19102
    ],
    [
      9103,
      19103
    ],
    [
      9145,
      19145
    ],
    [
      9184,
      19184
    ],
    [
      9216,
      19216
    ],
    [
      9223,
      19223
    ],
    [
      9231,
      19231
    ],
    [
      9255,
      19255
    ],
    [
      9292,
      19292
    ],
    [
      9316,
      19316
    ],
    [
      9319,
      19319
    ],
    [
      9329,
      19329
    ],
    [
      9338,
      19338
    ],
    [
      9344,
      19344
    ],
    [
      9360,
      19360
    ],
    [
      9363,
      19363
    ],
    [
      9375,
      19375
    ],
    [
      9385,
      19385
    ],
    [
      9415,
      19415
    ],
    [
      9422,
      19422
    ],
    [
      9497,
      19497
    ],
    [
      9522,
      19522
    ],
    [
      9527,
      19527
    ],
    [
      9535,
      19535
    ],
    [
      9557,
      19557
    ],
    [
      9582,
      19582
    ],
    [
      9635,
      19635
    ],
    [
      9654,
      19654
    ],
    [
      9678,
      19678
    ],
    [
      9742,
      19742
    ],
    [
      9752,
      19752
    ],
    [
      9757,
      19757
    ],
    [
      9776,
      19776
    ],
    [
      9787,
      19787
    ],
    [
      9792,
      19792
    ],
    [
      9804,
      19804
    ],
    [
      9829,
      19829
    ],
    [
      9839,
      19839
    ],
    [
      9840,
      19840
    ],
    [
      9853,
      19853
    ],
    [
      9855,
      19855
    ],
    [
      9857,
      19857
    ],
    [
      9866,
      19866
    ],
    [
      9877,
      19877
    ],
    [
      9880,
      19880
    ],
    [
      9901,
      19901
    ],
    [
      9928,
      19928
    ],
    [
      9949,
      19949
    ],
    [
      9953,
      19953
    ],
    [
      9954,
      19954
    ],
    [
      9968,
      19968
    ],
    [
      9995,
      19995
    ]
  ]
}