{
  "n_true_positives": 6,
  "n_positives": 6,
  "total_time": 14.95093321800232,
  "date": "2025-01-25T15:16:37.333821",
  "backend": "BruteForce",
  "n_bins": 0,
  "eps": 7.5,
  "args": {
    "csvpath": [
      "../data/RobustBench/predictions/cifar10c-Standard/vanilla.csv",
      "../data/RobustBench/predictions/cifar10c-Standard/zoom_blur-5.csv"
    ],
    "eps": 7.5,
    "n_bins": 0,
    "n_examples": -1,
    "out_path": "../results/semantic//results/cifar10c-Standard/cifar10c-Standard-L2-7.5-zoom_blur-5.json",
    "full_output": false,
    "verbose": false,
    "randomize_order": false,
    "backend": "bf",
    "blind_cols": null,
    "pred": "pred",
    "metric": "L2"
  },
  "backend_meta": {
    "epsilon": 7.5,
    "decision_col": "pred",
    "metric": "Linf",
    "is_exact": true,
    "is_sound": true,
    "is_complete": true
  },
  "positives": [
    [
      3068,
      13068
    ],
    [
      4813,
      14813
    ],
    [
      5189,
      15189
    ],
    [
      8236,
      18236
    ],
    [
      10772,
      12119
    ],
    [
      15075,
      18822
    ]
  ]
}