{
  "n_true_positives": 129,
  "n_positives": 129,
  "total_time": 53.83270502090454,
  "date": "2025-01-25T15:16:46.029494",
  "backend": "BruteForce",
  "n_bins": 0,
  "eps": 7.5,
  "args": {
    "csvpath": [
      "../data/RobustBench/predictions/cifar10c-Standard/vanilla.csv",
      "../data/RobustBench/predictions/cifar10c-Standard/defocus_blur-1.csv"
    ],
    "eps": 7.5,
    "n_bins": 0,
    "n_examples": -1,
    "out_path": "../results/semantic//results/cifar10c-Standard/cifar10c-Standard-L2-7.5-defocus_blur-1.json",
    "full_output": false,
    "verbose": false,
    "randomize_order": false,
    "backend": "bf",
    "blind_cols": null,
    "pred": "pred",
    "metric": "L2"
  },
  "backend_meta": {
    "epsilon": 7.5,
    "decision_col": "pred",
    "metric": "Linf",
    "is_exact": true,
    "is_sound": true,
    "is_complete": true
  },
  "positives": [
    [
      24,
      10024
    ],
    [
      147,
      10147
    ],
    [
      226,
      10226
    ],
    [
      287,
      10287
    ],
    [
      370,
      10370
    ],
    [
      373,
      10373
    ],
    [
      426,
      10426
    ],
    [
      551,
      10551
    ],
    [
      598,
      10598
    ],
    [
      882,
      10882
    ],
    [
      887,
      10887
    ],
    [
      893,
      10893
    ],
    [
      925,
      10925
    ],
    [
      972,
      10972
    ],
    [
      1019,
      11019
    ],
    [
      1088,
      11088
    ],
    [
      1172,
      11172
    ],
    [
      1217,
      11217
    ],
    [
      1227,
      11227
    ],
    [
      1439,
      11439
    ],
    [
      1480,
      11480
    ],
    [
      1494,
      11494
    ],
    [
      1536,
      11536
    ],
    [
      1713,
      11713
    ],
    [
      1738,
      11738
    ],
    [
      1804,
      11804
    ],
    [
      1830,
      11830
    ],
    [
      1862,
      11862
    ],
    [
      2067,
      12067
    ],
    [
      2242,
      12242
    ],
    [
      2283,
      12283
    ],
    [
      2455,
      12455
    ],
    [
      2599,
      12599
    ],
    [
      2650,
      12650
    ],
    [
      2705,
      12705
    ],
    [
      2831,
      12831
    ],
    [
      2914,
      12914
    ],
    [
      2940,
      12940
    ],
    [
      3113,
      13113
    ],
    [
      3211,
      13211
    ],
    [
      3218,
      13218
    ],
    [
      3336,
      13336
    ],
    [
      3349,
      13349
    ],
    [
      3422,
      13422
    ],
    [
      3474,
      13474
    ],
    [
      3550,
      13550
    ],
    [
      3787,
      13787
    ],
    [
      4204,
      14204
    ],
    [
      4457,
      14457
    ],
    [
      4504,
      14504
    ],
    [
      4574,
      14574
    ],
    [
      4630,
      14630
    ],
    [
      4786,
      14786
    ],
    [
      4938,
      14938
    ],
    [
      5006,
      15006
    ],
    [
      5151,
      15151
    ],
    [
      5176,
      15176
    ],
    [
      5203,
      15203
    ],
    [
      5224,
      15224
    ],
    [
      5309,
      15309
    ],
    [
      5352,
      15352
    ],
    [
      5558,
      15558
    ],
    [
      5578,
      15578
    ],
    [
      5603,
      15603
    ],
    [
      5607,
      15607
    ],
    [
      5708,
      15708
    ],
    [
      5809,
      15809
    ],
    [
      5830,
      15830
    ],
    [
      5835,
      15835
    ],
    [
      5890,
      15890
    ],
    [
      5900,
      15900
    ],
    [
      5908,
      15908
    ],
    [
      5940,
      15940
    ],
    [
      6014,
      16014
    ],
    [
      6127,
      16127
    ],
    [
      6271,
      16271
    ],
    [
      6353,
      16353
    ],
    [
      6443,
      16443
    ],
    [
      6706,
      16706
    ],
    [
      6774,
      16774
    ],
    [
      6859,
      16859
    ],
    [
      6916,
      16916
    ],
    [
      6965,
      16965
    ],
    [
      6979,
      16979
    ],
    [
      7061,
      17061
    ],
    [
      7068,
      17068
    ],
    [
      7107,
      17107
    ],
    [
      7134,
      17134
    ],
    [
      7228,
      17228
    ],
    [
      7231,
      17231
    ],
    [
      7367,
      17367
    ],
    [
      7439,
      17439
    ],
    [
      7667,
      17667
    ],
    [
      7761,
      17761
    ],
    [
      7846,
      17846
    ],
    [
      7853,
      17853
    ],
    [
      7909,
      17909
    ],
    [
      7931,
      17931
    ],
    [
      8041,
      18041
    ],
    [
      8046,
      18046
    ],
    [
      8084,
      18084
    ],
    [
      8138,
      18138
    ],
    [
      8178,
      18178
    ],
    [
      8304,
      18304
    ],
    [
      8364,
      18364
    ],
    [
      8420,
      18420
    ],
    [
      8428,
      18428
    ],
    [
      8451,
      18451
    ],
    [
      8548,
      18548
    ],
    [
      8721,
      18721
    ],
    [
      8743,
      18743
    ],
    [
      8804,
      18804
    ],
    [
      8958,
      18958
    ],
    [
      8976,
      18976
    ],
    [
      8993,
      18993
    ],
    [
      9132,
      19132
    ],
    [
      9255,
      19255
    ],
    [
      9260,
      19260
    ],
    [
      9294,
      19294
    ],
    [
      9316,
      19316
    ],
    [
      9366,
      19366
    ],
    [
      9503,
      19503
    ],
    [
      9528,
      19528
    ],
    [
      9551,
      19551
    ],
    [
      9587,
      19587
    ],
    [
      9633,
      19633
    ],
    [
      9776,
      19776
    ],
    [
      9940,
      19940
    ],
    [
      9959,
      19959
    ]
  ]
}