{
  "n_true_positives": 56,
  "n_positives": 56,
  "total_time": 13.779191017150879,
  "date": "2025-01-25T15:16:36.031843",
  "backend": "BruteForce",
  "n_bins": 0,
  "eps": 7.5,
  "args": {
    "csvpath": [
      "../data/RobustBench/predictions/cifar10c-Standard/vanilla.csv",
      "../data/RobustBench/predictions/cifar10c-Standard/impulse_noise-1.csv"
    ],
    "eps": 7.5,
    "n_bins": 0,
    "n_examples": -1,
    "out_path": "../results/semantic//results/cifar10c-Standard/cifar10c-Standard-L2-7.5-impulse_noise-1.json",
    "full_output": false,
    "verbose": false,
    "randomize_order": false,
    "backend": "bf",
    "blind_cols": null,
    "pred": "pred",
    "metric": "L2"
  },
  "backend_meta": {
    "epsilon": 7.5,
    "decision_col": "pred",
    "metric": "Linf",
    "is_exact": true,
    "is_sound": true,
    "is_complete": true
  },
  "positives": [
    [
      187,
      10187
    ],
    [
      211,
      10211
    ],
    [
      263,
      10263
    ],
    [
      279,
      10279
    ],
    [
      426,
      10426
    ],
    [
      796,
      10796
    ],
    [
      924,
      10924
    ],
    [
      972,
      10972
    ],
    [
      1804,
      11804
    ],
    [
      1813,
      11813
    ],
    [
      1884,
      11884
    ],
    [
      2293,
      12293
    ],
    [
      2311,
      12311
    ],
    [
      2580,
      12580
    ],
    [
      2581,
      12581
    ],
    [
      2695,
      12695
    ],
    [
      2829,
      12829
    ],
    [
      3032,
      13032
    ],
    [
      3654,
      13654
    ],
    [
      3669,
      13669
    ],
    [
      4140,
      14140
    ],
    [
      4442,
      14442
    ],
    [
      4710,
      14710
    ],
    [
      4786,
      14786
    ],
    [
      4967,
      14967
    ],
    [
      4988,
      14988
    ],
    [
      5106,
      15106
    ],
    [
      5610,
      15610
    ],
    [
      5682,
      15682
    ],
    [
      5751,
      15751
    ],
    [
      5881,
      15881
    ],
    [
      6065,
      16065
    ],
    [
      6116,
      16116
    ],
    [
      6161,
      16161
    ],
    [
      6889,
      16889
    ],
    [
      6902,
      16902
    ],
    [
      6916,
      16916
    ],
    [
      6962,
      16962
    ],
    [
      7320,
      17320
    ],
    [
      7491,
      17491
    ],
    [
      7601,
      17601
    ],
    [
      7625,
      17625
    ],
    [
      7787,
      17787
    ],
    [
      7827,
      17827
    ],
    [
      8173,
      18173
    ],
    [
      8618,
      18618
    ],
    [
      8749,
      18749
    ],
    [
      8753,
      18753
    ],
    [
      9422,
      19422
    ],
    [
      9467,
      19467
    ],
    [
      9497,
      19497
    ],
    [
      9675,
      19675
    ],
    [
      9820,
      19820
    ],
    [
      9928,
      19928
    ],
    [
      9967,
      19967
    ],
    [
      9982,
      19982
    ]
  ]
}