{
  "n_true_positives": 9,
  "n_positives": 9,
  "total_time": 16.43585205078125,
  "date": "2025-01-25T15:17:37.795897",
  "backend": "BruteForce",
  "n_bins": 0,
  "eps": 7.5,
  "args": {
    "csvpath": [
      "../data/RobustBench/predictions/cifar10c-Standard/vanilla.csv",
      "../data/RobustBench/predictions/cifar10c-Standard/shot_noise-4.csv"
    ],
    "eps": 7.5,
    "n_bins": 0,
    "n_examples": -1,
    "out_path": "../results/semantic//results/cifar10c-Standard/cifar10c-Standard-L2-7.5-shot_noise-4.json",
    "full_output": false,
    "verbose": false,
    "randomize_order": false,
    "backend": "bf",
    "blind_cols": null,
    "pred": "pred",
    "metric": "L2"
  },
  "backend_meta": {
    "epsilon": 7.5,
    "decision_col": "pred",
    "metric": "Linf",
    "is_exact": true,
    "is_sound": true,
    "is_complete": true
  },
  "positives": [
    [
      1388,
      11388
    ],
    [
      2175,
      12175
    ],
    [
      3996,
      13996
    ],
    [
      4111,
      14111
    ],
    [
      6281,
      16281
    ],
    [
      7242,
      17242
    ],
    [
      7413,
      17413
    ],
    [
      9246,
      19246
    ],
    [
      9609,
      19609
    ]
  ]
}