{
  "n_true_positives": 6,
  "n_positives": 6,
  "total_time": 29.48941946029663,
  "date": "2025-01-25T15:17:19.482318",
  "backend": "BruteForce",
  "n_bins": 0,
  "eps": 7.5,
  "args": {
    "csvpath": [
      "../data/RobustBench/predictions/cifar10c-Standard/vanilla.csv",
      "../data/RobustBench/predictions/cifar10c-Standard/elastic_transform-5.csv"
    ],
    "eps": 7.5,
    "n_bins": 0,
    "n_examples": -1,
    "out_path": "../results/semantic//results/cifar10c-Standard/cifar10c-Standard-L2-7.5-elastic_transform-5.json",
    "full_output": false,
    "verbose": false,
    "randomize_order": false,
    "backend": "bf",
    "blind_cols": null,
    "pred": "pred",
    "metric": "L2"
  },
  "backend_meta": {
    "epsilon": 7.5,
    "decision_col": "pred",
    "metric": "Linf",
    "is_exact": true,
    "is_sound": true,
    "is_complete": true
  },
  "positives": [
    [
      3094,
      13094
    ],
    [
      3278,
      13278
    ],
    [
      3429,
      13429
    ],
    [
      7941,
      17941
    ],
    [
      8236,
      18236
    ],
    [
      9590,
      19590
    ]
  ]
}