{
  "n_true_positives": 56,
  "n_positives": 56,
  "total_time": 16.6646249294281,
  "date": "2025-01-25T15:16:36.711164",
  "backend": "BruteForce",
  "n_bins": 0,
  "eps": 7.5,
  "args": {
    "csvpath": [
      "../data/RobustBench/predictions/cifar10c-Standard/vanilla.csv",
      "../data/RobustBench/predictions/cifar10c-Standard/motion_blur-1.csv"
    ],
    "eps": 7.5,
    "n_bins": 0,
    "n_examples": -1,
    "out_path": "../results/semantic//results/cifar10c-Standard/cifar10c-Standard-L2-7.5-motion_blur-1.json",
    "full_output": false,
    "verbose": false,
    "randomize_order": false,
    "backend": "bf",
    "blind_cols": null,
    "pred": "pred",
    "metric": "L2"
  },
  "backend_meta": {
    "epsilon": 7.5,
    "decision_col": "pred",
    "metric": "Linf",
    "is_exact": true,
    "is_sound": true,
    "is_complete": true
  },
  "positives": [
    [
      147,
      10147
    ],
    [
      218,
      10218
    ],
    [
      287,
      10287
    ],
    [
      570,
      10570
    ],
    [
      631,
      10631
    ],
    [
      687,
      10687
    ],
    [
      739,
      10739
    ],
    [
      818,
      10818
    ],
    [
      882,
      10882
    ],
    [
      900,
      10900
    ],
    [
      910,
      10910
    ],
    [
      1138,
      11138
    ],
    [
      1791,
      11791
    ],
    [
      1813,
      11813
    ],
    [
      2034,
      12034
    ],
    [
      2581,
      12581
    ],
    [
      2810,
      12810
    ],
    [
      2831,
      12831
    ],
    [
      3254,
      13254
    ],
    [
      3278,
      13278
    ],
    [
      3343,
      13343
    ],
    [
      3349,
      13349
    ],
    [
      3359,
      13359
    ],
    [
      3420,
      13420
    ],
    [
      3446,
      13446
    ],
    [
      3475,
      13475
    ],
    [
      4012,
      14012
    ],
    [
      4165,
      14165
    ],
    [
      4556,
      14556
    ],
    [
      5077,
      15077
    ],
    [
      5224,
      15224
    ],
    [
      5511,
      15511
    ],
    [
      5747,
      15747
    ],
    [
      6064,
      16064
    ],
    [
      6144,
      16144
    ],
    [
      6385,
      16385
    ],
    [
      6442,
      16442
    ],
    [
      6447,
      16447
    ],
    [
      6640,
      16640
    ],
    [
      6709,
      16709
    ],
    [
      6942,
      16942
    ],
    [
      7436,
      17436
    ],
    [
      7756,
      17756
    ],
    [
      7816,
      17816
    ],
    [
      7853,
      17853
    ],
    [
      8236,
      18236
    ],
    [
      8280,
      18280
    ],
    [
      8408,
      18408
    ],
    [
      8529,
      18529
    ],
    [
      8728,
      18728
    ],
    [
      9041,
      19041
    ],
    [
      9231,
      19231
    ],
    [
      9325,
      19325
    ],
    [
      9587,
      19587
    ],
    [
      9601,
      19601
    ],
    [
      9699,
      19699
    ]
  ]
}