{
  "n_true_positives": 129,
  "n_positives": 129,
  "total_time": 13.165194272994995,
  "date": "2025-01-25T15:18:03.658613",
  "backend": "BruteForce",
  "n_bins": 0,
  "eps": 7.5,
  "args": {
    "csvpath": [
      "../data/RobustBench/predictions/cifar10c-Standard/vanilla.csv",
      "../data/RobustBench/predictions/cifar10c-Standard/defocus_blur-3.csv"
    ],
    "eps": 7.5,
    "n_bins": 0,
    "n_examples": -1,
    "out_path": "../results/semantic//results/cifar10c-Standard/cifar10c-Standard-L2-7.5-defocus_blur-3.json",
    "full_output": false,
    "verbose": false,
    "randomize_order": false,
    "backend": "bf",
    "blind_cols": null,
    "pred": "pred",
    "metric": "L2"
  },
  "backend_meta": {
    "epsilon": 7.5,
    "decision_col": "pred",
    "metric": "Linf",
    "is_exact": true,
    "is_sound": true,
    "is_complete": true
  },
  "positives": [
    [
      70,
      10070
    ],
    [
      134,
      10134
    ],
    [
      287,
      10287
    ],
    [
      313,
      10313
    ],
    [
      357,
      10357
    ],
    [
      383,
      10383
    ],
    [
      470,
      10470
    ],
    [
      551,
      10551
    ],
    [
      570,
      10570
    ],
    [
      866,
      10866
    ],
    [
      912,
      10912
    ],
    [
      989,
      10989
    ],
    [
      997,
      10997
    ],
    [
      1364,
      11364
    ],
    [
      1388,
      11388
    ],
    [
      1494,
      11494
    ],
    [
      1587,
      11587
    ],
    [
      1640,
      11640
    ],
    [
      1713,
      11713
    ],
    [
      1723,
      11723
    ],
    [
      1731,
      11731
    ],
    [
      1738,
      11738
    ],
    [
      1791,
      11791
    ],
    [
      1812,
      11812
    ],
    [
      1892,
      11892
    ],
    [
      2034,
      12034
    ],
    [
      2216,
      12216
    ],
    [
      2293,
      12293
    ],
    [
      2309,
      12309
    ],
    [
      2350,
      12350
    ],
    [
      2377,
      12377
    ],
    [
      2444,
      12444
    ],
    [
      2779,
      12779
    ],
    [
      2794,
      12794
    ],
    [
      2825,
      12825
    ],
    [
      2831,
      12831
    ],
    [
      2940,
      12940
    ],
    [
      2948,
      12948
    ],
    [
      3019,
      13019
    ],
    [
      3135,
      13135
    ],
    [
      3150,
      13150
    ],
    [
      3290,
      13290
    ],
    [
      3343,
      13343
    ],
    [
      3359,
      13359
    ],
    [
      3529,
      13529
    ],
    [
      3724,
      13724
    ],
    [
      3755,
      13755
    ],
    [
      3995,
      13995
    ],
    [
      4012,
      14012
    ],
    [
      4137,
      14137
    ],
    [
      4165,
      14165
    ],
    [
      4244,
      14244
    ],
    [
      4320,
      14320
    ],
    [
      4368,
      14368
    ],
    [
      4521,
      14521
    ],
    [
      4525,
      14525
    ],
    [
      4546,
      14546
    ],
    [
      4775,
      14775
    ],
    [
      4955,
      14955
    ],
    [
      4966,
      14966
    ],
    [
      4967,
      14967
    ],
    [
      5034,
      15034
    ],
    [
      5154,
      15154
    ],
    [
      5193,
      15193
    ],
    [
      5224,
      15224
    ],
    [
      5372,
      15372
    ],
    [
      5460,
      15460
    ],
    [
      5466,
      15466
    ],
    [
      5498,
      15498
    ],
    [
      5578,
      15578
    ],
    [
      5599,
      15599
    ],
    [
      5747,
      15747
    ],
    [
      5804,
      15804
    ],
    [
      5839,
      15839
    ],
    [
      5868,
      15868
    ],
    [
      5886,
      15886
    ],
    [
      5910,
      15910
    ],
    [
      5991,
      15991
    ],
    [
      6014,
      16014
    ],
    [
      6064,
      16064
    ],
    [
      6145,
      16145
    ],
    [
      6209,
      16209
    ],
    [
      6401,
      16401
    ],
    [
      6405,
      16405
    ],
    [
      6706,
      16706
    ],
    [
      6824,
      16824
    ],
    [
      6942,
      16942
    ],
    [
      7106,
      17106
    ],
    [
      7436,
      17436
    ],
    [
      7628,
      17628
    ],
    [
      7651,
      17651
    ],
    [
      7752,
      17752
    ],
    [
      7756,
      17756
    ],
    [
      7842,
      17842
    ],
    [
      7918,
      17918
    ],
    [
      7941,
      17941
    ],
    [
      7990,
      17990
    ],
    [
      8006,
      18006
    ],
    [
      8014,
      18014
    ],
    [
      8030,
      18030
    ],
    [
      8036,
      18036
    ],
    [
      8178,
      18178
    ],
    [
      8236,
      18236
    ],
    [
      8476,
      18476
    ],
    [
      8529,
      18529
    ],
    [
      8559,
      18559
    ],
    [
      8604,
      18604
    ],
    [
      8611,
      18611
    ],
    [
      8644,
      18644
    ],
    [
      8690,
      18690
    ],
    [
      8836,
      18836
    ],
    [
      8932,
      18932
    ],
    [
      8993,
      18993
    ],
    [
      9143,
      19143
    ],
    [
      9145,
      19145
    ],
    [
      9235,
      19235
    ],
    [
      9325,
      19325
    ],
    [
      9415,
      19415
    ],
    [
      9450,
      19450
    ],
    [
      9542,
      19542
    ],
    [
      9586,
      19586
    ],
    [
      9587,
      19587
    ],
    [
      9595,
      19595
    ],
    [
      9633,
      15224
    ],
    [
      9633,
      19633
    ],
    [
      9656,
      19656
    ],
    [
      9690,
      19690
    ],
    [
      9699,
      19699
    ],
    [
      9812,
      19812
    ]
  ]
}