{
  "n_true_positives": 136,
  "n_positives": 136,
  "total_time": 14.446900606155396,
  "date": "2025-01-25T15:16:34.118018",
  "backend": "BruteForce",
  "n_bins": 0,
  "eps": 7.5,
  "args": {
    "csvpath": [
      "../data/RobustBench/predictions/cifar10c-Standard/vanilla.csv",
      "../data/RobustBench/predictions/cifar10c-Standard/snow-1.csv"
    ],
    "eps": 7.5,
    "n_bins": 0,
    "n_examples": -1,
    "out_path": "../results/semantic//results/cifar10c-Standard/cifar10c-Standard-L2-7.5-snow-1.json",
    "full_output": false,
    "verbose": false,
    "randomize_order": false,
    "backend": "bf",
    "blind_cols": null,
    "pred": "pred",
    "metric": "L2"
  },
  "backend_meta": {
    "epsilon": 7.5,
    "decision_col": "pred",
    "metric": "Linf",
    "is_exact": true,
    "is_sound": true,
    "is_complete": true
  },
  "positives": [
    [
      188,
      10188
    ],
    [
      232,
      10232
    ],
    [
      405,
      10405
    ],
    [
      449,
      10449
    ],
    [
      519,
      10519
    ],
    [
      618,
      10618
    ],
    [
      672,
      10672
    ],
    [
      715,
      10715
    ],
    [
      734,
      10734
    ],
    [
      770,
      10770
    ],
    [
      1058,
      11058
    ],
    [
      1480,
      11480
    ],
    [
      1495,
      11495
    ],
    [
      1577,
      11577
    ],
    [
      1640,
      11640
    ],
    [
      1644,
      11644
    ],
    [
      1685,
      11685
    ],
    [
      1738,
      11738
    ],
    [
      1779,
      11779
    ],
    [
      1790,
      11790
    ],
    [
      1791,
      11791
    ],
    [
      1858,
      11858
    ],
    [
      1929,
      11929
    ],
    [
      1998,
      11998
    ],
    [
      2078,
      12078
    ],
    [
      2151,
      12151
    ],
    [
      2159,
      12159
    ],
    [
      2161,
      12161
    ],
    [
      2174,
      12174
    ],
    [
      2363,
      12363
    ],
    [
      2465,
      12465
    ],
    [
      2494,
      12494
    ],
    [
      2536,
      12536
    ],
    [
      2845,
      12845
    ],
    [
      2854,
      12854
    ],
    [
      2914,
      12914
    ],
    [
      3032,
      13032
    ],
    [
      3051,
      13051
    ],
    [
      3311,
      13311
    ],
    [
      3343,
      13343
    ],
    [
      3514,
      13514
    ],
    [
      3601,
      13601
    ],
    [
      3624,
      13624
    ],
    [
      3635,
      13635
    ],
    [
      3645,
      13645
    ],
    [
      3828,
      13828
    ],
    [
      3835,
      13835
    ],
    [
      3900,
      13900
    ],
    [
      3906,
      13906
    ],
    [
      3939,
      13939
    ],
    [
      4044,
      14044
    ],
    [
      4140,
      14140
    ],
    [
      4198,
      14198
    ],
    [
      4210,
      14210
    ],
    [
      4244,
      14244
    ],
    [
      4276,
      14276
    ],
    [
      4320,
      14320
    ],
    [
      4354,
      14354
    ],
    [
      4495,
      14495
    ],
    [
      4628,
      14628
    ],
    [
      4931,
      14931
    ],
    [
      4966,
      14966
    ],
    [
      4967,
      14967
    ],
    [
      4988,
      14988
    ],
    [
      5119,
      15119
    ],
    [
      5151,
      15151
    ],
    [
      5154,
      15154
    ],
    [
      5155,
      15155
    ],
    [
      5183,
      15183
    ],
    [
      5224,
      15224
    ],
    [
      5388,
      15388
    ],
    [
      5518,
      15518
    ],
    [
      5549,
      15549
    ],
    [
      5558,
      15558
    ],
    [
      5659,
      15659
    ],
    [
      5677,
      15677
    ],
    [
      5690,
      15690
    ],
    [
      5839,
      15839
    ],
    [
      5862,
      15862
    ],
    [
      5864,
      15864
    ],
    [
      5903,
      15903
    ],
    [
      6014,
      16014
    ],
    [
      6016,
      16016
    ],
    [
      6024,
      16024
    ],
    [
      6111,
      16111
    ],
    [
      6443,
      16443
    ],
    [
      6726,
      16726
    ],
    [
      6774,
      16774
    ],
    [
      6792,
      16792
    ],
    [
      6859,
      16859
    ],
    [
      6979,
      16979
    ],
    [
      7040,
      17040
    ],
    [
      7062,
      17062
    ],
    [
      7228,
      17228
    ],
    [
      7235,
      17235
    ],
    [
      7329,
      17329
    ],
    [
      7384,
      17384
    ],
    [
      7543,
      17543
    ],
    [
      7561,
      17561
    ],
    [
      7562,
      17562
    ],
    [
      7578,
      17578
    ],
    [
      7619,
      17619
    ],
    [
      7723,
      17723
    ],
    [
      7735,
      17735
    ],
    [
      7750,
      17750
    ],
    [
      7797,
      17797
    ],
    [
      7875,
      17875
    ],
    [
      7931,
      17931
    ],
    [
      8268,
      18268
    ],
    [
      8280,
      18280
    ],
    [
      8304,
      18304
    ],
    [
      8305,
      18305
    ],
    [
      8363,
      18363
    ],
    [
      8432,
      18432
    ],
    [
      8440,
      18440
    ],
    [
      8488,
      18488
    ],
    [
      8529,
      18529
    ],
    [
      8641,
      18641
    ],
    [
      8642,
      18642
    ],
    [
      8721,
      18721
    ],
    [
      8749,
      18749
    ],
    [
      8779,
      18779
    ],
    [
      8827,
      18827
    ],
    [
      8869,
      18869
    ],
    [
      8941,
      18941
    ],
    [
      8993,
      18993
    ],
    [
      9039,
      19039
    ],
    [
      9080,
      19080
    ],
    [
      9140,
      19140
    ],
    [
      9315,
      19315
    ],
    [
      9370,
      19370
    ],
    [
      9380,
      19380
    ],
    [
      9563,
      19563
    ],
    [
      9633,
      19633
    ],
    [
      9817,
      19817
    ],
    [
      9853,
      19853
    ]
  ]
}