{
  "n_true_positives": 12,
  "n_positives": 12,
  "total_time": 51.8824405670166,
  "date": "2025-01-25T15:16:46.754783",
  "backend": "BruteForce",
  "n_bins": 0,
  "eps": 7.5,
  "args": {
    "csvpath": [
      "../data/RobustBench/predictions/cifar10c-Standard/vanilla.csv",
      "../data/RobustBench/predictions/cifar10c-Standard/jpeg_compression-5.csv"
    ],
    "eps": 7.5,
    "n_bins": 0,
    "n_examples": -1,
    "out_path": "../results/semantic//results/cifar10c-Standard/cifar10c-Standard-L2-7.5-jpeg_compression-5.json",
    "full_output": false,
    "verbose": false,
    "randomize_order": false,
    "backend": "bf",
    "blind_cols": null,
    "pred": "pred",
    "metric": "L2"
  },
  "backend_meta": {
    "epsilon": 7.5,
    "decision_col": "pred",
    "metric": "Linf",
    "is_exact": true,
    "is_sound": true,
    "is_complete": true
  },
  "positives": [
    [
      313,
      10313
    ],
    [
      1723,
      11723
    ],
    [
      2233,
      12233
    ],
    [
      2831,
      12831
    ],
    [
      2995,
      12995
    ],
    [
      3565,
      13565
    ],
    [
      6424,
      16424
    ],
    [
      6549,
      16549
    ],
    [
      8201,
      18201
    ],
    [
      8446,
      18446
    ],
    [
      9292,
      19292
    ],
    [
      9790,
      19790
    ]
  ]
}