{
  "n_true_positives": 20,
  "n_positives": 20,
  "total_time": 20.24287509918213,
  "date": "2025-01-25T15:16:14.407244",
  "backend": "BruteForce",
  "n_bins": 0,
  "eps": 7.5,
  "args": {
    "csvpath": [
      "../data/RobustBench/predictions/cifar10c-Standard/vanilla.csv",
      "../data/RobustBench/predictions/cifar10c-Standard/pixelate-4.csv"
    ],
    "eps": 7.5,
    "n_bins": 0,
    "n_examples": -1,
    "out_path": "../results/semantic//results/cifar10c-Standard/cifar10c-Standard-L2-7.5-pixelate-4.json",
    "full_output": false,
    "verbose": false,
    "randomize_order": false,
    "backend": "bf",
    "blind_cols": null,
    "pred": "pred",
    "metric": "L2"
  },
  "backend_meta": {
    "epsilon": 7.5,
    "decision_col": "pred",
    "metric": "Linf",
    "is_exact": true,
    "is_sound": true,
    "is_complete": true
  },
  "positives": [
    [
      269,
      10269
    ],
    [
      562,
      10562
    ],
    [
      716,
      10716
    ],
    [
      1398,
      11398
    ],
    [
      1399,
      11399
    ],
    [
      1623,
      11623
    ],
    [
      2831,
      12831
    ],
    [
      3654,
      13654
    ],
    [
      3849,
      13849
    ],
    [
      4760,
      14760
    ],
    [
      6687,
      16687
    ],
    [
      6874,
      16874
    ],
    [
      7750,
      17750
    ],
    [
      7813,
      17813
    ],
    [
      7940,
      17940
    ],
    [
      9231,
      19231
    ],
    [
      9590,
      19590
    ],
    [
      9825,
      19825
    ],
    [
      9829,
      19829
    ],
    [
      13802,
      14039
    ]
  ]
}