{
  "n_true_positives": 264,
  "n_positives": 264,
  "total_time": 33.144869565963745,
  "date": "2025-01-25T15:17:23.810354",
  "backend": "BruteForce",
  "n_bins": 0,
  "eps": 7.5,
  "args": {
    "csvpath": [
      "../data/RobustBench/predictions/cifar10c-Standard/vanilla.csv",
      "../data/RobustBench/predictions/cifar10c-Standard/shot_noise-2.csv"
    ],
    "eps": 7.5,
    "n_bins": 0,
    "n_examples": -1,
    "out_path": "../results/semantic//results/cifar10c-Standard/cifar10c-Standard-L2-7.5-shot_noise-2.json",
    "full_output": false,
    "verbose": false,
    "randomize_order": false,
    "backend": "bf",
    "blind_cols": null,
    "pred": "pred",
    "metric": "L2"
  },
  "backend_meta": {
    "epsilon": 7.5,
    "decision_col": "pred",
    "metric": "Linf",
    "is_exact": true,
    "is_sound": true,
    "is_complete": true
  },
  "positives": [
    [
      15,
      10015
    ],
    [
      24,
      10024
    ],
    [
      46,
      10046
    ],
    [
      52,
      10052
    ],
    [
      66,
      10066
    ],
    [
      155,
      10155
    ],
    [
      263,
      10263
    ],
    [
      340,
      10340
    ],
    [
      343,
      10343
    ],
    [
      405,
      10405
    ],
    [
      421,
      10421
    ],
    [
      428,
      10428
    ],
    [
      439,
      10439
    ],
    [
      520,
      10520
    ],
    [
      676,
      10676
    ],
    [
      689,
      10689
    ],
    [
      715,
      10715
    ],
    [
      716,
      10716
    ],
    [
      862,
      10862
    ],
    [
      887,
      10887
    ],
    [
      889,
      10889
    ],
    [
      925,
      10925
    ],
    [
      957,
      10957
    ],
    [
      1032,
      11032
    ],
    [
      1042,
      11042
    ],
    [
      1095,
      11095
    ],
    [
      1118,
      11118
    ],
    [
      1131,
      11131
    ],
    [
      1156,
      11156
    ],
    [
      1292,
      11292
    ],
    [
      1304,
      11304
    ],
    [
      1326,
      11326
    ],
    [
      1355,
      11355
    ],
    [
      1388,
      11388
    ],
    [
      1393,
      11393
    ],
    [
      1442,
      11442
    ],
    [
      1453,
      11453
    ],
    [
      1456,
      11456
    ],
    [
      1469,
      11469
    ],
    [
      1479,
      11479
    ],
    [
      1480,
      11480
    ],
    [
      1506,
      11506
    ],
    [
      1595,
      11595
    ],
    [
      1681,
      11681
    ],
    [
      1703,
      11703
    ],
    [
      1713,
      11713
    ],
    [
      1732,
      11732
    ],
    [
      1804,
      11804
    ],
    [
      1813,
      11813
    ],
    [
      1909,
      11909
    ],
    [
      1937,
      11937
    ],
    [
      1939,
      11939
    ],
    [
      1947,
      11947
    ],
    [
      1950,
      11950
    ],
    [
      1961,
      11961
    ],
    [
      2015,
      12015
    ],
    [
      2018,
      12018
    ],
    [
      2037,
      12037
    ],
    [
      2108,
      12108
    ],
    [
      2128,
      12128
    ],
    [
      2136,
      12136
    ],
    [
      2141,
      12141
    ],
    [
      2147,
      12147
    ],
    [
      2205,
      12205
    ],
    [
      2216,
      12216
    ],
    [
      2242,
      12242
    ],
    [
      2286,
      12286
    ],
    [
      2293,
      12293
    ],
    [
      2339,
      12339
    ],
    [
      2363,
      12363
    ],
    [
      2374,
      12374
    ],
    [
      2444,
      12444
    ],
    [
      2500,
      12500
    ],
    [
      2509,
      12509
    ],
    [
      2571,
      12571
    ],
    [
      2595,
      12595
    ],
    [
      2634,
      12634
    ],
    [
      2636,
      12636
    ],
    [
      2761,
      12761
    ],
    [
      2779,
      12779
    ],
    [
      2785,
      12785
    ],
    [
      2829,
      12829
    ],
    [
      2831,
      12831
    ],
    [
      2850,
      12850
    ],
    [
      2937,
      12937
    ],
    [
      2977,
      12977
    ],
    [
      2987,
      12987
    ],
    [
      3025,
      13025
    ],
    [
      3060,
      13060
    ],
    [
      3084,
      13084
    ],
    [
      3150,
      13150
    ],
    [
      3311,
      13311
    ],
    [
      3314,
      13314
    ],
    [
      3346,
      13346
    ],
    [
      3400,
      13400
    ],
    [
      3489,
      13489
    ],
    [
      3574,
      13574
    ],
    [
      3581,
      13581
    ],
    [
      3622,
      13622
    ],
    [
      3669,
      13669
    ],
    [
      3708,
      13708
    ],
    [
      3752,
      13752
    ],
    [
      3762,
      13762
    ],
    [
      3785,
      13785
    ],
    [
      3799,
      13799
    ],
    [
      3833,
      13833
    ],
    [
      3913,
      13913
    ],
    [
      3915,
      13915
    ],
    [
      3977,
      13977
    ],
    [
      3980,
      13980
    ],
    [
      4012,
      14012
    ],
    [
      4013,
      14013
    ],
    [
      4055,
      14055
    ],
    [
      4097,
      14097
    ],
    [
      4287,
      14287
    ],
    [
      4355,
      14355
    ],
    [
      4358,
      14358
    ],
    [
      4442,
      14442
    ],
    [
      4478,
      14478
    ],
    [
      4479,
      14479
    ],
    [
      4487,
      14487
    ],
    [
      4527,
      14527
    ],
    [
      4537,
      14537
    ],
    [
      4545,
      14545
    ],
    [
      4559,
      14559
    ],
    [
      4574,
      14574
    ],
    [
      4652,
      14652
    ],
    [
      4654,
      14654
    ],
    [
      4710,
      14710
    ],
    [
      4833,
      14833
    ],
    [
      4932,
      14932
    ],
    [
      4967,
      14967
    ],
    [
      4988,
      14988
    ],
    [
      4998,
      14998
    ],
    [
      5086,
      15086
    ],
    [
      5098,
      15098
    ],
    [
      5115,
      15115
    ],
    [
      5141,
      15141
    ],
    [
      5163,
      15163
    ],
    [
      5177,
      15177
    ],
    [
      5200,
      15200
    ],
    [
      5211,
      15211
    ],
    [
      5235,
      15235
    ],
    [
      5352,
      15352
    ],
    [
      5387,
      15387
    ],
    [
      5411,
      15411
    ],
    [
      5469,
      15469
    ],
    [
      5578,
      15578
    ],
    [
      5603,
      15603
    ],
    [
      5635,
      15635
    ],
    [
      5795,
      15795
    ],
    [
      5830,
      15830
    ],
    [
      5839,
      15839
    ],
    [
      5882,
      15882
    ],
    [
      5907,
      15907
    ],
    [
      5941,
      15941
    ],
    [
      6008,
      16008
    ],
    [
      6016,
      16016
    ],
    [
      6018,
      16018
    ],
    [
      6101,
      16101
    ],
    [
      6102,
      16102
    ],
    [
      6116,
      16116
    ],
    [
      6122,
      16122
    ],
    [
      6145,
      16145
    ],
    [
      6161,
      16161
    ],
    [
      6190,
      16190
    ],
    [
      6193,
      16193
    ],
    [
      6209,
      16209
    ],
    [
      6270,
      16270
    ],
    [
      6329,
      16329
    ],
    [
      6338,
      16338
    ],
    [
      6384,
      16384
    ],
    [
      6482,
      16482
    ],
    [
      6584,
      16584
    ],
    [
      6591,
      16591
    ],
    [
      6721,
      16721
    ],
    [
      6763,
      16763
    ],
    [
      6814,
      16814
    ],
    [
      6854,
      16854
    ],
    [
      6922,
      16922
    ],
    [
      6933,
      16933
    ],
    [
      6963,
      16963
    ],
    [
      6993,
      16993
    ],
    [
      7002,
      17002
    ],
    [
      7016,
      17016
    ],
    [
      7035,
      17035
    ],
    [
      7059,
      17059
    ],
    [
      7146,
      17146
    ],
    [
      7257,
      17257
    ],
    [
      7292,
      17292
    ],
    [
      7294,
      17294
    ],
    [
      7314,
      17314
    ],
    [
      7384,
      17384
    ],
    [
      7413,
      17413
    ],
    [
      7451,
      17451
    ],
    [
      7491,
      17491
    ],
    [
      7546,
      17546
    ],
    [
      7559,
      17559
    ],
    [
      7562,
      17562
    ],
    [
      7571,
      17571
    ],
    [
      7632,
      17632
    ],
    [
      7638,
      17638
    ],
    [
      7673,
      17673
    ],
    [
      7736,
      17736
    ],
    [
      7789,
      17789
    ],
    [
      7794,
      17794
    ],
    [
      7797,
      17797
    ],
    [
      7921,
      17921
    ],
    [
      7985,
      17985
    ],
    [
      8056,
      18056
    ],
    [
      8086,
      18086
    ],
    [
      8110,
      18110
    ],
    [
      8258,
      18258
    ],
    [
      8268,
      18268
    ],
    [
      8275,
      18275
    ],
    [
      8296,
      18296
    ],
    [
      8376,
      18376
    ],
    [
      8398,
      18398
    ],
    [
      8429,
      18429
    ],
    [
      8440,
      18440
    ],
    [
      8450,
      18450
    ],
    [
      8490,
      18490
    ],
    [
      8516,
      18516
    ],
    [
      8545,
      18545
    ],
    [
      8549,
      18549
    ],
    [
      8616,
      18616
    ],
    [
      8618,
      18618
    ],
    [
      8671,
      18671
    ],
    [
      8690,
      18690
    ],
    [
      8708,
      18708
    ],
    [
      8728,
      18728
    ],
    [
      8737,
      18737
    ],
    [
      8742,
      18742
    ],
    [
      8774,
      18774
    ],
    [
      9012,
      19012
    ],
    [
      9029,
      19029
    ],
    [
      9041,
      19041
    ],
    [
      9145,
      19145
    ],
    [
      9184,
      19184
    ],
    [
      9209,
      19209
    ],
    [
      9216,
      19216
    ],
    [
      9218,
      19218
    ],
    [
      9255,
      19255
    ],
    [
      9267,
      19267
    ],
    [
      9319,
      19319
    ],
    [
      9344,
      19344
    ],
    [
      9415,
      19415
    ],
    [
      9467,
      19467
    ],
    [
      9468,
      19468
    ],
    [
      9497,
      19497
    ],
    [
      9684,
      19684
    ],
    [
      9712,
      19712
    ],
    [
      9740,
      19740
    ],
    [
      9741,
      19741
    ],
    [
      9752,
      19752
    ],
    [
      9820,
      19820
    ],
    [
      9823,
      19823
    ],
    [
      9850,
      19850
    ],
    [
      9877,
      19877
    ],
    [
      9879,
      19879
    ],
    [
      9880,
      19880
    ],
    [
      9883,
      19883
    ],
    [
      9918,
      19918
    ],
    [
      9949,
      19949
    ]
  ]
}