{
  "n_true_positives": 100,
  "n_positives": 100,
  "total_time": 53.79197716712952,
  "date": "2025-01-25T15:16:45.631448",
  "backend": "BruteForce",
  "n_bins": 0,
  "eps": 7.5,
  "args": {
    "csvpath": [
      "../data/RobustBench/predictions/cifar10c-Standard/vanilla.csv",
      "../data/RobustBench/predictions/cifar10c-Standard/brightness-1.csv"
    ],
    "eps": 7.5,
    "n_bins": 0,
    "n_examples": -1,
    "out_path": "../results/semantic//results/cifar10c-Standard/cifar10c-Standard-L2-7.5-brightness-1.json",
    "full_output": false,
    "verbose": false,
    "randomize_order": false,
    "backend": "bf",
    "blind_cols": null,
    "pred": "pred",
    "metric": "L2"
  },
  "backend_meta": {
    "epsilon": 7.5,
    "decision_col": "pred",
    "metric": "Linf",
    "is_exact": true,
    "is_sound": true,
    "is_complete": true
  },
  "positives": [
    [
      24,
      10024
    ],
    [
      224,
      10224
    ],
    [
      275,
      10275
    ],
    [
      287,
      10287
    ],
    [
      531,
      10531
    ],
    [
      715,
      10715
    ],
    [
      845,
      10845
    ],
    [
      887,
      10887
    ],
    [
      1034,
      11034
    ],
    [
      1181,
      11181
    ],
    [
      1265,
      11265
    ],
    [
      1480,
      11480
    ],
    [
      1494,
      11494
    ],
    [
      1675,
      11675
    ],
    [
      1738,
      11738
    ],
    [
      1830,
      11830
    ],
    [
      1885,
      11885
    ],
    [
      1983,
      11983
    ],
    [
      2108,
      12108
    ],
    [
      2161,
      12161
    ],
    [
      2253,
      12253
    ],
    [
      2283,
      12283
    ],
    [
      2286,
      12286
    ],
    [
      2494,
      12494
    ],
    [
      2525,
      12525
    ],
    [
      2533,
      12533
    ],
    [
      2770,
      12770
    ],
    [
      2845,
      12845
    ],
    [
      2940,
      12940
    ],
    [
      3059,
      13059
    ],
    [
      3075,
      13075
    ],
    [
      3083,
      13083
    ],
    [
      3311,
      13311
    ],
    [
      3443,
      13443
    ],
    [
      3474,
      13474
    ],
    [
      3514,
      13514
    ],
    [
      3550,
      13550
    ],
    [
      3594,
      13594
    ],
    [
      3601,
      13601
    ],
    [
      3622,
      13622
    ],
    [
      3625,
      13625
    ],
    [
      3787,
      13787
    ],
    [
      4097,
      14097
    ],
    [
      4244,
      14244
    ],
    [
      4355,
      14355
    ],
    [
      4411,
      14411
    ],
    [
      4457,
      14457
    ],
    [
      4639,
      14639
    ],
    [
      4661,
      14661
    ],
    [
      4710,
      14710
    ],
    [
      4786,
      14786
    ],
    [
      4996,
      14996
    ],
    [
      5006,
      15006
    ],
    [
      5151,
      15151
    ],
    [
      5229,
      15229
    ],
    [
      5309,
      15309
    ],
    [
      5324,
      15324
    ],
    [
      5511,
      15511
    ],
    [
      5578,
      15578
    ],
    [
      5682,
      15682
    ],
    [
      5708,
      15708
    ],
    [
      5747,
      15747
    ],
    [
      5908,
      15908
    ],
    [
      5924,
      15924
    ],
    [
      5927,
      15927
    ],
    [
      6145,
      16145
    ],
    [
      6709,
      16709
    ],
    [
      6859,
      16859
    ],
    [
      6985,
      16985
    ],
    [
      7061,
      17061
    ],
    [
      7107,
      17107
    ],
    [
      7134,
      17134
    ],
    [
      7231,
      17231
    ],
    [
      7367,
      17367
    ],
    [
      7384,
      17384
    ],
    [
      7561,
      17561
    ],
    [
      7667,
      17667
    ],
    [
      7787,
      17787
    ],
    [
      7906,
      17906
    ],
    [
      8128,
      18128
    ],
    [
      8219,
      18219
    ],
    [
      8304,
      18304
    ],
    [
      8364,
      18364
    ],
    [
      8481,
      18481
    ],
    [
      8490,
      18490
    ],
    [
      8611,
      18611
    ],
    [
      8743,
      18743
    ],
    [
      8958,
      18958
    ],
    [
      9080,
      19080
    ],
    [
      9216,
      19216
    ],
    [
      9246,
      19246
    ],
    [
      9269,
      19269
    ],
    [
      9316,
      19316
    ],
    [
      9429,
      19429
    ],
    [
      9503,
      19503
    ],
    [
      9542,
      19542
    ],
    [
      9776,
      19776
    ],
    [
      9910,
      19910
    ],
    [
      9959,
      19959
    ],
    [
      9995,
      19995
    ]
  ]
}