{
  "n_true_positives": 6,
  "n_positives": 6,
  "total_time": 23.617250680923462,
  "date": "2025-01-25T15:18:14.583759",
  "backend": "BruteForce",
  "n_bins": 0,
  "eps": 7.5,
  "args": {
    "csvpath": [
      "../data/RobustBench/predictions/cifar10c-Standard/vanilla.csv",
      "../data/RobustBench/predictions/cifar10c-Standard/glass_blur-3.csv"
    ],
    "eps": 7.5,
    "n_bins": 0,
    "n_examples": -1,
    "out_path": "../results/semantic//results/cifar10c-Standard/cifar10c-Standard-L2-7.5-glass_blur-3.json",
    "full_output": false,
    "verbose": false,
    "randomize_order": false,
    "backend": "bf",
    "blind_cols": null,
    "pred": "pred",
    "metric": "L2"
  },
  "backend_meta": {
    "epsilon": 7.5,
    "decision_col": "pred",
    "metric": "Linf",
    "is_exact": true,
    "is_sound": true,
    "is_complete": true
  },
  "positives": [
    [
      3278,
      13278
    ],
    [
      3735,
      13735
    ],
    [
      5031,
      15031
    ],
    [
      6824,
      16824
    ],
    [
      9590,
      19590
    ],
    [
      14424,
      17052
    ]
  ]
}