{
  "n_true_positives": 47,
  "n_positives": 47,
  "total_time": 54.40203809738159,
  "date": "2025-01-25T15:16:45.562592",
  "backend": "BruteForce",
  "n_bins": 0,
  "eps": 7.5,
  "args": {
    "csvpath": [
      "../data/RobustBench/predictions/cifar10c-Standard/vanilla.csv",
      "../data/RobustBench/predictions/cifar10c-Standard/jpeg_compression-3.csv"
    ],
    "eps": 7.5,
    "n_bins": 0,
    "n_examples": -1,
    "out_path": "../results/semantic//results/cifar10c-Standard/cifar10c-Standard-L2-7.5-jpeg_compression-3.json",
    "full_output": false,
    "verbose": false,
    "randomize_order": false,
    "backend": "bf",
    "blind_cols": null,
    "pred": "pred",
    "metric": "L2"
  },
  "backend_meta": {
    "epsilon": 7.5,
    "decision_col": "pred",
    "metric": "Linf",
    "is_exact": true,
    "is_sound": true,
    "is_complete": true
  },
  "positives": [
    [
      188,
      10188
    ],
    [
      287,
      10287
    ],
    [
      313,
      10313
    ],
    [
      470,
      10470
    ],
    [
      548,
      10548
    ],
    [
      689,
      10689
    ],
    [
      866,
      10866
    ],
    [
      1072,
      11072
    ],
    [
      1261,
      11261
    ],
    [
      1437,
      11437
    ],
    [
      1510,
      11510
    ],
    [
      2300,
      12300
    ],
    [
      2417,
      12417
    ],
    [
      2532,
      12532
    ],
    [
      3574,
      13574
    ],
    [
      3816,
      13816
    ],
    [
      3828,
      13828
    ],
    [
      4210,
      14210
    ],
    [
      4221,
      14221
    ],
    [
      4521,
      14521
    ],
    [
      5031,
      15031
    ],
    [
      5071,
      15071
    ],
    [
      5198,
      15198
    ],
    [
      5320,
      15320
    ],
    [
      5437,
      15437
    ],
    [
      5460,
      15460
    ],
    [
      5548,
      15548
    ],
    [
      5678,
      15678
    ],
    [
      5804,
      15804
    ],
    [
      5819,
      15819
    ],
    [
      5903,
      15903
    ],
    [
      5991,
      15991
    ],
    [
      6458,
      16458
    ],
    [
      6764,
      16764
    ],
    [
      6793,
      16793
    ],
    [
      6942,
      16942
    ],
    [
      7126,
      17126
    ],
    [
      7645,
      17645
    ],
    [
      7988,
      17988
    ],
    [
      8236,
      18236
    ],
    [
      8258,
      18258
    ],
    [
      8276,
      18276
    ],
    [
      8621,
      18621
    ],
    [
      8970,
      18970
    ],
    [
      9292,
      19292
    ],
    [
      9683,
      19683
    ],
    [
      11777,
      12510
    ]
  ]
}