{
  "n_true_positives": 59,
  "n_positives": 59,
  "total_time": 45.43986630439758,
  "date": "2025-01-25T15:17:37.599475",
  "backend": "BruteForce",
  "n_bins": 0,
  "eps": 7.5,
  "args": {
    "csvpath": [
      "../data/RobustBench/predictions/cifar10c-Standard/vanilla.csv",
      "../data/RobustBench/predictions/cifar10c-Standard/contrast-1.csv"
    ],
    "eps": 7.5,
    "n_bins": 0,
    "n_examples": -1,
    "out_path": "../results/semantic//results/cifar10c-Standard/cifar10c-Standard-L2-7.5-contrast-1.json",
    "full_output": false,
    "verbose": false,
    "randomize_order": false,
    "backend": "bf",
    "blind_cols": null,
    "pred": "pred",
    "metric": "L2"
  },
  "backend_meta": {
    "epsilon": 7.5,
    "decision_col": "pred",
    "metric": "Linf",
    "is_exact": true,
    "is_sound": true,
    "is_complete": true
  },
  "positives": [
    [
      287,
      10287
    ],
    [
      309,
      10309
    ],
    [
      428,
      10428
    ],
    [
      734,
      10734
    ],
    [
      793,
      10793
    ],
    [
      811,
      10811
    ],
    [
      910,
      10910
    ],
    [
      1072,
      11072
    ],
    [
      1088,
      11088
    ],
    [
      1494,
      11494
    ],
    [
      1738,
      11738
    ],
    [
      2159,
      12159
    ],
    [
      2161,
      12161
    ],
    [
      2205,
      12205
    ],
    [
      2242,
      12242
    ],
    [
      2283,
      12283
    ],
    [
      2494,
      12494
    ],
    [
      2526,
      12526
    ],
    [
      2785,
      12785
    ],
    [
      2940,
      12940
    ],
    [
      3084,
      13084
    ],
    [
      3113,
      13113
    ],
    [
      3115,
      13115
    ],
    [
      3171,
      13171
    ],
    [
      3235,
      13235
    ],
    [
      3311,
      13311
    ],
    [
      3349,
      13349
    ],
    [
      3443,
      13443
    ],
    [
      3601,
      13601
    ],
    [
      3607,
      13607
    ],
    [
      3635,
      13635
    ],
    [
      3653,
      13653
    ],
    [
      3924,
      13924
    ],
    [
      4125,
      14125
    ],
    [
      4368,
      14368
    ],
    [
      4463,
      14463
    ],
    [
      4546,
      14546
    ],
    [
      5747,
      15747
    ],
    [
      6443,
      16443
    ],
    [
      6627,
      16627
    ],
    [
      6669,
      16669
    ],
    [
      6862,
      16862
    ],
    [
      7667,
      17667
    ],
    [
      7741,
      17741
    ],
    [
      7931,
      17931
    ],
    [
      8138,
      18138
    ],
    [
      8178,
      18178
    ],
    [
      8222,
      18222
    ],
    [
      8236,
      18236
    ],
    [
      8410,
      18410
    ],
    [
      8507,
      18507
    ],
    [
      9050,
      19050
    ],
    [
      9160,
      19160
    ],
    [
      9255,
      19255
    ],
    [
      9346,
      19346
    ],
    [
      9587,
      19587
    ],
    [
      9635,
      19635
    ],
    [
      9641,
      19641
    ],
    [
      9643,
      19643
    ]
  ]
}