{
  "n_true_positives": 55,
  "n_positives": 55,
  "total_time": 55.081764698028564,
  "date": "2025-01-25T15:18:18.003503",
  "backend": "BruteForce",
  "n_bins": 0,
  "eps": 7.5,
  "args": {
    "csvpath": [
      "../data/RobustBench/predictions/cifar10c-Standard/vanilla.csv",
      "../data/RobustBench/predictions/cifar10c-Standard/defocus_blur-4.csv"
    ],
    "eps": 7.5,
    "n_bins": 0,
    "n_examples": -1,
    "out_path": "../results/semantic//results/cifar10c-Standard/cifar10c-Standard-L2-7.5-defocus_blur-4.json",
    "full_output": false,
    "verbose": false,
    "randomize_order": false,
    "backend": "bf",
    "blind_cols": null,
    "pred": "pred",
    "metric": "L2"
  },
  "backend_meta": {
    "epsilon": 7.5,
    "decision_col": "pred",
    "metric": "Linf",
    "is_exact": true,
    "is_sound": true,
    "is_complete": true
  },
  "positives": [
    [
      247,
      10247
    ],
    [
      313,
      10313
    ],
    [
      470,
      10470
    ],
    [
      836,
      10836
    ],
    [
      1300,
      11300
    ],
    [
      1334,
      11334
    ],
    [
      1364,
      11364
    ],
    [
      1380,
      11380
    ],
    [
      1587,
      11587
    ],
    [
      1640,
      11640
    ],
    [
      1687,
      11687
    ],
    [
      1723,
      11723
    ],
    [
      2033,
      12033
    ],
    [
      2237,
      12237
    ],
    [
      2634,
      12634
    ],
    [
      2995,
      12995
    ],
    [
      3050,
      13050
    ],
    [
      3375,
      13375
    ],
    [
      3759,
      13759
    ],
    [
      3848,
      13848
    ],
    [
      3952,
      13952
    ],
    [
      3956,
      13956
    ],
    [
      4165,
      14165
    ],
    [
      4227,
      14227
    ],
    [
      4660,
      14660
    ],
    [
      4955,
      14955
    ],
    [
      5034,
      15034
    ],
    [
      5189,
      15189
    ],
    [
      5192,
      15192
    ],
    [
      5224,
      15224
    ],
    [
      5435,
      15435
    ],
    [
      5466,
      15466
    ],
    [
      5804,
      15804
    ],
    [
      5910,
      15910
    ],
    [
      5991,
      15991
    ],
    [
      6064,
      16064
    ],
    [
      6359,
      16359
    ],
    [
      6549,
      16549
    ],
    [
      6594,
      16594
    ],
    [
      6824,
      16824
    ],
    [
      6942,
      16942
    ],
    [
      7392,
      17392
    ],
    [
      7410,
      17410
    ],
    [
      7990,
      17990
    ],
    [
      8236,
      18236
    ],
    [
      8248,
      18248
    ],
    [
      8690,
      18690
    ],
    [
      8836,
      18836
    ],
    [
      8921,
      18921
    ],
    [
      9318,
      19318
    ],
    [
      9586,
      19586
    ],
    [
      9633,
      15224
    ],
    [
      9633,
      19633
    ],
    [
      9690,
      19690
    ],
    [
      9693,
      19693
    ]
  ]
}