{
  "n_true_positives": 63,
  "n_positives": 63,
  "total_time": 50.1509690284729,
  "date": "2025-01-25T15:16:40.334169",
  "backend": "BruteForce",
  "n_bins": 0,
  "eps": 7.5,
  "args": {
    "csvpath": [
      "../data/RobustBench/predictions/cifar10c-Standard/vanilla.csv",
      "../data/RobustBench/predictions/cifar10c-Standard/pixelate-2.csv"
    ],
    "eps": 7.5,
    "n_bins": 0,
    "n_examples": -1,
    "out_path": "../results/semantic//results/cifar10c-Standard/cifar10c-Standard-L2-7.5-pixelate-2.json",
    "full_output": false,
    "verbose": false,
    "randomize_order": false,
    "backend": "bf",
    "blind_cols": null,
    "pred": "pred",
    "metric": "L2"
  },
  "backend_meta": {
    "epsilon": 7.5,
    "decision_col": "pred",
    "metric": "Linf",
    "is_exact": true,
    "is_sound": true,
    "is_complete": true
  },
  "positives": [
    [
      169,
      10169
    ],
    [
      287,
      10287
    ],
    [
      655,
      10655
    ],
    [
      900,
      10900
    ],
    [
      1072,
      11072
    ],
    [
      1496,
      11496
    ],
    [
      1656,
      11656
    ],
    [
      2033,
      12033
    ],
    [
      2283,
      12283
    ],
    [
      2722,
      12722
    ],
    [
      3354,
      13354
    ],
    [
      3422,
      13422
    ],
    [
      3924,
      13924
    ],
    [
      4165,
      14165
    ],
    [
      4299,
      14299
    ],
    [
      4302,
      14302
    ],
    [
      4705,
      14705
    ],
    [
      5324,
      15324
    ],
    [
      5534,
      15534
    ],
    [
      5638,
      15638
    ],
    [
      5830,
      15830
    ],
    [
      5833,
      15833
    ],
    [
      5991,
      15991
    ],
    [
      6068,
      16068
    ],
    [
      6083,
      16083
    ],
    [
      6169,
      16169
    ],
    [
      6305,
      16305
    ],
    [
      6436,
      16436
    ],
    [
      6443,
      16443
    ],
    [
      6447,
      16447
    ],
    [
      6523,
      16523
    ],
    [
      6574,
      16574
    ],
    [
      6627,
      16627
    ],
    [
      6666,
      16666
    ],
    [
      6669,
      16669
    ],
    [
      6855,
      16855
    ],
    [
      7134,
      17134
    ],
    [
      7509,
      17509
    ],
    [
      7517,
      17517
    ],
    [
      7539,
      17539
    ],
    [
      7545,
      17545
    ],
    [
      7657,
      17657
    ],
    [
      7842,
      17842
    ],
    [
      7853,
      17853
    ],
    [
      7940,
      17940
    ],
    [
      7941,
      17941
    ],
    [
      8112,
      18112
    ],
    [
      8128,
      18128
    ],
    [
      8199,
      18199
    ],
    [
      8236,
      18236
    ],
    [
      8314,
      18314
    ],
    [
      8449,
      18449
    ],
    [
      8882,
      18882
    ],
    [
      8982,
      18982
    ],
    [
      9031,
      19031
    ],
    [
      9246,
      19246
    ],
    [
      9260,
      19260
    ],
    [
      9351,
      19351
    ],
    [
      9609,
      19609
    ],
    [
      9678,
      19678
    ],
    [
      9741,
      19741
    ],
    [
      9825,
      19825
    ],
    [
      9857,
      19857
    ]
  ]
}