{
  "n_true_positives": 212,
  "n_positives": 212,
  "total_time": 23.56502389907837,
  "date": "2025-01-25T15:18:14.504335",
  "backend": "BruteForce",
  "n_bins": 0,
  "eps": 7.5,
  "args": {
    "csvpath": [
      "../data/RobustBench/predictions/cifar10c-Standard/vanilla.csv",
      "../data/RobustBench/predictions/cifar10c-Standard/jpeg_compression-1.csv"
    ],
    "eps": 7.5,
    "n_bins": 0,
    "n_examples": -1,
    "out_path": "../results/semantic//results/cifar10c-Standard/cifar10c-Standard-L2-7.5-jpeg_compression-1.json",
    "full_output": false,
    "verbose": false,
    "randomize_order": false,
    "backend": "bf",
    "blind_cols": null,
    "pred": "pred",
    "metric": "L2"
  },
  "backend_meta": {
    "epsilon": 7.5,
    "decision_col": "pred",
    "metric": "Linf",
    "is_exact": true,
    "is_sound": true,
    "is_complete": true
  },
  "positives": [
    [
      3,
      10003
    ],
    [
      70,
      10070
    ],
    [
      152,
      10152
    ],
    [
      188,
      10188
    ],
    [
      255,
      10255
    ],
    [
      263,
      10263
    ],
    [
      287,
      10287
    ],
    [
      313,
      10313
    ],
    [
      422,
      10422
    ],
    [
      433,
      10433
    ],
    [
      439,
      10439
    ],
    [
      502,
      10502
    ],
    [
      577,
      10577
    ],
    [
      689,
      10689
    ],
    [
      690,
      10690
    ],
    [
      793,
      10793
    ],
    [
      887,
      10887
    ],
    [
      948,
      10948
    ],
    [
      1042,
      11042
    ],
    [
      1105,
      11105
    ],
    [
      1158,
      11158
    ],
    [
      1236,
      11236
    ],
    [
      1296,
      11296
    ],
    [
      1297,
      11297
    ],
    [
      1355,
      11355
    ],
    [
      1388,
      11388
    ],
    [
      1480,
      11480
    ],
    [
      1493,
      11493
    ],
    [
      1495,
      11495
    ],
    [
      1538,
      11538
    ],
    [
      1583,
      11583
    ],
    [
      1623,
      11623
    ],
    [
      1638,
      11638
    ],
    [
      1713,
      11713
    ],
    [
      1727,
      11727
    ],
    [
      1984,
      11984
    ],
    [
      1986,
      11986
    ],
    [
      2010,
      12010
    ],
    [
      2136,
      12136
    ],
    [
      2187,
      12187
    ],
    [
      2216,
      12216
    ],
    [
      2242,
      12242
    ],
    [
      2300,
      12300
    ],
    [
      2309,
      12309
    ],
    [
      2362,
      12362
    ],
    [
      2463,
      12463
    ],
    [
      2472,
      12472
    ],
    [
      2494,
      12494
    ],
    [
      2516,
      12516
    ],
    [
      2520,
      12520
    ],
    [
      2570,
      12570
    ],
    [
      2643,
      12643
    ],
    [
      2651,
      12651
    ],
    [
      2675,
      12675
    ],
    [
      2831,
      12831
    ],
    [
      2840,
      12840
    ],
    [
      2843,
      12843
    ],
    [
      2854,
      12854
    ],
    [
      2875,
      12875
    ],
    [
      3051,
      13051
    ],
    [
      3068,
      13068
    ],
    [
      3082,
      13082
    ],
    [
      3107,
      13107
    ],
    [
      3113,
      13113
    ],
    [
      3158,
      13158
    ],
    [
      3180,
      13180
    ],
    [
      3246,
      13246
    ],
    [
      3278,
      13278
    ],
    [
      3429,
      13429
    ],
    [
      3446,
      13446
    ],
    [
      3459,
      13459
    ],
    [
      3549,
      13549
    ],
    [
      3574,
      13574
    ],
    [
      3587,
      13587
    ],
    [
      3625,
      13625
    ],
    [
      3645,
      13645
    ],
    [
      3652,
      13652
    ],
    [
      3654,
      13654
    ],
    [
      3707,
      13707
    ],
    [
      3864,
      13864
    ],
    [
      3976,
      13976
    ],
    [
      4036,
      14036
    ],
    [
      4125,
      14125
    ],
    [
      4217,
      14217
    ],
    [
      4221,
      14221
    ],
    [
      4264,
      14264
    ],
    [
      4276,
      14276
    ],
    [
      4287,
      14287
    ],
    [
      4307,
      14307
    ],
    [
      4525,
      14525
    ],
    [
      4546,
      14546
    ],
    [
      4553,
      14553
    ],
    [
      4581,
      14581
    ],
    [
      4615,
      14615
    ],
    [
      4628,
      14628
    ],
    [
      4661,
      14661
    ],
    [
      4750,
      14750
    ],
    [
      4760,
      14760
    ],
    [
      4775,
      14775
    ],
    [
      4816,
      14816
    ],
    [
      4965,
      14965
    ],
    [
      4966,
      14966
    ],
    [
      4975,
      14975
    ],
    [
      4993,
      14993
    ],
    [
      5071,
      15071
    ],
    [
      5092,
      15092
    ],
    [
      5102,
      15102
    ],
    [
      5106,
      15106
    ],
    [
      5141,
      15141
    ],
    [
      5147,
      15147
    ],
    [
      5151,
      15151
    ],
    [
      5179,
      15179
    ],
    [
      5183,
      15183
    ],
    [
      5198,
      15198
    ],
    [
      5224,
      15224
    ],
    [
      5297,
      15297
    ],
    [
      5411,
      15411
    ],
    [
      5450,
      15450
    ],
    [
      5508,
      15508
    ],
    [
      5534,
      15534
    ],
    [
      5548,
      15548
    ],
    [
      5578,
      15578
    ],
    [
      5620,
      15620
    ],
    [
      5681,
      15681
    ],
    [
      5792,
      15792
    ],
    [
      5795,
      15795
    ],
    [
      5833,
      15833
    ],
    [
      5886,
      15886
    ],
    [
      5905,
      15905
    ],
    [
      5910,
      15910
    ],
    [
      5924,
      15924
    ],
    [
      5940,
      15940
    ],
    [
      5987,
      15987
    ],
    [
      6024,
      16024
    ],
    [
      6146,
      16146
    ],
    [
      6165,
      16165
    ],
    [
      6200,
      16200
    ],
    [
      6398,
      16398
    ],
    [
      6405,
      16405
    ],
    [
      6437,
      16437
    ],
    [
      6440,
      16440
    ],
    [
      6458,
      16458
    ],
    [
      6481,
      16481
    ],
    [
      6522,
      16522
    ],
    [
      6709,
      16709
    ],
    [
      6854,
      16854
    ],
    [
      6942,
      16942
    ],
    [
      6965,
      16965
    ],
    [
      7046,
      17046
    ],
    [
      7062,
      17062
    ],
    [
      7080,
      17080
    ],
    [
      7112,
      17112
    ],
    [
      7119,
      17119
    ],
    [
      7147,
      17147
    ],
    [
      7177,
      17177
    ],
    [
      7191,
      17191
    ],
    [
      7408,
      17408
    ],
    [
      7446,
      17446
    ],
    [
      7601,
      17601
    ],
    [
      7625,
      17625
    ],
    [
      7723,
      17723
    ],
    [
      7787,
      17787
    ],
    [
      7792,
      17792
    ],
    [
      7853,
      17853
    ],
    [
      7896,
      17896
    ],
    [
      7956,
      17956
    ],
    [
      7990,
      17990
    ],
    [
      8115,
      18115
    ],
    [
      8236,
      18236
    ],
    [
      8245,
      18245
    ],
    [
      8283,
      18283
    ],
    [
      8284,
      18284
    ],
    [
      8331,
      18331
    ],
    [
      8342,
      18342
    ],
    [
      8432,
      18432
    ],
    [
      8443,
      18443
    ],
    [
      8446,
      18446
    ],
    [
      8456,
      18456
    ],
    [
      8457,
      18457
    ],
    [
      8514,
      18514
    ],
    [
      8535,
      18535
    ],
    [
      8677,
      18677
    ],
    [
      8690,
      18690
    ],
    [
      8720,
      18720
    ],
    [
      8794,
      18794
    ],
    [
      8850,
      18850
    ],
    [
      8877,
      18877
    ],
    [
      8898,
      18898
    ],
    [
      8903,
      18903
    ],
    [
      8977,
      18977
    ],
    [
      8985,
      18985
    ],
    [
      8993,
      18993
    ],
    [
      9169,
      19169
    ],
    [
      9190,
      19190
    ],
    [
      9237,
      19237
    ],
    [
      9255,
      19255
    ],
    [
      9361,
      19361
    ],
    [
      9385,
      19385
    ],
    [
      9421,
      19421
    ],
    [
      9467,
      19467
    ],
    [
      9555,
      19555
    ],
    [
      9559,
      19559
    ],
    [
      9563,
      19563
    ],
    [
      9586,
      19586
    ],
    [
      9601,
      19601
    ],
    [
      9624,
      19624
    ],
    [
      9746,
      19746
    ],
    [
      9749,
      19749
    ],
    [
      9793,
      19793
    ],
    [
      9850,
      19850
    ],
    [
      9853,
      19853
    ],
    [
      9995,
      19995
    ]
  ]
}