{
  "n_true_positives": 14,
  "n_positives": 14,
  "total_time": 14.918052196502686,
  "date": "2025-01-25T15:17:05.512910",
  "backend": "BruteForce",
  "n_bins": 0,
  "eps": 7.5,
  "args": {
    "csvpath": [
      "../data/RobustBench/predictions/cifar10c-Standard/vanilla.csv",
      "../data/RobustBench/predictions/cifar10c-Standard/brightness-5.csv"
    ],
    "eps": 7.5,
    "n_bins": 0,
    "n_examples": -1,
    "out_path": "../results/semantic//results/cifar10c-Standard/cifar10c-Standard-L2-7.5-brightness-5.json",
    "full_output": false,
    "verbose": false,
    "randomize_order": false,
    "backend": "bf",
    "blind_cols": null,
    "pred": "pred",
    "metric": "L2"
  },
  "backend_meta": {
    "epsilon": 7.5,
    "decision_col": "pred",
    "metric": "Linf",
    "is_exact": true,
    "is_sound": true,
    "is_complete": true
  },
  "positives": [
    [
      1072,
      11072
    ],
    [
      1538,
      11538
    ],
    [
      1898,
      11898
    ],
    [
      1939,
      11939
    ],
    [
      2397,
      12397
    ],
    [
      2810,
      12810
    ],
    [
      3624,
      13624
    ],
    [
      4152,
      14152
    ],
    [
      4302,
      14302
    ],
    [
      5340,
      15340
    ],
    [
      5511,
      15511
    ],
    [
      8115,
      18115
    ],
    [
      8128,
      18128
    ],
    [
      9346,
      19346
    ]
  ]
}