{
  "n_true_positives": 117,
  "n_positives": 117,
  "total_time": 14.573986768722534,
  "date": "2025-01-25T15:16:08.512118",
  "backend": "BruteForce",
  "n_bins": 0,
  "eps": 7.5,
  "args": {
    "csvpath": [
      "../data/RobustBench/predictions/cifar10c-Standard/vanilla.csv",
      "../data/RobustBench/predictions/cifar10c-Standard/pixelate-3.csv"
    ],
    "eps": 7.5,
    "n_bins": 0,
    "n_examples": -1,
    "out_path": "../results/semantic//results/cifar10c-Standard/cifar10c-Standard-L2-7.5-pixelate-3.json",
    "full_output": false,
    "verbose": false,
    "randomize_order": false,
    "backend": "bf",
    "blind_cols": null,
    "pred": "pred",
    "metric": "L2"
  },
  "backend_meta": {
    "epsilon": 7.5,
    "decision_col": "pred",
    "metric": "Linf",
    "is_exact": true,
    "is_sound": true,
    "is_complete": true
  },
  "positives": [
    [
      147,
      10147
    ],
    [
      155,
      10155
    ],
    [
      183,
      10183
    ],
    [
      192,
      10192
    ],
    [
      201,
      10201
    ],
    [
      269,
      10269
    ],
    [
      287,
      10287
    ],
    [
      449,
      10449
    ],
    [
      470,
      10470
    ],
    [
      572,
      10572
    ],
    [
      586,
      10586
    ],
    [
      688,
      10688
    ],
    [
      811,
      10811
    ],
    [
      866,
      10866
    ],
    [
      1047,
      11047
    ],
    [
      1090,
      11090
    ],
    [
      1126,
      11126
    ],
    [
      1137,
      11137
    ],
    [
      1166,
      11166
    ],
    [
      1248,
      11248
    ],
    [
      1495,
      11495
    ],
    [
      1496,
      11496
    ],
    [
      1552,
      11552
    ],
    [
      1681,
      11681
    ],
    [
      1718,
      11718
    ],
    [
      1727,
      11727
    ],
    [
      2018,
      12018
    ],
    [
      2034,
      12034
    ],
    [
      2300,
      12300
    ],
    [
      2311,
      12311
    ],
    [
      2350,
      12350
    ],
    [
      2362,
      12362
    ],
    [
      2394,
      12394
    ],
    [
      2416,
      12416
    ],
    [
      2532,
      12532
    ],
    [
      2570,
      12570
    ],
    [
      2831,
      12831
    ],
    [
      2918,
      12918
    ],
    [
      2938,
      12938
    ],
    [
      3082,
      13082
    ],
    [
      3146,
      13146
    ],
    [
      3164,
      13164
    ],
    [
      3349,
      13349
    ],
    [
      3354,
      13354
    ],
    [
      3429,
      13429
    ],
    [
      3514,
      13514
    ],
    [
      3546,
      13546
    ],
    [
      3618,
      13618
    ],
    [
      3669,
      13669
    ],
    [
      3682,
      13682
    ],
    [
      3733,
      13733
    ],
    [
      3753,
      13753
    ],
    [
      3867,
      13867
    ],
    [
      3884,
      13884
    ],
    [
      3892,
      13892
    ],
    [
      4036,
      14036
    ],
    [
      4276,
      14276
    ],
    [
      4277,
      14277
    ],
    [
      4286,
      14286
    ],
    [
      4446,
      14446
    ],
    [
      4760,
      14760
    ],
    [
      4908,
      14908
    ],
    [
      4947,
      14947
    ],
    [
      5031,
      15031
    ],
    [
      5043,
      15043
    ],
    [
      5047,
      15047
    ],
    [
      5155,
      15155
    ],
    [
      5267,
      15267
    ],
    [
      5456,
      15456
    ],
    [
      5603,
      15603
    ],
    [
      5665,
      15665
    ],
    [
      5859,
      15859
    ],
    [
      5991,
      15991
    ],
    [
      6071,
      16071
    ],
    [
      6305,
      16305
    ],
    [
      6326,
      16326
    ],
    [
      6383,
      16383
    ],
    [
      6423,
      16423
    ],
    [
      6442,
      16442
    ],
    [
      6544,
      16544
    ],
    [
      6553,
      16553
    ],
    [
      6591,
      16591
    ],
    [
      6750,
      16750
    ],
    [
      7059,
      17059
    ],
    [
      7143,
      17143
    ],
    [
      7228,
      17228
    ],
    [
      7408,
      17408
    ],
    [
      7439,
      17439
    ],
    [
      7517,
      17517
    ],
    [
      7519,
      17519
    ],
    [
      7705,
      17705
    ],
    [
      7735,
      17735
    ],
    [
      7813,
      17813
    ],
    [
      7933,
      17933
    ],
    [
      7941,
      17941
    ],
    [
      8112,
      18112
    ],
    [
      8115,
      18115
    ],
    [
      8128,
      18128
    ],
    [
      8199,
      18199
    ],
    [
      8220,
      18220
    ],
    [
      8236,
      18236
    ],
    [
      8252,
      18252
    ],
    [
      8258,
      18258
    ],
    [
      8268,
      18268
    ],
    [
      8428,
      18428
    ],
    [
      8444,
      18444
    ],
    [
      8559,
      18559
    ],
    [
      8616,
      18616
    ],
    [
      8766,
      18766
    ],
    [
      8827,
      18827
    ],
    [
      8932,
      18932
    ],
    [
      9342,
      19342
    ],
    [
      9430,
      19430
    ],
    [
      9625,
      19625
    ],
    [
      9740,
      19740
    ],
    [
      9776,
      19776
    ],
    [
      9820,
      19820
    ]
  ]
}