{
  "n_true_positives": 25,
  "n_positives": 25,
  "total_time": 13.09793472290039,
  "date": "2025-01-25T15:16:32.496613",
  "backend": "BruteForce",
  "n_bins": 0,
  "eps": 7.5,
  "args": {
    "csvpath": [
      "../data/RobustBench/predictions/cifar10c-Standard/vanilla.csv",
      "../data/RobustBench/predictions/cifar10c-Standard/zoom_blur-2.csv"
    ],
    "eps": 7.5,
    "n_bins": 0,
    "n_examples": -1,
    "out_path": "../results/semantic//results/cifar10c-Standard/cifar10c-Standard-L2-7.5-zoom_blur-2.json",
    "full_output": false,
    "verbose": false,
    "randomize_order": false,
    "backend": "bf",
    "blind_cols": null,
    "pred": "pred",
    "metric": "L2"
  },
  "backend_meta": {
    "epsilon": 7.5,
    "decision_col": "pred",
    "metric": "Linf",
    "is_exact": true,
    "is_sound": true,
    "is_complete": true
  },
  "positives": [
    [
      313,
      10313
    ],
    [
      551,
      10551
    ],
    [
      1300,
      11300
    ],
    [
      2216,
      12216
    ],
    [
      2494,
      12494
    ],
    [
      2729,
      12729
    ],
    [
      3433,
      13433
    ],
    [
      3452,
      13452
    ],
    [
      3848,
      13848
    ],
    [
      4244,
      14244
    ],
    [
      4556,
      14556
    ],
    [
      5370,
      15370
    ],
    [
      5991,
      15991
    ],
    [
      6030,
      16030
    ],
    [
      6422,
      16422
    ],
    [
      6549,
      16549
    ],
    [
      6824,
      16824
    ],
    [
      6874,
      16874
    ],
    [
      7032,
      17032
    ],
    [
      8014,
      18014
    ],
    [
      8236,
      18236
    ],
    [
      8690,
      18690
    ],
    [
      8921,
      18921
    ],
    [
      9143,
      19143
    ],
    [
      9590,
      19590
    ]
  ]
}