{
  "n_true_positives": 177,
  "n_positives": 177,
  "total_time": 53.6349663734436,
  "date": "2025-01-25T15:18:16.953850",
  "backend": "BruteForce",
  "n_bins": 0,
  "eps": 7.5,
  "args": {
    "csvpath": [
      "../data/RobustBench/predictions/cifar10c-Standard/vanilla.csv",
      "../data/RobustBench/predictions/cifar10c-Standard/brightness-3.csv"
    ],
    "eps": 7.5,
    "n_bins": 0,
    "n_examples": -1,
    "out_path": "../results/semantic//results/cifar10c-Standard/cifar10c-Standard-L2-7.5-brightness-3.json",
    "full_output": false,
    "verbose": false,
    "randomize_order": false,
    "backend": "bf",
    "blind_cols": null,
    "pred": "pred",
    "metric": "L2"
  },
  "backend_meta": {
    "epsilon": 7.5,
    "decision_col": "pred",
    "metric": "Linf",
    "is_exact": true,
    "is_sound": true,
    "is_complete": true
  },
  "positives": [
    [
      221,
      10221
    ],
    [
      224,
      10224
    ],
    [
      264,
      10264
    ],
    [
      287,
      10287
    ],
    [
      323,
      10323
    ],
    [
      463,
      10463
    ],
    [
      470,
      10470
    ],
    [
      551,
      10551
    ],
    [
      631,
      10631
    ],
    [
      715,
      10715
    ],
    [
      727,
      10727
    ],
    [
      770,
      10770
    ],
    [
      845,
      10845
    ],
    [
      853,
      10853
    ],
    [
      887,
      10887
    ],
    [
      994,
      10994
    ],
    [
      997,
      10997
    ],
    [
      1236,
      11236
    ],
    [
      1247,
      11247
    ],
    [
      1248,
      11248
    ],
    [
      1326,
      11326
    ],
    [
      1364,
      11364
    ],
    [
      1470,
      11470
    ],
    [
      1480,
      11480
    ],
    [
      1495,
      11495
    ],
    [
      1649,
      11649
    ],
    [
      1803,
      11803
    ],
    [
      1804,
      11804
    ],
    [
      1813,
      11813
    ],
    [
      1830,
      11830
    ],
    [
      1862,
      11862
    ],
    [
      1885,
      11885
    ],
    [
      1939,
      11939
    ],
    [
      1985,
      11985
    ],
    [
      1998,
      11998
    ],
    [
      2002,
      12002
    ],
    [
      2005,
      12005
    ],
    [
      2078,
      12078
    ],
    [
      2108,
      12108
    ],
    [
      2161,
      12161
    ],
    [
      2174,
      12174
    ],
    [
      2176,
      12176
    ],
    [
      2253,
      12253
    ],
    [
      2270,
      12270
    ],
    [
      2283,
      12283
    ],
    [
      2351,
      12351
    ],
    [
      2372,
      12372
    ],
    [
      2441,
      12441
    ],
    [
      2455,
      12455
    ],
    [
      2494,
      12494
    ],
    [
      2779,
      12779
    ],
    [
      2785,
      12785
    ],
    [
      2831,
      12831
    ],
    [
      2847,
      12847
    ],
    [
      3025,
      13025
    ],
    [
      3075,
      13075
    ],
    [
      3083,
      13083
    ],
    [
      3115,
      13115
    ],
    [
      3168,
      13168
    ],
    [
      3171,
      13171
    ],
    [
      3202,
      13202
    ],
    [
      3231,
      13231
    ],
    [
      3299,
      13299
    ],
    [
      3311,
      13311
    ],
    [
      3392,
      13392
    ],
    [
      3400,
      13400
    ],
    [
      3443,
      13443
    ],
    [
      3474,
      13474
    ],
    [
      3514,
      13514
    ],
    [
      3550,
      13550
    ],
    [
      3607,
      13607
    ],
    [
      3615,
      13615
    ],
    [
      3622,
      13622
    ],
    [
      3624,
      13624
    ],
    [
      3625,
      13625
    ],
    [
      3635,
      13635
    ],
    [
      3708,
      13708
    ],
    [
      3799,
      13799
    ],
    [
      3831,
      13831
    ],
    [
      3887,
      13887
    ],
    [
      3995,
      13995
    ],
    [
      4016,
      14016
    ],
    [
      4023,
      14023
    ],
    [
      4097,
      14097
    ],
    [
      4112,
      14112
    ],
    [
      4152,
      14152
    ],
    [
      4198,
      14198
    ],
    [
      4244,
      14244
    ],
    [
      4442,
      14442
    ],
    [
      4457,
      14457
    ],
    [
      4574,
      14574
    ],
    [
      4628,
      14628
    ],
    [
      4642,
      14642
    ],
    [
      4661,
      14661
    ],
    [
      4710,
      14710
    ],
    [
      4951,
      14951
    ],
    [
      4996,
      14996
    ],
    [
      5071,
      15071
    ],
    [
      5151,
      15151
    ],
    [
      5154,
      15154
    ],
    [
      5193,
      15193
    ],
    [
      5213,
      15213
    ],
    [
      5229,
      15229
    ],
    [
      5271,
      15271
    ],
    [
      5309,
      15309
    ],
    [
      5324,
      15324
    ],
    [
      5340,
      15340
    ],
    [
      5398,
      15398
    ],
    [
      5511,
      15511
    ],
    [
      5747,
      15747
    ],
    [
      5752,
      15752
    ],
    [
      5882,
      15882
    ],
    [
      5908,
      15908
    ],
    [
      5924,
      15924
    ],
    [
      5940,
      15940
    ],
    [
      6000,
      16000
    ],
    [
      6021,
      16021
    ],
    [
      6043,
      16043
    ],
    [
      6077,
      16077
    ],
    [
      6127,
      16127
    ],
    [
      6190,
      16190
    ],
    [
      6283,
      16283
    ],
    [
      6326,
      16326
    ],
    [
      6397,
      16397
    ],
    [
      6443,
      16443
    ],
    [
      6559,
      16559
    ],
    [
      6580,
      16580
    ],
    [
      6666,
      16666
    ],
    [
      6721,
      16721
    ],
    [
      6912,
      16912
    ],
    [
      6965,
      16965
    ],
    [
      7061,
      17061
    ],
    [
      7062,
      17062
    ],
    [
      7107,
      17107
    ],
    [
      7134,
      17134
    ],
    [
      7404,
      17404
    ],
    [
      7444,
      17444
    ],
    [
      7446,
      17446
    ],
    [
      7449,
      17449
    ],
    [
      7524,
      17524
    ],
    [
      7543,
      17543
    ],
    [
      7761,
      17761
    ],
    [
      7787,
      17787
    ],
    [
      7797,
      17797
    ],
    [
      7802,
      17802
    ],
    [
      7906,
      17906
    ],
    [
      7931,
      17931
    ],
    [
      7983,
      17983
    ],
    [
      8014,
      18014
    ],
    [
      8128,
      18128
    ],
    [
      8138,
      18138
    ],
    [
      8219,
      18219
    ],
    [
      8296,
      18296
    ],
    [
      8325,
      18325
    ],
    [
      8396,
      18396
    ],
    [
      8420,
      18420
    ],
    [
      8488,
      18488
    ],
    [
      8535,
      18535
    ],
    [
      8549,
      18549
    ],
    [
      8794,
      18794
    ],
    [
      8809,
      18809
    ],
    [
      8898,
      18898
    ],
    [
      8958,
      18958
    ],
    [
      9012,
      19012
    ],
    [
      9216,
      19216
    ],
    [
      9225,
      19225
    ],
    [
      9269,
      19269
    ],
    [
      9316,
      19316
    ],
    [
      9346,
      19346
    ],
    [
      9353,
      19353
    ],
    [
      9385,
      19385
    ],
    [
      9497,
      19497
    ],
    [
      9542,
      19542
    ],
    [
      9560,
      19560
    ],
    [
      9776,
      19776
    ],
    [
      9862,
      19862
    ],
    [
      9959,
      19959
    ]
  ]
}