{
  "n_true_positives": 7,
  "n_positives": 7,
  "total_time": 49.21137857437134,
  "date": "2025-01-25T15:17:39.909906",
  "backend": "BruteForce",
  "n_bins": 0,
  "eps": 7.5,
  "args": {
    "csvpath": [
      "../data/RobustBench/predictions/cifar10c-Standard/vanilla.csv",
      "../data/RobustBench/predictions/cifar10c-Standard/fog-2.csv"
    ],
    "eps": 7.5,
    "n_bins": 0,
    "n_examples": -1,
    "out_path": "../results/semantic//results/cifar10c-Standard/cifar10c-Standard-L2-7.5-fog-2.json",
    "full_output": false,
    "verbose": false,
    "randomize_order": false,
    "backend": "bf",
    "blind_cols": null,
    "pred": "pred",
    "metric": "L2"
  },
  "backend_meta": {
    "epsilon": 7.5,
    "decision_col": "pred",
    "metric": "Linf",
    "is_exact": true,
    "is_sound": true,
    "is_complete": true
  },
  "positives": [
    [
      1738,
      11738
    ],
    [
      2293,
      12293
    ],
    [
      2494,
      12494
    ],
    [
      3359,
      13359
    ],
    [
      3601,
      13601
    ],
    [
      5603,
      15603
    ],
    [
      9255,
      19255
    ]
  ]
}