{
  "n_true_positives": 21,
  "n_positives": 21,
  "total_time": 27.173659801483154,
  "date": "2025-01-25T15:17:18.782433",
  "backend": "BruteForce",
  "n_bins": 0,
  "eps": 7.5,
  "args": {
    "csvpath": [
      "../data/RobustBench/predictions/cifar10c-Standard/vanilla.csv",
      "../data/RobustBench/predictions/cifar10c-Standard/zoom_blur-1.csv"
    ],
    "eps": 7.5,
    "n_bins": 0,
    "n_examples": -1,
    "out_path": "../results/semantic//results/cifar10c-Standard/cifar10c-Standard-L2-7.5-zoom_blur-1.json",
    "full_output": false,
    "verbose": false,
    "randomize_order": false,
    "backend": "bf",
    "blind_cols": null,
    "pred": "pred",
    "metric": "L2"
  },
  "backend_meta": {
    "epsilon": 7.5,
    "decision_col": "pred",
    "metric": "Linf",
    "is_exact": true,
    "is_sound": true,
    "is_complete": true
  },
  "positives": [
    [
      433,
      10433
    ],
    [
      793,
      10793
    ],
    [
      2494,
      12494
    ],
    [
      3068,
      13068
    ],
    [
      3359,
      13359
    ],
    [
      4165,
      14165
    ],
    [
      5910,
      15910
    ],
    [
      6238,
      16238
    ],
    [
      6359,
      16359
    ],
    [
      6549,
      16549
    ],
    [
      6824,
      16824
    ],
    [
      6933,
      16933
    ],
    [
      7032,
      17032
    ],
    [
      7617,
      17617
    ],
    [
      8014,
      18014
    ],
    [
      8069,
      18069
    ],
    [
      8236,
      18236
    ],
    [
      8690,
      18690
    ],
    [
      8921,
      18921
    ],
    [
      9143,
      19143
    ],
    [
      9690,
      19690
    ]
  ]
}