{
  "n_true_positives": 837,
  "n_positives": 837,
  "total_time": 43.01542544364929,
  "date": "2025-01-25T15:44:30.355647",
  "backend": "BruteForce",
  "n_bins": 0,
  "eps": 7.5,
  "args": {
    "csvpath": [
      "../data/RobustBench/predictions/cifar100c-Gowal2020Uncovering_Linf/vanilla.csv",
      "../data/RobustBench/predictions/cifar100c-Gowal2020Uncovering_Linf/frost-2.csv"
    ],
    "eps": 7.5,
    "n_bins": 0,
    "n_examples": -1,
    "out_path": "../results/semantic//results/cifar100c-Gowal2020Uncovering_Linf/cifar100c-Gowal2020Uncovering_Linf-L2-7.5-frost-2.json",
    "full_output": false,
    "verbose": false,
    "randomize_order": false,
    "backend": "bf",
    "blind_cols": null,
    "pred": "pred",
    "metric": "L2"
  },
  "backend_meta": {
    "epsilon": 7.5,
    "decision_col": "pred",
    "metric": "Linf",
    "is_exact": true,
    "is_sound": true,
    "is_complete": true
  },
  "positives": [
    [
      7,
      10007
    ],
    [
      57,
      10057
    ],
    [
      62,
      10062
    ],
    [
      66,
      10066
    ],
    [
      71,
      10071
    ],
    [
      81,
      10081
    ],
    [
      88,
      10088
    ],
    [
      94,
      10094
    ],
    [
      100,
      10100
    ],
    [
      127,
      10127
    ],
    [
      149,
      10149
    ],
    [
      150,
      10150
    ],
    [
      165,
      10165
    ],
    [
      167,
      10167
    ],
    [
      172,
      10172
    ],
    [
      175,
      10175
    ],
    [
      184,
      10184
    ],
    [
      197,
      10197
    ],
    [
      209,
      10209
    ],
    [
      218,
      10218
    ],
    [
      236,
      10236
    ],
    [
      249,
      10249
    ],
    [
      274,
      10274
    ],
    [
      313,
      10313
    ],
    [
      322,
      10322
    ],
    [
      328,
      10328
    ],
    [
      329,
      10329
    ],
    [
      333,
      10333
    ],
    [
      380,
      10380
    ],
    [
      390,
      10390
    ],
    [
      394,
      10394
    ],
    [
      395,
      10395
    ],
    [
      397,
      10397
    ],
    [
      409,
      10409
    ],
    [
      414,
      10414
    ],
    [
      419,
      10419
    ],
    [
      440,
      10440
    ],
    [
      466,
      10466
    ],
    [
      475,
      10475
    ],
    [
      477,
      10477
    ],
    [
      480,
      10480
    ],
    [
      488,
      10488
    ],
    [
      489,
      10489
    ],
    [
      497,
      10497
    ],
    [
      522,
      10522
    ],
    [
      530,
      10530
    ],
    [
      543,
      10543
    ],
    [
      563,
      10563
    ],
    [
      567,
      10567
    ],
    [
      576,
      10576
    ],
    [
      590,
      10590
    ],
    [
      591,
      10591
    ],
    [
      602,
      10602
    ],
    [
      625,
      10625
    ],
    [
      648,
      10648
    ],
    [
      653,
      10653
    ],
    [
      654,
      10654
    ],
    [
      664,
      10664
    ],
    [
      667,
      10667
    ],
    [
      673,
      10673
    ],
    [
      689,
      10689
    ],
    [
      695,
      10695
    ],
    [
      696,
      10696
    ],
    [
      699,
      10699
    ],
    [
      701,
      10701
    ],
    [
      705,
      10705
    ],
    [
      718,
      10718
    ],
    [
      731,
      10731
    ],
    [
      735,
      10735
    ],
    [
      756,
      10756
    ],
    [
      782,
      10782
    ],
    [
      783,
      10783
    ],
    [
      795,
      10795
    ],
    [
      820,
      10820
    ],
    [
      854,
      10854
    ],
    [
      895,
      10895
    ],
    [
      919,
      10919
    ],
    [
      964,
      10964
    ],
    [
      985,
      10985
    ],
    [
      989,
      10989
    ],
    [
      992,
      10992
    ],
    [
      995,
      10995
    ],
    [
      1016,
      11016
    ],
    [
      1046,
      11046
    ],
    [
      1055,
      11055
    ],
    [
      1081,
      11081
    ],
    [
      1100,
      11100
    ],
    [
      1108,
      11108
    ],
    [
      1137,
      11137
    ],
    [
      1156,
      11156
    ],
    [
      1160,
      11160
    ],
    [
      1170,
      11170
    ],
    [
      1179,
      11179
    ],
    [
      1196,
      11196
    ],
    [
      1207,
      11207
    ],
    [
      1235,
      11235
    ],
    [
      1238,
      11238
    ],
    [
      1239,
      11239
    ],
    [
      1272,
      11272
    ],
    [
      1276,
      11276
    ],
    [
      1277,
      11277
    ],
    [
      1283,
      11283
    ],
    [
      1290,
      11290
    ],
    [
      1299,
      11299
    ],
    [
      1313,
      11313
    ],
    [
      1314,
      11314
    ],
    [
      1324,
      11324
    ],
    [
      1325,
      11325
    ],
    [
      1329,
      11329
    ],
    [
      1332,
      11332
    ],
    [
      1333,
      11333
    ],
    [
      1369,
      11369
    ],
    [
      1403,
      11403
    ],
    [
      1411,
      11411
    ],
    [
      1450,
      11450
    ],
    [
      1453,
      11453
    ],
    [
      1464,
      11464
    ],
    [
      1487,
      11487
    ],
    [
      1497,
      11497
    ],
    [
      1509,
      11509
    ],
    [
      1517,
      11517
    ],
    [
      1521,
      11521
    ],
    [
      1524,
      11524
    ],
    [
      1542,
      11542
    ],
    [
      1543,
      11543
    ],
    [
      1549,
      11549
    ],
    [
      1553,
      11553
    ],
    [
      1570,
      11570
    ],
    [
      1587,
      11587
    ],
    [
      1616,
      11616
    ],
    [
      1619,
      11619
    ],
    [
      1631,
      11631
    ],
    [
      1632,
      11632
    ],
    [
      1637,
      11637
    ],
    [
      1647,
      11647
    ],
    [
      1658,
      11658
    ],
    [
      1688,
      11688
    ],
    [
      1689,
      11689
    ],
    [
      1691,
      11691
    ],
    [
      1708,
      11708
    ],
    [
      1717,
      11717
    ],
    [
      1730,
      11730
    ],
    [
      1731,
      11731
    ],
    [
      1733,
      11733
    ],
    [
      1739,
      11739
    ],
    [
      1767,
      11767
    ],
    [
      1796,
      11796
    ],
    [
      1804,
      11804
    ],
    [
      1815,
      11815
    ],
    [
      1826,
      11826
    ],
    [
      1834,
      11834
    ],
    [
      1841,
      11841
    ],
    [
      1880,
      11880
    ],
    [
      1889,
      11889
    ],
    [
      1901,
      11901
    ],
    [
      1913,
      11913
    ],
    [
      1914,
      11914
    ],
    [
      1927,
      11927
    ],
    [
      1940,
      11940
    ],
    [
      1942,
      11942
    ],
    [
      1951,
      11951
    ],
    [
      1958,
      11958
    ],
    [
      1999,
      11999
    ],
    [
      2002,
      12002
    ],
    [
      2043,
      12043
    ],
    [
      2093,
      12093
    ],
    [
      2098,
      12098
    ],
    [
      2103,
      12103
    ],
    [
      2104,
      12104
    ],
    [
      2105,
      12105
    ],
    [
      2110,
      12110
    ],
    [
      2115,
      12115
    ],
    [
      2119,
      12119
    ],
    [
      2121,
      12121
    ],
    [
      2136,
      12136
    ],
    [
      2147,
      12147
    ],
    [
      2148,
      12148
    ],
    [
      2152,
      12152
    ],
    [
      2156,
      12156
    ],
    [
      2173,
      12173
    ],
    [
      2181,
      12181
    ],
    [
      2183,
      12183
    ],
    [
      2184,
      12184
    ],
    [
      2187,
      12187
    ],
    [
      2188,
      12188
    ],
    [
      2192,
      12192
    ],
    [
      2200,
      12200
    ],
    [
      2213,
      12213
    ],
    [
      2215,
      12215
    ],
    [
      2224,
      12224
    ],
    [
      2228,
      12228
    ],
    [
      2234,
      12234
    ],
    [
      2241,
      12241
    ],
    [
      2244,
      12244
    ],
    [
      2276,
      12276
    ],
    [
      2278,
      12278
    ],
    [
      2293,
      12293
    ],
    [
      2294,
      12294
    ],
    [
      2299,
      12299
    ],
    [
      2311,
      12311
    ],
    [
      2317,
      12317
    ],
    [
      2340,
      12340
    ],
    [
      2356,
      12356
    ],
    [
      2357,
      12357
    ],
    [
      2376,
      12376
    ],
    [
      2387,
      12387
    ],
    [
      2391,
      12391
    ],
    [
      2401,
      12401
    ],
    [
      2431,
      12431
    ],
    [
      2472,
      12472
    ],
    [
      2497,
      12497
    ],
    [
      2499,
      12499
    ],
    [
      2522,
      12522
    ],
    [
      2528,
      12528
    ],
    [
      2531,
      12531
    ],
    [
      2534,
      12534
    ],
    [
      2547,
      12547
    ],
    [
      2548,
      12548
    ],
    [
      2558,
      12558
    ],
    [
      2578,
      12578
    ],
    [
      2585,
      12585
    ],
    [
      2610,
      12610
    ],
    [
      2619,
      12619
    ],
    [
      2641,
      12641
    ],
    [
      2743,
      12743
    ],
    [
      2757,
      12757
    ],
    [
      2776,
      12776
    ],
    [
      2778,
      12778
    ],
    [
      2807,
      12807
    ],
    [
      2808,
      12808
    ],
    [
      2827,
      12827
    ],
    [
      2840,
      12840
    ],
    [
      2861,
      12861
    ],
    [
      2885,
      12885
    ],
    [
      2886,
      12886
    ],
    [
      2890,
      12890
    ],
    [
      2896,
      12896
    ],
    [
      2901,
      12901
    ],
    [
      2909,
      12909
    ],
    [
      2917,
      12917
    ],
    [
      2930,
      12930
    ],
    [
      2934,
      12934
    ],
    [
      2940,
      12940
    ],
    [
      2955,
      12955
    ],
    [
      2959,
      12959
    ],
    [
      2967,
      12967
    ],
    [
      3004,
      13004
    ],
    [
      3006,
      13006
    ],
    [
      3009,
      13009
    ],
    [
      3016,
      13016
    ],
    [
      3039,
      13039
    ],
    [
      3041,
      13041
    ],
    [
      3078,
      13078
    ],
    [
      3086,
      13086
    ],
    [
      3094,
      13094
    ],
    [
      3099,
      13099
    ],
    [
      3102,
      13102
    ],
    [
      3155,
      13155
    ],
    [
      3169,
      13169
    ],
    [
      3174,
      13174
    ],
    [
      3192,
      13192
    ],
    [
      3201,
      13201
    ],
    [
      3202,
      13202
    ],
    [
      3211,
      13211
    ],
    [
      3222,
      13222
    ],
    [
      3233,
      13233
    ],
    [
      3250,
      13250
    ],
    [
      3264,
      13264
    ],
    [
      3279,
      13279
    ],
    [
      3281,
      13281
    ],
    [
      3305,
      13305
    ],
    [
      3326,
      13326
    ],
    [
      3335,
      13335
    ],
    [
      3345,
      13345
    ],
    [
      3371,
      13371
    ],
    [
      3379,
      13379
    ],
    [
      3403,
      13403
    ],
    [
      3422,
      13422
    ],
    [
      3434,
      13434
    ],
    [
      3442,
      13442
    ],
    [
      3457,
      13457
    ],
    [
      3466,
      13466
    ],
    [
      3484,
      13484
    ],
    [
      3486,
      13486
    ],
    [
      3504,
      13504
    ],
    [
      3507,
      13507
    ],
    [
      3521,
      13521
    ],
    [
      3532,
      13532
    ],
    [
      3538,
      13538
    ],
    [
      3547,
      13547
    ],
    [
      3549,
      13549
    ],
    [
      3554,
      13554
    ],
    [
      3567,
      13567
    ],
    [
      3599,
      13599
    ],
    [
      3603,
      13603
    ],
    [
      3622,
      13622
    ],
    [
      3640,
      13640
    ],
    [
      3656,
      13656
    ],
    [
      3659,
      13659
    ],
    [
      3673,
      13673
    ],
    [
      3696,
      13696
    ],
    [
      3699,
      13699
    ],
    [
      3718,
      13718
    ],
    [
      3736,
      13736
    ],
    [
      3754,
      13754
    ],
    [
      3761,
      13761
    ],
    [
      3779,
      13779
    ],
    [
      3799,
      13799
    ],
    [
      3824,
      13824
    ],
    [
      3830,
      13830
    ],
    [
      3840,
      13840
    ],
    [
      3844,
      13844
    ],
    [
      3874,
      13874
    ],
    [
      3881,
      13881
    ],
    [
      3918,
      13918
    ],
    [
      3923,
      13923
    ],
    [
      3945,
      13945
    ],
    [
      3955,
      13955
    ],
    [
      3961,
      13961
    ],
    [
      4003,
      14003
    ],
    [
      4008,
      14008
    ],
    [
      4011,
      14011
    ],
    [
      4040,
      14040
    ],
    [
      4051,
      14051
    ],
    [
      4052,
      14052
    ],
    [
      4059,
      14059
    ],
    [
      4062,
      14062
    ],
    [
      4069,
      14069
    ],
    [
      4074,
      14074
    ],
    [
      4075,
      14075
    ],
    [
      4089,
      14089
    ],
    [
      4090,
      14090
    ],
    [
      4099,
      14099
    ],
    [
      4157,
      14157
    ],
    [
      4168,
      14168
    ],
    [
      4175,
      14175
    ],
    [
      4185,
      14185
    ],
    [
      4208,
      14208
    ],
    [
      4218,
      14218
    ],
    [
      4219,
      14219
    ],
    [
      4229,
      14229
    ],
    [
      4268,
      14268
    ],
    [
      4273,
      14273
    ],
    [
      4277,
      14277
    ],
    [
      4285,
      14285
    ],
    [
      4294,
      14294
    ],
    [
      4302,
      14302
    ],
    [
      4304,
      14304
    ],
    [
      4317,
      14317
    ],
    [
      4333,
      14333
    ],
    [
      4347,
      14347
    ],
    [
      4361,
      14361
    ],
    [
      4394,
      14394
    ],
    [
      4397,
      14397
    ],
    [
      4398,
      14398
    ],
    [
      4427,
      14427
    ],
    [
      4428,
      14428
    ],
    [
      4434,
      14434
    ],
    [
      4439,
      14439
    ],
    [
      4449,
      14449
    ],
    [
      4469,
      14469
    ],
    [
      4476,
      14476
    ],
    [
      4482,
      14482
    ],
    [
      4490,
      14490
    ],
    [
      4509,
      14509
    ],
    [
      4516,
      14516
    ],
    [
      4517,
      14517
    ],
    [
      4529,
      14529
    ],
    [
      4543,
      14543
    ],
    [
      4565,
      14565
    ],
    [
      4569,
      14569
    ],
    [
      4576,
      14576
    ],
    [
      4606,
      14606
    ],
    [
      4611,
      14611
    ],
    [
      4621,
      14621
    ],
    [
      4622,
      14622
    ],
    [
      4626,
      14626
    ],
    [
      4627,
      14627
    ],
    [
      4655,
      14655
    ],
    [
      4679,
      14679
    ],
    [
      4682,
      14682
    ],
    [
      4685,
      14685
    ],
    [
      4687,
      14687
    ],
    [
      4710,
      14710
    ],
    [
      4724,
      14724
    ],
    [
      4727,
      14727
    ],
    [
      4738,
      14738
    ],
    [
      4742,
      14742
    ],
    [
      4747,
      14747
    ],
    [
      4758,
      14758
    ],
    [
      4773,
      14773
    ],
    [
      4795,
      14795
    ],
    [
      4797,
      14797
    ],
    [
      4811,
      14811
    ],
    [
      4839,
      14839
    ],
    [
      4843,
      14843
    ],
    [
      4844,
      14844
    ],
    [
      4850,
      14850
    ],
    [
      4862,
      14862
    ],
    [
      4867,
      14867
    ],
    [
      4877,
      14877
    ],
    [
      4900,
      14900
    ],
    [
      4910,
      14910
    ],
    [
      4915,
      14915
    ],
    [
      4942,
      14942
    ],
    [
      4969,
      14969
    ],
    [
      4976,
      14976
    ],
    [
      4977,
      14977
    ],
    [
      4979,
      14979
    ],
    [
      4983,
      14983
    ],
    [
      4984,
      14984
    ],
    [
      4994,
      14994
    ],
    [
      5050,
      15050
    ],
    [
      5052,
      15052
    ],
    [
      5059,
      15059
    ],
    [
      5075,
      15075
    ],
    [
      5077,
      15077
    ],
    [
      5102,
      15102
    ],
    [
      5105,
      15105
    ],
    [
      5147,
      15147
    ],
    [
      5153,
      15153
    ],
    [
      5159,
      15159
    ],
    [
      5208,
      15208
    ],
    [
      5218,
      15218
    ],
    [
      5220,
      15220
    ],
    [
      5256,
      15256
    ],
    [
      5261,
      15261
    ],
    [
      5296,
      15296
    ],
    [
      5317,
      15317
    ],
    [
      5336,
      15336
    ],
    [
      5356,
      15356
    ],
    [
      5359,
      15359
    ],
    [
      5361,
      15361
    ],
    [
      5366,
      15366
    ],
    [
      5403,
      15403
    ],
    [
      5415,
      15415
    ],
    [
      5416,
      15416
    ],
    [
      5432,
      15432
    ],
    [
      5433,
      15433
    ],
    [
      5450,
      15450
    ],
    [
      5453,
      15453
    ],
    [
      5458,
      15458
    ],
    [
      5464,
      15464
    ],
    [
      5470,
      15470
    ],
    [
      5471,
      15471
    ],
    [
      5474,
      15474
    ],
    [
      5499,
      15499
    ],
    [
      5510,
      15510
    ],
    [
      5540,
      15540
    ],
    [
      5570,
      15570
    ],
    [
      5604,
      15604
    ],
    [
      5605,
      15605
    ],
    [
      5618,
      15618
    ],
    [
      5631,
      15631
    ],
    [
      5632,
      15632
    ],
    [
      5633,
      15633
    ],
    [
      5639,
      15639
    ],
    [
      5650,
      15650
    ],
    [
      5651,
      15651
    ],
    [
      5653,
      15653
    ],
    [
      5654,
      15654
    ],
    [
      5656,
      15656
    ],
    [
      5659,
      15659
    ],
    [
      5662,
      15662
    ],
    [
      5663,
      15663
    ],
    [
      5676,
      15676
    ],
    [
      5680,
      15680
    ],
    [
      5723,
      15723
    ],
    [
      5742,
      15742
    ],
    [
      5770,
      15770
    ],
    [
      5785,
      15785
    ],
    [
      5801,
      15801
    ],
    [
      5822,
      15822
    ],
    [
      5829,
      15829
    ],
    [
      5862,
      15862
    ],
    [
      5877,
      15877
    ],
    [
      5884,
      15884
    ],
    [
      5896,
      15896
    ],
    [
      5903,
      15903
    ],
    [
      5905,
      15905
    ],
    [
      5907,
      15907
    ],
    [
      5915,
      15915
    ],
    [
      5933,
      15933
    ],
    [
      5947,
      15947
    ],
    [
      5956,
      15956
    ],
    [
      5973,
      15973
    ],
    [
      5975,
      15975
    ],
    [
      5979,
      15979
    ],
    [
      6014,
      16014
    ],
    [
      6035,
      16035
    ],
    [
      6052,
      16052
    ],
    [
      6055,
      16055
    ],
    [
      6062,
      16062
    ],
    [
      6069,
      16069
    ],
    [
      6092,
      16092
    ],
    [
      6097,
      16097
    ],
    [
      6099,
      16099
    ],
    [
      6103,
      16103
    ],
    [
      6113,
      16113
    ],
    [
      6148,
      16148
    ],
    [
      6157,
      16157
    ],
    [
      6161,
      16161
    ],
    [
      6180,
      16180
    ],
    [
      6190,
      16190
    ],
    [
      6193,
      16193
    ],
    [
      6201,
      16201
    ],
    [
      6207,
      16207
    ],
    [
      6210,
      16210
    ],
    [
      6236,
      16236
    ],
    [
      6243,
      16243
    ],
    [
      6252,
      16252
    ],
    [
      6256,
      16256
    ],
    [
      6260,
      16260
    ],
    [
      6274,
      16274
    ],
    [
      6287,
      16287
    ],
    [
      6288,
      16288
    ],
    [
      6325,
      16325
    ],
    [
      6326,
      16326
    ],
    [
      6330,
      16330
    ],
    [
      6348,
      16348
    ],
    [
      6368,
      16368
    ],
    [
      6386,
      16386
    ],
    [
      6405,
      16405
    ],
    [
      6424,
      16424
    ],
    [
      6431,
      16431
    ],
    [
      6441,
      16441
    ],
    [
      6444,
      16444
    ],
    [
      6453,
      16453
    ],
    [
      6456,
      16456
    ],
    [
      6467,
      16467
    ],
    [
      6469,
      16469
    ],
    [
      6481,
      16481
    ],
    [
      6503,
      16503
    ],
    [
      6511,
      16511
    ],
    [
      6520,
      16520
    ],
    [
      6534,
      16534
    ],
    [
      6540,
      16540
    ],
    [
      6542,
      16542
    ],
    [
      6555,
      16555
    ],
    [
      6558,
      16558
    ],
    [
      6566,
      16566
    ],
    [
      6587,
      16587
    ],
    [
      6589,
      16589
    ],
    [
      6603,
      16603
    ],
    [
      6606,
      16606
    ],
    [
      6615,
      16615
    ],
    [
      6618,
      16618
    ],
    [
      6626,
      16626
    ],
    [
      6644,
      16644
    ],
    [
      6659,
      16659
    ],
    [
      6679,
      16679
    ],
    [
      6685,
      16685
    ],
    [
      6733,
      16733
    ],
    [
      6735,
      16735
    ],
    [
      6745,
      16745
    ],
    [
      6753,
      16753
    ],
    [
      6775,
      16775
    ],
    [
      6788,
      16788
    ],
    [
      6807,
      16807
    ],
    [
      6808,
      16808
    ],
    [
      6821,
      16821
    ],
    [
      6831,
      16831
    ],
    [
      6838,
      16838
    ],
    [
      6842,
      16842
    ],
    [
      6872,
      16872
    ],
    [
      6879,
      16879
    ],
    [
      6880,
      16880
    ],
    [
      6890,
      16890
    ],
    [
      6897,
      16897
    ],
    [
      6923,
      16923
    ],
    [
      6930,
      16930
    ],
    [
      6951,
      16951
    ],
    [
      6974,
      16974
    ],
    [
      6982,
      16982
    ],
    [
      6996,
      16996
    ],
    [
      7002,
      17002
    ],
    [
      7004,
      17004
    ],
    [
      7049,
      17049
    ],
    [
      7059,
      17059
    ],
    [
      7066,
      17066
    ],
    [
      7073,
      17073
    ],
    [
      7083,
      17083
    ],
    [
      7135,
      17135
    ],
    [
      7139,
      17139
    ],
    [
      7143,
      17143
    ],
    [
      7150,
      17150
    ],
    [
      7153,
      17153
    ],
    [
      7162,
      17162
    ],
    [
      7178,
      17178
    ],
    [
      7183,
      17183
    ],
    [
      7203,
      17203
    ],
    [
      7205,
      17205
    ],
    [
      7221,
      17221
    ],
    [
      7229,
      17229
    ],
    [
      7232,
      17232
    ],
    [
      7237,
      17237
    ],
    [
      7248,
      17248
    ],
    [
      7251,
      17251
    ],
    [
      7273,
      17273
    ],
    [
      7283,
      17283
    ],
    [
      7308,
      17308
    ],
    [
      7342,
      17342
    ],
    [
      7349,
      17349
    ],
    [
      7355,
      17355
    ],
    [
      7390,
      17390
    ],
    [
      7419,
      17419
    ],
    [
      7426,
      17426
    ],
    [
      7445,
      17445
    ],
    [
      7447,
      17447
    ],
    [
      7475,
      17475
    ],
    [
      7485,
      17485
    ],
    [
      7489,
      17489
    ],
    [
      7493,
      17493
    ],
    [
      7516,
      17516
    ],
    [
      7525,
      17525
    ],
    [
      7543,
      17543
    ],
    [
      7547,
      17547
    ],
    [
      7550,
      17550
    ],
    [
      7558,
      17558
    ],
    [
      7559,
      17559
    ],
    [
      7568,
      17568
    ],
    [
      7580,
      17580
    ],
    [
      7594,
      17594
    ],
    [
      7641,
      17641
    ],
    [
      7658,
      17658
    ],
    [
      7693,
      17693
    ],
    [
      7704,
      17704
    ],
    [
      7708,
      17708
    ],
    [
      7778,
      17778
    ],
    [
      7780,
      17780
    ],
    [
      7783,
      17783
    ],
    [
      7788,
      17788
    ],
    [
      7789,
      17789
    ],
    [
      7812,
      17812
    ],
    [
      7833,
      17833
    ],
    [
      7835,
      17835
    ],
    [
      7852,
      17852
    ],
    [
      7874,
      17874
    ],
    [
      7881,
      17881
    ],
    [
      7891,
      17891
    ],
    [
      7894,
      17894
    ],
    [
      7918,
      17918
    ],
    [
      7925,
      17925
    ],
    [
      7926,
      17926
    ],
    [
      7937,
      17937
    ],
    [
      7947,
      17947
    ],
    [
      7950,
      17950
    ],
    [
      7956,
      17956
    ],
    [
      7960,
      17960
    ],
    [
      7966,
      17966
    ],
    [
      8002,
      18002
    ],
    [
      8013,
      18013
    ],
    [
      8017,
      18017
    ],
    [
      8019,
      18019
    ],
    [
      8031,
      18031
    ],
    [
      8036,
      18036
    ],
    [
      8057,
      18057
    ],
    [
      8102,
      18102
    ],
    [
      8105,
      18105
    ],
    [
      8116,
      18116
    ],
    [
      8133,
      18133
    ],
    [
      8156,
      18156
    ],
    [
      8171,
      18171
    ],
    [
      8179,
      18179
    ],
    [
      8184,
      18184
    ],
    [
      8201,
      18201
    ],
    [
      8219,
      18219
    ],
    [
      8226,
      18226
    ],
    [
      8227,
      18227
    ],
    [
      8230,
      18230
    ],
    [
      8244,
      18244
    ],
    [
      8263,
      18263
    ],
    [
      8275,
      18275
    ],
    [
      8289,
      18289
    ],
    [
      8293,
      18293
    ],
    [
      8308,
      18308
    ],
    [
      8312,
      18312
    ],
    [
      8319,
      18319
    ],
    [
      8347,
      18347
    ],
    [
      8364,
      18364
    ],
    [
      8367,
      18367
    ],
    [
      8390,
      18390
    ],
    [
      8392,
      18392
    ],
    [
      8408,
      18408
    ],
    [
      8410,
      18410
    ],
    [
      8424,
      18424
    ],
    [
      8437,
      18437
    ],
    [
      8454,
      18454
    ],
    [
      8458,
      18458
    ],
    [
      8464,
      18464
    ],
    [
      8476,
      18476
    ],
    [
      8518,
      18518
    ],
    [
      8520,
      18520
    ],
    [
      8525,
      18525
    ],
    [
      8530,
      18530
    ],
    [
      8557,
      18557
    ],
    [
      8574,
      18574
    ],
    [
      8575,
      18575
    ],
    [
      8583,
      18583
    ],
    [
      8586,
      18586
    ],
    [
      8601,
      18601
    ],
    [
      8634,
      18634
    ],
    [
      8640,
      18640
    ],
    [
      8647,
      18647
    ],
    [
      8658,
      18658
    ],
    [
      8679,
      18679
    ],
    [
      8714,
      18714
    ],
    [
      8725,
      18725
    ],
    [
      8759,
      18759
    ],
    [
      8769,
      18769
    ],
    [
      8791,
      18791
    ],
    [
      8797,
      18797
    ],
    [
      8803,
      18803
    ],
    [
      8820,
      18820
    ],
    [
      8824,
      18824
    ],
    [
      8836,
      18836
    ],
    [
      8853,
      18853
    ],
    [
      8859,
      18859
    ],
    [
      8862,
      18862
    ],
    [
      8887,
      18887
    ],
    [
      8892,
      18892
    ],
    [
      8904,
      18904
    ],
    [
      8919,
      18919
    ],
    [
      8945,
      18945
    ],
    [
      8952,
      18952
    ],
    [
      8973,
      18973
    ],
    [
      8977,
      18977
    ],
    [
      8986,
      18986
    ],
    [
      8992,
      18992
    ],
    [
      8995,
      18995
    ],
    [
      9004,
      19004
    ],
    [
      9005,
      19005
    ],
    [
      9007,
      19007
    ],
    [
      9027,
      19027
    ],
    [
      9035,
      19035
    ],
    [
      9038,
      19038
    ],
    [
      9040,
      19040
    ],
    [
      9048,
      19048
    ],
    [
      9050,
      19050
    ],
    [
      9062,
      19062
    ],
    [
      9076,
      19076
    ],
    [
      9078,
      19078
    ],
    [
      9080,
      19080
    ],
    [
      9086,
      19086
    ],
    [
      9100,
      19100
    ],
    [
      9101,
      19101
    ],
    [
      9105,
      19105
    ],
    [
      9120,
      19120
    ],
    [
      9132,
      19132
    ],
    [
      9142,
      19142
    ],
    [
      9157,
      19157
    ],
    [
      9182,
      19182
    ],
    [
      9190,
      19190
    ],
    [
      9203,
      19203
    ],
    [
      9205,
      19205
    ],
    [
      9206,
      19206
    ],
    [
      9218,
      19218
    ],
    [
      9224,
      19224
    ],
    [
      9234,
      19234
    ],
    [
      9238,
      19238
    ],
    [
      9284,
      19284
    ],
    [
      9285,
      19285
    ],
    [
      9291,
      19291
    ],
    [
      9303,
      19303
    ],
    [
      9313,
      19313
    ],
    [
      9316,
      19316
    ],
    [
      9318,
      19318
    ],
    [
      9326,
      19326
    ],
    [
      9328,
      19328
    ],
    [
      9332,
      19332
    ],
    [
      9349,
      19349
    ],
    [
      9350,
      19350
    ],
    [
      9367,
      19367
    ],
    [
      9369,
      19369
    ],
    [
      9370,
      19370
    ],
    [
      9376,
      19376
    ],
    [
      9381,
      19381
    ],
    [
      9382,
      19382
    ],
    [
      9410,
      19410
    ],
    [
      9420,
      19420
    ],
    [
      9427,
      19427
    ],
    [
      9432,
      19432
    ],
    [
      9433,
      19433
    ],
    [
      9436,
      19436
    ],
    [
      9441,
      19441
    ],
    [
      9454,
      19454
    ],
    [
      9455,
      19455
    ],
    [
      9468,
      19468
    ],
    [
      9471,
      19471
    ],
    [
      9488,
      19488
    ],
    [
      9490,
      19490
    ],
    [
      9496,
      19496
    ],
    [
      9502,
      19502
    ],
    [
      9503,
      19503
    ],
    [
      9538,
      19538
    ],
    [
      9544,
      19544
    ],
    [
      9560,
      19560
    ],
    [
      9568,
      19568
    ],
    [
      9575,
      19575
    ],
    [
      9595,
      19595
    ],
    [
      9606,
      19606
    ],
    [
      9608,
      19608
    ],
    [
      9609,
      19609
    ],
    [
      9610,
      19610
    ],
    [
      9614,
      19614
    ],
    [
      9620,
      19620
    ],
    [
      9632,
      19632
    ],
    [
      9652,
      19652
    ],
    [
      9681,
      19681
    ],
    [
      9692,
      19692
    ],
    [
      9701,
      19701
    ],
    [
      9707,
      19707
    ],
    [
      9708,
      19708
    ],
    [
      9710,
      19710
    ],
    [
      9727,
      19727
    ],
    [
      9732,
      19732
    ],
    [
      9733,
      19733
    ],
    [
      9748,
      19748
    ],
    [
      9754,
      19754
    ],
    [
      9792,
      19792
    ],
    [
      9809,
      19809
    ],
    [
      9817,
      19817
    ],
    [
      9826,
      19826
    ],
    [
      9882,
      19882
    ],
    [
      9938,
      19938
    ],
    [
      9945,
      19945
    ],
    [
      9949,
      19949
    ],
    [
      9964,
      19964
    ],
    [
      9966,
      19966
    ],
    [
      9975,
      19975
    ],
    [
      9977,
      19977
    ],
    [
      9981,
      19981
    ],
    [
      9983,
      19983
    ],
    [
      9987,
      19987
    ],
    [
      9991,
      19991
    ],
    [
      9993,
      19993
    ],
    [
      9996,
      19996
    ]
  ]
}