{
  "n_true_positives": 1087,
  "n_positives": 1087,
  "total_time": 41.33823227882385,
  "date": "2025-01-25T15:45:30.235183",
  "backend": "BruteForce",
  "n_bins": 0,
  "eps": 7.5,
  "args": {
    "csvpath": [
      "../data/RobustBench/predictions/cifar100c-Gowal2020Uncovering_Linf/vanilla.csv",
      "../data/RobustBench/predictions/cifar100c-Gowal2020Uncovering_Linf/brightness-4.csv"
    ],
    "eps": 7.5,
    "n_bins": 0,
    "n_examples": -1,
    "out_path": "../results/semantic//results/cifar100c-Gowal2020Uncovering_Linf/cifar100c-Gowal2020Uncovering_Linf-L2-7.5-brightness-4.json",
    "full_output": false,
    "verbose": false,
    "randomize_order": false,
    "backend": "bf",
    "blind_cols": null,
    "pred": "pred",
    "metric": "L2"
  },
  "backend_meta": {
    "epsilon": 7.5,
    "decision_col": "pred",
    "metric": "Linf",
    "is_exact": true,
    "is_sound": true,
    "is_complete": true
  },
  "positives": [
    [
      6,
      10006
    ],
    [
      35,
      10035
    ],
    [
      54,
      10054
    ],
    [
      61,
      10061
    ],
    [
      70,
      10070
    ],
    [
      87,
      10087
    ],
    [
      89,
      10089
    ],
    [
      90,
      10090
    ],
    [
      95,
      10095
    ],
    [
      114,
      10114
    ],
    [
      124,
      10124
    ],
    [
      127,
      10127
    ],
    [
      134,
      10134
    ],
    [
      143,
      10143
    ],
    [
      150,
      10150
    ],
    [
      151,
      10151
    ],
    [
      152,
      10152
    ],
    [
      159,
      10159
    ],
    [
      161,
      10161
    ],
    [
      162,
      10162
    ],
    [
      164,
      10164
    ],
    [
      165,
      10165
    ],
    [
      171,
      10171
    ],
    [
      175,
      10175
    ],
    [
      180,
      10180
    ],
    [
      207,
      10207
    ],
    [
      209,
      10209
    ],
    [
      221,
      10221
    ],
    [
      222,
      10222
    ],
    [
      227,
      10227
    ],
    [
      255,
      10255
    ],
    [
      257,
      10257
    ],
    [
      263,
      10263
    ],
    [
      285,
      10285
    ],
    [
      286,
      10286
    ],
    [
      288,
      10288
    ],
    [
      290,
      10290
    ],
    [
      291,
      10291
    ],
    [
      307,
      10307
    ],
    [
      317,
      10317
    ],
    [
      321,
      10321
    ],
    [
      329,
      10329
    ],
    [
      340,
      10340
    ],
    [
      348,
      10348
    ],
    [
      349,
      10349
    ],
    [
      351,
      10351
    ],
    [
      359,
      10359
    ],
    [
      366,
      10366
    ],
    [
      376,
      10376
    ],
    [
      379,
      10379
    ],
    [
      390,
      10390
    ],
    [
      395,
      10395
    ],
    [
      408,
      10408
    ],
    [
      409,
      10409
    ],
    [
      419,
      10419
    ],
    [
      421,
      10421
    ],
    [
      422,
      10422
    ],
    [
      425,
      10425
    ],
    [
      451,
      10451
    ],
    [
      458,
      10458
    ],
    [
      465,
      10465
    ],
    [
      466,
      10466
    ],
    [
      478,
      10478
    ],
    [
      486,
      10486
    ],
    [
      489,
      10489
    ],
    [
      490,
      10490
    ],
    [
      491,
      10491
    ],
    [
      495,
      10495
    ],
    [
      528,
      10528
    ],
    [
      533,
      10533
    ],
    [
      546,
      10546
    ],
    [
      555,
      10555
    ],
    [
      565,
      10565
    ],
    [
      567,
      10567
    ],
    [
      587,
      10587
    ],
    [
      590,
      10590
    ],
    [
      608,
      10608
    ],
    [
      614,
      10614
    ],
    [
      616,
      10616
    ],
    [
      646,
      10646
    ],
    [
      648,
      10648
    ],
    [
      653,
      10653
    ],
    [
      656,
      10656
    ],
    [
      658,
      10658
    ],
    [
      664,
      10664
    ],
    [
      668,
      10668
    ],
    [
      673,
      10673
    ],
    [
      696,
      10696
    ],
    [
      701,
      10701
    ],
    [
      705,
      10705
    ],
    [
      706,
      10706
    ],
    [
      710,
      10710
    ],
    [
      716,
      10716
    ],
    [
      718,
      10718
    ],
    [
      720,
      10720
    ],
    [
      732,
      10732
    ],
    [
      743,
      10743
    ],
    [
      750,
      10750
    ],
    [
      798,
      10798
    ],
    [
      812,
      10812
    ],
    [
      814,
      10814
    ],
    [
      820,
      10820
    ],
    [
      822,
      10822
    ],
    [
      833,
      10833
    ],
    [
      872,
      10872
    ],
    [
      886,
      10886
    ],
    [
      899,
      10899
    ],
    [
      904,
      10904
    ],
    [
      924,
      10924
    ],
    [
      930,
      10930
    ],
    [
      940,
      10940
    ],
    [
      962,
      10962
    ],
    [
      971,
      10971
    ],
    [
      972,
      10972
    ],
    [
      976,
      10976
    ],
    [
      983,
      10983
    ],
    [
      985,
      10985
    ],
    [
      986,
      10986
    ],
    [
      995,
      10995
    ],
    [
      996,
      10996
    ],
    [
      1012,
      11012
    ],
    [
      1016,
      11016
    ],
    [
      1018,
      11018
    ],
    [
      1022,
      11022
    ],
    [
      1048,
      11048
    ],
    [
      1071,
      11071
    ],
    [
      1079,
      11079
    ],
    [
      1084,
      11084
    ],
    [
      1105,
      11105
    ],
    [
      1108,
      11108
    ],
    [
      1156,
      11156
    ],
    [
      1169,
      11169
    ],
    [
      1170,
      11170
    ],
    [
      1181,
      11181
    ],
    [
      1199,
      11199
    ],
    [
      1207,
      11207
    ],
    [
      1237,
      11237
    ],
    [
      1252,
      11252
    ],
    [
      1281,
      11281
    ],
    [
      1290,
      11290
    ],
    [
      1299,
      11299
    ],
    [
      1310,
      11310
    ],
    [
      1315,
      11315
    ],
    [
      1323,
      11323
    ],
    [
      1324,
      11324
    ],
    [
      1329,
      11329
    ],
    [
      1336,
      11336
    ],
    [
      1347,
      11347
    ],
    [
      1384,
      11384
    ],
    [
      1390,
      11390
    ],
    [
      1411,
      11411
    ],
    [
      1435,
      11435
    ],
    [
      1450,
      11450
    ],
    [
      1490,
      11490
    ],
    [
      1493,
      11493
    ],
    [
      1496,
      11496
    ],
    [
      1498,
      11498
    ],
    [
      1502,
      11502
    ],
    [
      1521,
      11521
    ],
    [
      1524,
      11524
    ],
    [
      1530,
      11530
    ],
    [
      1532,
      11532
    ],
    [
      1537,
      11537
    ],
    [
      1538,
      11538
    ],
    [
      1542,
      11542
    ],
    [
      1553,
      11553
    ],
    [
      1564,
      11564
    ],
    [
      1570,
      11570
    ],
    [
      1571,
      11571
    ],
    [
      1574,
      11574
    ],
    [
      1591,
      11591
    ],
    [
      1597,
      11597
    ],
    [
      1600,
      11600
    ],
    [
      1602,
      11602
    ],
    [
      1603,
      11603
    ],
    [
      1623,
      11623
    ],
    [
      1628,
      11628
    ],
    [
      1631,
      11631
    ],
    [
      1644,
      11644
    ],
    [
      1651,
      11651
    ],
    [
      1654,
      11654
    ],
    [
      1658,
      11658
    ],
    [
      1661,
      11661
    ],
    [
      1673,
      11673
    ],
    [
      1680,
      11680
    ],
    [
      1686,
      11686
    ],
    [
      1689,
      11689
    ],
    [
      1692,
      11692
    ],
    [
      1704,
      11704
    ],
    [
      1710,
      11710
    ],
    [
      1717,
      11717
    ],
    [
      1734,
      11734
    ],
    [
      1737,
      11737
    ],
    [
      1739,
      11739
    ],
    [
      1749,
      11749
    ],
    [
      1753,
      11753
    ],
    [
      1763,
      11763
    ],
    [
      1768,
      11768
    ],
    [
      1772,
      11772
    ],
    [
      1790,
      11790
    ],
    [
      1796,
      11796
    ],
    [
      1815,
      11815
    ],
    [
      1822,
      11822
    ],
    [
      1834,
      11834
    ],
    [
      1841,
      11841
    ],
    [
      1853,
      11853
    ],
    [
      1855,
      11855
    ],
    [
      1880,
      11880
    ],
    [
      1882,
      11882
    ],
    [
      1889,
      11889
    ],
    [
      1912,
      11912
    ],
    [
      1923,
      11923
    ],
    [
      1930,
      11930
    ],
    [
      1944,
      11944
    ],
    [
      1948,
      11948
    ],
    [
      1954,
      11954
    ],
    [
      1955,
      11955
    ],
    [
      1964,
      11964
    ],
    [
      1976,
      11976
    ],
    [
      1977,
      11977
    ],
    [
      1994,
      11994
    ],
    [
      1996,
      11996
    ],
    [
      1999,
      11999
    ],
    [
      2005,
      12005
    ],
    [
      2021,
      12021
    ],
    [
      2035,
      12035
    ],
    [
      2037,
      12037
    ],
    [
      2048,
      12048
    ],
    [
      2056,
      12056
    ],
    [
      2059,
      12059
    ],
    [
      2065,
      12065
    ],
    [
      2069,
      12069
    ],
    [
      2075,
      12075
    ],
    [
      2080,
      12080
    ],
    [
      2087,
      12087
    ],
    [
      2089,
      12089
    ],
    [
      2090,
      12090
    ],
    [
      2099,
      12099
    ],
    [
      2110,
      12110
    ],
    [
      2116,
      12116
    ],
    [
      2119,
      12119
    ],
    [
      2121,
      12121
    ],
    [
      2125,
      12125
    ],
    [
      2136,
      12136
    ],
    [
      2146,
      12146
    ],
    [
      2150,
      12150
    ],
    [
      2152,
      12152
    ],
    [
      2169,
      12169
    ],
    [
      2188,
      12188
    ],
    [
      2189,
      12189
    ],
    [
      2215,
      12215
    ],
    [
      2223,
      12223
    ],
    [
      2228,
      12228
    ],
    [
      2236,
      12236
    ],
    [
      2241,
      12241
    ],
    [
      2251,
      12251
    ],
    [
      2261,
      12261
    ],
    [
      2267,
      12267
    ],
    [
      2274,
      12274
    ],
    [
      2276,
      12276
    ],
    [
      2278,
      12278
    ],
    [
      2282,
      12282
    ],
    [
      2296,
      12296
    ],
    [
      2329,
      12329
    ],
    [
      2340,
      12340
    ],
    [
      2347,
      12347
    ],
    [
      2374,
      12374
    ],
    [
      2384,
      12384
    ],
    [
      2391,
      12391
    ],
    [
      2402,
      12402
    ],
    [
      2405,
      12405
    ],
    [
      2435,
      12435
    ],
    [
      2444,
      12444
    ],
    [
      2477,
      12477
    ],
    [
      2485,
      12485
    ],
    [
      2492,
      12492
    ],
    [
      2498,
      12498
    ],
    [
      2499,
      12499
    ],
    [
      2513,
      12513
    ],
    [
      2519,
      12519
    ],
    [
      2522,
      12522
    ],
    [
      2531,
      12531
    ],
    [
      2536,
      12536
    ],
    [
      2537,
      12537
    ],
    [
      2541,
      12541
    ],
    [
      2548,
      12548
    ],
    [
      2562,
      12562
    ],
    [
      2567,
      12567
    ],
    [
      2578,
      12578
    ],
    [
      2583,
      12583
    ],
    [
      2611,
      12611
    ],
    [
      2647,
      12647
    ],
    [
      2664,
      12664
    ],
    [
      2671,
      12671
    ],
    [
      2675,
      12675
    ],
    [
      2681,
      12681
    ],
    [
      2704,
      12704
    ],
    [
      2719,
      12719
    ],
    [
      2720,
      12720
    ],
    [
      2722,
      12722
    ],
    [
      2726,
      12726
    ],
    [
      2730,
      12730
    ],
    [
      2733,
      12733
    ],
    [
      2742,
      12742
    ],
    [
      2745,
      12745
    ],
    [
      2750,
      12750
    ],
    [
      2754,
      12754
    ],
    [
      2769,
      12769
    ],
    [
      2798,
      12798
    ],
    [
      2803,
      12803
    ],
    [
      2808,
      12808
    ],
    [
      2813,
      12813
    ],
    [
      2837,
      12837
    ],
    [
      2840,
      12840
    ],
    [
      2841,
      12841
    ],
    [
      2843,
      12843
    ],
    [
      2845,
      12845
    ],
    [
      2852,
      12852
    ],
    [
      2869,
      12869
    ],
    [
      2885,
      12885
    ],
    [
      2888,
      12888
    ],
    [
      2901,
      12901
    ],
    [
      2903,
      12903
    ],
    [
      2914,
      12914
    ],
    [
      2917,
      12917
    ],
    [
      2924,
      12924
    ],
    [
      2954,
      12954
    ],
    [
      2957,
      12957
    ],
    [
      2959,
      12959
    ],
    [
      2963,
      12963
    ],
    [
      2970,
      12970
    ],
    [
      2979,
      12979
    ],
    [
      2993,
      12993
    ],
    [
      2994,
      12994
    ],
    [
      3009,
      13009
    ],
    [
      3011,
      13011
    ],
    [
      3018,
      13018
    ],
    [
      3024,
      13024
    ],
    [
      3026,
      13026
    ],
    [
      3039,
      13039
    ],
    [
      3041,
      13041
    ],
    [
      3051,
      13051
    ],
    [
      3074,
      13074
    ],
    [
      3078,
      13078
    ],
    [
      3112,
      13112
    ],
    [
      3113,
      13113
    ],
    [
      3117,
      13117
    ],
    [
      3130,
      13130
    ],
    [
      3157,
      13157
    ],
    [
      3161,
      13161
    ],
    [
      3166,
      13166
    ],
    [
      3168,
      13168
    ],
    [
      3174,
      13174
    ],
    [
      3176,
      13176
    ],
    [
      3185,
      13185
    ],
    [
      3195,
      13195
    ],
    [
      3201,
      13201
    ],
    [
      3212,
      13212
    ],
    [
      3248,
      13248
    ],
    [
      3250,
      13250
    ],
    [
      3252,
      13252
    ],
    [
      3266,
      13266
    ],
    [
      3269,
      13269
    ],
    [
      3270,
      13270
    ],
    [
      3279,
      13279
    ],
    [
      3282,
      13282
    ],
    [
      3322,
      13322
    ],
    [
      3327,
      13327
    ],
    [
      3341,
      13341
    ],
    [
      3342,
      13342
    ],
    [
      3344,
      13344
    ],
    [
      3345,
      13345
    ],
    [
      3351,
      13351
    ],
    [
      3362,
      13362
    ],
    [
      3375,
      13375
    ],
    [
      3379,
      13379
    ],
    [
      3393,
      13393
    ],
    [
      3403,
      13403
    ],
    [
      3404,
      13404
    ],
    [
      3417,
      13417
    ],
    [
      3434,
      13434
    ],
    [
      3454,
      13454
    ],
    [
      3466,
      13466
    ],
    [
      3475,
      13475
    ],
    [
      3483,
      13483
    ],
    [
      3489,
      13489
    ],
    [
      3490,
      13490
    ],
    [
      3493,
      13493
    ],
    [
      3505,
      13505
    ],
    [
      3506,
      13506
    ],
    [
      3517,
      13517
    ],
    [
      3526,
      13526
    ],
    [
      3550,
      13550
    ],
    [
      3551,
      13551
    ],
    [
      3552,
      13552
    ],
    [
      3567,
      13567
    ],
    [
      3578,
      13578
    ],
    [
      3582,
      13582
    ],
    [
      3590,
      13590
    ],
    [
      3600,
      13600
    ],
    [
      3611,
      13611
    ],
    [
      3620,
      13620
    ],
    [
      3621,
      13621
    ],
    [
      3631,
      13631
    ],
    [
      3640,
      13640
    ],
    [
      3654,
      13654
    ],
    [
      3673,
      13673
    ],
    [
      3674,
      13674
    ],
    [
      3692,
      13692
    ],
    [
      3696,
      13696
    ],
    [
      3699,
      13699
    ],
    [
      3703,
      13703
    ],
    [
      3709,
      13709
    ],
    [
      3718,
      13718
    ],
    [
      3720,
      13720
    ],
    [
      3737,
      13737
    ],
    [
      3771,
      13771
    ],
    [
      3782,
      13782
    ],
    [
      3785,
      13785
    ],
    [
      3799,
      13799
    ],
    [
      3858,
      13858
    ],
    [
      3859,
      13859
    ],
    [
      3867,
      13867
    ],
    [
      3892,
      13892
    ],
    [
      3899,
      13899
    ],
    [
      3915,
      13915
    ],
    [
      3916,
      13916
    ],
    [
      3918,
      13918
    ],
    [
      3934,
      13934
    ],
    [
      3935,
      13935
    ],
    [
      3936,
      13936
    ],
    [
      3945,
      13945
    ],
    [
      3973,
      13973
    ],
    [
      4008,
      14008
    ],
    [
      4017,
      14017
    ],
    [
      4020,
      14020
    ],
    [
      4030,
      14030
    ],
    [
      4039,
      14039
    ],
    [
      4043,
      14043
    ],
    [
      4044,
      14044
    ],
    [
      4046,
      14046
    ],
    [
      4051,
      14051
    ],
    [
      4067,
      14067
    ],
    [
      4079,
      14079
    ],
    [
      4086,
      14086
    ],
    [
      4091,
      14091
    ],
    [
      4104,
      14104
    ],
    [
      4110,
      14110
    ],
    [
      4117,
      14117
    ],
    [
      4119,
      14119
    ],
    [
      4126,
      14126
    ],
    [
      4131,
      14131
    ],
    [
      4137,
      14137
    ],
    [
      4138,
      14138
    ],
    [
      4151,
      14151
    ],
    [
      4157,
      14157
    ],
    [
      4165,
      14165
    ],
    [
      4168,
      14168
    ],
    [
      4203,
      14203
    ],
    [
      4218,
      14218
    ],
    [
      4246,
      14246
    ],
    [
      4250,
      14250
    ],
    [
      4253,
      14253
    ],
    [
      4290,
      14290
    ],
    [
      4292,
      14292
    ],
    [
      4304,
      14304
    ],
    [
      4305,
      14305
    ],
    [
      4318,
      14318
    ],
    [
      4319,
      14319
    ],
    [
      4320,
      14320
    ],
    [
      4354,
      14354
    ],
    [
      4396,
      14396
    ],
    [
      4398,
      14398
    ],
    [
      4405,
      14405
    ],
    [
      4413,
      14413
    ],
    [
      4430,
      14430
    ],
    [
      4440,
      14440
    ],
    [
      4451,
      14451
    ],
    [
      4464,
      14464
    ],
    [
      4465,
      14465
    ],
    [
      4480,
      14480
    ],
    [
      4486,
      14486
    ],
    [
      4489,
      14489
    ],
    [
      4490,
      14490
    ],
    [
      4501,
      14501
    ],
    [
      4508,
      14508
    ],
    [
      4527,
      14527
    ],
    [
      4529,
      14529
    ],
    [
      4532,
      14532
    ],
    [
      4533,
      14533
    ],
    [
      4539,
      14539
    ],
    [
      4551,
      14551
    ],
    [
      4563,
      14563
    ],
    [
      4565,
      14565
    ],
    [
      4570,
      14570
    ],
    [
      4576,
      14576
    ],
    [
      4583,
      14583
    ],
    [
      4603,
      14603
    ],
    [
      4606,
      14606
    ],
    [
      4608,
      14608
    ],
    [
      4609,
      14609
    ],
    [
      4611,
      14611
    ],
    [
      4628,
      14628
    ],
    [
      4649,
      14649
    ],
    [
      4666,
      14666
    ],
    [
      4674,
      14674
    ],
    [
      4675,
      14675
    ],
    [
      4678,
      14678
    ],
    [
      4682,
      14682
    ],
    [
      4685,
      14685
    ],
    [
      4687,
      14687
    ],
    [
      4707,
      14707
    ],
    [
      4714,
      14714
    ],
    [
      4726,
      14726
    ],
    [
      4727,
      14727
    ],
    [
      4730,
      14730
    ],
    [
      4747,
      14747
    ],
    [
      4754,
      14754
    ],
    [
      4757,
      14757
    ],
    [
      4759,
      14759
    ],
    [
      4773,
      14773
    ],
    [
      4787,
      14787
    ],
    [
      4789,
      14789
    ],
    [
      4795,
      14795
    ],
    [
      4836,
      14836
    ],
    [
      4844,
      14844
    ],
    [
      4856,
      14856
    ],
    [
      4862,
      14862
    ],
    [
      4877,
      14877
    ],
    [
      4883,
      14883
    ],
    [
      4891,
      14891
    ],
    [
      4900,
      14900
    ],
    [
      4908,
      14908
    ],
    [
      4910,
      14910
    ],
    [
      4911,
      14911
    ],
    [
      4929,
      14929
    ],
    [
      4931,
      14931
    ],
    [
      4942,
      14942
    ],
    [
      4945,
      14945
    ],
    [
      4987,
      14987
    ],
    [
      5040,
      15040
    ],
    [
      5052,
      15052
    ],
    [
      5053,
      15053
    ],
    [
      5054,
      15054
    ],
    [
      5061,
      15061
    ],
    [
      5063,
      15063
    ],
    [
      5075,
      15075
    ],
    [
      5077,
      15077
    ],
    [
      5078,
      15078
    ],
    [
      5081,
      15081
    ],
    [
      5092,
      15092
    ],
    [
      5106,
      15106
    ],
    [
      5109,
      15109
    ],
    [
      5134,
      15134
    ],
    [
      5138,
      15138
    ],
    [
      5150,
      15150
    ],
    [
      5159,
      15159
    ],
    [
      5185,
      15185
    ],
    [
      5196,
      15196
    ],
    [
      5208,
      15208
    ],
    [
      5218,
      15218
    ],
    [
      5220,
      15220
    ],
    [
      5231,
      15231
    ],
    [
      5235,
      15235
    ],
    [
      5257,
      15257
    ],
    [
      5263,
      15263
    ],
    [
      5279,
      15279
    ],
    [
      5284,
      15284
    ],
    [
      5286,
      15286
    ],
    [
      5290,
      15290
    ],
    [
      5327,
      15327
    ],
    [
      5329,
      15329
    ],
    [
      5340,
      15340
    ],
    [
      5354,
      15354
    ],
    [
      5359,
      15359
    ],
    [
      5360,
      15360
    ],
    [
      5399,
      15399
    ],
    [
      5409,
      15409
    ],
    [
      5416,
      15416
    ],
    [
      5432,
      15432
    ],
    [
      5466,
      15466
    ],
    [
      5479,
      15479
    ],
    [
      5480,
      15480
    ],
    [
      5488,
      15488
    ],
    [
      5499,
      15499
    ],
    [
      5501,
      15501
    ],
    [
      5515,
      15515
    ],
    [
      5534,
      15534
    ],
    [
      5541,
      15541
    ],
    [
      5546,
      15546
    ],
    [
      5569,
      15569
    ],
    [
      5591,
      15591
    ],
    [
      5614,
      15614
    ],
    [
      5618,
      15618
    ],
    [
      5621,
      15621
    ],
    [
      5629,
      15629
    ],
    [
      5634,
      15634
    ],
    [
      5639,
      15639
    ],
    [
      5651,
      15651
    ],
    [
      5654,
      15654
    ],
    [
      5671,
      15671
    ],
    [
      5687,
      15687
    ],
    [
      5688,
      15688
    ],
    [
      5693,
      15693
    ],
    [
      5719,
      15719
    ],
    [
      5733,
      15733
    ],
    [
      5734,
      15734
    ],
    [
      5744,
      15744
    ],
    [
      5775,
      15775
    ],
    [
      5776,
      15776
    ],
    [
      5785,
      15785
    ],
    [
      5788,
      15788
    ],
    [
      5794,
      15794
    ],
    [
      5826,
      15826
    ],
    [
      5827,
      15827
    ],
    [
      5830,
      15830
    ],
    [
      5843,
      15843
    ],
    [
      5852,
      15852
    ],
    [
      5862,
      15862
    ],
    [
      5903,
      15903
    ],
    [
      5905,
      15905
    ],
    [
      5907,
      15907
    ],
    [
      5915,
      15915
    ],
    [
      5919,
      15919
    ],
    [
      5923,
      15923
    ],
    [
      5930,
      15930
    ],
    [
      5933,
      15933
    ],
    [
      5942,
      15942
    ],
    [
      5953,
      15953
    ],
    [
      5956,
      15956
    ],
    [
      5963,
      15963
    ],
    [
      5976,
      15976
    ],
    [
      5982,
      15982
    ],
    [
      5994,
      15994
    ],
    [
      5999,
      15999
    ],
    [
      6001,
      16001
    ],
    [
      6019,
      16019
    ],
    [
      6029,
      16029
    ],
    [
      6034,
      16034
    ],
    [
      6040,
      16040
    ],
    [
      6055,
      16055
    ],
    [
      6062,
      16062
    ],
    [
      6068,
      16068
    ],
    [
      6074,
      16074
    ],
    [
      6088,
      16088
    ],
    [
      6092,
      16092
    ],
    [
      6097,
      16097
    ],
    [
      6105,
      16105
    ],
    [
      6113,
      16113
    ],
    [
      6118,
      16118
    ],
    [
      6137,
      16137
    ],
    [
      6140,
      16140
    ],
    [
      6152,
      16152
    ],
    [
      6154,
      16154
    ],
    [
      6157,
      16157
    ],
    [
      6180,
      16180
    ],
    [
      6186,
      16186
    ],
    [
      6192,
      16192
    ],
    [
      6200,
      16200
    ],
    [
      6209,
      16209
    ],
    [
      6210,
      16210
    ],
    [
      6219,
      16219
    ],
    [
      6225,
      16225
    ],
    [
      6243,
      16243
    ],
    [
      6276,
      16276
    ],
    [
      6277,
      16277
    ],
    [
      6288,
      16288
    ],
    [
      6292,
      16292
    ],
    [
      6293,
      16293
    ],
    [
      6305,
      16305
    ],
    [
      6310,
      16310
    ],
    [
      6316,
      16316
    ],
    [
      6324,
      16324
    ],
    [
      6325,
      16325
    ],
    [
      6328,
      16328
    ],
    [
      6334,
      16334
    ],
    [
      6355,
      16355
    ],
    [
      6357,
      16357
    ],
    [
      6371,
      16371
    ],
    [
      6383,
      16383
    ],
    [
      6391,
      16391
    ],
    [
      6399,
      16399
    ],
    [
      6401,
      16401
    ],
    [
      6405,
      16405
    ],
    [
      6418,
      16418
    ],
    [
      6437,
      16437
    ],
    [
      6449,
      16449
    ],
    [
      6453,
      16453
    ],
    [
      6486,
      16486
    ],
    [
      6492,
      16492
    ],
    [
      6502,
      16502
    ],
    [
      6515,
      16515
    ],
    [
      6521,
      16521
    ],
    [
      6523,
      16523
    ],
    [
      6541,
      16541
    ],
    [
      6542,
      16542
    ],
    [
      6544,
      16544
    ],
    [
      6552,
      16552
    ],
    [
      6554,
      16554
    ],
    [
      6555,
      16555
    ],
    [
      6561,
      16561
    ],
    [
      6578,
      16578
    ],
    [
      6587,
      16587
    ],
    [
      6595,
      16595
    ],
    [
      6622,
      16622
    ],
    [
      6626,
      16626
    ],
    [
      6646,
      16646
    ],
    [
      6652,
      16652
    ],
    [
      6671,
      16671
    ],
    [
      6680,
      16680
    ],
    [
      6682,
      16682
    ],
    [
      6685,
      16685
    ],
    [
      6686,
      16686
    ],
    [
      6695,
      16695
    ],
    [
      6700,
      16700
    ],
    [
      6726,
      16726
    ],
    [
      6733,
      16733
    ],
    [
      6734,
      16734
    ],
    [
      6747,
      16747
    ],
    [
      6751,
      16751
    ],
    [
      6766,
      16766
    ],
    [
      6767,
      16767
    ],
    [
      6772,
      16772
    ],
    [
      6776,
      16776
    ],
    [
      6779,
      16779
    ],
    [
      6802,
      16802
    ],
    [
      6803,
      16803
    ],
    [
      6808,
      16808
    ],
    [
      6810,
      16810
    ],
    [
      6818,
      16818
    ],
    [
      6841,
      16841
    ],
    [
      6844,
      16844
    ],
    [
      6861,
      16861
    ],
    [
      6864,
      16864
    ],
    [
      6891,
      16891
    ],
    [
      6908,
      16908
    ],
    [
      6915,
      16915
    ],
    [
      6917,
      16917
    ],
    [
      6932,
      16932
    ],
    [
      6941,
      16941
    ],
    [
      6945,
      16945
    ],
    [
      6963,
      16963
    ],
    [
      6974,
      16974
    ],
    [
      6977,
      16977
    ],
    [
      6979,
      16979
    ],
    [
      6980,
      16980
    ],
    [
      6981,
      16981
    ],
    [
      6990,
      16990
    ],
    [
      6996,
      16996
    ],
    [
      7002,
      17002
    ],
    [
      7018,
      17018
    ],
    [
      7034,
      17034
    ],
    [
      7045,
      17045
    ],
    [
      7051,
      17051
    ],
    [
      7060,
      17060
    ],
    [
      7066,
      17066
    ],
    [
      7073,
      17073
    ],
    [
      7075,
      17075
    ],
    [
      7083,
      17083
    ],
    [
      7102,
      17102
    ],
    [
      7135,
      17135
    ],
    [
      7140,
      17140
    ],
    [
      7143,
      17143
    ],
    [
      7158,
      17158
    ],
    [
      7162,
      17162
    ],
    [
      7183,
      17183
    ],
    [
      7190,
      17190
    ],
    [
      7203,
      17203
    ],
    [
      7208,
      17208
    ],
    [
      7225,
      17225
    ],
    [
      7230,
      17230
    ],
    [
      7233,
      17233
    ],
    [
      7235,
      17235
    ],
    [
      7246,
      17246
    ],
    [
      7251,
      17251
    ],
    [
      7264,
      17264
    ],
    [
      7272,
      17272
    ],
    [
      7273,
      17273
    ],
    [
      7280,
      17280
    ],
    [
      7283,
      17283
    ],
    [
      7296,
      17296
    ],
    [
      7299,
      17299
    ],
    [
      7302,
      17302
    ],
    [
      7304,
      17304
    ],
    [
      7311,
      17311
    ],
    [
      7320,
      17320
    ],
    [
      7337,
      17337
    ],
    [
      7373,
      17373
    ],
    [
      7375,
      17375
    ],
    [
      7390,
      17390
    ],
    [
      7398,
      17398
    ],
    [
      7406,
      17406
    ],
    [
      7417,
      17417
    ],
    [
      7432,
      17432
    ],
    [
      7440,
      17440
    ],
    [
      7465,
      17465
    ],
    [
      7471,
      17471
    ],
    [
      7480,
      17480
    ],
    [
      7485,
      17485
    ],
    [
      7491,
      17491
    ],
    [
      7516,
      17516
    ],
    [
      7519,
      17519
    ],
    [
      7522,
      17522
    ],
    [
      7527,
      17527
    ],
    [
      7534,
      17534
    ],
    [
      7536,
      17536
    ],
    [
      7550,
      17550
    ],
    [
      7551,
      17551
    ],
    [
      7553,
      17553
    ],
    [
      7557,
      17557
    ],
    [
      7572,
      17572
    ],
    [
      7580,
      17580
    ],
    [
      7581,
      17581
    ],
    [
      7582,
      17582
    ],
    [
      7594,
      17594
    ],
    [
      7595,
      17595
    ],
    [
      7623,
      17623
    ],
    [
      7639,
      17639
    ],
    [
      7641,
      17641
    ],
    [
      7673,
      17673
    ],
    [
      7685,
      17685
    ],
    [
      7691,
      17691
    ],
    [
      7698,
      17698
    ],
    [
      7700,
      17700
    ],
    [
      7704,
      17704
    ],
    [
      7713,
      17713
    ],
    [
      7741,
      17741
    ],
    [
      7751,
      17751
    ],
    [
      7760,
      17760
    ],
    [
      7766,
      17766
    ],
    [
      7772,
      17772
    ],
    [
      7780,
      17780
    ],
    [
      7783,
      17783
    ],
    [
      7786,
      17786
    ],
    [
      7796,
      17796
    ],
    [
      7809,
      17809
    ],
    [
      7815,
      17815
    ],
    [
      7823,
      17823
    ],
    [
      7839,
      17839
    ],
    [
      7868,
      17868
    ],
    [
      7870,
      17870
    ],
    [
      7875,
      17875
    ],
    [
      7877,
      17877
    ],
    [
      7879,
      17879
    ],
    [
      7898,
      17898
    ],
    [
      7908,
      17908
    ],
    [
      7918,
      17918
    ],
    [
      7937,
      17937
    ],
    [
      7943,
      17943
    ],
    [
      7956,
      17956
    ],
    [
      7957,
      17957
    ],
    [
      7958,
      17958
    ],
    [
      7959,
      17959
    ],
    [
      7966,
      17966
    ],
    [
      7994,
      17994
    ],
    [
      8012,
      18012
    ],
    [
      8032,
      18032
    ],
    [
      8038,
      18038
    ],
    [
      8048,
      18048
    ],
    [
      8064,
      18064
    ],
    [
      8073,
      18073
    ],
    [
      8092,
      18092
    ],
    [
      8094,
      18094
    ],
    [
      8097,
      18097
    ],
    [
      8102,
      18102
    ],
    [
      8113,
      18113
    ],
    [
      8116,
      18116
    ],
    [
      8124,
      18124
    ],
    [
      8164,
      18164
    ],
    [
      8169,
      18169
    ],
    [
      8181,
      18181
    ],
    [
      8182,
      18182
    ],
    [
      8189,
      18189
    ],
    [
      8193,
      18193
    ],
    [
      8207,
      18207
    ],
    [
      8219,
      18219
    ],
    [
      8227,
      18227
    ],
    [
      8235,
      18235
    ],
    [
      8243,
      18243
    ],
    [
      8246,
      18246
    ],
    [
      8247,
      18247
    ],
    [
      8263,
      18263
    ],
    [
      8264,
      18264
    ],
    [
      8271,
      18271
    ],
    [
      8279,
      18279
    ],
    [
      8292,
      18292
    ],
    [
      8294,
      18294
    ],
    [
      8312,
      18312
    ],
    [
      8320,
      18320
    ],
    [
      8322,
      18322
    ],
    [
      8323,
      18323
    ],
    [
      8333,
      18333
    ],
    [
      8334,
      18334
    ],
    [
      8336,
      18336
    ],
    [
      8342,
      18342
    ],
    [
      8350,
      18350
    ],
    [
      8364,
      18364
    ],
    [
      8376,
      18376
    ],
    [
      8379,
      18379
    ],
    [
      8381,
      18381
    ],
    [
      8385,
      18385
    ],
    [
      8386,
      18386
    ],
    [
      8389,
      18389
    ],
    [
      8408,
      18408
    ],
    [
      8412,
      18412
    ],
    [
      8420,
      18420
    ],
    [
      8449,
      18449
    ],
    [
      8458,
      18458
    ],
    [
      8464,
      18464
    ],
    [
      8471,
      18471
    ],
    [
      8498,
      18498
    ],
    [
      8501,
      18501
    ],
    [
      8518,
      18518
    ],
    [
      8520,
      18520
    ],
    [
      8528,
      18528
    ],
    [
      8529,
      18529
    ],
    [
      8530,
      18530
    ],
    [
      8543,
      18543
    ],
    [
      8569,
      18569
    ],
    [
      8570,
      18570
    ],
    [
      8576,
      18576
    ],
    [
      8591,
      18591
    ],
    [
      8603,
      18603
    ],
    [
      8604,
      18604
    ],
    [
      8605,
      18605
    ],
    [
      8619,
      18619
    ],
    [
      8629,
      18629
    ],
    [
      8634,
      18634
    ],
    [
      8640,
      18640
    ],
    [
      8650,
      18650
    ],
    [
      8658,
      18658
    ],
    [
      8666,
      18666
    ],
    [
      8669,
      18669
    ],
    [
      8672,
      18672
    ],
    [
      8685,
      18685
    ],
    [
      8687,
      18687
    ],
    [
      8695,
      18695
    ],
    [
      8710,
      18710
    ],
    [
      8711,
      18711
    ],
    [
      8714,
      18714
    ],
    [
      8717,
      18717
    ],
    [
      8750,
      18750
    ],
    [
      8755,
      18755
    ],
    [
      8774,
      18774
    ],
    [
      8784,
      18784
    ],
    [
      8817,
      18817
    ],
    [
      8824,
      18824
    ],
    [
      8844,
      18844
    ],
    [
      8847,
      18847
    ],
    [
      8856,
      18856
    ],
    [
      8858,
      18858
    ],
    [
      8859,
      18859
    ],
    [
      8862,
      18862
    ],
    [
      8873,
      18873
    ],
    [
      8892,
      18892
    ],
    [
      8898,
      18898
    ],
    [
      8900,
      18900
    ],
    [
      8904,
      18904
    ],
    [
      8910,
      18910
    ],
    [
      8919,
      18919
    ],
    [
      8948,
      18948
    ],
    [
      8950,
      18950
    ],
    [
      8952,
      18952
    ],
    [
      8960,
      18960
    ],
    [
      8968,
      18968
    ],
    [
      8974,
      18974
    ],
    [
      8983,
      18983
    ],
    [
      8987,
      18987
    ],
    [
      8993,
      18993
    ],
    [
      9005,
      19005
    ],
    [
      9012,
      19012
    ],
    [
      9014,
      19014
    ],
    [
      9028,
      19028
    ],
    [
      9033,
      19033
    ],
    [
      9042,
      19042
    ],
    [
      9050,
      19050
    ],
    [
      9060,
      19060
    ],
    [
      9070,
      19070
    ],
    [
      9075,
      19075
    ],
    [
      9086,
      19086
    ],
    [
      9102,
      19102
    ],
    [
      9113,
      19113
    ],
    [
      9158,
      19158
    ],
    [
      9189,
      19189
    ],
    [
      9190,
      19190
    ],
    [
      9199,
      19199
    ],
    [
      9202,
      19202
    ],
    [
      9205,
      19205
    ],
    [
      9238,
      19238
    ],
    [
      9248,
      19248
    ],
    [
      9250,
      19250
    ],
    [
      9257,
      19257
    ],
    [
      9266,
      19266
    ],
    [
      9279,
      19279
    ],
    [
      9284,
      19284
    ],
    [
      9286,
      19286
    ],
    [
      9295,
      19295
    ],
    [
      9308,
      19308
    ],
    [
      9316,
      19316
    ],
    [
      9321,
      19321
    ],
    [
      9325,
      19325
    ],
    [
      9334,
      19334
    ],
    [
      9339,
      19339
    ],
    [
      9342,
      19342
    ],
    [
      9345,
      19345
    ],
    [
      9348,
      19348
    ],
    [
      9350,
      19350
    ],
    [
      9354,
      19354
    ],
    [
      9358,
      19358
    ],
    [
      9367,
      19367
    ],
    [
      9369,
      19369
    ],
    [
      9370,
      19370
    ],
    [
      9372,
      19372
    ],
    [
      9376,
      19376
    ],
    [
      9382,
      19382
    ],
    [
      9407,
      19407
    ],
    [
      9410,
      19410
    ],
    [
      9420,
      19420
    ],
    [
      9423,
      19423
    ],
    [
      9432,
      19432
    ],
    [
      9433,
      19433
    ],
    [
      9436,
      19436
    ],
    [
      9439,
      19439
    ],
    [
      9441,
      19441
    ],
    [
      9453,
      19453
    ],
    [
      9457,
      19457
    ],
    [
      9471,
      19471
    ],
    [
      9488,
      19488
    ],
    [
      9494,
      19494
    ],
    [
      9511,
      19511
    ],
    [
      9541,
      19541
    ],
    [
      9548,
      19548
    ],
    [
      9554,
      19554
    ],
    [
      9560,
      19560
    ],
    [
      9561,
      19561
    ],
    [
      9568,
      19568
    ],
    [
      9578,
      19578
    ],
    [
      9591,
      19591
    ],
    [
      9595,
      19595
    ],
    [
      9598,
      19598
    ],
    [
      9606,
      19606
    ],
    [
      9619,
      19619
    ],
    [
      9620,
      19620
    ],
    [
      9659,
      19659
    ],
    [
      9666,
      19666
    ],
    [
      9667,
      19667
    ],
    [
      9670,
      19670
    ],
    [
      9676,
      19676
    ],
    [
      9679,
      19679
    ],
    [
      9681,
      19681
    ],
    [
      9683,
      19683
    ],
    [
      9689,
      19689
    ],
    [
      9691,
      19691
    ],
    [
      9692,
      19692
    ],
    [
      9707,
      19707
    ],
    [
      9709,
      19709
    ],
    [
      9723,
      19723
    ],
    [
      9732,
      19732
    ],
    [
      9733,
      19733
    ],
    [
      9738,
      19738
    ],
    [
      9745,
      19745
    ],
    [
      9754,
      19754
    ],
    [
      9756,
      19756
    ],
    [
      9772,
      19772
    ],
    [
      9786,
      19786
    ],
    [
      9790,
      19790
    ],
    [
      9797,
      19797
    ],
    [
      9811,
      19811
    ],
    [
      9818,
      19818
    ],
    [
      9820,
      19820
    ],
    [
      9838,
      19838
    ],
    [
      9847,
      19847
    ],
    [
      9857,
      19857
    ],
    [
      9877,
      19877
    ],
    [
      9882,
      19882
    ],
    [
      9883,
      19883
    ],
    [
      9909,
      19909
    ],
    [
      9914,
      19914
    ],
    [
      9934,
      19934
    ],
    [
      9944,
      19944
    ],
    [
      9945,
      19945
    ],
    [
      9949,
      19949
    ],
    [
      9953,
      19953
    ],
    [
      9958,
      19958
    ],
    [
      9976,
      19976
    ],
    [
      9977,
      19977
    ],
    [
      9998,
      19998
    ]
  ]
}