{
  "n_true_positives": 47,
  "n_positives": 47,
  "total_time": 55.948614835739136,
  "date": "2025-01-25T15:44:24.652787",
  "backend": "BruteForce",
  "n_bins": 0,
  "eps": 7.5,
  "args": {
    "csvpath": [
      "../data/RobustBench/predictions/cifar100c-Gowal2020Uncovering_Linf/vanilla.csv",
      "../data/RobustBench/predictions/cifar100c-Gowal2020Uncovering_Linf/fog-2.csv"
    ],
    "eps": 7.5,
    "n_bins": 0,
    "n_examples": -1,
    "out_path": "../results/semantic//results/cifar100c-Gowal2020Uncovering_Linf/cifar100c-Gowal2020Uncovering_Linf-L2-7.5-fog-2.json",
    "full_output": false,
    "verbose": false,
    "randomize_order": false,
    "backend": "bf",
    "blind_cols": null,
    "pred": "pred",
    "metric": "L2"
  },
  "backend_meta": {
    "epsilon": 7.5,
    "decision_col": "pred",
    "metric": "Linf",
    "is_exact": true,
    "is_sound": true,
    "is_complete": true
  },
  "positives": [
    [
      554,
      10554
    ],
    [
      822,
      10822
    ],
    [
      1314,
      11314
    ],
    [
      1475,
      11475
    ],
    [
      1977,
      11977
    ],
    [
      2169,
      12169
    ],
    [
      2549,
      12549
    ],
    [
      2623,
      12623
    ],
    [
      2662,
      12662
    ],
    [
      2675,
      12675
    ],
    [
      2745,
      12745
    ],
    [
      2924,
      12924
    ],
    [
      3428,
      13428
    ],
    [
      3614,
      13614
    ],
    [
      3723,
      13723
    ],
    [
      4558,
      14558
    ],
    [
      4656,
      14656
    ],
    [
      5586,
      15586
    ],
    [
      5827,
      15827
    ],
    [
      5930,
      15930
    ],
    [
      5983,
      15983
    ],
    [
      6212,
      16212
    ],
    [
      6502,
      16502
    ],
    [
      6681,
      16681
    ],
    [
      6841,
      16841
    ],
    [
      6988,
      16988
    ],
    [
      7092,
      17092
    ],
    [
      7150,
      17150
    ],
    [
      7183,
      17183
    ],
    [
      7184,
      17184
    ],
    [
      7333,
      17333
    ],
    [
      7533,
      17533
    ],
    [
      7595,
      17595
    ],
    [
      7732,
      17732
    ],
    [
      7788,
      17788
    ],
    [
      7826,
      17826
    ],
    [
      7966,
      17966
    ],
    [
      8446,
      18446
    ],
    [
      8449,
      18449
    ],
    [
      8731,
      18731
    ],
    [
      8896,
      18896
    ],
    [
      9213,
      19213
    ],
    [
      9417,
      19417
    ],
    [
      9446,
      19446
    ],
    [
      9689,
      19689
    ],
    [
      9972,
      19972
    ],
    [
      12247,
      15194
    ]
  ]
}