{
  "n_true_positives": 88,
  "n_positives": 88,
  "total_time": 59.52731537818909,
  "date": "2025-01-25T15:44:18.121457",
  "backend": "BruteForce",
  "n_bins": 0,
  "eps": 7.5,
  "args": {
    "csvpath": [
      "../data/RobustBench/predictions/cifar100c-Gowal2020Uncovering_Linf/vanilla.csv",
      "../data/RobustBench/predictions/cifar100c-Gowal2020Uncovering_Linf/motion_blur-1.csv"
    ],
    "eps": 7.5,
    "n_bins": 0,
    "n_examples": -1,
    "out_path": "../results/semantic//results/cifar100c-Gowal2020Uncovering_Linf/cifar100c-Gowal2020Uncovering_Linf-L2-7.5-motion_blur-1.json",
    "full_output": false,
    "verbose": false,
    "randomize_order": false,
    "backend": "bf",
    "blind_cols": null,
    "pred": "pred",
    "metric": "L2"
  },
  "backend_meta": {
    "epsilon": 7.5,
    "decision_col": "pred",
    "metric": "Linf",
    "is_exact": true,
    "is_sound": true,
    "is_complete": true
  },
  "positives": [
    [
      222,
      10222
    ],
    [
      318,
      10318
    ],
    [
      349,
      10349
    ],
    [
      414,
      10414
    ],
    [
      432,
      10432
    ],
    [
      533,
      10533
    ],
    [
      656,
      10656
    ],
    [
      848,
      10848
    ],
    [
      860,
      10860
    ],
    [
      886,
      10886
    ],
    [
      921,
      10921
    ],
    [
      927,
      10927
    ],
    [
      1024,
      11024
    ],
    [
      1113,
      11113
    ],
    [
      1475,
      11475
    ],
    [
      1512,
      11512
    ],
    [
      1615,
      11615
    ],
    [
      1882,
      11882
    ],
    [
      1948,
      11948
    ],
    [
      2110,
      12110
    ],
    [
      2169,
      12169
    ],
    [
      2213,
      12213
    ],
    [
      2246,
      12246
    ],
    [
      2638,
      12638
    ],
    [
      2664,
      12664
    ],
    [
      2878,
      12878
    ],
    [
      2924,
      12924
    ],
    [
      3112,
      13112
    ],
    [
      3484,
      13484
    ],
    [
      3761,
      13761
    ],
    [
      3771,
      13771
    ],
    [
      3799,
      13799
    ],
    [
      4174,
      14174
    ],
    [
      4302,
      14302
    ],
    [
      4465,
      14465
    ],
    [
      4526,
      14526
    ],
    [
      4846,
      14846
    ],
    [
      4863,
      14863
    ],
    [
      4884,
      14884
    ],
    [
      4986,
      14986
    ],
    [
      5105,
      15105
    ],
    [
      5111,
      15111
    ],
    [
      5168,
      15168
    ],
    [
      5220,
      15220
    ],
    [
      5230,
      15230
    ],
    [
      5368,
      15368
    ],
    [
      5642,
      15642
    ],
    [
      5693,
      15693
    ],
    [
      5735,
      15735
    ],
    [
      5930,
      15930
    ],
    [
      5945,
      15945
    ],
    [
      5997,
      15997
    ],
    [
      6014,
      16014
    ],
    [
      6036,
      16036
    ],
    [
      6112,
      16112
    ],
    [
      6159,
      16159
    ],
    [
      6288,
      16288
    ],
    [
      6355,
      16355
    ],
    [
      6441,
      16441
    ],
    [
      6510,
      16510
    ],
    [
      6525,
      16525
    ],
    [
      6569,
      16569
    ],
    [
      7112,
      17112
    ],
    [
      7152,
      17152
    ],
    [
      7225,
      17225
    ],
    [
      7357,
      17357
    ],
    [
      7500,
      17500
    ],
    [
      7722,
      17722
    ],
    [
      7764,
      17764
    ],
    [
      7817,
      17817
    ],
    [
      7824,
      17824
    ],
    [
      7839,
      17839
    ],
    [
      7892,
      17892
    ],
    [
      7897,
      17897
    ],
    [
      7908,
      17908
    ],
    [
      8094,
      18094
    ],
    [
      8312,
      18312
    ],
    [
      8656,
      18656
    ],
    [
      8687,
      18687
    ],
    [
      8711,
      18711
    ],
    [
      8844,
      18844
    ],
    [
      8877,
      18877
    ],
    [
      9423,
      19423
    ],
    [
      9439,
      19439
    ],
    [
      9544,
      19544
    ],
    [
      9666,
      19666
    ],
    [
      9689,
      19689
    ],
    [
      9772,
      19772
    ]
  ]
}