{
  "n_true_positives": 160,
  "n_positives": 160,
  "total_time": 52.88335871696472,
  "date": "2025-01-25T15:46:44.157681",
  "backend": "BruteForce",
  "n_bins": 0,
  "eps": 7.5,
  "args": {
    "csvpath": [
      "../data/RobustBench/predictions/cifar100c-Gowal2020Uncovering_Linf/vanilla.csv",
      "../data/RobustBench/predictions/cifar100c-Gowal2020Uncovering_Linf/impulse_noise-1.csv"
    ],
    "eps": 7.5,
    "n_bins": 0,
    "n_examples": -1,
    "out_path": "../results/semantic//results/cifar100c-Gowal2020Uncovering_Linf/cifar100c-Gowal2020Uncovering_Linf-L2-7.5-impulse_noise-1.json",
    "full_output": false,
    "verbose": false,
    "randomize_order": false,
    "backend": "bf",
    "blind_cols": null,
    "pred": "pred",
    "metric": "L2"
  },
  "backend_meta": {
    "epsilon": 7.5,
    "decision_col": "pred",
    "metric": "Linf",
    "is_exact": true,
    "is_sound": true,
    "is_complete": true
  },
  "positives": [
    [
      67,
      10067
    ],
    [
      127,
      10127
    ],
    [
      134,
      10134
    ],
    [
      169,
      10169
    ],
    [
      406,
      10406
    ],
    [
      408,
      10408
    ],
    [
      500,
      10500
    ],
    [
      658,
      10658
    ],
    [
      750,
      10750
    ],
    [
      791,
      10791
    ],
    [
      816,
      10816
    ],
    [
      826,
      10826
    ],
    [
      875,
      10875
    ],
    [
      1140,
      11140
    ],
    [
      1170,
      11170
    ],
    [
      1188,
      11188
    ],
    [
      1195,
      11195
    ],
    [
      1232,
      11232
    ],
    [
      1325,
      11325
    ],
    [
      1334,
      11334
    ],
    [
      1392,
      11392
    ],
    [
      1520,
      11520
    ],
    [
      1591,
      11591
    ],
    [
      1594,
      11594
    ],
    [
      1617,
      11617
    ],
    [
      1733,
      11733
    ],
    [
      1763,
      11763
    ],
    [
      1778,
      11778
    ],
    [
      1914,
      11914
    ],
    [
      1970,
      11970
    ],
    [
      1999,
      11999
    ],
    [
      2016,
      12016
    ],
    [
      2021,
      12021
    ],
    [
      2187,
      12187
    ],
    [
      2203,
      12203
    ],
    [
      2278,
      12278
    ],
    [
      2344,
      12344
    ],
    [
      2357,
      12357
    ],
    [
      2365,
      12365
    ],
    [
      2757,
      12757
    ],
    [
      2774,
      12774
    ],
    [
      2798,
      12798
    ],
    [
      2808,
      12808
    ],
    [
      2893,
      12893
    ],
    [
      2941,
      12941
    ],
    [
      3024,
      13024
    ],
    [
      3039,
      13039
    ],
    [
      3130,
      13130
    ],
    [
      3194,
      13194
    ],
    [
      3344,
      13344
    ],
    [
      3369,
      13369
    ],
    [
      3375,
      13375
    ],
    [
      3403,
      13403
    ],
    [
      3416,
      13416
    ],
    [
      3498,
      13498
    ],
    [
      3550,
      13550
    ],
    [
      3602,
      13602
    ],
    [
      3667,
      13667
    ],
    [
      3754,
      13754
    ],
    [
      3848,
      13848
    ],
    [
      3994,
      13994
    ],
    [
      4099,
      14099
    ],
    [
      4135,
      14135
    ],
    [
      4200,
      14200
    ],
    [
      4209,
      14209
    ],
    [
      4300,
      14300
    ],
    [
      4333,
      14333
    ],
    [
      4491,
      14491
    ],
    [
      4583,
      14583
    ],
    [
      4621,
      14621
    ],
    [
      4710,
      14710
    ],
    [
      4758,
      14758
    ],
    [
      4779,
      14779
    ],
    [
      4802,
      14802
    ],
    [
      4836,
      14836
    ],
    [
      4963,
      14963
    ],
    [
      5012,
      15012
    ],
    [
      5057,
      15057
    ],
    [
      5142,
      15142
    ],
    [
      5213,
      15213
    ],
    [
      5218,
      15218
    ],
    [
      5237,
      15237
    ],
    [
      5354,
      15354
    ],
    [
      5360,
      15360
    ],
    [
      5371,
      15371
    ],
    [
      5449,
      15449
    ],
    [
      5485,
      15485
    ],
    [
      5530,
      15530
    ],
    [
      5570,
      15570
    ],
    [
      5599,
      15599
    ],
    [
      5659,
      15659
    ],
    [
      5742,
      15742
    ],
    [
      5872,
      15872
    ],
    [
      5881,
      15881
    ],
    [
      5896,
      15896
    ],
    [
      5945,
      15945
    ],
    [
      5955,
      15955
    ],
    [
      5956,
      15956
    ],
    [
      5979,
      15979
    ],
    [
      6005,
      16005
    ],
    [
      6068,
      16068
    ],
    [
      6105,
      16105
    ],
    [
      6122,
      16122
    ],
    [
      6156,
      16156
    ],
    [
      6167,
      16167
    ],
    [
      6242,
      16242
    ],
    [
      6414,
      16414
    ],
    [
      6443,
      16443
    ],
    [
      6503,
      16503
    ],
    [
      6523,
      16523
    ],
    [
      6539,
      16539
    ],
    [
      6595,
      16595
    ],
    [
      6792,
      16792
    ],
    [
      6821,
      16821
    ],
    [
      6832,
      16832
    ],
    [
      6837,
      16837
    ],
    [
      6889,
      16889
    ],
    [
      6913,
      16913
    ],
    [
      6997,
      16997
    ],
    [
      7010,
      17010
    ],
    [
      7066,
      17066
    ],
    [
      7251,
      17251
    ],
    [
      7272,
      17272
    ],
    [
      7323,
      17323
    ],
    [
      7367,
      17367
    ],
    [
      7393,
      17393
    ],
    [
      7407,
      17407
    ],
    [
      7417,
      17417
    ],
    [
      7453,
      17453
    ],
    [
      7463,
      17463
    ],
    [
      7481,
      17481
    ],
    [
      7489,
      17489
    ],
    [
      7620,
      17620
    ],
    [
      7838,
      17838
    ],
    [
      7952,
      17952
    ],
    [
      8030,
      18030
    ],
    [
      8140,
      18140
    ],
    [
      8184,
      18184
    ],
    [
      8360,
      18360
    ],
    [
      8364,
      18364
    ],
    [
      8576,
      18576
    ],
    [
      8666,
      18666
    ],
    [
      8948,
      18948
    ],
    [
      9042,
      19042
    ],
    [
      9168,
      19168
    ],
    [
      9285,
      19285
    ],
    [
      9292,
      19292
    ],
    [
      9303,
      19303
    ],
    [
      9417,
      19417
    ],
    [
      9466,
      19466
    ],
    [
      9511,
      19511
    ],
    [
      9640,
      19640
    ],
    [
      9676,
      19676
    ],
    [
      9803,
      19803
    ],
    [
      9827,
      19827
    ],
    [
      9840,
      19840
    ],
    [
      9891,
      19891
    ],
    [
      9962,
      19962
    ],
    [
      9977,
      19977
    ],
    [
      9998,
      19998
    ]
  ]
}