{
  "n_true_positives": 1688,
  "n_positives": 1688,
  "total_time": 53.02281093597412,
  "date": "2025-01-25T15:46:14.657834",
  "backend": "BruteForce",
  "n_bins": 0,
  "eps": 7.5,
  "args": {
    "csvpath": [
      "../data/RobustBench/predictions/cifar100c-Gowal2020Uncovering_Linf/vanilla.csv",
      "../data/RobustBench/predictions/cifar100c-Gowal2020Uncovering_Linf/brightness-2.csv"
    ],
    "eps": 7.5,
    "n_bins": 0,
    "n_examples": -1,
    "out_path": "../results/semantic//results/cifar100c-Gowal2020Uncovering_Linf/cifar100c-Gowal2020Uncovering_Linf-L2-7.5-brightness-2.json",
    "full_output": false,
    "verbose": false,
    "randomize_order": false,
    "backend": "bf",
    "blind_cols": null,
    "pred": "pred",
    "metric": "L2"
  },
  "backend_meta": {
    "epsilon": 7.5,
    "decision_col": "pred",
    "metric": "Linf",
    "is_exact": true,
    "is_sound": true,
    "is_complete": true
  },
  "positives": [
    [
      2,
      10002
    ],
    [
      8,
      10008
    ],
    [
      41,
      10041
    ],
    [
      43,
      10043
    ],
    [
      54,
      10054
    ],
    [
      62,
      10062
    ],
    [
      65,
      10065
    ],
    [
      70,
      10070
    ],
    [
      71,
      10071
    ],
    [
      86,
      10086
    ],
    [
      87,
      10087
    ],
    [
      88,
      10088
    ],
    [
      90,
      10090
    ],
    [
      113,
      10113
    ],
    [
      114,
      10114
    ],
    [
      153,
      10153
    ],
    [
      155,
      10155
    ],
    [
      161,
      10161
    ],
    [
      162,
      10162
    ],
    [
      163,
      10163
    ],
    [
      164,
      10164
    ],
    [
      167,
      10167
    ],
    [
      170,
      10170
    ],
    [
      172,
      10172
    ],
    [
      175,
      10175
    ],
    [
      180,
      10180
    ],
    [
      183,
      10183
    ],
    [
      197,
      10197
    ],
    [
      209,
      10209
    ],
    [
      210,
      10210
    ],
    [
      211,
      10211
    ],
    [
      222,
      10222
    ],
    [
      227,
      10227
    ],
    [
      230,
      10230
    ],
    [
      236,
      10236
    ],
    [
      252,
      10252
    ],
    [
      253,
      10253
    ],
    [
      256,
      10256
    ],
    [
      258,
      10258
    ],
    [
      259,
      10259
    ],
    [
      263,
      10263
    ],
    [
      266,
      10266
    ],
    [
      286,
      10286
    ],
    [
      296,
      10296
    ],
    [
      308,
      10308
    ],
    [
      322,
      10322
    ],
    [
      329,
      10329
    ],
    [
      340,
      10340
    ],
    [
      346,
      10346
    ],
    [
      348,
      10348
    ],
    [
      359,
      10359
    ],
    [
      390,
      10390
    ],
    [
      392,
      10392
    ],
    [
      397,
      10397
    ],
    [
      408,
      10408
    ],
    [
      409,
      10409
    ],
    [
      414,
      10414
    ],
    [
      416,
      10416
    ],
    [
      425,
      10425
    ],
    [
      427,
      10427
    ],
    [
      444,
      10444
    ],
    [
      447,
      10447
    ],
    [
      451,
      10451
    ],
    [
      458,
      10458
    ],
    [
      466,
      10466
    ],
    [
      474,
      10474
    ],
    [
      478,
      10478
    ],
    [
      480,
      10480
    ],
    [
      485,
      10485
    ],
    [
      486,
      10486
    ],
    [
      488,
      10488
    ],
    [
      495,
      10495
    ],
    [
      513,
      10513
    ],
    [
      521,
      10521
    ],
    [
      530,
      10530
    ],
    [
      533,
      10533
    ],
    [
      535,
      10535
    ],
    [
      541,
      10541
    ],
    [
      545,
      10545
    ],
    [
      549,
      10549
    ],
    [
      556,
      10556
    ],
    [
      558,
      10558
    ],
    [
      561,
      10561
    ],
    [
      564,
      10564
    ],
    [
      565,
      10565
    ],
    [
      567,
      10567
    ],
    [
      570,
      10570
    ],
    [
      572,
      10572
    ],
    [
      574,
      10574
    ],
    [
      576,
      10576
    ],
    [
      579,
      10579
    ],
    [
      590,
      10590
    ],
    [
      605,
      10605
    ],
    [
      609,
      10609
    ],
    [
      616,
      10616
    ],
    [
      639,
      10639
    ],
    [
      646,
      10646
    ],
    [
      653,
      10653
    ],
    [
      656,
      10656
    ],
    [
      658,
      10658
    ],
    [
      671,
      10671
    ],
    [
      696,
      10696
    ],
    [
      701,
      10701
    ],
    [
      706,
      10706
    ],
    [
      707,
      10707
    ],
    [
      709,
      10709
    ],
    [
      711,
      10711
    ],
    [
      712,
      10712
    ],
    [
      718,
      10718
    ],
    [
      720,
      10720
    ],
    [
      736,
      10736
    ],
    [
      737,
      10737
    ],
    [
      743,
      10743
    ],
    [
      750,
      10750
    ],
    [
      754,
      10754
    ],
    [
      756,
      10756
    ],
    [
      758,
      10758
    ],
    [
      764,
      10764
    ],
    [
      765,
      10765
    ],
    [
      766,
      10766
    ],
    [
      787,
      10787
    ],
    [
      794,
      10794
    ],
    [
      796,
      10796
    ],
    [
      798,
      10798
    ],
    [
      804,
      10804
    ],
    [
      812,
      10812
    ],
    [
      818,
      10818
    ],
    [
      820,
      10820
    ],
    [
      826,
      10826
    ],
    [
      835,
      10835
    ],
    [
      838,
      10838
    ],
    [
      842,
      10842
    ],
    [
      845,
      10845
    ],
    [
      847,
      10847
    ],
    [
      848,
      10848
    ],
    [
      860,
      10860
    ],
    [
      866,
      10866
    ],
    [
      871,
      10871
    ],
    [
      872,
      10872
    ],
    [
      874,
      10874
    ],
    [
      886,
      10886
    ],
    [
      888,
      10888
    ],
    [
      895,
      10895
    ],
    [
      899,
      10899
    ],
    [
      901,
      10901
    ],
    [
      904,
      10904
    ],
    [
      910,
      10910
    ],
    [
      911,
      10911
    ],
    [
      918,
      10918
    ],
    [
      919,
      10919
    ],
    [
      920,
      10920
    ],
    [
      922,
      10922
    ],
    [
      930,
      10930
    ],
    [
      933,
      10933
    ],
    [
      936,
      10936
    ],
    [
      940,
      10940
    ],
    [
      950,
      10950
    ],
    [
      955,
      10955
    ],
    [
      957,
      10957
    ],
    [
      960,
      10960
    ],
    [
      963,
      10963
    ],
    [
      971,
      10971
    ],
    [
      972,
      10972
    ],
    [
      974,
      10974
    ],
    [
      976,
      10976
    ],
    [
      979,
      10979
    ],
    [
      981,
      10981
    ],
    [
      983,
      10983
    ],
    [
      986,
      10986
    ],
    [
      991,
      10991
    ],
    [
      992,
      10992
    ],
    [
      1016,
      11016
    ],
    [
      1018,
      11018
    ],
    [
      1022,
      11022
    ],
    [
      1025,
      11025
    ],
    [
      1052,
      11052
    ],
    [
      1064,
      11064
    ],
    [
      1071,
      11071
    ],
    [
      1072,
      11072
    ],
    [
      1079,
      11079
    ],
    [
      1081,
      11081
    ],
    [
      1084,
      11084
    ],
    [
      1098,
      11098
    ],
    [
      1116,
      11116
    ],
    [
      1139,
      11139
    ],
    [
      1140,
      11140
    ],
    [
      1143,
      11143
    ],
    [
      1149,
      11149
    ],
    [
      1156,
      11156
    ],
    [
      1160,
      11160
    ],
    [
      1161,
      11161
    ],
    [
      1162,
      11162
    ],
    [
      1169,
      11169
    ],
    [
      1170,
      11170
    ],
    [
      1177,
      11177
    ],
    [
      1179,
      11179
    ],
    [
      1181,
      11181
    ],
    [
      1182,
      11182
    ],
    [
      1185,
      11185
    ],
    [
      1192,
      11192
    ],
    [
      1196,
      11196
    ],
    [
      1199,
      11199
    ],
    [
      1211,
      11211
    ],
    [
      1219,
      11219
    ],
    [
      1223,
      11223
    ],
    [
      1238,
      11238
    ],
    [
      1242,
      11242
    ],
    [
      1243,
      11243
    ],
    [
      1247,
      11247
    ],
    [
      1253,
      11253
    ],
    [
      1272,
      11272
    ],
    [
      1281,
      11281
    ],
    [
      1283,
      11283
    ],
    [
      1299,
      11299
    ],
    [
      1302,
      11302
    ],
    [
      1306,
      11306
    ],
    [
      1307,
      11307
    ],
    [
      1311,
      11311
    ],
    [
      1313,
      11313
    ],
    [
      1315,
      11315
    ],
    [
      1328,
      11328
    ],
    [
      1329,
      11329
    ],
    [
      1332,
      11332
    ],
    [
      1333,
      11333
    ],
    [
      1336,
      11336
    ],
    [
      1345,
      11345
    ],
    [
      1347,
      11347
    ],
    [
      1348,
      11348
    ],
    [
      1351,
      11351
    ],
    [
      1374,
      11374
    ],
    [
      1387,
      11387
    ],
    [
      1392,
      11392
    ],
    [
      1397,
      11397
    ],
    [
      1399,
      11399
    ],
    [
      1407,
      11407
    ],
    [
      1408,
      11408
    ],
    [
      1411,
      11411
    ],
    [
      1418,
      11418
    ],
    [
      1429,
      11429
    ],
    [
      1437,
      11437
    ],
    [
      1439,
      11439
    ],
    [
      1448,
      11448
    ],
    [
      1450,
      11450
    ],
    [
      1452,
      11452
    ],
    [
      1453,
      11453
    ],
    [
      1472,
      11472
    ],
    [
      1482,
      11482
    ],
    [
      1496,
      11496
    ],
    [
      1498,
      11498
    ],
    [
      1503,
      11503
    ],
    [
      1512,
      11512
    ],
    [
      1521,
      11521
    ],
    [
      1523,
      11523
    ],
    [
      1524,
      11524
    ],
    [
      1527,
      11527
    ],
    [
      1537,
      11537
    ],
    [
      1547,
      11547
    ],
    [
      1551,
      11551
    ],
    [
      1559,
      11559
    ],
    [
      1567,
      11567
    ],
    [
      1570,
      11570
    ],
    [
      1574,
      11574
    ],
    [
      1581,
      11581
    ],
    [
      1583,
      11583
    ],
    [
      1585,
      11585
    ],
    [
      1591,
      11591
    ],
    [
      1594,
      11594
    ],
    [
      1596,
      11596
    ],
    [
      1597,
      11597
    ],
    [
      1600,
      11600
    ],
    [
      1607,
      11607
    ],
    [
      1609,
      11609
    ],
    [
      1616,
      11616
    ],
    [
      1623,
      11623
    ],
    [
      1626,
      11626
    ],
    [
      1654,
      11654
    ],
    [
      1656,
      11656
    ],
    [
      1661,
      11661
    ],
    [
      1668,
      11668
    ],
    [
      1673,
      11673
    ],
    [
      1688,
      11688
    ],
    [
      1689,
      11689
    ],
    [
      1692,
      11692
    ],
    [
      1701,
      11701
    ],
    [
      1702,
      11702
    ],
    [
      1704,
      11704
    ],
    [
      1708,
      11708
    ],
    [
      1710,
      11710
    ],
    [
      1714,
      11714
    ],
    [
      1717,
      11717
    ],
    [
      1721,
      11721
    ],
    [
      1731,
      11731
    ],
    [
      1734,
      11734
    ],
    [
      1739,
      11739
    ],
    [
      1753,
      11753
    ],
    [
      1756,
      11756
    ],
    [
      1760,
      11760
    ],
    [
      1762,
      11762
    ],
    [
      1769,
      11769
    ],
    [
      1772,
      11772
    ],
    [
      1790,
      11790
    ],
    [
      1791,
      11791
    ],
    [
      1794,
      11794
    ],
    [
      1798,
      11798
    ],
    [
      1808,
      11808
    ],
    [
      1814,
      11814
    ],
    [
      1833,
      11833
    ],
    [
      1834,
      11834
    ],
    [
      1836,
      11836
    ],
    [
      1854,
      11854
    ],
    [
      1865,
      11865
    ],
    [
      1882,
      11882
    ],
    [
      1883,
      11883
    ],
    [
      1900,
      11900
    ],
    [
      1901,
      11901
    ],
    [
      1912,
      11912
    ],
    [
      1914,
      11914
    ],
    [
      1919,
      11919
    ],
    [
      1924,
      11924
    ],
    [
      1929,
      11929
    ],
    [
      1930,
      11930
    ],
    [
      1944,
      11944
    ],
    [
      1951,
      11951
    ],
    [
      1957,
      11957
    ],
    [
      1977,
      11977
    ],
    [
      1999,
      11999
    ],
    [
      2003,
      12003
    ],
    [
      2014,
      12014
    ],
    [
      2019,
      12019
    ],
    [
      2021,
      12021
    ],
    [
      2028,
      12028
    ],
    [
      2035,
      12035
    ],
    [
      2045,
      12045
    ],
    [
      2047,
      12047
    ],
    [
      2052,
      12052
    ],
    [
      2053,
      12053
    ],
    [
      2057,
      12057
    ],
    [
      2061,
      12061
    ],
    [
      2069,
      12069
    ],
    [
      2074,
      12074
    ],
    [
      2075,
      12075
    ],
    [
      2080,
      12080
    ],
    [
      2084,
      12084
    ],
    [
      2087,
      12087
    ],
    [
      2091,
      12091
    ],
    [
      2093,
      12093
    ],
    [
      2098,
      12098
    ],
    [
      2099,
      12099
    ],
    [
      2103,
      12103
    ],
    [
      2105,
      12105
    ],
    [
      2110,
      12110
    ],
    [
      2115,
      12115
    ],
    [
      2130,
      12130
    ],
    [
      2131,
      12131
    ],
    [
      2136,
      12136
    ],
    [
      2139,
      12139
    ],
    [
      2146,
      12146
    ],
    [
      2147,
      12147
    ],
    [
      2149,
      12149
    ],
    [
      2152,
      12152
    ],
    [
      2156,
      12156
    ],
    [
      2168,
      12168
    ],
    [
      2184,
      12184
    ],
    [
      2187,
      12187
    ],
    [
      2188,
      12188
    ],
    [
      2189,
      12189
    ],
    [
      2191,
      12191
    ],
    [
      2192,
      12192
    ],
    [
      2199,
      12199
    ],
    [
      2203,
      12203
    ],
    [
      2213,
      12213
    ],
    [
      2214,
      12214
    ],
    [
      2217,
      12217
    ],
    [
      2221,
      12221
    ],
    [
      2223,
      12223
    ],
    [
      2227,
      12227
    ],
    [
      2251,
      12251
    ],
    [
      2261,
      12261
    ],
    [
      2267,
      12267
    ],
    [
      2273,
      12273
    ],
    [
      2278,
      12278
    ],
    [
      2279,
      12279
    ],
    [
      2282,
      12282
    ],
    [
      2283,
      12283
    ],
    [
      2284,
      12284
    ],
    [
      2295,
      12295
    ],
    [
      2309,
      12309
    ],
    [
      2322,
      12322
    ],
    [
      2337,
      12337
    ],
    [
      2341,
      12341
    ],
    [
      2342,
      12342
    ],
    [
      2343,
      12343
    ],
    [
      2344,
      12344
    ],
    [
      2345,
      12345
    ],
    [
      2347,
      12347
    ],
    [
      2348,
      12348
    ],
    [
      2352,
      12352
    ],
    [
      2356,
      12356
    ],
    [
      2369,
      12369
    ],
    [
      2370,
      12370
    ],
    [
      2371,
      12371
    ],
    [
      2374,
      12374
    ],
    [
      2376,
      12376
    ],
    [
      2402,
      12402
    ],
    [
      2405,
      12405
    ],
    [
      2414,
      12414
    ],
    [
      2428,
      12428
    ],
    [
      2435,
      12435
    ],
    [
      2437,
      12437
    ],
    [
      2448,
      12448
    ],
    [
      2452,
      12452
    ],
    [
      2455,
      12455
    ],
    [
      2464,
      12464
    ],
    [
      2465,
      12465
    ],
    [
      2481,
      12481
    ],
    [
      2485,
      12485
    ],
    [
      2497,
      12497
    ],
    [
      2507,
      12507
    ],
    [
      2513,
      12513
    ],
    [
      2520,
      12520
    ],
    [
      2521,
      12521
    ],
    [
      2531,
      12531
    ],
    [
      2537,
      12537
    ],
    [
      2548,
      12548
    ],
    [
      2552,
      12552
    ],
    [
      2555,
      12555
    ],
    [
      2558,
      12558
    ],
    [
      2562,
      12562
    ],
    [
      2573,
      12573
    ],
    [
      2578,
      12578
    ],
    [
      2595,
      12595
    ],
    [
      2598,
      12598
    ],
    [
      2599,
      12599
    ],
    [
      2612,
      12612
    ],
    [
      2614,
      12614
    ],
    [
      2619,
      12619
    ],
    [
      2635,
      12635
    ],
    [
      2640,
      12640
    ],
    [
      2651,
      12651
    ],
    [
      2659,
      12659
    ],
    [
      2660,
      12660
    ],
    [
      2664,
      12664
    ],
    [
      2673,
      12673
    ],
    [
      2677,
      12677
    ],
    [
      2678,
      12678
    ],
    [
      2679,
      12679
    ],
    [
      2681,
      12681
    ],
    [
      2685,
      12685
    ],
    [
      2701,
      12701
    ],
    [
      2702,
      12702
    ],
    [
      2704,
      12704
    ],
    [
      2705,
      12705
    ],
    [
      2712,
      12712
    ],
    [
      2717,
      12717
    ],
    [
      2718,
      12718
    ],
    [
      2722,
      12722
    ],
    [
      2726,
      12726
    ],
    [
      2730,
      12730
    ],
    [
      2731,
      12731
    ],
    [
      2733,
      12733
    ],
    [
      2745,
      12745
    ],
    [
      2750,
      12750
    ],
    [
      2754,
      12754
    ],
    [
      2755,
      12755
    ],
    [
      2757,
      12757
    ],
    [
      2759,
      12759
    ],
    [
      2769,
      12769
    ],
    [
      2778,
      12778
    ],
    [
      2786,
      12786
    ],
    [
      2791,
      12791
    ],
    [
      2798,
      12798
    ],
    [
      2803,
      12803
    ],
    [
      2808,
      12808
    ],
    [
      2809,
      12809
    ],
    [
      2813,
      12813
    ],
    [
      2826,
      12826
    ],
    [
      2827,
      12827
    ],
    [
      2828,
      12828
    ],
    [
      2835,
      12835
    ],
    [
      2837,
      12837
    ],
    [
      2841,
      12841
    ],
    [
      2852,
      12852
    ],
    [
      2859,
      12859
    ],
    [
      2860,
      12860
    ],
    [
      2861,
      12861
    ],
    [
      2862,
      12862
    ],
    [
      2866,
      12866
    ],
    [
      2869,
      12869
    ],
    [
      2877,
      12877
    ],
    [
      2878,
      12878
    ],
    [
      2885,
      12885
    ],
    [
      2888,
      12888
    ],
    [
      2890,
      12890
    ],
    [
      2893,
      12893
    ],
    [
      2896,
      12896
    ],
    [
      2900,
      12900
    ],
    [
      2901,
      12901
    ],
    [
      2903,
      12903
    ],
    [
      2909,
      12909
    ],
    [
      2917,
      12917
    ],
    [
      2930,
      12930
    ],
    [
      2931,
      12931
    ],
    [
      2934,
      12934
    ],
    [
      2938,
      12938
    ],
    [
      2941,
      12941
    ],
    [
      2947,
      12947
    ],
    [
      2954,
      12954
    ],
    [
      2959,
      12959
    ],
    [
      2976,
      12976
    ],
    [
      2990,
      12990
    ],
    [
      2991,
      12991
    ],
    [
      2993,
      12993
    ],
    [
      2999,
      12999
    ],
    [
      3004,
      13004
    ],
    [
      3012,
      13012
    ],
    [
      3018,
      13018
    ],
    [
      3019,
      13019
    ],
    [
      3020,
      13020
    ],
    [
      3029,
      13029
    ],
    [
      3030,
      13030
    ],
    [
      3039,
      13039
    ],
    [
      3041,
      13041
    ],
    [
      3069,
      13069
    ],
    [
      3072,
      13072
    ],
    [
      3074,
      13074
    ],
    [
      3076,
      13076
    ],
    [
      3078,
      13078
    ],
    [
      3084,
      13084
    ],
    [
      3086,
      13086
    ],
    [
      3088,
      13088
    ],
    [
      3092,
      13092
    ],
    [
      3098,
      13098
    ],
    [
      3102,
      13102
    ],
    [
      3104,
      13104
    ],
    [
      3112,
      13112
    ],
    [
      3113,
      13113
    ],
    [
      3117,
      13117
    ],
    [
      3132,
      13132
    ],
    [
      3143,
      13143
    ],
    [
      3148,
      13148
    ],
    [
      3151,
      13151
    ],
    [
      3154,
      13154
    ],
    [
      3157,
      13157
    ],
    [
      3161,
      13161
    ],
    [
      3164,
      13164
    ],
    [
      3174,
      13174
    ],
    [
      3176,
      13176
    ],
    [
      3177,
      13177
    ],
    [
      3185,
      13185
    ],
    [
      3191,
      13191
    ],
    [
      3192,
      13192
    ],
    [
      3222,
      13222
    ],
    [
      3229,
      13229
    ],
    [
      3234,
      13234
    ],
    [
      3235,
      13235
    ],
    [
      3239,
      13239
    ],
    [
      3243,
      13243
    ],
    [
      3248,
      13248
    ],
    [
      3261,
      13261
    ],
    [
      3266,
      13266
    ],
    [
      3269,
      13269
    ],
    [
      3281,
      13281
    ],
    [
      3286,
      13286
    ],
    [
      3305,
      13305
    ],
    [
      3311,
      13311
    ],
    [
      3322,
      13322
    ],
    [
      3325,
      13325
    ],
    [
      3326,
      13326
    ],
    [
      3331,
      13331
    ],
    [
      3332,
      13332
    ],
    [
      3333,
      13333
    ],
    [
      3337,
      13337
    ],
    [
      3341,
      13341
    ],
    [
      3344,
      13344
    ],
    [
      3345,
      13345
    ],
    [
      3356,
      13356
    ],
    [
      3359,
      13359
    ],
    [
      3367,
      13367
    ],
    [
      3368,
      13368
    ],
    [
      3371,
      13371
    ],
    [
      3372,
      13372
    ],
    [
      3375,
      13375
    ],
    [
      3379,
      13379
    ],
    [
      3382,
      13382
    ],
    [
      3389,
      13389
    ],
    [
      3390,
      13390
    ],
    [
      3392,
      13392
    ],
    [
      3393,
      13393
    ],
    [
      3403,
      13403
    ],
    [
      3404,
      13404
    ],
    [
      3405,
      13405
    ],
    [
      3408,
      13408
    ],
    [
      3417,
      13417
    ],
    [
      3418,
      13418
    ],
    [
      3421,
      13421
    ],
    [
      3422,
      13422
    ],
    [
      3424,
      13424
    ],
    [
      3426,
      13426
    ],
    [
      3448,
      13448
    ],
    [
      3454,
      13454
    ],
    [
      3456,
      13456
    ],
    [
      3473,
      13473
    ],
    [
      3475,
      13475
    ],
    [
      3480,
      13480
    ],
    [
      3486,
      13486
    ],
    [
      3489,
      13489
    ],
    [
      3492,
      13492
    ],
    [
      3504,
      13504
    ],
    [
      3506,
      13506
    ],
    [
      3511,
      13511
    ],
    [
      3516,
      13516
    ],
    [
      3519,
      13519
    ],
    [
      3526,
      13526
    ],
    [
      3527,
      13527
    ],
    [
      3535,
      13535
    ],
    [
      3538,
      13538
    ],
    [
      3550,
      13550
    ],
    [
      3552,
      13552
    ],
    [
      3553,
      13553
    ],
    [
      3567,
      13567
    ],
    [
      3578,
      13578
    ],
    [
      3590,
      13590
    ],
    [
      3600,
      13600
    ],
    [
      3603,
      13603
    ],
    [
      3607,
      13607
    ],
    [
      3618,
      13618
    ],
    [
      3631,
      13631
    ],
    [
      3636,
      13636
    ],
    [
      3638,
      13638
    ],
    [
      3640,
      13640
    ],
    [
      3644,
      13644
    ],
    [
      3647,
      13647
    ],
    [
      3654,
      13654
    ],
    [
      3656,
      13656
    ],
    [
      3658,
      13658
    ],
    [
      3666,
      13666
    ],
    [
      3673,
      13673
    ],
    [
      3674,
      13674
    ],
    [
      3675,
      13675
    ],
    [
      3694,
      13694
    ],
    [
      3696,
      13696
    ],
    [
      3697,
      13697
    ],
    [
      3703,
      13703
    ],
    [
      3718,
      13718
    ],
    [
      3724,
      13724
    ],
    [
      3729,
      13729
    ],
    [
      3732,
      13732
    ],
    [
      3736,
      13736
    ],
    [
      3757,
      13757
    ],
    [
      3761,
      13761
    ],
    [
      3765,
      13765
    ],
    [
      3771,
      13771
    ],
    [
      3776,
      13776
    ],
    [
      3782,
      13782
    ],
    [
      3792,
      13792
    ],
    [
      3796,
      13796
    ],
    [
      3802,
      13802
    ],
    [
      3812,
      13812
    ],
    [
      3824,
      13824
    ],
    [
      3826,
      13826
    ],
    [
      3827,
      13827
    ],
    [
      3834,
      13834
    ],
    [
      3846,
      13846
    ],
    [
      3874,
      13874
    ],
    [
      3875,
      13875
    ],
    [
      3876,
      13876
    ],
    [
      3885,
      13885
    ],
    [
      3886,
      13886
    ],
    [
      3891,
      13891
    ],
    [
      3915,
      13915
    ],
    [
      3923,
      13923
    ],
    [
      3929,
      13929
    ],
    [
      3934,
      13934
    ],
    [
      3936,
      13936
    ],
    [
      3940,
      13940
    ],
    [
      3943,
      13943
    ],
    [
      3945,
      13945
    ],
    [
      3951,
      13951
    ],
    [
      3961,
      13961
    ],
    [
      3977,
      13977
    ],
    [
      4008,
      14008
    ],
    [
      4009,
      14009
    ],
    [
      4026,
      14026
    ],
    [
      4030,
      14030
    ],
    [
      4039,
      14039
    ],
    [
      4051,
      14051
    ],
    [
      4059,
      14059
    ],
    [
      4062,
      14062
    ],
    [
      4065,
      14065
    ],
    [
      4066,
      14066
    ],
    [
      4075,
      14075
    ],
    [
      4082,
      14082
    ],
    [
      4083,
      14083
    ],
    [
      4090,
      14090
    ],
    [
      4091,
      14091
    ],
    [
      4104,
      14104
    ],
    [
      4118,
      14118
    ],
    [
      4119,
      14119
    ],
    [
      4120,
      14120
    ],
    [
      4126,
      14126
    ],
    [
      4131,
      14131
    ],
    [
      4139,
      14139
    ],
    [
      4168,
      14168
    ],
    [
      4170,
      14170
    ],
    [
      4174,
      14174
    ],
    [
      4177,
      14177
    ],
    [
      4179,
      14179
    ],
    [
      4180,
      14180
    ],
    [
      4182,
      14182
    ],
    [
      4185,
      14185
    ],
    [
      4190,
      14190
    ],
    [
      4203,
      14203
    ],
    [
      4218,
      14218
    ],
    [
      4222,
      14222
    ],
    [
      4247,
      14247
    ],
    [
      4253,
      14253
    ],
    [
      4267,
      14267
    ],
    [
      4268,
      14268
    ],
    [
      4277,
      14277
    ],
    [
      4284,
      14284
    ],
    [
      4288,
      14288
    ],
    [
      4292,
      14292
    ],
    [
      4294,
      14294
    ],
    [
      4300,
      14300
    ],
    [
      4302,
      14302
    ],
    [
      4304,
      14304
    ],
    [
      4311,
      14311
    ],
    [
      4318,
      14318
    ],
    [
      4328,
      14328
    ],
    [
      4329,
      14329
    ],
    [
      4337,
      14337
    ],
    [
      4341,
      14341
    ],
    [
      4347,
      14347
    ],
    [
      4354,
      14354
    ],
    [
      4357,
      14357
    ],
    [
      4359,
      14359
    ],
    [
      4367,
      14367
    ],
    [
      4384,
      14384
    ],
    [
      4390,
      14390
    ],
    [
      4394,
      14394
    ],
    [
      4398,
      14398
    ],
    [
      4405,
      14405
    ],
    [
      4413,
      14413
    ],
    [
      4428,
      14428
    ],
    [
      4430,
      14430
    ],
    [
      4434,
      14434
    ],
    [
      4439,
      14439
    ],
    [
      4440,
      14440
    ],
    [
      4465,
      14465
    ],
    [
      4480,
      14480
    ],
    [
      4485,
      14485
    ],
    [
      4486,
      14486
    ],
    [
      4490,
      14490
    ],
    [
      4491,
      14491
    ],
    [
      4495,
      14495
    ],
    [
      4499,
      14499
    ],
    [
      4500,
      14500
    ],
    [
      4507,
      14507
    ],
    [
      4509,
      14509
    ],
    [
      4510,
      14510
    ],
    [
      4516,
      14516
    ],
    [
      4529,
      14529
    ],
    [
      4532,
      14532
    ],
    [
      4533,
      14533
    ],
    [
      4544,
      14544
    ],
    [
      4546,
      14546
    ],
    [
      4549,
      14549
    ],
    [
      4551,
      14551
    ],
    [
      4559,
      14559
    ],
    [
      4565,
      14565
    ],
    [
      4566,
      14566
    ],
    [
      4568,
      14568
    ],
    [
      4570,
      14570
    ],
    [
      4583,
      14583
    ],
    [
      4603,
      14603
    ],
    [
      4609,
      14609
    ],
    [
      4621,
      14621
    ],
    [
      4622,
      14622
    ],
    [
      4623,
      14623
    ],
    [
      4626,
      14626
    ],
    [
      4628,
      14628
    ],
    [
      4634,
      14634
    ],
    [
      4666,
      14666
    ],
    [
      4667,
      14667
    ],
    [
      4674,
      14674
    ],
    [
      4675,
      14675
    ],
    [
      4677,
      14677
    ],
    [
      4678,
      14678
    ],
    [
      4679,
      14679
    ],
    [
      4685,
      14685
    ],
    [
      4687,
      14687
    ],
    [
      4692,
      14692
    ],
    [
      4700,
      14700
    ],
    [
      4707,
      14707
    ],
    [
      4709,
      14709
    ],
    [
      4710,
      14710
    ],
    [
      4714,
      14714
    ],
    [
      4715,
      14715
    ],
    [
      4724,
      14724
    ],
    [
      4727,
      14727
    ],
    [
      4728,
      14728
    ],
    [
      4733,
      14733
    ],
    [
      4737,
      14737
    ],
    [
      4740,
      14740
    ],
    [
      4750,
      14750
    ],
    [
      4754,
      14754
    ],
    [
      4758,
      14758
    ],
    [
      4768,
      14768
    ],
    [
      4769,
      14769
    ],
    [
      4775,
      14775
    ],
    [
      4788,
      14788
    ],
    [
      4795,
      14795
    ],
    [
      4802,
      14802
    ],
    [
      4805,
      14805
    ],
    [
      4820,
      14820
    ],
    [
      4825,
      14825
    ],
    [
      4833,
      14833
    ],
    [
      4836,
      14836
    ],
    [
      4839,
      14839
    ],
    [
      4840,
      14840
    ],
    [
      4843,
      14843
    ],
    [
      4844,
      14844
    ],
    [
      4846,
      14846
    ],
    [
      4850,
      14850
    ],
    [
      4853,
      14853
    ],
    [
      4854,
      14854
    ],
    [
      4856,
      14856
    ],
    [
      4861,
      14861
    ],
    [
      4862,
      14862
    ],
    [
      4863,
      14863
    ],
    [
      4865,
      14865
    ],
    [
      4874,
      14874
    ],
    [
      4882,
      14882
    ],
    [
      4887,
      14887
    ],
    [
      4891,
      14891
    ],
    [
      4898,
      14898
    ],
    [
      4900,
      14900
    ],
    [
      4903,
      14903
    ],
    [
      4908,
      14908
    ],
    [
      4911,
      14911
    ],
    [
      4924,
      14924
    ],
    [
      4929,
      14929
    ],
    [
      4931,
      14931
    ],
    [
      4942,
      14942
    ],
    [
      4969,
      14969
    ],
    [
      4971,
      14971
    ],
    [
      4976,
      14976
    ],
    [
      4986,
      14986
    ],
    [
      4987,
      14987
    ],
    [
      5010,
      15010
    ],
    [
      5031,
      15031
    ],
    [
      5047,
      15047
    ],
    [
      5050,
      15050
    ],
    [
      5054,
      15054
    ],
    [
      5067,
      15067
    ],
    [
      5068,
      15068
    ],
    [
      5077,
      15077
    ],
    [
      5084,
      15084
    ],
    [
      5085,
      15085
    ],
    [
      5092,
      15092
    ],
    [
      5095,
      15095
    ],
    [
      5099,
      15099
    ],
    [
      5105,
      15105
    ],
    [
      5118,
      15118
    ],
    [
      5119,
      15119
    ],
    [
      5138,
      15138
    ],
    [
      5150,
      15150
    ],
    [
      5153,
      15153
    ],
    [
      5160,
      15160
    ],
    [
      5164,
      15164
    ],
    [
      5168,
      15168
    ],
    [
      5173,
      15173
    ],
    [
      5178,
      15178
    ],
    [
      5208,
      15208
    ],
    [
      5213,
      15213
    ],
    [
      5220,
      15220
    ],
    [
      5235,
      15235
    ],
    [
      5237,
      15237
    ],
    [
      5242,
      15242
    ],
    [
      5252,
      15252
    ],
    [
      5257,
      15257
    ],
    [
      5263,
      15263
    ],
    [
      5269,
      15269
    ],
    [
      5296,
      15296
    ],
    [
      5297,
      15297
    ],
    [
      5308,
      15308
    ],
    [
      5329,
      15329
    ],
    [
      5340,
      15340
    ],
    [
      5351,
      15351
    ],
    [
      5354,
      15354
    ],
    [
      5356,
      15356
    ],
    [
      5361,
      15361
    ],
    [
      5368,
      15368
    ],
    [
      5381,
      15381
    ],
    [
      5391,
      15391
    ],
    [
      5399,
      15399
    ],
    [
      5406,
      15406
    ],
    [
      5407,
      15407
    ],
    [
      5412,
      15412
    ],
    [
      5416,
      15416
    ],
    [
      5419,
      15419
    ],
    [
      5422,
      15422
    ],
    [
      5426,
      15426
    ],
    [
      5432,
      15432
    ],
    [
      5447,
      15447
    ],
    [
      5450,
      15450
    ],
    [
      5457,
      15457
    ],
    [
      5462,
      15462
    ],
    [
      5464,
      15464
    ],
    [
      5472,
      15472
    ],
    [
      5474,
      15474
    ],
    [
      5490,
      15490
    ],
    [
      5492,
      15492
    ],
    [
      5499,
      15499
    ],
    [
      5503,
      15503
    ],
    [
      5504,
      15504
    ],
    [
      5508,
      15508
    ],
    [
      5515,
      15515
    ],
    [
      5530,
      15530
    ],
    [
      5533,
      15533
    ],
    [
      5534,
      15534
    ],
    [
      5536,
      15536
    ],
    [
      5538,
      15538
    ],
    [
      5540,
      15540
    ],
    [
      5541,
      15541
    ],
    [
      5544,
      15544
    ],
    [
      5546,
      15546
    ],
    [
      5552,
      15552
    ],
    [
      5560,
      15560
    ],
    [
      5569,
      15569
    ],
    [
      5575,
      15575
    ],
    [
      5579,
      15579
    ],
    [
      5580,
      15580
    ],
    [
      5583,
      15583
    ],
    [
      5584,
      15584
    ],
    [
      5591,
      15591
    ],
    [
      5594,
      15594
    ],
    [
      5596,
      15596
    ],
    [
      5600,
      15600
    ],
    [
      5601,
      15601
    ],
    [
      5605,
      15605
    ],
    [
      5618,
      15618
    ],
    [
      5621,
      15621
    ],
    [
      5624,
      15624
    ],
    [
      5625,
      15625
    ],
    [
      5626,
      15626
    ],
    [
      5631,
      15631
    ],
    [
      5635,
      15635
    ],
    [
      5639,
      15639
    ],
    [
      5651,
      15651
    ],
    [
      5654,
      15654
    ],
    [
      5659,
      15659
    ],
    [
      5662,
      15662
    ],
    [
      5663,
      15663
    ],
    [
      5670,
      15670
    ],
    [
      5671,
      15671
    ],
    [
      5681,
      15681
    ],
    [
      5687,
      15687
    ],
    [
      5688,
      15688
    ],
    [
      5694,
      15694
    ],
    [
      5695,
      15695
    ],
    [
      5705,
      15705
    ],
    [
      5716,
      15716
    ],
    [
      5717,
      15717
    ],
    [
      5718,
      15718
    ],
    [
      5719,
      15719
    ],
    [
      5721,
      15721
    ],
    [
      5744,
      15744
    ],
    [
      5747,
      15747
    ],
    [
      5759,
      15759
    ],
    [
      5782,
      15782
    ],
    [
      5788,
      15788
    ],
    [
      5790,
      15790
    ],
    [
      5793,
      15793
    ],
    [
      5794,
      15794
    ],
    [
      5795,
      15795
    ],
    [
      5798,
      15798
    ],
    [
      5818,
      15818
    ],
    [
      5821,
      15821
    ],
    [
      5823,
      15823
    ],
    [
      5827,
      15827
    ],
    [
      5830,
      15830
    ],
    [
      5831,
      15831
    ],
    [
      5842,
      15842
    ],
    [
      5846,
      15846
    ],
    [
      5852,
      15852
    ],
    [
      5862,
      15862
    ],
    [
      5869,
      15869
    ],
    [
      5882,
      15882
    ],
    [
      5894,
      15894
    ],
    [
      5896,
      15896
    ],
    [
      5903,
      15903
    ],
    [
      5907,
      15907
    ],
    [
      5915,
      15915
    ],
    [
      5918,
      15918
    ],
    [
      5919,
      15919
    ],
    [
      5923,
      15923
    ],
    [
      5934,
      15934
    ],
    [
      5948,
      15948
    ],
    [
      5950,
      15950
    ],
    [
      5955,
      15955
    ],
    [
      5960,
      15960
    ],
    [
      5963,
      15963
    ],
    [
      5966,
      15966
    ],
    [
      5976,
      15976
    ],
    [
      5982,
      15982
    ],
    [
      5994,
      15994
    ],
    [
      5996,
      15996
    ],
    [
      5997,
      15997
    ],
    [
      5998,
      15998
    ],
    [
      5999,
      15999
    ],
    [
      6000,
      16000
    ],
    [
      6006,
      16006
    ],
    [
      6013,
      16013
    ],
    [
      6024,
      16024
    ],
    [
      6033,
      16033
    ],
    [
      6034,
      16034
    ],
    [
      6045,
      16045
    ],
    [
      6052,
      16052
    ],
    [
      6053,
      16053
    ],
    [
      6055,
      16055
    ],
    [
      6068,
      16068
    ],
    [
      6069,
      16069
    ],
    [
      6077,
      16077
    ],
    [
      6085,
      16085
    ],
    [
      6088,
      16088
    ],
    [
      6090,
      16090
    ],
    [
      6096,
      16096
    ],
    [
      6101,
      16101
    ],
    [
      6105,
      16105
    ],
    [
      6116,
      16116
    ],
    [
      6118,
      16118
    ],
    [
      6121,
      16121
    ],
    [
      6122,
      16122
    ],
    [
      6140,
      16140
    ],
    [
      6148,
      16148
    ],
    [
      6156,
      16156
    ],
    [
      6157,
      16157
    ],
    [
      6159,
      16159
    ],
    [
      6167,
      16167
    ],
    [
      6180,
      16180
    ],
    [
      6185,
      16185
    ],
    [
      6186,
      16186
    ],
    [
      6190,
      16190
    ],
    [
      6193,
      16193
    ],
    [
      6196,
      16196
    ],
    [
      6201,
      16201
    ],
    [
      6207,
      16207
    ],
    [
      6209,
      16209
    ],
    [
      6210,
      16210
    ],
    [
      6213,
      16213
    ],
    [
      6219,
      16219
    ],
    [
      6225,
      16225
    ],
    [
      6229,
      16229
    ],
    [
      6236,
      16236
    ],
    [
      6243,
      16243
    ],
    [
      6244,
      16244
    ],
    [
      6246,
      16246
    ],
    [
      6247,
      16247
    ],
    [
      6262,
      16262
    ],
    [
      6270,
      16270
    ],
    [
      6271,
      16271
    ],
    [
      6276,
      16276
    ],
    [
      6277,
      16277
    ],
    [
      6285,
      16285
    ],
    [
      6288,
      16288
    ],
    [
      6292,
      16292
    ],
    [
      6298,
      16298
    ],
    [
      6304,
      16304
    ],
    [
      6310,
      16310
    ],
    [
      6313,
      16313
    ],
    [
      6325,
      16325
    ],
    [
      6334,
      16334
    ],
    [
      6348,
      16348
    ],
    [
      6356,
      16356
    ],
    [
      6368,
      16368
    ],
    [
      6372,
      16372
    ],
    [
      6373,
      16373
    ],
    [
      6383,
      16383
    ],
    [
      6391,
      16391
    ],
    [
      6396,
      16396
    ],
    [
      6397,
      16397
    ],
    [
      6399,
      16399
    ],
    [
      6401,
      16401
    ],
    [
      6405,
      16405
    ],
    [
      6417,
      16417
    ],
    [
      6418,
      16418
    ],
    [
      6421,
      16421
    ],
    [
      6427,
      16427
    ],
    [
      6429,
      16429
    ],
    [
      6432,
      16432
    ],
    [
      6448,
      16448
    ],
    [
      6449,
      16449
    ],
    [
      6450,
      16450
    ],
    [
      6453,
      16453
    ],
    [
      6485,
      16485
    ],
    [
      6492,
      16492
    ],
    [
      6494,
      16494
    ],
    [
      6499,
      16499
    ],
    [
      6502,
      16502
    ],
    [
      6505,
      16505
    ],
    [
      6510,
      16510
    ],
    [
      6511,
      16511
    ],
    [
      6515,
      16515
    ],
    [
      6521,
      16521
    ],
    [
      6523,
      16523
    ],
    [
      6525,
      16525
    ],
    [
      6528,
      16528
    ],
    [
      6534,
      16534
    ],
    [
      6541,
      16541
    ],
    [
      6542,
      16542
    ],
    [
      6544,
      16544
    ],
    [
      6549,
      16549
    ],
    [
      6552,
      16552
    ],
    [
      6555,
      16555
    ],
    [
      6561,
      16561
    ],
    [
      6566,
      16566
    ],
    [
      6569,
      16569
    ],
    [
      6576,
      16576
    ],
    [
      6580,
      16580
    ],
    [
      6587,
      16587
    ],
    [
      6588,
      16588
    ],
    [
      6595,
      16595
    ],
    [
      6601,
      16601
    ],
    [
      6603,
      16603
    ],
    [
      6606,
      16606
    ],
    [
      6609,
      16609
    ],
    [
      6610,
      16610
    ],
    [
      6621,
      16621
    ],
    [
      6622,
      16622
    ],
    [
      6643,
      16643
    ],
    [
      6644,
      16644
    ],
    [
      6649,
      16649
    ],
    [
      6680,
      16680
    ],
    [
      6682,
      16682
    ],
    [
      6690,
      16690
    ],
    [
      6694,
      16694
    ],
    [
      6695,
      16695
    ],
    [
      6697,
      16697
    ],
    [
      6700,
      16700
    ],
    [
      6705,
      16705
    ],
    [
      6721,
      16721
    ],
    [
      6726,
      16726
    ],
    [
      6734,
      16734
    ],
    [
      6735,
      16735
    ],
    [
      6753,
      16753
    ],
    [
      6759,
      16759
    ],
    [
      6770,
      16770
    ],
    [
      6772,
      16772
    ],
    [
      6776,
      16776
    ],
    [
      6777,
      16777
    ],
    [
      6789,
      16789
    ],
    [
      6790,
      16790
    ],
    [
      6795,
      16795
    ],
    [
      6801,
      16801
    ],
    [
      6802,
      16802
    ],
    [
      6803,
      16803
    ],
    [
      6815,
      16815
    ],
    [
      6832,
      16832
    ],
    [
      6841,
      16841
    ],
    [
      6857,
      16857
    ],
    [
      6858,
      16858
    ],
    [
      6879,
      16879
    ],
    [
      6880,
      16880
    ],
    [
      6888,
      16888
    ],
    [
      6916,
      16916
    ],
    [
      6925,
      16925
    ],
    [
      6934,
      16934
    ],
    [
      6936,
      16936
    ],
    [
      6940,
      16940
    ],
    [
      6941,
      16941
    ],
    [
      6945,
      16945
    ],
    [
      6951,
      16951
    ],
    [
      6962,
      16962
    ],
    [
      6963,
      16963
    ],
    [
      6970,
      16970
    ],
    [
      6977,
      16977
    ],
    [
      6981,
      16981
    ],
    [
      6990,
      16990
    ],
    [
      6996,
      16996
    ],
    [
      7002,
      17002
    ],
    [
      7004,
      17004
    ],
    [
      7010,
      17010
    ],
    [
      7018,
      17018
    ],
    [
      7020,
      17020
    ],
    [
      7034,
      17034
    ],
    [
      7037,
      17037
    ],
    [
      7040,
      17040
    ],
    [
      7045,
      17045
    ],
    [
      7049,
      17049
    ],
    [
      7051,
      17051
    ],
    [
      7053,
      17053
    ],
    [
      7059,
      17059
    ],
    [
      7060,
      17060
    ],
    [
      7067,
      17067
    ],
    [
      7081,
      17081
    ],
    [
      7083,
      17083
    ],
    [
      7089,
      17089
    ],
    [
      7091,
      17091
    ],
    [
      7092,
      17092
    ],
    [
      7094,
      17094
    ],
    [
      7104,
      17104
    ],
    [
      7106,
      17106
    ],
    [
      7110,
      17110
    ],
    [
      7112,
      17112
    ],
    [
      7114,
      17114
    ],
    [
      7127,
      17127
    ],
    [
      7132,
      17132
    ],
    [
      7134,
      17134
    ],
    [
      7135,
      17135
    ],
    [
      7136,
      17136
    ],
    [
      7139,
      17139
    ],
    [
      7144,
      17144
    ],
    [
      7150,
      17150
    ],
    [
      7152,
      17152
    ],
    [
      7158,
      17158
    ],
    [
      7173,
      17173
    ],
    [
      7216,
      17216
    ],
    [
      7230,
      17230
    ],
    [
      7233,
      17233
    ],
    [
      7237,
      17237
    ],
    [
      7246,
      17246
    ],
    [
      7248,
      17248
    ],
    [
      7263,
      17263
    ],
    [
      7264,
      17264
    ],
    [
      7267,
      17267
    ],
    [
      7272,
      17272
    ],
    [
      7273,
      17273
    ],
    [
      7275,
      17275
    ],
    [
      7276,
      17276
    ],
    [
      7279,
      17279
    ],
    [
      7285,
      17285
    ],
    [
      7298,
      17298
    ],
    [
      7299,
      17299
    ],
    [
      7302,
      17302
    ],
    [
      7304,
      17304
    ],
    [
      7308,
      17308
    ],
    [
      7316,
      17316
    ],
    [
      7322,
      17322
    ],
    [
      7326,
      17326
    ],
    [
      7337,
      17337
    ],
    [
      7339,
      17339
    ],
    [
      7342,
      17342
    ],
    [
      7351,
      17351
    ],
    [
      7355,
      17355
    ],
    [
      7359,
      17359
    ],
    [
      7375,
      17375
    ],
    [
      7383,
      17383
    ],
    [
      7400,
      17400
    ],
    [
      7406,
      17406
    ],
    [
      7410,
      17410
    ],
    [
      7411,
      17411
    ],
    [
      7413,
      17413
    ],
    [
      7419,
      17419
    ],
    [
      7425,
      17425
    ],
    [
      7428,
      17428
    ],
    [
      7430,
      17430
    ],
    [
      7432,
      17432
    ],
    [
      7445,
      17445
    ],
    [
      7450,
      17450
    ],
    [
      7463,
      17463
    ],
    [
      7465,
      17465
    ],
    [
      7474,
      17474
    ],
    [
      7475,
      17475
    ],
    [
      7480,
      17480
    ],
    [
      7484,
      17484
    ],
    [
      7485,
      17485
    ],
    [
      7507,
      17507
    ],
    [
      7512,
      17512
    ],
    [
      7519,
      17519
    ],
    [
      7520,
      17520
    ],
    [
      7525,
      17525
    ],
    [
      7530,
      17530
    ],
    [
      7536,
      17536
    ],
    [
      7546,
      17546
    ],
    [
      7547,
      17547
    ],
    [
      7550,
      17550
    ],
    [
      7553,
      17553
    ],
    [
      7557,
      17557
    ],
    [
      7558,
      17558
    ],
    [
      7559,
      17559
    ],
    [
      7563,
      17563
    ],
    [
      7568,
      17568
    ],
    [
      7570,
      17570
    ],
    [
      7577,
      17577
    ],
    [
      7580,
      17580
    ],
    [
      7582,
      17582
    ],
    [
      7584,
      17584
    ],
    [
      7587,
      17587
    ],
    [
      7588,
      17588
    ],
    [
      7615,
      17615
    ],
    [
      7619,
      17619
    ],
    [
      7641,
      17641
    ],
    [
      7645,
      17645
    ],
    [
      7658,
      17658
    ],
    [
      7664,
      17664
    ],
    [
      7665,
      17665
    ],
    [
      7673,
      17673
    ],
    [
      7680,
      17680
    ],
    [
      7691,
      17691
    ],
    [
      7695,
      17695
    ],
    [
      7703,
      17703
    ],
    [
      7705,
      17705
    ],
    [
      7709,
      17709
    ],
    [
      7711,
      17711
    ],
    [
      7717,
      17717
    ],
    [
      7727,
      17727
    ],
    [
      7733,
      17733
    ],
    [
      7735,
      17735
    ],
    [
      7741,
      17741
    ],
    [
      7756,
      17756
    ],
    [
      7757,
      17757
    ],
    [
      7758,
      17758
    ],
    [
      7759,
      17759
    ],
    [
      7766,
      17766
    ],
    [
      7772,
      17772
    ],
    [
      7793,
      17793
    ],
    [
      7795,
      17795
    ],
    [
      7802,
      17802
    ],
    [
      7809,
      17809
    ],
    [
      7810,
      17810
    ],
    [
      7811,
      17811
    ],
    [
      7812,
      17812
    ],
    [
      7815,
      17815
    ],
    [
      7817,
      17817
    ],
    [
      7819,
      17819
    ],
    [
      7852,
      17852
    ],
    [
      7856,
      17856
    ],
    [
      7858,
      17858
    ],
    [
      7868,
      17868
    ],
    [
      7874,
      17874
    ],
    [
      7875,
      17875
    ],
    [
      7877,
      17877
    ],
    [
      7879,
      17879
    ],
    [
      7886,
      17886
    ],
    [
      7892,
      17892
    ],
    [
      7897,
      17897
    ],
    [
      7903,
      17903
    ],
    [
      7921,
      17921
    ],
    [
      7926,
      17926
    ],
    [
      7927,
      17927
    ],
    [
      7934,
      17934
    ],
    [
      7936,
      17936
    ],
    [
      7937,
      17937
    ],
    [
      7939,
      17939
    ],
    [
      7943,
      17943
    ],
    [
      7950,
      17950
    ],
    [
      7952,
      17952
    ],
    [
      7957,
      17957
    ],
    [
      7959,
      17959
    ],
    [
      7960,
      17960
    ],
    [
      7968,
      17968
    ],
    [
      8008,
      18008
    ],
    [
      8012,
      18012
    ],
    [
      8031,
      18031
    ],
    [
      8032,
      18032
    ],
    [
      8038,
      18038
    ],
    [
      8041,
      18041
    ],
    [
      8064,
      18064
    ],
    [
      8068,
      18068
    ],
    [
      8069,
      18069
    ],
    [
      8072,
      18072
    ],
    [
      8073,
      18073
    ],
    [
      8090,
      18090
    ],
    [
      8092,
      18092
    ],
    [
      8094,
      18094
    ],
    [
      8102,
      18102
    ],
    [
      8113,
      18113
    ],
    [
      8124,
      18124
    ],
    [
      8130,
      18130
    ],
    [
      8132,
      18132
    ],
    [
      8133,
      18133
    ],
    [
      8142,
      18142
    ],
    [
      8144,
      18144
    ],
    [
      8150,
      18150
    ],
    [
      8153,
      18153
    ],
    [
      8164,
      18164
    ],
    [
      8168,
      18168
    ],
    [
      8169,
      18169
    ],
    [
      8179,
      18179
    ],
    [
      8181,
      18181
    ],
    [
      8182,
      18182
    ],
    [
      8201,
      18201
    ],
    [
      8210,
      18210
    ],
    [
      8227,
      18227
    ],
    [
      8241,
      18241
    ],
    [
      8252,
      18252
    ],
    [
      8253,
      18253
    ],
    [
      8261,
      18261
    ],
    [
      8265,
      18265
    ],
    [
      8271,
      18271
    ],
    [
      8279,
      18279
    ],
    [
      8292,
      18292
    ],
    [
      8295,
      18295
    ],
    [
      8305,
      18305
    ],
    [
      8312,
      18312
    ],
    [
      8316,
      18316
    ],
    [
      8320,
      18320
    ],
    [
      8322,
      18322
    ],
    [
      8333,
      18333
    ],
    [
      8334,
      18334
    ],
    [
      8339,
      18339
    ],
    [
      8342,
      18342
    ],
    [
      8345,
      18345
    ],
    [
      8346,
      18346
    ],
    [
      8350,
      18350
    ],
    [
      8353,
      18353
    ],
    [
      8364,
      18364
    ],
    [
      8368,
      18368
    ],
    [
      8374,
      18374
    ],
    [
      8376,
      18376
    ],
    [
      8381,
      18381
    ],
    [
      8383,
      18383
    ],
    [
      8385,
      18385
    ],
    [
      8386,
      18386
    ],
    [
      8389,
      18389
    ],
    [
      8392,
      18392
    ],
    [
      8394,
      18394
    ],
    [
      8410,
      18410
    ],
    [
      8418,
      18418
    ],
    [
      8422,
      18422
    ],
    [
      8423,
      18423
    ],
    [
      8432,
      18432
    ],
    [
      8437,
      18437
    ],
    [
      8446,
      18446
    ],
    [
      8458,
      18458
    ],
    [
      8471,
      18471
    ],
    [
      8481,
      18481
    ],
    [
      8495,
      18495
    ],
    [
      8497,
      18497
    ],
    [
      8498,
      18498
    ],
    [
      8501,
      18501
    ],
    [
      8509,
      18509
    ],
    [
      8518,
      18518
    ],
    [
      8520,
      18520
    ],
    [
      8525,
      18525
    ],
    [
      8530,
      18530
    ],
    [
      8540,
      18540
    ],
    [
      8546,
      18546
    ],
    [
      8557,
      18557
    ],
    [
      8570,
      18570
    ],
    [
      8577,
      18577
    ],
    [
      8586,
      18586
    ],
    [
      8599,
      18599
    ],
    [
      8601,
      18601
    ],
    [
      8602,
      18602
    ],
    [
      8609,
      18609
    ],
    [
      8619,
      18619
    ],
    [
      8622,
      18622
    ],
    [
      8647,
      18647
    ],
    [
      8655,
      18655
    ],
    [
      8658,
      18658
    ],
    [
      8665,
      18665
    ],
    [
      8666,
      18666
    ],
    [
      8669,
      18669
    ],
    [
      8675,
      18675
    ],
    [
      8676,
      18676
    ],
    [
      8678,
      18678
    ],
    [
      8685,
      18685
    ],
    [
      8695,
      18695
    ],
    [
      8702,
      18702
    ],
    [
      8710,
      18710
    ],
    [
      8711,
      18711
    ],
    [
      8723,
      18723
    ],
    [
      8726,
      18726
    ],
    [
      8738,
      18738
    ],
    [
      8740,
      18740
    ],
    [
      8750,
      18750
    ],
    [
      8755,
      18755
    ],
    [
      8766,
      18766
    ],
    [
      8769,
      18769
    ],
    [
      8784,
      18784
    ],
    [
      8788,
      18788
    ],
    [
      8795,
      18795
    ],
    [
      8797,
      18797
    ],
    [
      8806,
      18806
    ],
    [
      8809,
      18809
    ],
    [
      8815,
      18815
    ],
    [
      8817,
      18817
    ],
    [
      8824,
      18824
    ],
    [
      8836,
      18836
    ],
    [
      8842,
      18842
    ],
    [
      8844,
      18844
    ],
    [
      8847,
      18847
    ],
    [
      8852,
      18852
    ],
    [
      8856,
      18856
    ],
    [
      8858,
      18858
    ],
    [
      8859,
      18859
    ],
    [
      8863,
      18863
    ],
    [
      8866,
      18866
    ],
    [
      8872,
      18872
    ],
    [
      8875,
      18875
    ],
    [
      8879,
      18879
    ],
    [
      8887,
      18887
    ],
    [
      8897,
      18897
    ],
    [
      8898,
      18898
    ],
    [
      8904,
      18904
    ],
    [
      8908,
      18908
    ],
    [
      8919,
      18919
    ],
    [
      8921,
      18921
    ],
    [
      8923,
      18923
    ],
    [
      8948,
      18948
    ],
    [
      8952,
      18952
    ],
    [
      8954,
      18954
    ],
    [
      8960,
      18960
    ],
    [
      8967,
      18967
    ],
    [
      8968,
      18968
    ],
    [
      8974,
      18974
    ],
    [
      8976,
      18976
    ],
    [
      8983,
      18983
    ],
    [
      8987,
      18987
    ],
    [
      8988,
      18988
    ],
    [
      8993,
      18993
    ],
    [
      9010,
      19010
    ],
    [
      9014,
      19014
    ],
    [
      9016,
      19016
    ],
    [
      9023,
      19023
    ],
    [
      9027,
      19027
    ],
    [
      9028,
      19028
    ],
    [
      9035,
      19035
    ],
    [
      9042,
      19042
    ],
    [
      9048,
      19048
    ],
    [
      9051,
      19051
    ],
    [
      9065,
      19065
    ],
    [
      9066,
      19066
    ],
    [
      9068,
      19068
    ],
    [
      9070,
      19070
    ],
    [
      9078,
      19078
    ],
    [
      9088,
      19088
    ],
    [
      9104,
      19104
    ],
    [
      9105,
      19105
    ],
    [
      9106,
      19106
    ],
    [
      9108,
      19108
    ],
    [
      9109,
      19109
    ],
    [
      9112,
      19112
    ],
    [
      9117,
      19117
    ],
    [
      9120,
      19120
    ],
    [
      9130,
      19130
    ],
    [
      9131,
      19131
    ],
    [
      9135,
      19135
    ],
    [
      9145,
      19145
    ],
    [
      9149,
      19149
    ],
    [
      9158,
      19158
    ],
    [
      9177,
      19177
    ],
    [
      9187,
      19187
    ],
    [
      9189,
      19189
    ],
    [
      9190,
      19190
    ],
    [
      9199,
      19199
    ],
    [
      9201,
      19201
    ],
    [
      9204,
      19204
    ],
    [
      9205,
      19205
    ],
    [
      9206,
      19206
    ],
    [
      9224,
      19224
    ],
    [
      9228,
      19228
    ],
    [
      9229,
      19229
    ],
    [
      9230,
      19230
    ],
    [
      9234,
      19234
    ],
    [
      9241,
      19241
    ],
    [
      9248,
      19248
    ],
    [
      9250,
      19250
    ],
    [
      9275,
      19275
    ],
    [
      9279,
      19279
    ],
    [
      9280,
      19280
    ],
    [
      9286,
      19286
    ],
    [
      9293,
      19293
    ],
    [
      9308,
      19308
    ],
    [
      9312,
      19312
    ],
    [
      9313,
      19313
    ],
    [
      9316,
      19316
    ],
    [
      9317,
      19317
    ],
    [
      9318,
      19318
    ],
    [
      9331,
      19331
    ],
    [
      9334,
      19334
    ],
    [
      9350,
      19350
    ],
    [
      9354,
      19354
    ],
    [
      9358,
      19358
    ],
    [
      9367,
      19367
    ],
    [
      9369,
      19369
    ],
    [
      9376,
      19376
    ],
    [
      9381,
      19381
    ],
    [
      9382,
      19382
    ],
    [
      9384,
      19384
    ],
    [
      9386,
      19386
    ],
    [
      9407,
      19407
    ],
    [
      9411,
      19411
    ],
    [
      9412,
      19412
    ],
    [
      9417,
      19417
    ],
    [
      9420,
      19420
    ],
    [
      9423,
      19423
    ],
    [
      9425,
      19425
    ],
    [
      9432,
      19432
    ],
    [
      9434,
      19434
    ],
    [
      9435,
      19435
    ],
    [
      9436,
      19436
    ],
    [
      9439,
      19439
    ],
    [
      9450,
      19450
    ],
    [
      9453,
      19453
    ],
    [
      9456,
      19456
    ],
    [
      9457,
      19457
    ],
    [
      9468,
      19468
    ],
    [
      9482,
      19482
    ],
    [
      9488,
      19488
    ],
    [
      9494,
      19494
    ],
    [
      9499,
      19499
    ],
    [
      9508,
      19508
    ],
    [
      9509,
      19509
    ],
    [
      9513,
      19513
    ],
    [
      9531,
      19531
    ],
    [
      9534,
      19534
    ],
    [
      9538,
      19538
    ],
    [
      9544,
      19544
    ],
    [
      9546,
      19546
    ],
    [
      9560,
      19560
    ],
    [
      9578,
      19578
    ],
    [
      9589,
      19589
    ],
    [
      9591,
      19591
    ],
    [
      9598,
      19598
    ],
    [
      9603,
      19603
    ],
    [
      9604,
      19604
    ],
    [
      9608,
      19608
    ],
    [
      9609,
      19609
    ],
    [
      9613,
      19613
    ],
    [
      9619,
      19619
    ],
    [
      9630,
      19630
    ],
    [
      9633,
      19633
    ],
    [
      9640,
      19640
    ],
    [
      9658,
      19658
    ],
    [
      9659,
      19659
    ],
    [
      9666,
      19666
    ],
    [
      9679,
      19679
    ],
    [
      9681,
      19681
    ],
    [
      9683,
      19683
    ],
    [
      9689,
      19689
    ],
    [
      9692,
      19692
    ],
    [
      9701,
      19701
    ],
    [
      9706,
      19706
    ],
    [
      9709,
      19709
    ],
    [
      9710,
      19710
    ],
    [
      9720,
      19720
    ],
    [
      9721,
      19721
    ],
    [
      9723,
      19723
    ],
    [
      9738,
      19738
    ],
    [
      9739,
      19739
    ],
    [
      9748,
      19748
    ],
    [
      9751,
      19751
    ],
    [
      9752,
      19752
    ],
    [
      9772,
      19772
    ],
    [
      9776,
      19776
    ],
    [
      9807,
      19807
    ],
    [
      9810,
      19810
    ],
    [
      9811,
      19811
    ],
    [
      9814,
      19814
    ],
    [
      9817,
      19817
    ],
    [
      9839,
      19839
    ],
    [
      9844,
      19844
    ],
    [
      9858,
      19858
    ],
    [
      9863,
      19863
    ],
    [
      9899,
      19899
    ],
    [
      9900,
      19900
    ],
    [
      9906,
      19906
    ],
    [
      9911,
      19911
    ],
    [
      9912,
      19912
    ],
    [
      9913,
      19913
    ],
    [
      9914,
      19914
    ],
    [
      9916,
      19916
    ],
    [
      9929,
      19929
    ],
    [
      9933,
      19933
    ],
    [
      9934,
      19934
    ],
    [
      9936,
      19936
    ],
    [
      9938,
      19938
    ],
    [
      9939,
      19939
    ],
    [
      9942,
      19942
    ],
    [
      9944,
      19944
    ],
    [
      9945,
      19945
    ],
    [
      9946,
      19946
    ],
    [
      9947,
      19947
    ],
    [
      9948,
      19948
    ],
    [
      9949,
      19949
    ],
    [
      9952,
      19952
    ],
    [
      9953,
      19953
    ],
    [
      9958,
      19958
    ],
    [
      9962,
      19962
    ],
    [
      9966,
      19966
    ],
    [
      9968,
      19968
    ],
    [
      9972,
      19972
    ],
    [
      9977,
      19977
    ],
    [
      9996,
      19996
    ],
    [
      9998,
      19998
    ]
  ]
}