{
  "n_true_positives": 187,
  "n_positives": 187,
  "total_time": 153.68844747543335,
  "date": "2025-01-25T15:47:26.407791",
  "backend": "BruteForce",
  "n_bins": 0,
  "eps": 7.5,
  "args": {
    "csvpath": [
      "../data/RobustBench/predictions/cifar100c-Gowal2020Uncovering_Linf/vanilla.csv",
      "../data/RobustBench/predictions/cifar100c-Gowal2020Uncovering_Linf/contrast-4.csv"
    ],
    "eps": 7.5,
    "n_bins": 0,
    "n_examples": -1,
    "out_path": "../results/semantic//results/cifar100c-Gowal2020Uncovering_Linf/cifar100c-Gowal2020Uncovering_Linf-L2-7.5-contrast-4.json",
    "full_output": false,
    "verbose": false,
    "randomize_order": false,
    "backend": "bf",
    "blind_cols": null,
    "pred": "pred",
    "metric": "L2"
  },
  "backend_meta": {
    "epsilon": 7.5,
    "decision_col": "pred",
    "metric": "Linf",
    "is_exact": true,
    "is_sound": true,
    "is_complete": true
  },
  "positives": [
    [
      2247,
      12091
    ],
    [
      10008,
      13494
    ],
    [
      10089,
      11221
    ],
    [
      10115,
      14803
    ],
    [
      10115,
      15014
    ],
    [
      10158,
      18781
    ],
    [
      10202,
      11815
    ],
    [
      10202,
      15014
    ],
    [
      10202,
      15232
    ],
    [
      10202,
      16864
    ],
    [
      10202,
      19632
    ],
    [
      10203,
      13992
    ],
    [
      10203,
      14130
    ],
    [
      10203,
      14556
    ],
    [
      10203,
      17451
    ],
    [
      10213,
      11409
    ],
    [
      10239,
      11849
    ],
    [
      10330,
      15039
    ],
    [
      10360,
      11262
    ],
    [
      10363,
      18576
    ],
    [
      10368,
      15702
    ],
    [
      10424,
      13672
    ],
    [
      10424,
      14803
    ],
    [
      10424,
      15014
    ],
    [
      10424,
      18297
    ],
    [
      10574,
      10631
    ],
    [
      10631,
      13578
    ],
    [
      10696,
      16190
    ],
    [
      10780,
      10898
    ],
    [
      10781,
      12059
    ],
    [
      10785,
      11223
    ],
    [
      10803,
      15344
    ],
    [
      10861,
      14209
    ],
    [
      10893,
      12473
    ],
    [
      10959,
      11948
    ],
    [
      10959,
      12356
    ],
    [
      10971,
      15543
    ],
    [
      10982,
      16124
    ],
    [
      10983,
      12067
    ],
    [
      10983,
      18323
    ],
    [
      11189,
      14138
    ],
    [
      11221,
      12393
    ],
    [
      11221,
      15194
    ],
    [
      11221,
      19404
    ],
    [
      11221,
      19597
    ],
    [
      11223,
      15240
    ],
    [
      11223,
      15313
    ],
    [
      11252,
      18892
    ],
    [
      11265,
      14221
    ],
    [
      11358,
      14194
    ],
    [
      11496,
      18140
    ],
    [
      11687,
      14194
    ],
    [
      11749,
      13324
    ],
    [
      11835,
      18989
    ],
    [
      11981,
      14016
    ],
    [
      11995,
      16316
    ],
    [
      12032,
      17948
    ],
    [
      12067,
      13318
    ],
    [
      12110,
      19881
    ],
    [
      12132,
      17765
    ],
    [
      12135,
      16315
    ],
    [
      12219,
      18713
    ],
    [
      12230,
      13944
    ],
    [
      12241,
      18432
    ],
    [
      12247,
      18943
    ],
    [
      12276,
      12704
    ],
    [
      12356,
      14621
    ],
    [
      12399,
      12950
    ],
    [
      12447,
      16188
    ],
    [
      12447,
      17910
    ],
    [
      12473,
      16766
    ],
    [
      12506,
      14086
    ],
    [
      12506,
      18354
    ],
    [
      12509,
      13585
    ],
    [
      12509,
      17183
    ],
    [
      12549,
      13285
    ],
    [
      12549,
      14092
    ],
    [
      12549,
      18336
    ],
    [
      12700,
      16684
    ],
    [
      12818,
      15052
    ],
    [
      12850,
      19237
    ],
    [
      12862,
      18748
    ],
    [
      12901,
      18964
    ],
    [
      12968,
      16800
    ],
    [
      13021,
      18911
    ],
    [
      13165,
      18989
    ],
    [
      13189,
      17519
    ],
    [
      13220,
      16040
    ],
    [
      13247,
      14800
    ],
    [
      13259,
      15540
    ],
    [
      13285,
      14092
    ],
    [
      13285,
      18336
    ],
    [
      13318,
      18227
    ],
    [
      13388,
      18943
    ],
    [
      13436,
      18174
    ],
    [
      13505,
      14943
    ],
    [
      13585,
      19562
    ],
    [
      13588,
      14040
    ],
    [
      13612,
      16283
    ],
    [
      13612,
      16864
    ],
    [
      13614,
      15841
    ],
    [
      13625,
      14655
    ],
    [
      13668,
      18575
    ],
    [
      13672,
      17100
    ],
    [
      13698,
      17378
    ],
    [
      13706,
      17519
    ],
    [
      13714,
      17935
    ],
    [
      13833,
      18128
    ],
    [
      13840,
      16512
    ],
    [
      13870,
      15309
    ],
    [
      13924,
      17604
    ],
    [
      13992,
      19394
    ],
    [
      14086,
      18354
    ],
    [
      14092,
      15264
    ],
    [
      14092,
      16283
    ],
    [
      14113,
      14410
    ],
    [
      14117,
      19349
    ],
    [
      14130,
      17824
    ],
    [
      14130,
      17994
    ],
    [
      14140,
      15481
    ],
    [
      14165,
      14410
    ],
    [
      14189,
      15018
    ],
    [
      14410,
      19557
    ],
    [
      14413,
      16690
    ],
    [
      14413,
      19201
    ],
    [
      14567,
      17442
    ],
    [
      14674,
      15630
    ],
    [
      14754,
      15052
    ],
    [
      14803,
      17100
    ],
    [
      14803,
      17316
    ],
    [
      14841,
      16318
    ],
    [
      14841,
      16670
    ],
    [
      14841,
      18332
    ],
    [
      15014,
      19632
    ],
    [
      15039,
      15875
    ],
    [
      15039,
      16283
    ],
    [
      15039,
      19306
    ],
    [
      15084,
      17310
    ],
    [
      15194,
      15875
    ],
    [
      15194,
      16283
    ],
    [
      15194,
      19306
    ],
    [
      15194,
      19515
    ],
    [
      15232,
      16283
    ],
    [
      15290,
      16554
    ],
    [
      15347,
      17301
    ],
    [
      15543,
      16276
    ],
    [
      15562,
      16492
    ],
    [
      15659,
      16112
    ],
    [
      15746,
      17635
    ],
    [
      15785,
      16308
    ],
    [
      15792,
      17277
    ],
    [
      15830,
      16330
    ],
    [
      15874,
      16190
    ],
    [
      15924,
      18055
    ],
    [
      15924,
      19188
    ],
    [
      15999,
      17896
    ],
    [
      16111,
      18294
    ],
    [
      16276,
      17572
    ],
    [
      16276,
      19562
    ],
    [
      16283,
      19597
    ],
    [
      16285,
      19201
    ],
    [
      16392,
      18297
    ],
    [
      16864,
      16953
    ],
    [
      16941,
      19632
    ],
    [
      16966,
      19394
    ],
    [
      17100,
      18297
    ],
    [
      17201,
      18623
    ],
    [
      17279,
      18748
    ],
    [
      17301,
      17548
    ],
    [
      17316,
      18297
    ],
    [
      17437,
      18531
    ],
    [
      17449,
      17513
    ],
    [
      17478,
      17918
    ],
    [
      17601,
      18090
    ],
    [
      17635,
      19632
    ],
    [
      17665,
      19554
    ],
    [
      17720,
      19050
    ],
    [
      17736,
      18975
    ],
    [
      17836,
      18288
    ],
    [
      17958,
      18529
    ],
    [
      18245,
      18775
    ],
    [
      18294,
      19619
    ],
    [
      18323,
      18658
    ],
    [
      18336,
      18459
    ],
    [
      18395,
      19634
    ],
    [
      18575,
      18969
    ],
    [
      18890,
      19739
    ]
  ]
}