{
  "n_true_positives": 203,
  "n_positives": 203,
  "total_time": 53.030956983566284,
  "date": "2025-01-25T15:46:16.334521",
  "backend": "BruteForce",
  "n_bins": 0,
  "eps": 7.5,
  "args": {
    "csvpath": [
      "../data/RobustBench/predictions/cifar100c-Gowal2020Uncovering_Linf/vanilla.csv",
      "../data/RobustBench/predictions/cifar100c-Gowal2020Uncovering_Linf/brightness-5.csv"
    ],
    "eps": 7.5,
    "n_bins": 0,
    "n_examples": -1,
    "out_path": "../results/semantic//results/cifar100c-Gowal2020Uncovering_Linf/cifar100c-Gowal2020Uncovering_Linf-L2-7.5-brightness-5.json",
    "full_output": false,
    "verbose": false,
    "randomize_order": false,
    "backend": "bf",
    "blind_cols": null,
    "pred": "pred",
    "metric": "L2"
  },
  "backend_meta": {
    "epsilon": 7.5,
    "decision_col": "pred",
    "metric": "Linf",
    "is_exact": true,
    "is_sound": true,
    "is_complete": true
  },
  "positives": [
    [
      63,
      10063
    ],
    [
      133,
      10133
    ],
    [
      209,
      10209
    ],
    [
      222,
      10222
    ],
    [
      286,
      10286
    ],
    [
      297,
      10297
    ],
    [
      329,
      10329
    ],
    [
      374,
      10374
    ],
    [
      419,
      10419
    ],
    [
      430,
      10430
    ],
    [
      465,
      10465
    ],
    [
      554,
      10554
    ],
    [
      616,
      10616
    ],
    [
      699,
      10699
    ],
    [
      805,
      10805
    ],
    [
      822,
      10822
    ],
    [
      845,
      10845
    ],
    [
      929,
      10929
    ],
    [
      1016,
      11016
    ],
    [
      1156,
      11156
    ],
    [
      1169,
      11169
    ],
    [
      1197,
      11197
    ],
    [
      1224,
      11224
    ],
    [
      1252,
      11252
    ],
    [
      1323,
      11323
    ],
    [
      1329,
      11329
    ],
    [
      1409,
      11409
    ],
    [
      1411,
      11411
    ],
    [
      1490,
      11490
    ],
    [
      1542,
      11542
    ],
    [
      1591,
      11591
    ],
    [
      1631,
      11631
    ],
    [
      1673,
      11673
    ],
    [
      1749,
      11749
    ],
    [
      1999,
      11999
    ],
    [
      2056,
      12056
    ],
    [
      2059,
      12059
    ],
    [
      2099,
      12099
    ],
    [
      2110,
      12110
    ],
    [
      2116,
      12116
    ],
    [
      2119,
      12119
    ],
    [
      2136,
      12136
    ],
    [
      2223,
      12223
    ],
    [
      2228,
      12228
    ],
    [
      2261,
      12261
    ],
    [
      2402,
      12402
    ],
    [
      2485,
      12485
    ],
    [
      2519,
      12519
    ],
    [
      2527,
      12527
    ],
    [
      2536,
      12536
    ],
    [
      2543,
      12543
    ],
    [
      2687,
      12687
    ],
    [
      2719,
      12719
    ],
    [
      2840,
      12840
    ],
    [
      2916,
      12916
    ],
    [
      2940,
      12940
    ],
    [
      2957,
      12957
    ],
    [
      2970,
      12970
    ],
    [
      3037,
      13037
    ],
    [
      3041,
      13041
    ],
    [
      3078,
      13078
    ],
    [
      3185,
      13185
    ],
    [
      3212,
      13212
    ],
    [
      3279,
      13279
    ],
    [
      3282,
      13282
    ],
    [
      3324,
      13324
    ],
    [
      3345,
      13345
    ],
    [
      3377,
      13377
    ],
    [
      3393,
      13393
    ],
    [
      3428,
      13428
    ],
    [
      3434,
      13434
    ],
    [
      3475,
      13475
    ],
    [
      3567,
      13567
    ],
    [
      3637,
      13637
    ],
    [
      3711,
      13711
    ],
    [
      3730,
      13730
    ],
    [
      3772,
      13772
    ],
    [
      3782,
      13782
    ],
    [
      3973,
      13973
    ],
    [
      4044,
      14044
    ],
    [
      4091,
      14091
    ],
    [
      4138,
      14138
    ],
    [
      4165,
      14165
    ],
    [
      4246,
      14246
    ],
    [
      4451,
      14451
    ],
    [
      4498,
      14498
    ],
    [
      4527,
      14527
    ],
    [
      4576,
      14576
    ],
    [
      4611,
      14611
    ],
    [
      4620,
      14620
    ],
    [
      4649,
      14649
    ],
    [
      4752,
      14752
    ],
    [
      4829,
      14829
    ],
    [
      4877,
      14877
    ],
    [
      4910,
      14910
    ],
    [
      4945,
      14945
    ],
    [
      5039,
      15039
    ],
    [
      5040,
      15040
    ],
    [
      5052,
      15052
    ],
    [
      5194,
      15194
    ],
    [
      5208,
      15208
    ],
    [
      5277,
      15277
    ],
    [
      5546,
      15546
    ],
    [
      5618,
      15618
    ],
    [
      5671,
      15671
    ],
    [
      5693,
      15693
    ],
    [
      5749,
      15749
    ],
    [
      5801,
      15801
    ],
    [
      5827,
      15827
    ],
    [
      5830,
      15830
    ],
    [
      5850,
      15850
    ],
    [
      5905,
      15905
    ],
    [
      5907,
      15907
    ],
    [
      5982,
      15982
    ],
    [
      5999,
      15999
    ],
    [
      6125,
      16125
    ],
    [
      6130,
      16130
    ],
    [
      6136,
      16136
    ],
    [
      6157,
      16157
    ],
    [
      6210,
      16210
    ],
    [
      6324,
      16324
    ],
    [
      6357,
      16357
    ],
    [
      6391,
      16391
    ],
    [
      6401,
      16401
    ],
    [
      6437,
      16437
    ],
    [
      6492,
      16492
    ],
    [
      6578,
      16578
    ],
    [
      6622,
      16622
    ],
    [
      6680,
      16680
    ],
    [
      6682,
      16682
    ],
    [
      6831,
      16831
    ],
    [
      6933,
      16933
    ],
    [
      6941,
      16941
    ],
    [
      6974,
      16974
    ],
    [
      6977,
      16977
    ],
    [
      6981,
      16981
    ],
    [
      7011,
      17011
    ],
    [
      7034,
      17034
    ],
    [
      7083,
      17083
    ],
    [
      7233,
      17233
    ],
    [
      7239,
      17239
    ],
    [
      7245,
      17245
    ],
    [
      7304,
      17304
    ],
    [
      7323,
      17323
    ],
    [
      7417,
      17417
    ],
    [
      7516,
      17516
    ],
    [
      7522,
      17522
    ],
    [
      7691,
      17691
    ],
    [
      7698,
      17698
    ],
    [
      7704,
      17704
    ],
    [
      7708,
      17708
    ],
    [
      7783,
      17783
    ],
    [
      7837,
      17837
    ],
    [
      7882,
      17882
    ],
    [
      7898,
      17898
    ],
    [
      7908,
      17908
    ],
    [
      7957,
      17957
    ],
    [
      7966,
      17966
    ],
    [
      7994,
      17994
    ],
    [
      8092,
      18092
    ],
    [
      8140,
      18140
    ],
    [
      8182,
      18182
    ],
    [
      8192,
      18192
    ],
    [
      8235,
      18235
    ],
    [
      8268,
      18268
    ],
    [
      8319,
      18319
    ],
    [
      8386,
      18386
    ],
    [
      8501,
      18501
    ],
    [
      8569,
      18569
    ],
    [
      8576,
      18576
    ],
    [
      8629,
      18629
    ],
    [
      8666,
      18666
    ],
    [
      8710,
      18710
    ],
    [
      8714,
      18714
    ],
    [
      8803,
      18803
    ],
    [
      8817,
      18817
    ],
    [
      8858,
      18858
    ],
    [
      8859,
      18859
    ],
    [
      8892,
      18892
    ],
    [
      8898,
      18898
    ],
    [
      8910,
      18910
    ],
    [
      9189,
      19189
    ],
    [
      9190,
      19190
    ],
    [
      9218,
      19218
    ],
    [
      9238,
      19238
    ],
    [
      9248,
      19248
    ],
    [
      9308,
      19308
    ],
    [
      9325,
      19325
    ],
    [
      9420,
      19420
    ],
    [
      9439,
      19439
    ],
    [
      9441,
      19441
    ],
    [
      9488,
      19488
    ],
    [
      9666,
      19666
    ],
    [
      9689,
      19689
    ],
    [
      9699,
      19699
    ],
    [
      9732,
      19732
    ],
    [
      9851,
      19851
    ],
    [
      9914,
      19914
    ],
    [
      9932,
      19932
    ],
    [
      9945,
      19945
    ],
    [
      9982,
      19982
    ],
    [
      14869,
      18709
    ],
    [
      18446,
      18709
    ]
  ]
}