{
  "n_true_positives": 21,
  "n_positives": 21,
  "total_time": 158.8457338809967,
  "date": "2025-01-25T15:47:31.778163",
  "backend": "BruteForce",
  "n_bins": 0,
  "eps": 7.5,
  "args": {
    "csvpath": [
      "../data/RobustBench/predictions/cifar100c-Gowal2020Uncovering_Linf/vanilla.csv",
      "../data/RobustBench/predictions/cifar100c-Gowal2020Uncovering_Linf/contrast-3.csv"
    ],
    "eps": 7.5,
    "n_bins": 0,
    "n_examples": -1,
    "out_path": "../results/semantic//results/cifar100c-Gowal2020Uncovering_Linf/cifar100c-Gowal2020Uncovering_Linf-L2-7.5-contrast-3.json",
    "full_output": false,
    "verbose": false,
    "randomize_order": false,
    "backend": "bf",
    "blind_cols": null,
    "pred": "pred",
    "metric": "L2"
  },
  "backend_meta": {
    "epsilon": 7.5,
    "decision_col": "pred",
    "metric": "Linf",
    "is_exact": true,
    "is_sound": true,
    "is_complete": true
  },
  "positives": [
    [
      5194,
      15194
    ],
    [
      7732,
      17915
    ],
    [
      10599,
      16998
    ],
    [
      10696,
      16190
    ],
    [
      10982,
      16124
    ],
    [
      11223,
      15240
    ],
    [
      11835,
      13165
    ],
    [
      12393,
      19404
    ],
    [
      12686,
      17459
    ],
    [
      12901,
      18964
    ],
    [
      12961,
      16688
    ],
    [
      13833,
      17363
    ],
    [
      14140,
      15481
    ],
    [
      14572,
      19629
    ],
    [
      15194,
      19306
    ],
    [
      15459,
      19651
    ],
    [
      16437,
      17321
    ],
    [
      16482,
      16890
    ],
    [
      17442,
      17825
    ],
    [
      18245,
      18775
    ],
    [
      18245,
      19444
    ]
  ]
}