{
  "n_true_positives": 230,
  "n_positives": 230,
  "total_time": 158.02599477767944,
  "date": "2025-01-25T15:47:30.928957",
  "backend": "BruteForce",
  "n_bins": 0,
  "eps": 7.5,
  "args": {
    "csvpath": [
      "../data/RobustBench/predictions/cifar100c-Gowal2020Uncovering_Linf/vanilla.csv",
      "../data/RobustBench/predictions/cifar100c-Gowal2020Uncovering_Linf/frost-3.csv"
    ],
    "eps": 7.5,
    "n_bins": 0,
    "n_examples": -1,
    "out_path": "../results/semantic//results/cifar100c-Gowal2020Uncovering_Linf/cifar100c-Gowal2020Uncovering_Linf-L2-7.5-frost-3.json",
    "full_output": false,
    "verbose": false,
    "randomize_order": false,
    "backend": "bf",
    "blind_cols": null,
    "pred": "pred",
    "metric": "L2"
  },
  "backend_meta": {
    "epsilon": 7.5,
    "decision_col": "pred",
    "metric": "Linf",
    "is_exact": true,
    "is_sound": true,
    "is_complete": true
  },
  "positives": [
    [
      57,
      10057
    ],
    [
      94,
      10094
    ],
    [
      95,
      10095
    ],
    [
      171,
      10171
    ],
    [
      189,
      10189
    ],
    [
      480,
      10480
    ],
    [
      554,
      10554
    ],
    [
      559,
      10559
    ],
    [
      605,
      10605
    ],
    [
      648,
      10648
    ],
    [
      699,
      10699
    ],
    [
      705,
      10705
    ],
    [
      789,
      10789
    ],
    [
      844,
      10844
    ],
    [
      856,
      10856
    ],
    [
      920,
      10920
    ],
    [
      952,
      10952
    ],
    [
      979,
      10979
    ],
    [
      992,
      10992
    ],
    [
      999,
      10999
    ],
    [
      1055,
      11055
    ],
    [
      1137,
      11137
    ],
    [
      1149,
      11149
    ],
    [
      1196,
      11196
    ],
    [
      1209,
      11209
    ],
    [
      1287,
      11287
    ],
    [
      1315,
      11315
    ],
    [
      1425,
      11425
    ],
    [
      1482,
      11482
    ],
    [
      1519,
      11519
    ],
    [
      1542,
      11542
    ],
    [
      1683,
      11683
    ],
    [
      1686,
      11686
    ],
    [
      1702,
      11702
    ],
    [
      1733,
      11733
    ],
    [
      1796,
      11796
    ],
    [
      1801,
      11801
    ],
    [
      1853,
      11853
    ],
    [
      1913,
      11913
    ],
    [
      1922,
      11922
    ],
    [
      1981,
      11981
    ],
    [
      2002,
      12002
    ],
    [
      2080,
      12080
    ],
    [
      2096,
      12096
    ],
    [
      2173,
      12173
    ],
    [
      2220,
      12220
    ],
    [
      2239,
      12239
    ],
    [
      2251,
      12251
    ],
    [
      2281,
      12281
    ],
    [
      2349,
      12349
    ],
    [
      2356,
      12356
    ],
    [
      2371,
      12371
    ],
    [
      2402,
      12402
    ],
    [
      2452,
      12452
    ],
    [
      2457,
      12457
    ],
    [
      2469,
      12469
    ],
    [
      2471,
      12471
    ],
    [
      2543,
      12543
    ],
    [
      2611,
      12611
    ],
    [
      2647,
      12647
    ],
    [
      2679,
      12679
    ],
    [
      2727,
      12727
    ],
    [
      2743,
      12743
    ],
    [
      2755,
      12755
    ],
    [
      2843,
      12843
    ],
    [
      2869,
      12869
    ],
    [
      2890,
      12890
    ],
    [
      2930,
      12930
    ],
    [
      2955,
      12955
    ],
    [
      3118,
      13118
    ],
    [
      3168,
      13168
    ],
    [
      3169,
      13169
    ],
    [
      3187,
      13187
    ],
    [
      3233,
      13233
    ],
    [
      3248,
      13248
    ],
    [
      3278,
      13278
    ],
    [
      3308,
      13308
    ],
    [
      3356,
      13356
    ],
    [
      3375,
      13375
    ],
    [
      3395,
      13395
    ],
    [
      3550,
      13550
    ],
    [
      3659,
      13659
    ],
    [
      3694,
      13694
    ],
    [
      3799,
      13799
    ],
    [
      3872,
      13872
    ],
    [
      3918,
      13918
    ],
    [
      4005,
      14005
    ],
    [
      4008,
      14008
    ],
    [
      4035,
      14035
    ],
    [
      4083,
      14083
    ],
    [
      4128,
      14128
    ],
    [
      4174,
      14174
    ],
    [
      4240,
      14240
    ],
    [
      4347,
      14347
    ],
    [
      4350,
      14350
    ],
    [
      4412,
      14412
    ],
    [
      4439,
      14439
    ],
    [
      4447,
      14447
    ],
    [
      4541,
      14541
    ],
    [
      4543,
      14543
    ],
    [
      4555,
      14555
    ],
    [
      4565,
      14565
    ],
    [
      4612,
      14612
    ],
    [
      4682,
      14682
    ],
    [
      4688,
      14688
    ],
    [
      4724,
      14724
    ],
    [
      4727,
      14727
    ],
    [
      4797,
      14797
    ],
    [
      4862,
      14862
    ],
    [
      4900,
      14900
    ],
    [
      4943,
      14943
    ],
    [
      4992,
      14992
    ],
    [
      5012,
      15012
    ],
    [
      5043,
      15043
    ],
    [
      5081,
      15081
    ],
    [
      5138,
      15138
    ],
    [
      5142,
      15142
    ],
    [
      5255,
      15255
    ],
    [
      5432,
      15432
    ],
    [
      5465,
      15465
    ],
    [
      5467,
      15467
    ],
    [
      5490,
      15490
    ],
    [
      5501,
      15501
    ],
    [
      5644,
      15644
    ],
    [
      5672,
      15672
    ],
    [
      5693,
      15693
    ],
    [
      5779,
      15779
    ],
    [
      5785,
      15785
    ],
    [
      5793,
      15793
    ],
    [
      5830,
      15830
    ],
    [
      5833,
      15833
    ],
    [
      5872,
      15872
    ],
    [
      5877,
      15877
    ],
    [
      5893,
      15893
    ],
    [
      5905,
      15905
    ],
    [
      5930,
      15930
    ],
    [
      5958,
      15958
    ],
    [
      5974,
      15974
    ],
    [
      6014,
      16014
    ],
    [
      6051,
      16051
    ],
    [
      6092,
      16092
    ],
    [
      6096,
      16096
    ],
    [
      6116,
      16116
    ],
    [
      6152,
      16152
    ],
    [
      6192,
      16192
    ],
    [
      6210,
      16210
    ],
    [
      6347,
      16347
    ],
    [
      6355,
      16355
    ],
    [
      6492,
      16492
    ],
    [
      6555,
      16555
    ],
    [
      6588,
      16588
    ],
    [
      6674,
      16674
    ],
    [
      6675,
      16675
    ],
    [
      6697,
      16697
    ],
    [
      6701,
      16701
    ],
    [
      6705,
      16705
    ],
    [
      6753,
      16753
    ],
    [
      6808,
      16808
    ],
    [
      6872,
      16872
    ],
    [
      6982,
      16982
    ],
    [
      7092,
      17092
    ],
    [
      7143,
      17143
    ],
    [
      7179,
      17179
    ],
    [
      7193,
      17193
    ],
    [
      7250,
      17250
    ],
    [
      7273,
      17273
    ],
    [
      7333,
      17333
    ],
    [
      7344,
      17344
    ],
    [
      7361,
      17361
    ],
    [
      7372,
      17372
    ],
    [
      7375,
      17375
    ],
    [
      7447,
      17447
    ],
    [
      7450,
      17450
    ],
    [
      7471,
      17471
    ],
    [
      7491,
      17491
    ],
    [
      7553,
      17553
    ],
    [
      7606,
      17606
    ],
    [
      7615,
      17615
    ],
    [
      7693,
      17693
    ],
    [
      7697,
      17697
    ],
    [
      7708,
      17708
    ],
    [
      7733,
      17733
    ],
    [
      7756,
      17756
    ],
    [
      7848,
      17848
    ],
    [
      7950,
      17950
    ],
    [
      7966,
      17966
    ],
    [
      8011,
      18011
    ],
    [
      8030,
      18030
    ],
    [
      8130,
      18130
    ],
    [
      8182,
      18182
    ],
    [
      8247,
      18247
    ],
    [
      8299,
      18299
    ],
    [
      8328,
      18328
    ],
    [
      8333,
      18333
    ],
    [
      8354,
      18354
    ],
    [
      8372,
      18372
    ],
    [
      8451,
      18451
    ],
    [
      8458,
      18458
    ],
    [
      8509,
      18509
    ],
    [
      8551,
      18551
    ],
    [
      8563,
      18563
    ],
    [
      8569,
      18569
    ],
    [
      8672,
      18672
    ],
    [
      8691,
      18691
    ],
    [
      8738,
      18738
    ],
    [
      8797,
      18797
    ],
    [
      8867,
      18867
    ],
    [
      9070,
      19070
    ],
    [
      9123,
      19123
    ],
    [
      9205,
      19205
    ],
    [
      9206,
      19206
    ],
    [
      9235,
      19235
    ],
    [
      9303,
      19303
    ],
    [
      9325,
      19325
    ],
    [
      9367,
      19367
    ],
    [
      9382,
      19382
    ],
    [
      9488,
      19488
    ],
    [
      9613,
      19613
    ],
    [
      9620,
      19620
    ],
    [
      9652,
      19652
    ],
    [
      9662,
      19662
    ],
    [
      9731,
      19731
    ],
    [
      9745,
      19745
    ],
    [
      9757,
      19757
    ],
    [
      9781,
      19781
    ],
    [
      9792,
      19792
    ],
    [
      9826,
      19826
    ],
    [
      9972,
      19972
    ],
    [
      9974,
      19974
    ],
    [
      9977,
      19977
    ]
  ]
}