{
  "n_true_positives": 36,
  "n_positives": 36,
  "total_time": 50.44014930725098,
  "date": "2025-01-25T15:45:11.218447",
  "backend": "BruteForce",
  "n_bins": 0,
  "eps": 7.5,
  "args": {
    "csvpath": [
      "../data/RobustBench/predictions/cifar100c-Gowal2020Uncovering_Linf/vanilla.csv",
      "../data/RobustBench/predictions/cifar100c-Gowal2020Uncovering_Linf/jpeg_compression-2.csv"
    ],
    "eps": 7.5,
    "n_bins": 0,
    "n_examples": -1,
    "out_path": "../results/semantic//results/cifar100c-Gowal2020Uncovering_Linf/cifar100c-Gowal2020Uncovering_Linf-L2-7.5-jpeg_compression-2.json",
    "full_output": false,
    "verbose": false,
    "randomize_order": false,
    "backend": "bf",
    "blind_cols": null,
    "pred": "pred",
    "metric": "L2"
  },
  "backend_meta": {
    "epsilon": 7.5,
    "decision_col": "pred",
    "metric": "Linf",
    "is_exact": true,
    "is_sound": true,
    "is_complete": true
  },
  "positives": [
    [
      169,
      10169
    ],
    [
      432,
      10432
    ],
    [
      574,
      10574
    ],
    [
      696,
      10696
    ],
    [
      2057,
      12057
    ],
    [
      2218,
      12218
    ],
    [
      2282,
      12282
    ],
    [
      2609,
      12609
    ],
    [
      2722,
      12722
    ],
    [
      2893,
      12893
    ],
    [
      3585,
      13585
    ],
    [
      4040,
      14040
    ],
    [
      4167,
      14167
    ],
    [
      4656,
      14656
    ],
    [
      4806,
      14806
    ],
    [
      4843,
      14843
    ],
    [
      4898,
      14898
    ],
    [
      4908,
      14908
    ],
    [
      5031,
      15031
    ],
    [
      5642,
      15642
    ],
    [
      6269,
      16269
    ],
    [
      6421,
      16421
    ],
    [
      6555,
      16555
    ],
    [
      6788,
      16788
    ],
    [
      7114,
      17114
    ],
    [
      7574,
      17574
    ],
    [
      7595,
      17595
    ],
    [
      7908,
      17908
    ],
    [
      7938,
      17938
    ],
    [
      8312,
      18312
    ],
    [
      8441,
      18441
    ],
    [
      8571,
      18571
    ],
    [
      9033,
      19033
    ],
    [
      9126,
      19126
    ],
    [
      9677,
      19677
    ],
    [
      9972,
      19972
    ]
  ]
}