{
  "n_true_positives": 84,
  "n_positives": 84,
  "total_time": 42.277504444122314,
  "date": "2025-01-25T15:46:32.312982",
  "backend": "BruteForce",
  "n_bins": 0,
  "eps": 7.5,
  "args": {
    "csvpath": [
      "../data/RobustBench/predictions/cifar100c-Gowal2020Uncovering_Linf/vanilla.csv",
      "../data/RobustBench/predictions/cifar100c-Gowal2020Uncovering_Linf/pixelate-3.csv"
    ],
    "eps": 7.5,
    "n_bins": 0,
    "n_examples": -1,
    "out_path": "../results/semantic//results/cifar100c-Gowal2020Uncovering_Linf/cifar100c-Gowal2020Uncovering_Linf-L2-7.5-pixelate-3.json",
    "full_output": false,
    "verbose": false,
    "randomize_order": false,
    "backend": "bf",
    "blind_cols": null,
    "pred": "pred",
    "metric": "L2"
  },
  "backend_meta": {
    "epsilon": 7.5,
    "decision_col": "pred",
    "metric": "Linf",
    "is_exact": true,
    "is_sound": true,
    "is_complete": true
  },
  "positives": [
    [
      15,
      10015
    ],
    [
      114,
      10114
    ],
    [
      230,
      10230
    ],
    [
      456,
      10456
    ],
    [
      613,
      10613
    ],
    [
      927,
      10927
    ],
    [
      1084,
      11084
    ],
    [
      1203,
      11203
    ],
    [
      1219,
      11219
    ],
    [
      1382,
      11382
    ],
    [
      1444,
      11444
    ],
    [
      1512,
      11512
    ],
    [
      1574,
      11574
    ],
    [
      1704,
      11704
    ],
    [
      1710,
      11710
    ],
    [
      1826,
      11826
    ],
    [
      1948,
      11948
    ],
    [
      2057,
      12057
    ],
    [
      2190,
      12190
    ],
    [
      2356,
      12356
    ],
    [
      2486,
      12486
    ],
    [
      2497,
      12497
    ],
    [
      2520,
      12520
    ],
    [
      2646,
      12646
    ],
    [
      2742,
      12742
    ],
    [
      3019,
      13019
    ],
    [
      3263,
      13263
    ],
    [
      3419,
      13419
    ],
    [
      3690,
      13690
    ],
    [
      3994,
      13994
    ],
    [
      4040,
      14040
    ],
    [
      4118,
      14118
    ],
    [
      4167,
      14167
    ],
    [
      4203,
      14203
    ],
    [
      4243,
      14243
    ],
    [
      4249,
      14249
    ],
    [
      4314,
      14314
    ],
    [
      4427,
      14427
    ],
    [
      4428,
      14428
    ],
    [
      4551,
      14551
    ],
    [
      4877,
      14877
    ],
    [
      4953,
      14953
    ],
    [
      5150,
      15150
    ],
    [
      5230,
      15230
    ],
    [
      5338,
      15338
    ],
    [
      5416,
      15416
    ],
    [
      5472,
      15472
    ],
    [
      5869,
      15869
    ],
    [
      5945,
      15945
    ],
    [
      5997,
      15997
    ],
    [
      6025,
      16025
    ],
    [
      6029,
      16029
    ],
    [
      6109,
      16109
    ],
    [
      6223,
      16223
    ],
    [
      6587,
      16587
    ],
    [
      6650,
      16650
    ],
    [
      6753,
      16753
    ],
    [
      6858,
      16858
    ],
    [
      6952,
      16952
    ],
    [
      7069,
      17069
    ],
    [
      7327,
      17327
    ],
    [
      7641,
      17641
    ],
    [
      7848,
      17848
    ],
    [
      7892,
      17892
    ],
    [
      7897,
      17897
    ],
    [
      7908,
      17908
    ],
    [
      8312,
      18312
    ],
    [
      8364,
      18364
    ],
    [
      8412,
      18412
    ],
    [
      8571,
      18571
    ],
    [
      8804,
      18804
    ],
    [
      8858,
      18858
    ],
    [
      8870,
      18870
    ],
    [
      8879,
      18879
    ],
    [
      9070,
      19070
    ],
    [
      9292,
      19292
    ],
    [
      9334,
      19334
    ],
    [
      9382,
      19382
    ],
    [
      9395,
      19395
    ],
    [
      9502,
      19502
    ],
    [
      9670,
      19670
    ],
    [
      9677,
      19677
    ],
    [
      9879,
      19879
    ],
    [
      9972,
      19972
    ]
  ]
}