{
  "n_true_positives": 47,
  "n_positives": 47,
  "total_time": 50.80051374435425,
  "date": "2025-01-25T15:44:10.173563",
  "backend": "BruteForce",
  "n_bins": 0,
  "eps": 7.5,
  "args": {
    "csvpath": [
      "../data/RobustBench/predictions/cifar100c-Gowal2020Uncovering_Linf/vanilla.csv",
      "../data/RobustBench/predictions/cifar100c-Gowal2020Uncovering_Linf/zoom_blur-1.csv"
    ],
    "eps": 7.5,
    "n_bins": 0,
    "n_examples": -1,
    "out_path": "../results/semantic//results/cifar100c-Gowal2020Uncovering_Linf/cifar100c-Gowal2020Uncovering_Linf-L2-7.5-zoom_blur-1.json",
    "full_output": false,
    "verbose": false,
    "randomize_order": false,
    "backend": "bf",
    "blind_cols": null,
    "pred": "pred",
    "metric": "L2"
  },
  "backend_meta": {
    "epsilon": 7.5,
    "decision_col": "pred",
    "metric": "Linf",
    "is_exact": true,
    "is_sound": true,
    "is_complete": true
  },
  "positives": [
    [
      40,
      10040
    ],
    [
      222,
      10222
    ],
    [
      318,
      10318
    ],
    [
      613,
      10613
    ],
    [
      781,
      10781
    ],
    [
      972,
      10972
    ],
    [
      1512,
      11512
    ],
    [
      1574,
      11574
    ],
    [
      1852,
      11852
    ],
    [
      1930,
      11930
    ],
    [
      2247,
      12247
    ],
    [
      2349,
      12349
    ],
    [
      2730,
      12730
    ],
    [
      2731,
      12731
    ],
    [
      2818,
      12818
    ],
    [
      2852,
      12852
    ],
    [
      2878,
      12878
    ],
    [
      2991,
      12991
    ],
    [
      3185,
      13185
    ],
    [
      3194,
      13194
    ],
    [
      3555,
      13555
    ],
    [
      3603,
      13603
    ],
    [
      3706,
      13706
    ],
    [
      3946,
      13946
    ],
    [
      3951,
      13951
    ],
    [
      4167,
      14167
    ],
    [
      4206,
      14206
    ],
    [
      4986,
      14986
    ],
    [
      5159,
      15159
    ],
    [
      5160,
      15160
    ],
    [
      5532,
      15532
    ],
    [
      5814,
      15814
    ],
    [
      5930,
      15930
    ],
    [
      6269,
      16269
    ],
    [
      6523,
      16523
    ],
    [
      7250,
      17250
    ],
    [
      7323,
      17323
    ],
    [
      7653,
      17653
    ],
    [
      7751,
      17751
    ],
    [
      8139,
      18139
    ],
    [
      8803,
      18803
    ],
    [
      9070,
      19070
    ],
    [
      9395,
      19395
    ],
    [
      9436,
      19436
    ],
    [
      9670,
      19670
    ],
    [
      9689,
      19689
    ],
    [
      9754,
      19754
    ]
  ]
}