{
  "n_true_positives": 624,
  "n_positives": 624,
  "total_time": 42.22829079627991,
  "date": "2025-01-25T15:43:27.834581",
  "backend": "BruteForce",
  "n_bins": 0,
  "eps": 7.5,
  "args": {
    "csvpath": [
      "../data/RobustBench/predictions/cifar100c-Gowal2020Uncovering_Linf/vanilla.csv",
      "../data/RobustBench/predictions/cifar100c-Gowal2020Uncovering_Linf/defocus_blur-2.csv"
    ],
    "eps": 7.5,
    "n_bins": 0,
    "n_examples": -1,
    "out_path": "../results/semantic//results/cifar100c-Gowal2020Uncovering_Linf/cifar100c-Gowal2020Uncovering_Linf-L2-7.5-defocus_blur-2.json",
    "full_output": false,
    "verbose": false,
    "randomize_order": false,
    "backend": "bf",
    "blind_cols": null,
    "pred": "pred",
    "metric": "L2"
  },
  "backend_meta": {
    "epsilon": 7.5,
    "decision_col": "pred",
    "metric": "Linf",
    "is_exact": true,
    "is_sound": true,
    "is_complete": true
  },
  "positives": [
    [
      0,
      10000
    ],
    [
      54,
      10054
    ],
    [
      65,
      10065
    ],
    [
      70,
      10070
    ],
    [
      89,
      10089
    ],
    [
      97,
      10097
    ],
    [
      101,
      10101
    ],
    [
      137,
      10137
    ],
    [
      149,
      10149
    ],
    [
      150,
      10150
    ],
    [
      164,
      10164
    ],
    [
      175,
      10175
    ],
    [
      222,
      10222
    ],
    [
      230,
      10230
    ],
    [
      235,
      10235
    ],
    [
      249,
      10249
    ],
    [
      264,
      10264
    ],
    [
      285,
      10285
    ],
    [
      288,
      10288
    ],
    [
      291,
      10291
    ],
    [
      301,
      10301
    ],
    [
      318,
      10318
    ],
    [
      349,
      10349
    ],
    [
      366,
      10366
    ],
    [
      409,
      10409
    ],
    [
      414,
      10414
    ],
    [
      419,
      10419
    ],
    [
      427,
      10427
    ],
    [
      440,
      10440
    ],
    [
      444,
      10444
    ],
    [
      456,
      10456
    ],
    [
      464,
      10464
    ],
    [
      496,
      10496
    ],
    [
      504,
      10504
    ],
    [
      521,
      10521
    ],
    [
      523,
      10523
    ],
    [
      533,
      10533
    ],
    [
      535,
      10535
    ],
    [
      550,
      10550
    ],
    [
      558,
      10558
    ],
    [
      561,
      10561
    ],
    [
      569,
      10569
    ],
    [
      570,
      10570
    ],
    [
      590,
      10590
    ],
    [
      613,
      10613
    ],
    [
      658,
      10658
    ],
    [
      671,
      10671
    ],
    [
      696,
      10696
    ],
    [
      707,
      10707
    ],
    [
      709,
      10709
    ],
    [
      711,
      10711
    ],
    [
      742,
      10742
    ],
    [
      758,
      10758
    ],
    [
      791,
      10791
    ],
    [
      799,
      10799
    ],
    [
      802,
      10802
    ],
    [
      812,
      10812
    ],
    [
      838,
      10838
    ],
    [
      848,
      10848
    ],
    [
      866,
      10866
    ],
    [
      870,
      10870
    ],
    [
      879,
      10879
    ],
    [
      886,
      10886
    ],
    [
      904,
      10904
    ],
    [
      910,
      10910
    ],
    [
      921,
      10921
    ],
    [
      927,
      10927
    ],
    [
      971,
      10971
    ],
    [
      976,
      10976
    ],
    [
      979,
      10979
    ],
    [
      992,
      10992
    ],
    [
      1019,
      11019
    ],
    [
      1020,
      11020
    ],
    [
      1022,
      11022
    ],
    [
      1023,
      11023
    ],
    [
      1034,
      11034
    ],
    [
      1055,
      11055
    ],
    [
      1124,
      11124
    ],
    [
      1138,
      11138
    ],
    [
      1170,
      11170
    ],
    [
      1192,
      11192
    ],
    [
      1196,
      11196
    ],
    [
      1211,
      11211
    ],
    [
      1220,
      11220
    ],
    [
      1242,
      11242
    ],
    [
      1246,
      11246
    ],
    [
      1247,
      11247
    ],
    [
      1257,
      11257
    ],
    [
      1282,
      11282
    ],
    [
      1294,
      11294
    ],
    [
      1302,
      11302
    ],
    [
      1315,
      11315
    ],
    [
      1329,
      11329
    ],
    [
      1356,
      11356
    ],
    [
      1409,
      11409
    ],
    [
      1429,
      11429
    ],
    [
      1440,
      11440
    ],
    [
      1444,
      11444
    ],
    [
      1453,
      11453
    ],
    [
      1492,
      11492
    ],
    [
      1493,
      11493
    ],
    [
      1511,
      11511
    ],
    [
      1512,
      11512
    ],
    [
      1515,
      11515
    ],
    [
      1520,
      11520
    ],
    [
      1524,
      11524
    ],
    [
      1537,
      11537
    ],
    [
      1541,
      11541
    ],
    [
      1574,
      11574
    ],
    [
      1624,
      11624
    ],
    [
      1633,
      11633
    ],
    [
      1689,
      11689
    ],
    [
      1691,
      11691
    ],
    [
      1704,
      11704
    ],
    [
      1756,
      11756
    ],
    [
      1772,
      11772
    ],
    [
      1777,
      11777
    ],
    [
      1806,
      11806
    ],
    [
      1814,
      11814
    ],
    [
      1826,
      11826
    ],
    [
      1868,
      11868
    ],
    [
      1883,
      11883
    ],
    [
      1900,
      11900
    ],
    [
      1912,
      11912
    ],
    [
      1926,
      11926
    ],
    [
      1948,
      11948
    ],
    [
      1984,
      11984
    ],
    [
      2000,
      12000
    ],
    [
      2028,
      12028
    ],
    [
      2043,
      12043
    ],
    [
      2047,
      12047
    ],
    [
      2053,
      12053
    ],
    [
      2092,
      12092
    ],
    [
      2103,
      12103
    ],
    [
      2110,
      12110
    ],
    [
      2114,
      12114
    ],
    [
      2169,
      12169
    ],
    [
      2190,
      12190
    ],
    [
      2213,
      12213
    ],
    [
      2214,
      12214
    ],
    [
      2218,
      12218
    ],
    [
      2246,
      12246
    ],
    [
      2247,
      12247
    ],
    [
      2251,
      12251
    ],
    [
      2267,
      12267
    ],
    [
      2282,
      12282
    ],
    [
      2290,
      12290
    ],
    [
      2294,
      12294
    ],
    [
      2312,
      12312
    ],
    [
      2317,
      12317
    ],
    [
      2327,
      12327
    ],
    [
      2340,
      12340
    ],
    [
      2343,
      12343
    ],
    [
      2376,
      12376
    ],
    [
      2402,
      12402
    ],
    [
      2414,
      12414
    ],
    [
      2441,
      12441
    ],
    [
      2450,
      12450
    ],
    [
      2452,
      12452
    ],
    [
      2464,
      12464
    ],
    [
      2483,
      12483
    ],
    [
      2495,
      12495
    ],
    [
      2499,
      12499
    ],
    [
      2513,
      12513
    ],
    [
      2527,
      12527
    ],
    [
      2552,
      12552
    ],
    [
      2572,
      12572
    ],
    [
      2577,
      12577
    ],
    [
      2599,
      12599
    ],
    [
      2609,
      12609
    ],
    [
      2612,
      12612
    ],
    [
      2624,
      12624
    ],
    [
      2651,
      12651
    ],
    [
      2679,
      12679
    ],
    [
      2712,
      12712
    ],
    [
      2733,
      12733
    ],
    [
      2754,
      12754
    ],
    [
      2755,
      12755
    ],
    [
      2765,
      12765
    ],
    [
      2769,
      12769
    ],
    [
      2878,
      12878
    ],
    [
      2880,
      12880
    ],
    [
      2901,
      12901
    ],
    [
      2912,
      12912
    ],
    [
      2914,
      12914
    ],
    [
      2924,
      12924
    ],
    [
      2934,
      12934
    ],
    [
      2955,
      12955
    ],
    [
      2959,
      12959
    ],
    [
      2979,
      12979
    ],
    [
      2999,
      12999
    ],
    [
      3004,
      13004
    ],
    [
      3019,
      13019
    ],
    [
      3020,
      13020
    ],
    [
      3027,
      13027
    ],
    [
      3029,
      13029
    ],
    [
      3030,
      13030
    ],
    [
      3061,
      13061
    ],
    [
      3072,
      13072
    ],
    [
      3083,
      13083
    ],
    [
      3142,
      13142
    ],
    [
      3164,
      13164
    ],
    [
      3171,
      13171
    ],
    [
      3211,
      13211
    ],
    [
      3233,
      13233
    ],
    [
      3261,
      13261
    ],
    [
      3267,
      13267
    ],
    [
      3305,
      13305
    ],
    [
      3332,
      13332
    ],
    [
      3341,
      13341
    ],
    [
      3343,
      13343
    ],
    [
      3372,
      13372
    ],
    [
      3375,
      13375
    ],
    [
      3385,
      13385
    ],
    [
      3408,
      13408
    ],
    [
      3418,
      13418
    ],
    [
      3422,
      13422
    ],
    [
      3460,
      13460
    ],
    [
      3473,
      13473
    ],
    [
      3484,
      13484
    ],
    [
      3488,
      13488
    ],
    [
      3490,
      13490
    ],
    [
      3506,
      13506
    ],
    [
      3515,
      13515
    ],
    [
      3549,
      13549
    ],
    [
      3550,
      13550
    ],
    [
      3555,
      13555
    ],
    [
      3567,
      13567
    ],
    [
      3578,
      13578
    ],
    [
      3631,
      13631
    ],
    [
      3647,
      13647
    ],
    [
      3658,
      13658
    ],
    [
      3673,
      13673
    ],
    [
      3692,
      13692
    ],
    [
      3696,
      13696
    ],
    [
      3720,
      13720
    ],
    [
      3761,
      13761
    ],
    [
      3766,
      13766
    ],
    [
      3799,
      13799
    ],
    [
      3812,
      13812
    ],
    [
      3844,
      13844
    ],
    [
      3858,
      13858
    ],
    [
      3878,
      13878
    ],
    [
      3929,
      13929
    ],
    [
      3933,
      13933
    ],
    [
      3934,
      13934
    ],
    [
      3945,
      13945
    ],
    [
      3951,
      13951
    ],
    [
      3953,
      13953
    ],
    [
      3963,
      13963
    ],
    [
      3968,
      13968
    ],
    [
      4034,
      14034
    ],
    [
      4040,
      14040
    ],
    [
      4046,
      14046
    ],
    [
      4056,
      14056
    ],
    [
      4075,
      14075
    ],
    [
      4110,
      14110
    ],
    [
      4118,
      14118
    ],
    [
      4128,
      14128
    ],
    [
      4131,
      14131
    ],
    [
      4167,
      14167
    ],
    [
      4174,
      14174
    ],
    [
      4188,
      14188
    ],
    [
      4203,
      14203
    ],
    [
      4204,
      14204
    ],
    [
      4208,
      14208
    ],
    [
      4211,
      14211
    ],
    [
      4220,
      14220
    ],
    [
      4238,
      14238
    ],
    [
      4242,
      14242
    ],
    [
      4249,
      14249
    ],
    [
      4283,
      14283
    ],
    [
      4300,
      14300
    ],
    [
      4302,
      14302
    ],
    [
      4303,
      14303
    ],
    [
      4320,
      14320
    ],
    [
      4327,
      14327
    ],
    [
      4341,
      14341
    ],
    [
      4388,
      14388
    ],
    [
      4415,
      14415
    ],
    [
      4428,
      14428
    ],
    [
      4434,
      14434
    ],
    [
      4465,
      14465
    ],
    [
      4480,
      14480
    ],
    [
      4490,
      14490
    ],
    [
      4499,
      14499
    ],
    [
      4500,
      14500
    ],
    [
      4526,
      14526
    ],
    [
      4529,
      14529
    ],
    [
      4532,
      14532
    ],
    [
      4544,
      14544
    ],
    [
      4548,
      14548
    ],
    [
      4549,
      14549
    ],
    [
      4587,
      14587
    ],
    [
      4612,
      14612
    ],
    [
      4622,
      14622
    ],
    [
      4626,
      14626
    ],
    [
      4628,
      14628
    ],
    [
      4634,
      14634
    ],
    [
      4655,
      14655
    ],
    [
      4659,
      14659
    ],
    [
      4660,
      14660
    ],
    [
      4674,
      14674
    ],
    [
      4676,
      14676
    ],
    [
      4684,
      14684
    ],
    [
      4688,
      14688
    ],
    [
      4701,
      14701
    ],
    [
      4710,
      14710
    ],
    [
      4712,
      14712
    ],
    [
      4713,
      14713
    ],
    [
      4724,
      14724
    ],
    [
      4728,
      14728
    ],
    [
      4742,
      14742
    ],
    [
      4840,
      14840
    ],
    [
      4847,
      14847
    ],
    [
      4849,
      14849
    ],
    [
      4867,
      14867
    ],
    [
      4903,
      14903
    ],
    [
      4907,
      14907
    ],
    [
      4908,
      14908
    ],
    [
      4924,
      14924
    ],
    [
      4956,
      14956
    ],
    [
      4974,
      14974
    ],
    [
      5078,
      15078
    ],
    [
      5084,
      15084
    ],
    [
      5085,
      15085
    ],
    [
      5148,
      15148
    ],
    [
      5160,
      15160
    ],
    [
      5168,
      15168
    ],
    [
      5182,
      15182
    ],
    [
      5198,
      15198
    ],
    [
      5230,
      15230
    ],
    [
      5233,
      15233
    ],
    [
      5279,
      15279
    ],
    [
      5338,
      15338
    ],
    [
      5351,
      15351
    ],
    [
      5361,
      15361
    ],
    [
      5381,
      15381
    ],
    [
      5385,
      15385
    ],
    [
      5412,
      15412
    ],
    [
      5416,
      15416
    ],
    [
      5419,
      15419
    ],
    [
      5452,
      15452
    ],
    [
      5467,
      15467
    ],
    [
      5508,
      15508
    ],
    [
      5510,
      15510
    ],
    [
      5515,
      15515
    ],
    [
      5528,
      15528
    ],
    [
      5540,
      15540
    ],
    [
      5541,
      15541
    ],
    [
      5569,
      15569
    ],
    [
      5599,
      15599
    ],
    [
      5601,
      15601
    ],
    [
      5621,
      15621
    ],
    [
      5626,
      15626
    ],
    [
      5629,
      15629
    ],
    [
      5631,
      15631
    ],
    [
      5639,
      15639
    ],
    [
      5642,
      15642
    ],
    [
      5651,
      15651
    ],
    [
      5653,
      15653
    ],
    [
      5718,
      15718
    ],
    [
      5735,
      15735
    ],
    [
      5747,
      15747
    ],
    [
      5787,
      15787
    ],
    [
      5788,
      15788
    ],
    [
      5798,
      15798
    ],
    [
      5811,
      15811
    ],
    [
      5819,
      15819
    ],
    [
      5821,
      15821
    ],
    [
      5827,
      15827
    ],
    [
      5830,
      15830
    ],
    [
      5843,
      15843
    ],
    [
      5844,
      15844
    ],
    [
      5869,
      15869
    ],
    [
      5877,
      15877
    ],
    [
      5912,
      15912
    ],
    [
      5919,
      15919
    ],
    [
      5930,
      15930
    ],
    [
      5945,
      15945
    ],
    [
      5956,
      15956
    ],
    [
      5960,
      15960
    ],
    [
      5963,
      15963
    ],
    [
      5987,
      15987
    ],
    [
      5997,
      15997
    ],
    [
      6005,
      16005
    ],
    [
      6014,
      16014
    ],
    [
      6015,
      16015
    ],
    [
      6025,
      16025
    ],
    [
      6029,
      16029
    ],
    [
      6036,
      16036
    ],
    [
      6039,
      16039
    ],
    [
      6105,
      16105
    ],
    [
      6116,
      16116
    ],
    [
      6130,
      16130
    ],
    [
      6143,
      16143
    ],
    [
      6154,
      16154
    ],
    [
      6168,
      16168
    ],
    [
      6169,
      16169
    ],
    [
      6185,
      16185
    ],
    [
      6186,
      16186
    ],
    [
      6196,
      16196
    ],
    [
      6209,
      16209
    ],
    [
      6210,
      16210
    ],
    [
      6213,
      16213
    ],
    [
      6229,
      16229
    ],
    [
      6269,
      16269
    ],
    [
      6274,
      16274
    ],
    [
      6288,
      16288
    ],
    [
      6310,
      16310
    ],
    [
      6311,
      16311
    ],
    [
      6321,
      16321
    ],
    [
      6355,
      16355
    ],
    [
      6356,
      16356
    ],
    [
      6365,
      16365
    ],
    [
      6399,
      16399
    ],
    [
      6411,
      16411
    ],
    [
      6414,
      16414
    ],
    [
      6421,
      16421
    ],
    [
      6424,
      16424
    ],
    [
      6434,
      16434
    ],
    [
      6441,
      16441
    ],
    [
      6458,
      16458
    ],
    [
      6502,
      16502
    ],
    [
      6505,
      16505
    ],
    [
      6510,
      16510
    ],
    [
      6515,
      16515
    ],
    [
      6523,
      16523
    ],
    [
      6525,
      16525
    ],
    [
      6552,
      16552
    ],
    [
      6556,
      16556
    ],
    [
      6580,
      16580
    ],
    [
      6587,
      16587
    ],
    [
      6650,
      16650
    ],
    [
      6694,
      16694
    ],
    [
      6695,
      16695
    ],
    [
      6721,
      16721
    ],
    [
      6726,
      16726
    ],
    [
      6733,
      16733
    ],
    [
      6753,
      16753
    ],
    [
      6761,
      16761
    ],
    [
      6818,
      16818
    ],
    [
      6832,
      16832
    ],
    [
      6858,
      16858
    ],
    [
      6885,
      16885
    ],
    [
      6909,
      16909
    ],
    [
      6930,
      16930
    ],
    [
      6941,
      16941
    ],
    [
      6956,
      16956
    ],
    [
      6971,
      16971
    ],
    [
      6988,
      16988
    ],
    [
      6996,
      16996
    ],
    [
      6999,
      16999
    ],
    [
      7029,
      17029
    ],
    [
      7034,
      17034
    ],
    [
      7037,
      17037
    ],
    [
      7047,
      17047
    ],
    [
      7060,
      17060
    ],
    [
      7073,
      17073
    ],
    [
      7092,
      17092
    ],
    [
      7094,
      17094
    ],
    [
      7106,
      17106
    ],
    [
      7112,
      17112
    ],
    [
      7140,
      17140
    ],
    [
      7142,
      17142
    ],
    [
      7152,
      17152
    ],
    [
      7203,
      17203
    ],
    [
      7254,
      17254
    ],
    [
      7273,
      17273
    ],
    [
      7292,
      17292
    ],
    [
      7308,
      17308
    ],
    [
      7314,
      17314
    ],
    [
      7323,
      17323
    ],
    [
      7327,
      17327
    ],
    [
      7329,
      17329
    ],
    [
      7359,
      17359
    ],
    [
      7365,
      17365
    ],
    [
      7375,
      17375
    ],
    [
      7389,
      17389
    ],
    [
      7425,
      17425
    ],
    [
      7467,
      17467
    ],
    [
      7473,
      17473
    ],
    [
      7474,
      17474
    ],
    [
      7478,
      17478
    ],
    [
      7481,
      17481
    ],
    [
      7484,
      17484
    ],
    [
      7485,
      17485
    ],
    [
      7495,
      17495
    ],
    [
      7509,
      17509
    ],
    [
      7520,
      17520
    ],
    [
      7550,
      17550
    ],
    [
      7567,
      17567
    ],
    [
      7573,
      17573
    ],
    [
      7577,
      17577
    ],
    [
      7584,
      17584
    ],
    [
      7625,
      17625
    ],
    [
      7630,
      17630
    ],
    [
      7644,
      17644
    ],
    [
      7653,
      17653
    ],
    [
      7658,
      17658
    ],
    [
      7680,
      17680
    ],
    [
      7700,
      17700
    ],
    [
      7711,
      17711
    ],
    [
      7724,
      17724
    ],
    [
      7733,
      17733
    ],
    [
      7736,
      17736
    ],
    [
      7751,
      17751
    ],
    [
      7758,
      17758
    ],
    [
      7764,
      17764
    ],
    [
      7780,
      17780
    ],
    [
      7795,
      17795
    ],
    [
      7817,
      17817
    ],
    [
      7840,
      17840
    ],
    [
      7848,
      17848
    ],
    [
      7864,
      17864
    ],
    [
      7868,
      17868
    ],
    [
      7871,
      17871
    ],
    [
      7889,
      17889
    ],
    [
      7891,
      17891
    ],
    [
      7897,
      17897
    ],
    [
      7903,
      17903
    ],
    [
      7908,
      17908
    ],
    [
      7958,
      17958
    ],
    [
      7986,
      17986
    ],
    [
      8028,
      18028
    ],
    [
      8049,
      18049
    ],
    [
      8068,
      18068
    ],
    [
      8084,
      18084
    ],
    [
      8090,
      18090
    ],
    [
      8094,
      18094
    ],
    [
      8107,
      18107
    ],
    [
      8118,
      18118
    ],
    [
      8144,
      18144
    ],
    [
      8244,
      18244
    ],
    [
      8258,
      18258
    ],
    [
      8289,
      18289
    ],
    [
      8312,
      18312
    ],
    [
      8331,
      18331
    ],
    [
      8333,
      18333
    ],
    [
      8342,
      18342
    ],
    [
      8346,
      18346
    ],
    [
      8348,
      18348
    ],
    [
      8350,
      18350
    ],
    [
      8363,
      18363
    ],
    [
      8383,
      18383
    ],
    [
      8418,
      18418
    ],
    [
      8419,
      18419
    ],
    [
      8435,
      18435
    ],
    [
      8437,
      18437
    ],
    [
      8460,
      18460
    ],
    [
      8469,
      18469
    ],
    [
      8481,
      18481
    ],
    [
      8517,
      18517
    ],
    [
      8525,
      18525
    ],
    [
      8557,
      18557
    ],
    [
      8571,
      18571
    ],
    [
      8588,
      18588
    ],
    [
      8596,
      18596
    ],
    [
      8619,
      18619
    ],
    [
      8632,
      18632
    ],
    [
      8669,
      18669
    ],
    [
      8672,
      18672
    ],
    [
      8691,
      18691
    ],
    [
      8710,
      18710
    ],
    [
      8711,
      18711
    ],
    [
      8797,
      18797
    ],
    [
      8803,
      18803
    ],
    [
      8804,
      18804
    ],
    [
      8828,
      18828
    ],
    [
      8844,
      18844
    ],
    [
      8858,
      18858
    ],
    [
      8959,
      18959
    ],
    [
      8986,
      18986
    ],
    [
      9042,
      19042
    ],
    [
      9047,
      19047
    ],
    [
      9048,
      19048
    ],
    [
      9070,
      19070
    ],
    [
      9104,
      19104
    ],
    [
      9105,
      19105
    ],
    [
      9106,
      19106
    ],
    [
      9142,
      19142
    ],
    [
      9170,
      19170
    ],
    [
      9187,
      19187
    ],
    [
      9206,
      19206
    ],
    [
      9222,
      19222
    ],
    [
      9238,
      19238
    ],
    [
      9241,
      19241
    ],
    [
      9277,
      19277
    ],
    [
      9334,
      19334
    ],
    [
      9356,
      19356
    ],
    [
      9369,
      19369
    ],
    [
      9382,
      19382
    ],
    [
      9395,
      19395
    ],
    [
      9397,
      19397
    ],
    [
      9420,
      19420
    ],
    [
      9435,
      19435
    ],
    [
      9453,
      19453
    ],
    [
      9465,
      19465
    ],
    [
      9502,
      19502
    ],
    [
      9544,
      19544
    ],
    [
      9561,
      19561
    ],
    [
      9659,
      19659
    ],
    [
      9666,
      19666
    ],
    [
      9670,
      19670
    ],
    [
      9677,
      19677
    ],
    [
      9689,
      19689
    ],
    [
      9708,
      19708
    ],
    [
      9725,
      19725
    ],
    [
      9748,
      19748
    ],
    [
      9754,
      19754
    ],
    [
      9785,
      19785
    ],
    [
      9803,
      19803
    ],
    [
      9816,
      19816
    ],
    [
      9844,
      19844
    ],
    [
      9863,
      19863
    ],
    [
      9899,
      19899
    ],
    [
      9908,
      19908
    ],
    [
      9911,
      19911
    ],
    [
      9942,
      19942
    ],
    [
      9952,
      19952
    ],
    [
      9953,
      19953
    ],
    [
      9962,
      19962
    ],
    [
      9968,
      19968
    ],
    [
      9980,
      19980
    ]
  ]
}