{
  "n_true_positives": 304,
  "n_positives": 304,
  "total_time": 56.46106004714966,
  "date": "2025-01-25T15:44:25.434032",
  "backend": "BruteForce",
  "n_bins": 0,
  "eps": 7.5,
  "args": {
    "csvpath": [
      "../data/RobustBench/predictions/cifar100c-Gowal2020Uncovering_Linf/vanilla.csv",
      "../data/RobustBench/predictions/cifar100c-Gowal2020Uncovering_Linf/snow-1.csv"
    ],
    "eps": 7.5,
    "n_bins": 0,
    "n_examples": -1,
    "out_path": "../results/semantic//results/cifar100c-Gowal2020Uncovering_Linf/cifar100c-Gowal2020Uncovering_Linf-L2-7.5-snow-1.json",
    "full_output": false,
    "verbose": false,
    "randomize_order": false,
    "backend": "bf",
    "blind_cols": null,
    "pred": "pred",
    "metric": "L2"
  },
  "backend_meta": {
    "epsilon": 7.5,
    "decision_col": "pred",
    "metric": "Linf",
    "is_exact": true,
    "is_sound": true,
    "is_complete": true
  },
  "positives": [
    [
      65,
      10065
    ],
    [
      71,
      10071
    ],
    [
      86,
      10086
    ],
    [
      88,
      10088
    ],
    [
      99,
      10099
    ],
    [
      172,
      10172
    ],
    [
      184,
      10184
    ],
    [
      197,
      10197
    ],
    [
      249,
      10249
    ],
    [
      255,
      10255
    ],
    [
      266,
      10266
    ],
    [
      296,
      10296
    ],
    [
      329,
      10329
    ],
    [
      397,
      10397
    ],
    [
      409,
      10409
    ],
    [
      565,
      10565
    ],
    [
      573,
      10573
    ],
    [
      587,
      10587
    ],
    [
      605,
      10605
    ],
    [
      609,
      10609
    ],
    [
      718,
      10718
    ],
    [
      747,
      10747
    ],
    [
      787,
      10787
    ],
    [
      798,
      10798
    ],
    [
      936,
      10936
    ],
    [
      947,
      10947
    ],
    [
      1016,
      11016
    ],
    [
      1139,
      11139
    ],
    [
      1161,
      11161
    ],
    [
      1170,
      11170
    ],
    [
      1182,
      11182
    ],
    [
      1185,
      11185
    ],
    [
      1196,
      11196
    ],
    [
      1242,
      11242
    ],
    [
      1243,
      11243
    ],
    [
      1248,
      11248
    ],
    [
      1272,
      11272
    ],
    [
      1299,
      11299
    ],
    [
      1302,
      11302
    ],
    [
      1325,
      11325
    ],
    [
      1348,
      11348
    ],
    [
      1370,
      11370
    ],
    [
      1397,
      11397
    ],
    [
      1402,
      11402
    ],
    [
      1452,
      11452
    ],
    [
      1527,
      11527
    ],
    [
      1594,
      11594
    ],
    [
      1654,
      11654
    ],
    [
      1701,
      11701
    ],
    [
      1710,
      11710
    ],
    [
      1731,
      11731
    ],
    [
      1801,
      11801
    ],
    [
      1808,
      11808
    ],
    [
      1913,
      11913
    ],
    [
      1944,
      11944
    ],
    [
      1970,
      11970
    ],
    [
      2003,
      12003
    ],
    [
      2057,
      12057
    ],
    [
      2088,
      12088
    ],
    [
      2115,
      12115
    ],
    [
      2220,
      12220
    ],
    [
      2227,
      12227
    ],
    [
      2341,
      12341
    ],
    [
      2370,
      12370
    ],
    [
      2414,
      12414
    ],
    [
      2424,
      12424
    ],
    [
      2428,
      12428
    ],
    [
      2431,
      12431
    ],
    [
      2497,
      12497
    ],
    [
      2547,
      12547
    ],
    [
      2575,
      12575
    ],
    [
      2644,
      12644
    ],
    [
      2663,
      12663
    ],
    [
      2722,
      12722
    ],
    [
      2774,
      12774
    ],
    [
      2860,
      12860
    ],
    [
      2866,
      12866
    ],
    [
      2869,
      12869
    ],
    [
      2893,
      12893
    ],
    [
      2912,
      12912
    ],
    [
      2934,
      12934
    ],
    [
      3009,
      13009
    ],
    [
      3020,
      13020
    ],
    [
      3029,
      13029
    ],
    [
      3039,
      13039
    ],
    [
      3174,
      13174
    ],
    [
      3175,
      13175
    ],
    [
      3233,
      13233
    ],
    [
      3261,
      13261
    ],
    [
      3281,
      13281
    ],
    [
      3305,
      13305
    ],
    [
      3311,
      13311
    ],
    [
      3333,
      13333
    ],
    [
      3389,
      13389
    ],
    [
      3391,
      13391
    ],
    [
      3422,
      13422
    ],
    [
      3426,
      13426
    ],
    [
      3456,
      13456
    ],
    [
      3498,
      13498
    ],
    [
      3511,
      13511
    ],
    [
      3527,
      13527
    ],
    [
      3535,
      13535
    ],
    [
      3538,
      13538
    ],
    [
      3550,
      13550
    ],
    [
      3590,
      13590
    ],
    [
      3679,
      13679
    ],
    [
      3694,
      13694
    ],
    [
      3721,
      13721
    ],
    [
      3846,
      13846
    ],
    [
      3875,
      13875
    ],
    [
      3886,
      13886
    ],
    [
      3915,
      13915
    ],
    [
      3945,
      13945
    ],
    [
      3951,
      13951
    ],
    [
      3974,
      13974
    ],
    [
      4026,
      14026
    ],
    [
      4075,
      14075
    ],
    [
      4083,
      14083
    ],
    [
      4099,
      14099
    ],
    [
      4155,
      14155
    ],
    [
      4185,
      14185
    ],
    [
      4204,
      14204
    ],
    [
      4294,
      14294
    ],
    [
      4300,
      14300
    ],
    [
      4390,
      14390
    ],
    [
      4428,
      14428
    ],
    [
      4439,
      14439
    ],
    [
      4499,
      14499
    ],
    [
      4586,
      14586
    ],
    [
      4630,
      14630
    ],
    [
      4652,
      14652
    ],
    [
      4727,
      14727
    ],
    [
      4728,
      14728
    ],
    [
      4738,
      14738
    ],
    [
      4775,
      14775
    ],
    [
      4788,
      14788
    ],
    [
      4798,
      14798
    ],
    [
      4804,
      14804
    ],
    [
      4843,
      14843
    ],
    [
      4846,
      14846
    ],
    [
      4867,
      14867
    ],
    [
      4874,
      14874
    ],
    [
      4895,
      14895
    ],
    [
      4898,
      14898
    ],
    [
      4900,
      14900
    ],
    [
      4969,
      14969
    ],
    [
      4986,
      14986
    ],
    [
      5028,
      15028
    ],
    [
      5031,
      15031
    ],
    [
      5050,
      15050
    ],
    [
      5057,
      15057
    ],
    [
      5069,
      15069
    ],
    [
      5085,
      15085
    ],
    [
      5099,
      15099
    ],
    [
      5104,
      15104
    ],
    [
      5119,
      15119
    ],
    [
      5230,
      15230
    ],
    [
      5235,
      15235
    ],
    [
      5340,
      15340
    ],
    [
      5360,
      15360
    ],
    [
      5361,
      15361
    ],
    [
      5381,
      15381
    ],
    [
      5406,
      15406
    ],
    [
      5416,
      15416
    ],
    [
      5426,
      15426
    ],
    [
      5432,
      15432
    ],
    [
      5450,
      15450
    ],
    [
      5490,
      15490
    ],
    [
      5503,
      15503
    ],
    [
      5515,
      15515
    ],
    [
      5530,
      15530
    ],
    [
      5533,
      15533
    ],
    [
      5569,
      15569
    ],
    [
      5631,
      15631
    ],
    [
      5653,
      15653
    ],
    [
      5654,
      15654
    ],
    [
      5707,
      15707
    ],
    [
      5742,
      15742
    ],
    [
      5793,
      15793
    ],
    [
      5818,
      15818
    ],
    [
      5831,
      15831
    ],
    [
      5896,
      15896
    ],
    [
      5919,
      15919
    ],
    [
      5927,
      15927
    ],
    [
      5930,
      15930
    ],
    [
      5945,
      15945
    ],
    [
      5998,
      15998
    ],
    [
      6014,
      16014
    ],
    [
      6067,
      16067
    ],
    [
      6077,
      16077
    ],
    [
      6101,
      16101
    ],
    [
      6128,
      16128
    ],
    [
      6140,
      16140
    ],
    [
      6167,
      16167
    ],
    [
      6210,
      16210
    ],
    [
      6269,
      16269
    ],
    [
      6285,
      16285
    ],
    [
      6293,
      16293
    ],
    [
      6311,
      16311
    ],
    [
      6325,
      16325
    ],
    [
      6386,
      16386
    ],
    [
      6411,
      16411
    ],
    [
      6424,
      16424
    ],
    [
      6443,
      16443
    ],
    [
      6450,
      16450
    ],
    [
      6493,
      16493
    ],
    [
      6502,
      16502
    ],
    [
      6521,
      16521
    ],
    [
      6523,
      16523
    ],
    [
      6525,
      16525
    ],
    [
      6528,
      16528
    ],
    [
      6578,
      16578
    ],
    [
      6587,
      16587
    ],
    [
      6603,
      16603
    ],
    [
      6606,
      16606
    ],
    [
      6621,
      16621
    ],
    [
      6700,
      16700
    ],
    [
      6732,
      16732
    ],
    [
      6776,
      16776
    ],
    [
      6888,
      16888
    ],
    [
      6889,
      16889
    ],
    [
      6951,
      16951
    ],
    [
      6970,
      16970
    ],
    [
      7132,
      17132
    ],
    [
      7183,
      17183
    ],
    [
      7205,
      17205
    ],
    [
      7273,
      17273
    ],
    [
      7275,
      17275
    ],
    [
      7276,
      17276
    ],
    [
      7285,
      17285
    ],
    [
      7298,
      17298
    ],
    [
      7330,
      17330
    ],
    [
      7339,
      17339
    ],
    [
      7357,
      17357
    ],
    [
      7375,
      17375
    ],
    [
      7393,
      17393
    ],
    [
      7408,
      17408
    ],
    [
      7413,
      17413
    ],
    [
      7425,
      17425
    ],
    [
      7428,
      17428
    ],
    [
      7445,
      17445
    ],
    [
      7465,
      17465
    ],
    [
      7530,
      17530
    ],
    [
      7582,
      17582
    ],
    [
      7608,
      17608
    ],
    [
      7658,
      17658
    ],
    [
      7721,
      17721
    ],
    [
      7868,
      17868
    ],
    [
      7898,
      17898
    ],
    [
      7902,
      17902
    ],
    [
      7950,
      17950
    ],
    [
      7974,
      17974
    ],
    [
      8008,
      18008
    ],
    [
      8031,
      18031
    ],
    [
      8090,
      18090
    ],
    [
      8164,
      18164
    ],
    [
      8210,
      18210
    ],
    [
      8223,
      18223
    ],
    [
      8258,
      18258
    ],
    [
      8293,
      18293
    ],
    [
      8325,
      18325
    ],
    [
      8341,
      18341
    ],
    [
      8394,
      18394
    ],
    [
      8410,
      18410
    ],
    [
      8446,
      18446
    ],
    [
      8471,
      18471
    ],
    [
      8570,
      18570
    ],
    [
      8655,
      18655
    ],
    [
      8665,
      18665
    ],
    [
      8666,
      18666
    ],
    [
      8711,
      18711
    ],
    [
      8759,
      18759
    ],
    [
      8821,
      18821
    ],
    [
      8824,
      18824
    ],
    [
      8842,
      18842
    ],
    [
      8858,
      18858
    ],
    [
      8923,
      18923
    ],
    [
      8939,
      18939
    ],
    [
      8952,
      18952
    ],
    [
      8987,
      18987
    ],
    [
      9023,
      19023
    ],
    [
      9047,
      19047
    ],
    [
      9051,
      19051
    ],
    [
      9130,
      19130
    ],
    [
      9133,
      19133
    ],
    [
      9142,
      19142
    ],
    [
      9224,
      19224
    ],
    [
      9228,
      19228
    ],
    [
      9303,
      19303
    ],
    [
      9318,
      19318
    ],
    [
      9372,
      19372
    ],
    [
      9395,
      19395
    ],
    [
      9544,
      19544
    ],
    [
      9591,
      19591
    ],
    [
      9603,
      19603
    ],
    [
      9640,
      19640
    ],
    [
      9647,
      19647
    ],
    [
      9680,
      19680
    ],
    [
      9723,
      19723
    ],
    [
      9772,
      19772
    ],
    [
      9858,
      19858
    ],
    [
      9916,
      19916
    ],
    [
      9929,
      19929
    ],
    [
      9948,
      19948
    ]
  ]
}