{
  "n_true_positives": 166,
  "n_positives": 166,
  "total_time": 165.5472869873047,
  "date": "2025-01-25T15:47:39.080668",
  "backend": "BruteForce",
  "n_bins": 0,
  "eps": 7.5,
  "args": {
    "csvpath": [
      "../data/RobustBench/predictions/cifar100c-Gowal2020Uncovering_Linf/vanilla.csv",
      "../data/RobustBench/predictions/cifar100c-Gowal2020Uncovering_Linf/frost-4.csv"
    ],
    "eps": 7.5,
    "n_bins": 0,
    "n_examples": -1,
    "out_path": "../results/semantic//results/cifar100c-Gowal2020Uncovering_Linf/cifar100c-Gowal2020Uncovering_Linf-L2-7.5-frost-4.json",
    "full_output": false,
    "verbose": false,
    "randomize_order": false,
    "backend": "bf",
    "blind_cols": null,
    "pred": "pred",
    "metric": "L2"
  },
  "backend_meta": {
    "epsilon": 7.5,
    "decision_col": "pred",
    "metric": "Linf",
    "is_exact": true,
    "is_sound": true,
    "is_complete": true
  },
  "positives": [
    [
      58,
      10058
    ],
    [
      89,
      10089
    ],
    [
      90,
      10090
    ],
    [
      137,
      10137
    ],
    [
      283,
      10283
    ],
    [
      338,
      10338
    ],
    [
      567,
      10567
    ],
    [
      605,
      10605
    ],
    [
      650,
      10650
    ],
    [
      696,
      10696
    ],
    [
      776,
      10776
    ],
    [
      949,
      10949
    ],
    [
      961,
      10961
    ],
    [
      1030,
      11030
    ],
    [
      1182,
      11182
    ],
    [
      1190,
      11190
    ],
    [
      1200,
      11200
    ],
    [
      1211,
      11211
    ],
    [
      1224,
      11224
    ],
    [
      1276,
      11276
    ],
    [
      1517,
      11517
    ],
    [
      1615,
      11615
    ],
    [
      1658,
      11658
    ],
    [
      1691,
      11691
    ],
    [
      1694,
      11694
    ],
    [
      1710,
      11710
    ],
    [
      1733,
      11733
    ],
    [
      1868,
      11868
    ],
    [
      1958,
      11958
    ],
    [
      1961,
      11961
    ],
    [
      2048,
      12048
    ],
    [
      2188,
      12188
    ],
    [
      2224,
      12224
    ],
    [
      2267,
      12267
    ],
    [
      2317,
      12317
    ],
    [
      2339,
      12339
    ],
    [
      2371,
      12371
    ],
    [
      2401,
      12401
    ],
    [
      2403,
      12403
    ],
    [
      2405,
      12405
    ],
    [
      2431,
      12431
    ],
    [
      2473,
      12473
    ],
    [
      2513,
      12513
    ],
    [
      2541,
      12541
    ],
    [
      2609,
      12609
    ],
    [
      2610,
      12610
    ],
    [
      2727,
      12727
    ],
    [
      2808,
      12808
    ],
    [
      2843,
      12843
    ],
    [
      2912,
      12912
    ],
    [
      2940,
      12940
    ],
    [
      3026,
      13026
    ],
    [
      3118,
      13118
    ],
    [
      3161,
      13161
    ],
    [
      3250,
      13250
    ],
    [
      3422,
      13422
    ],
    [
      3434,
      13434
    ],
    [
      3466,
      13466
    ],
    [
      3643,
      13643
    ],
    [
      3799,
      13799
    ],
    [
      3840,
      13840
    ],
    [
      3908,
      13908
    ],
    [
      3918,
      13918
    ],
    [
      3922,
      13922
    ],
    [
      3991,
      13991
    ],
    [
      4008,
      14008
    ],
    [
      4057,
      14057
    ],
    [
      4175,
      14175
    ],
    [
      4177,
      14177
    ],
    [
      4219,
      14219
    ],
    [
      4238,
      14238
    ],
    [
      4290,
      14290
    ],
    [
      4300,
      14300
    ],
    [
      4333,
      14333
    ],
    [
      4476,
      14476
    ],
    [
      4482,
      14482
    ],
    [
      4498,
      14498
    ],
    [
      4543,
      14543
    ],
    [
      4583,
      14583
    ],
    [
      4621,
      14621
    ],
    [
      4672,
      14672
    ],
    [
      4710,
      14710
    ],
    [
      4758,
      14758
    ],
    [
      4797,
      14797
    ],
    [
      4943,
      14943
    ],
    [
      5077,
      15077
    ],
    [
      5223,
      15223
    ],
    [
      5258,
      15258
    ],
    [
      5263,
      15263
    ],
    [
      5371,
      15371
    ],
    [
      5415,
      15415
    ],
    [
      5419,
      15419
    ],
    [
      5461,
      15461
    ],
    [
      5628,
      15628
    ],
    [
      5654,
      15654
    ],
    [
      5693,
      15693
    ],
    [
      5830,
      15830
    ],
    [
      5842,
      15842
    ],
    [
      5870,
      15870
    ],
    [
      5897,
      15897
    ],
    [
      5905,
      15905
    ],
    [
      5930,
      15930
    ],
    [
      5956,
      15956
    ],
    [
      5969,
      15969
    ],
    [
      5977,
      15977
    ],
    [
      6014,
      16014
    ],
    [
      6092,
      16092
    ],
    [
      6152,
      16152
    ],
    [
      6203,
      16203
    ],
    [
      6383,
      16383
    ],
    [
      6467,
      16467
    ],
    [
      6469,
      16469
    ],
    [
      6520,
      16520
    ],
    [
      6555,
      16555
    ],
    [
      6615,
      16615
    ],
    [
      6654,
      16654
    ],
    [
      6674,
      16674
    ],
    [
      6733,
      16733
    ],
    [
      6949,
      16949
    ],
    [
      7011,
      17011
    ],
    [
      7162,
      17162
    ],
    [
      7183,
      17183
    ],
    [
      7216,
      17216
    ],
    [
      7241,
      17241
    ],
    [
      7298,
      17298
    ],
    [
      7333,
      17333
    ],
    [
      7351,
      17351
    ],
    [
      7467,
      17467
    ],
    [
      7489,
      17489
    ],
    [
      7509,
      17509
    ],
    [
      7632,
      17632
    ],
    [
      7652,
      17652
    ],
    [
      7779,
      17779
    ],
    [
      7858,
      17858
    ],
    [
      7924,
      17924
    ],
    [
      7957,
      17957
    ],
    [
      8031,
      18031
    ],
    [
      8273,
      18273
    ],
    [
      8285,
      18285
    ],
    [
      8388,
      18388
    ],
    [
      8409,
      18409
    ],
    [
      8424,
      18424
    ],
    [
      8437,
      18437
    ],
    [
      8553,
      18553
    ],
    [
      8563,
      18563
    ],
    [
      8569,
      18569
    ],
    [
      8647,
      18647
    ],
    [
      8655,
      18655
    ],
    [
      8658,
      18658
    ],
    [
      8673,
      18673
    ],
    [
      8750,
      18750
    ],
    [
      8817,
      18817
    ],
    [
      8920,
      18920
    ],
    [
      8945,
      18945
    ],
    [
      8974,
      18974
    ],
    [
      9051,
      19051
    ],
    [
      9189,
      19189
    ],
    [
      9303,
      19303
    ],
    [
      9350,
      19350
    ],
    [
      9358,
      19358
    ],
    [
      9688,
      19688
    ],
    [
      9731,
      19731
    ],
    [
      9747,
      19747
    ],
    [
      9851,
      19851
    ],
    [
      9972,
      19972
    ],
    [
      9985,
      19985
    ]
  ]
}