{
  "n_true_positives": 453,
  "n_positives": 453,
  "total_time": 147.23994207382202,
  "date": "2025-01-25T15:47:19.716120",
  "backend": "BruteForce",
  "n_bins": 0,
  "eps": 7.5,
  "args": {
    "csvpath": [
      "../data/RobustBench/predictions/cifar100c-Gowal2020Uncovering_Linf/vanilla.csv",
      "../data/RobustBench/predictions/cifar100c-Gowal2020Uncovering_Linf/defocus_blur-1.csv"
    ],
    "eps": 7.5,
    "n_bins": 0,
    "n_examples": -1,
    "out_path": "../results/semantic//results/cifar100c-Gowal2020Uncovering_Linf/cifar100c-Gowal2020Uncovering_Linf-L2-7.5-defocus_blur-1.json",
    "full_output": false,
    "verbose": false,
    "randomize_order": false,
    "backend": "bf",
    "blind_cols": null,
    "pred": "pred",
    "metric": "L2"
  },
  "backend_meta": {
    "epsilon": 7.5,
    "decision_col": "pred",
    "metric": "Linf",
    "is_exact": true,
    "is_sound": true,
    "is_complete": true
  },
  "positives": [
    [
      0,
      10000
    ],
    [
      39,
      10039
    ],
    [
      70,
      10070
    ],
    [
      87,
      10087
    ],
    [
      114,
      10114
    ],
    [
      137,
      10137
    ],
    [
      161,
      10161
    ],
    [
      167,
      10167
    ],
    [
      172,
      10172
    ],
    [
      175,
      10175
    ],
    [
      230,
      10230
    ],
    [
      235,
      10235
    ],
    [
      249,
      10249
    ],
    [
      259,
      10259
    ],
    [
      274,
      10274
    ],
    [
      280,
      10280
    ],
    [
      285,
      10285
    ],
    [
      340,
      10340
    ],
    [
      349,
      10349
    ],
    [
      366,
      10366
    ],
    [
      401,
      10401
    ],
    [
      408,
      10408
    ],
    [
      427,
      10427
    ],
    [
      440,
      10440
    ],
    [
      444,
      10444
    ],
    [
      464,
      10464
    ],
    [
      530,
      10530
    ],
    [
      550,
      10550
    ],
    [
      572,
      10572
    ],
    [
      578,
      10578
    ],
    [
      587,
      10587
    ],
    [
      590,
      10590
    ],
    [
      613,
      10613
    ],
    [
      658,
      10658
    ],
    [
      670,
      10670
    ],
    [
      696,
      10696
    ],
    [
      709,
      10709
    ],
    [
      756,
      10756
    ],
    [
      758,
      10758
    ],
    [
      802,
      10802
    ],
    [
      812,
      10812
    ],
    [
      838,
      10838
    ],
    [
      866,
      10866
    ],
    [
      874,
      10874
    ],
    [
      918,
      10918
    ],
    [
      921,
      10921
    ],
    [
      957,
      10957
    ],
    [
      971,
      10971
    ],
    [
      976,
      10976
    ],
    [
      983,
      10983
    ],
    [
      1020,
      11020
    ],
    [
      1022,
      11022
    ],
    [
      1023,
      11023
    ],
    [
      1025,
      11025
    ],
    [
      1050,
      11050
    ],
    [
      1124,
      11124
    ],
    [
      1138,
      11138
    ],
    [
      1165,
      11165
    ],
    [
      1179,
      11179
    ],
    [
      1211,
      11211
    ],
    [
      1230,
      11230
    ],
    [
      1232,
      11232
    ],
    [
      1242,
      11242
    ],
    [
      1246,
      11246
    ],
    [
      1247,
      11247
    ],
    [
      1294,
      11294
    ],
    [
      1302,
      11302
    ],
    [
      1315,
      11315
    ],
    [
      1332,
      11332
    ],
    [
      1382,
      11382
    ],
    [
      1383,
      11383
    ],
    [
      1425,
      11425
    ],
    [
      1511,
      11511
    ],
    [
      1517,
      11517
    ],
    [
      1520,
      11520
    ],
    [
      1524,
      11524
    ],
    [
      1532,
      11532
    ],
    [
      1537,
      11537
    ],
    [
      1546,
      11546
    ],
    [
      1607,
      11607
    ],
    [
      1623,
      11623
    ],
    [
      1624,
      11624
    ],
    [
      1662,
      11662
    ],
    [
      1689,
      11689
    ],
    [
      1710,
      11710
    ],
    [
      1718,
      11718
    ],
    [
      1731,
      11731
    ],
    [
      1763,
      11763
    ],
    [
      1764,
      11764
    ],
    [
      1772,
      11772
    ],
    [
      1782,
      11782
    ],
    [
      1790,
      11790
    ],
    [
      1814,
      11814
    ],
    [
      1883,
      11883
    ],
    [
      1900,
      11900
    ],
    [
      1912,
      11912
    ],
    [
      1948,
      11948
    ],
    [
      1958,
      11958
    ],
    [
      1991,
      11991
    ],
    [
      2003,
      12003
    ],
    [
      2025,
      12025
    ],
    [
      2028,
      12028
    ],
    [
      2047,
      12047
    ],
    [
      2093,
      12093
    ],
    [
      2103,
      12103
    ],
    [
      2110,
      12110
    ],
    [
      2114,
      12114
    ],
    [
      2136,
      12136
    ],
    [
      2147,
      12147
    ],
    [
      2169,
      12169
    ],
    [
      2192,
      12192
    ],
    [
      2218,
      12218
    ],
    [
      2282,
      12282
    ],
    [
      2337,
      12337
    ],
    [
      2340,
      12340
    ],
    [
      2342,
      12342
    ],
    [
      2347,
      12347
    ],
    [
      2374,
      12374
    ],
    [
      2381,
      12381
    ],
    [
      2414,
      12414
    ],
    [
      2452,
      12452
    ],
    [
      2496,
      12496
    ],
    [
      2520,
      12520
    ],
    [
      2527,
      12527
    ],
    [
      2552,
      12552
    ],
    [
      2572,
      12572
    ],
    [
      2609,
      12609
    ],
    [
      2612,
      12612
    ],
    [
      2624,
      12624
    ],
    [
      2646,
      12646
    ],
    [
      2651,
      12651
    ],
    [
      2685,
      12685
    ],
    [
      2742,
      12742
    ],
    [
      2755,
      12755
    ],
    [
      2765,
      12765
    ],
    [
      2769,
      12769
    ],
    [
      2786,
      12786
    ],
    [
      2841,
      12841
    ],
    [
      2860,
      12860
    ],
    [
      2878,
      12878
    ],
    [
      2893,
      12893
    ],
    [
      2911,
      12911
    ],
    [
      2999,
      12999
    ],
    [
      3004,
      13004
    ],
    [
      3019,
      13019
    ],
    [
      3029,
      13029
    ],
    [
      3045,
      13045
    ],
    [
      3098,
      13098
    ],
    [
      3104,
      13104
    ],
    [
      3126,
      13126
    ],
    [
      3142,
      13142
    ],
    [
      3171,
      13171
    ],
    [
      3177,
      13177
    ],
    [
      3202,
      13202
    ],
    [
      3211,
      13211
    ],
    [
      3230,
      13230
    ],
    [
      3243,
      13243
    ],
    [
      3261,
      13261
    ],
    [
      3268,
      13268
    ],
    [
      3281,
      13281
    ],
    [
      3332,
      13332
    ],
    [
      3341,
      13341
    ],
    [
      3344,
      13344
    ],
    [
      3372,
      13372
    ],
    [
      3375,
      13375
    ],
    [
      3379,
      13379
    ],
    [
      3385,
      13385
    ],
    [
      3419,
      13419
    ],
    [
      3460,
      13460
    ],
    [
      3487,
      13487
    ],
    [
      3488,
      13488
    ],
    [
      3515,
      13515
    ],
    [
      3550,
      13550
    ],
    [
      3551,
      13551
    ],
    [
      3631,
      13631
    ],
    [
      3647,
      13647
    ],
    [
      3687,
      13687
    ],
    [
      3709,
      13709
    ],
    [
      3710,
      13710
    ],
    [
      3720,
      13720
    ],
    [
      3757,
      13757
    ],
    [
      3799,
      13799
    ],
    [
      3871,
      13871
    ],
    [
      3887,
      13887
    ],
    [
      3897,
      13897
    ],
    [
      3933,
      13933
    ],
    [
      3934,
      13934
    ],
    [
      3951,
      13951
    ],
    [
      3953,
      13953
    ],
    [
      3974,
      13974
    ],
    [
      3994,
      13994
    ],
    [
      4026,
      14026
    ],
    [
      4034,
      14034
    ],
    [
      4075,
      14075
    ],
    [
      4104,
      14104
    ],
    [
      4110,
      14110
    ],
    [
      4118,
      14118
    ],
    [
      4200,
      14200
    ],
    [
      4203,
      14203
    ],
    [
      4238,
      14238
    ],
    [
      4250,
      14250
    ],
    [
      4300,
      14300
    ],
    [
      4388,
      14388
    ],
    [
      4389,
      14389
    ],
    [
      4415,
      14415
    ],
    [
      4428,
      14428
    ],
    [
      4434,
      14434
    ],
    [
      4480,
      14480
    ],
    [
      4497,
      14497
    ],
    [
      4499,
      14499
    ],
    [
      4559,
      14559
    ],
    [
      4565,
      14565
    ],
    [
      4587,
      14587
    ],
    [
      4603,
      14603
    ],
    [
      4612,
      14612
    ],
    [
      4622,
      14622
    ],
    [
      4626,
      14626
    ],
    [
      4634,
      14634
    ],
    [
      4710,
      14710
    ],
    [
      4712,
      14712
    ],
    [
      4738,
      14738
    ],
    [
      4742,
      14742
    ],
    [
      4768,
      14768
    ],
    [
      4773,
      14773
    ],
    [
      4801,
      14801
    ],
    [
      4843,
      14843
    ],
    [
      4855,
      14855
    ],
    [
      4856,
      14856
    ],
    [
      4891,
      14891
    ],
    [
      4903,
      14903
    ],
    [
      4908,
      14908
    ],
    [
      4915,
      14915
    ],
    [
      4953,
      14953
    ],
    [
      4971,
      14971
    ],
    [
      4974,
      14974
    ],
    [
      5084,
      15084
    ],
    [
      5085,
      15085
    ],
    [
      5118,
      15118
    ],
    [
      5160,
      15160
    ],
    [
      5198,
      15198
    ],
    [
      5216,
      15216
    ],
    [
      5220,
      15220
    ],
    [
      5226,
      15226
    ],
    [
      5351,
      15351
    ],
    [
      5361,
      15361
    ],
    [
      5412,
      15412
    ],
    [
      5447,
      15447
    ],
    [
      5472,
      15472
    ],
    [
      5499,
      15499
    ],
    [
      5533,
      15533
    ],
    [
      5541,
      15541
    ],
    [
      5573,
      15573
    ],
    [
      5599,
      15599
    ],
    [
      5600,
      15600
    ],
    [
      5626,
      15626
    ],
    [
      5639,
      15639
    ],
    [
      5653,
      15653
    ],
    [
      5687,
      15687
    ],
    [
      5709,
      15709
    ],
    [
      5735,
      15735
    ],
    [
      5747,
      15747
    ],
    [
      5798,
      15798
    ],
    [
      5808,
      15808
    ],
    [
      5827,
      15827
    ],
    [
      5830,
      15830
    ],
    [
      5844,
      15844
    ],
    [
      5869,
      15869
    ],
    [
      5901,
      15901
    ],
    [
      5919,
      15919
    ],
    [
      5955,
      15955
    ],
    [
      5960,
      15960
    ],
    [
      5963,
      15963
    ],
    [
      5997,
      15997
    ],
    [
      6005,
      16005
    ],
    [
      6015,
      16015
    ],
    [
      6025,
      16025
    ],
    [
      6111,
      16111
    ],
    [
      6112,
      16112
    ],
    [
      6118,
      16118
    ],
    [
      6130,
      16130
    ],
    [
      6154,
      16154
    ],
    [
      6169,
      16169
    ],
    [
      6186,
      16186
    ],
    [
      6210,
      16210
    ],
    [
      6243,
      16243
    ],
    [
      6246,
      16246
    ],
    [
      6269,
      16269
    ],
    [
      6274,
      16274
    ],
    [
      6277,
      16277
    ],
    [
      6325,
      16325
    ],
    [
      6371,
      16371
    ],
    [
      6411,
      16411
    ],
    [
      6414,
      16414
    ],
    [
      6421,
      16421
    ],
    [
      6424,
      16424
    ],
    [
      6432,
      16432
    ],
    [
      6458,
      16458
    ],
    [
      6510,
      16510
    ],
    [
      6523,
      16523
    ],
    [
      6595,
      16595
    ],
    [
      6603,
      16603
    ],
    [
      6644,
      16644
    ],
    [
      6645,
      16645
    ],
    [
      6650,
      16650
    ],
    [
      6700,
      16700
    ],
    [
      6711,
      16711
    ],
    [
      6721,
      16721
    ],
    [
      6753,
      16753
    ],
    [
      6757,
      16757
    ],
    [
      6795,
      16795
    ],
    [
      6804,
      16804
    ],
    [
      6832,
      16832
    ],
    [
      6858,
      16858
    ],
    [
      6861,
      16861
    ],
    [
      6885,
      16885
    ],
    [
      6909,
      16909
    ],
    [
      6940,
      16940
    ],
    [
      6955,
      16955
    ],
    [
      7024,
      17024
    ],
    [
      7034,
      17034
    ],
    [
      7047,
      17047
    ],
    [
      7050,
      17050
    ],
    [
      7060,
      17060
    ],
    [
      7069,
      17069
    ],
    [
      7075,
      17075
    ],
    [
      7089,
      17089
    ],
    [
      7092,
      17092
    ],
    [
      7112,
      17112
    ],
    [
      7152,
      17152
    ],
    [
      7195,
      17195
    ],
    [
      7251,
      17251
    ],
    [
      7273,
      17273
    ],
    [
      7308,
      17308
    ],
    [
      7311,
      17311
    ],
    [
      7314,
      17314
    ],
    [
      7365,
      17365
    ],
    [
      7389,
      17389
    ],
    [
      7443,
      17443
    ],
    [
      7465,
      17465
    ],
    [
      7473,
      17473
    ],
    [
      7474,
      17474
    ],
    [
      7478,
      17478
    ],
    [
      7517,
      17517
    ],
    [
      7550,
      17550
    ],
    [
      7567,
      17567
    ],
    [
      7573,
      17573
    ],
    [
      7577,
      17577
    ],
    [
      7588,
      17588
    ],
    [
      7615,
      17615
    ],
    [
      7625,
      17625
    ],
    [
      7671,
      17671
    ],
    [
      7673,
      17673
    ],
    [
      7700,
      17700
    ],
    [
      7711,
      17711
    ],
    [
      7724,
      17724
    ],
    [
      7736,
      17736
    ],
    [
      7751,
      17751
    ],
    [
      7772,
      17772
    ],
    [
      7795,
      17795
    ],
    [
      7839,
      17839
    ],
    [
      7848,
      17848
    ],
    [
      7864,
      17864
    ],
    [
      7865,
      17865
    ],
    [
      7866,
      17866
    ],
    [
      7868,
      17868
    ],
    [
      7889,
      17889
    ],
    [
      7908,
      17908
    ],
    [
      7938,
      17938
    ],
    [
      7960,
      17960
    ],
    [
      7986,
      17986
    ],
    [
      8000,
      18000
    ],
    [
      8022,
      18022
    ],
    [
      8028,
      18028
    ],
    [
      8042,
      18042
    ],
    [
      8051,
      18051
    ],
    [
      8068,
      18068
    ],
    [
      8102,
      18102
    ],
    [
      8118,
      18118
    ],
    [
      8132,
      18132
    ],
    [
      8133,
      18133
    ],
    [
      8144,
      18144
    ],
    [
      8164,
      18164
    ],
    [
      8219,
      18219
    ],
    [
      8244,
      18244
    ],
    [
      8258,
      18258
    ],
    [
      8282,
      18282
    ],
    [
      8312,
      18312
    ],
    [
      8325,
      18325
    ],
    [
      8331,
      18331
    ],
    [
      8334,
      18334
    ],
    [
      8342,
      18342
    ],
    [
      8346,
      18346
    ],
    [
      8350,
      18350
    ],
    [
      8385,
      18385
    ],
    [
      8419,
      18419
    ],
    [
      8471,
      18471
    ],
    [
      8481,
      18481
    ],
    [
      8517,
      18517
    ],
    [
      8551,
      18551
    ],
    [
      8571,
      18571
    ],
    [
      8588,
      18588
    ],
    [
      8590,
      18590
    ],
    [
      8596,
      18596
    ],
    [
      8599,
      18599
    ],
    [
      8637,
      18637
    ],
    [
      8672,
      18672
    ],
    [
      8710,
      18710
    ],
    [
      8726,
      18726
    ],
    [
      8797,
      18797
    ],
    [
      8803,
      18803
    ],
    [
      8804,
      18804
    ],
    [
      8816,
      18816
    ],
    [
      8836,
      18836
    ],
    [
      8858,
      18858
    ],
    [
      8870,
      18870
    ],
    [
      8879,
      18879
    ],
    [
      8948,
      18948
    ],
    [
      8997,
      18997
    ],
    [
      9047,
      19047
    ],
    [
      9129,
      19129
    ],
    [
      9130,
      19130
    ],
    [
      9170,
      19170
    ],
    [
      9222,
      19222
    ],
    [
      9280,
      19280
    ],
    [
      9286,
      19286
    ],
    [
      9292,
      19292
    ],
    [
      9334,
      19334
    ],
    [
      9382,
      19382
    ],
    [
      9412,
      19412
    ],
    [
      9420,
      19420
    ],
    [
      9435,
      19435
    ],
    [
      9538,
      19538
    ],
    [
      9544,
      19544
    ],
    [
      9552,
      19552
    ],
    [
      9561,
      19561
    ],
    [
      9589,
      19589
    ],
    [
      9604,
      19604
    ],
    [
      9609,
      19609
    ],
    [
      9619,
      19619
    ],
    [
      9666,
      19666
    ],
    [
      9670,
      19670
    ],
    [
      9695,
      19695
    ],
    [
      9738,
      19738
    ],
    [
      9739,
      19739
    ],
    [
      9748,
      19748
    ],
    [
      9869,
      19869
    ],
    [
      9911,
      19911
    ],
    [
      9916,
      19916
    ],
    [
      9952,
      19952
    ],
    [
      9962,
      19962
    ],
    [
      9968,
      19968
    ],
    [
      9980,
      19980
    ],
    [
      9998,
      19998
    ]
  ]
}