{
  "n_true_positives": 26,
  "n_positives": 26,
  "total_time": 53.0760862827301,
  "date": "2025-01-25T15:45:43.441383",
  "backend": "BruteForce",
  "n_bins": 0,
  "eps": 7.5,
  "args": {
    "csvpath": [
      "../data/RobustBench/predictions/cifar100c-Gowal2020Uncovering_Linf/vanilla.csv",
      "../data/RobustBench/predictions/cifar100c-Gowal2020Uncovering_Linf/shot_noise-3.csv"
    ],
    "eps": 7.5,
    "n_bins": 0,
    "n_examples": -1,
    "out_path": "../results/semantic//results/cifar100c-Gowal2020Uncovering_Linf/cifar100c-Gowal2020Uncovering_Linf-L2-7.5-shot_noise-3.json",
    "full_output": false,
    "verbose": false,
    "randomize_order": false,
    "backend": "bf",
    "blind_cols": null,
    "pred": "pred",
    "metric": "L2"
  },
  "backend_meta": {
    "epsilon": 7.5,
    "decision_col": "pred",
    "metric": "Linf",
    "is_exact": true,
    "is_sound": true,
    "is_complete": true
  },
  "positives": [
    [
      64,
      10064
    ],
    [
      618,
      10618
    ],
    [
      654,
      10654
    ],
    [
      816,
      10816
    ],
    [
      1628,
      11628
    ],
    [
      1649,
      11649
    ],
    [
      2429,
      12429
    ],
    [
      3084,
      13084
    ],
    [
      3311,
      13311
    ],
    [
      3918,
      13918
    ],
    [
      4027,
      14027
    ],
    [
      4040,
      14040
    ],
    [
      4333,
      14333
    ],
    [
      4427,
      14427
    ],
    [
      4549,
      14549
    ],
    [
      4831,
      14831
    ],
    [
      5338,
      15338
    ],
    [
      5956,
      15956
    ],
    [
      6167,
      16167
    ],
    [
      7066,
      17066
    ],
    [
      7416,
      17416
    ],
    [
      7580,
      17580
    ],
    [
      8031,
      18031
    ],
    [
      8331,
      18331
    ],
    [
      9205,
      19205
    ],
    [
      9353,
      19353
    ]
  ]
}