{
  "n_true_positives": 5,
  "n_positives": 5,
  "total_time": 54.41749024391174,
  "date": "2025-01-25T15:45:56.513687",
  "backend": "BruteForce",
  "n_bins": 0,
  "eps": 7.5,
  "args": {
    "csvpath": [
      "../data/RobustBench/predictions/cifar100c-Gowal2020Uncovering_Linf/vanilla.csv",
      "../data/RobustBench/predictions/cifar100c-Gowal2020Uncovering_Linf/elastic_transform-1.csv"
    ],
    "eps": 7.5,
    "n_bins": 0,
    "n_examples": -1,
    "out_path": "../results/semantic//results/cifar100c-Gowal2020Uncovering_Linf/cifar100c-Gowal2020Uncovering_Linf-L2-7.5-elastic_transform-1.json",
    "full_output": false,
    "verbose": false,
    "randomize_order": false,
    "backend": "bf",
    "blind_cols": null,
    "pred": "pred",
    "metric": "L2"
  },
  "backend_meta": {
    "epsilon": 7.5,
    "decision_col": "pred",
    "metric": "Linf",
    "is_exact": true,
    "is_sound": true,
    "is_complete": true
  },
  "positives": [
    [
      1512,
      11512
    ],
    [
      2247,
      12247
    ],
    [
      5134,
      15134
    ],
    [
      6329,
      16329
    ],
    [
      9423,
      19423
    ]
  ]
}