{
  "n_true_positives": 169,
  "n_positives": 169,
  "total_time": 40.902071714401245,
  "date": "2025-01-25T15:43:26.488594",
  "backend": "BruteForce",
  "n_bins": 0,
  "eps": 7.5,
  "args": {
    "csvpath": [
      "../data/RobustBench/predictions/cifar100c-Gowal2020Uncovering_Linf/vanilla.csv",
      "../data/RobustBench/predictions/cifar100c-Gowal2020Uncovering_Linf/gaussian_noise-1.csv"
    ],
    "eps": 7.5,
    "n_bins": 0,
    "n_examples": -1,
    "out_path": "../results/semantic//results/cifar100c-Gowal2020Uncovering_Linf/cifar100c-Gowal2020Uncovering_Linf-L2-7.5-gaussian_noise-1.json",
    "full_output": false,
    "verbose": false,
    "randomize_order": false,
    "backend": "bf",
    "blind_cols": null,
    "pred": "pred",
    "metric": "L2"
  },
  "backend_meta": {
    "epsilon": 7.5,
    "decision_col": "pred",
    "metric": "Linf",
    "is_exact": true,
    "is_sound": true,
    "is_complete": true
  },
  "positives": [
    [
      1,
      10001
    ],
    [
      63,
      10063
    ],
    [
      169,
      10169
    ],
    [
      258,
      10258
    ],
    [
      311,
      10311
    ],
    [
      322,
      10322
    ],
    [
      349,
      10349
    ],
    [
      456,
      10456
    ],
    [
      464,
      10464
    ],
    [
      500,
      10500
    ],
    [
      740,
      10740
    ],
    [
      930,
      10930
    ],
    [
      1048,
      11048
    ],
    [
      1081,
      11081
    ],
    [
      1170,
      11170
    ],
    [
      1181,
      11181
    ],
    [
      1272,
      11272
    ],
    [
      1325,
      11325
    ],
    [
      1328,
      11328
    ],
    [
      1372,
      11372
    ],
    [
      1461,
      11461
    ],
    [
      1511,
      11511
    ],
    [
      1559,
      11559
    ],
    [
      1594,
      11594
    ],
    [
      1616,
      11616
    ],
    [
      1617,
      11617
    ],
    [
      1710,
      11710
    ],
    [
      1731,
      11731
    ],
    [
      1883,
      11883
    ],
    [
      1900,
      11900
    ],
    [
      1970,
      11970
    ],
    [
      2002,
      12002
    ],
    [
      2052,
      12052
    ],
    [
      2080,
      12080
    ],
    [
      2081,
      12081
    ],
    [
      2130,
      12130
    ],
    [
      2139,
      12139
    ],
    [
      2188,
      12188
    ],
    [
      2267,
      12267
    ],
    [
      2619,
      12619
    ],
    [
      2644,
      12644
    ],
    [
      2679,
      12679
    ],
    [
      2701,
      12701
    ],
    [
      2703,
      12703
    ],
    [
      2755,
      12755
    ],
    [
      2757,
      12757
    ],
    [
      2774,
      12774
    ],
    [
      2778,
      12778
    ],
    [
      2808,
      12808
    ],
    [
      2880,
      12880
    ],
    [
      2894,
      12894
    ],
    [
      2955,
      12955
    ],
    [
      3150,
      13150
    ],
    [
      3164,
      13164
    ],
    [
      3230,
      13230
    ],
    [
      3305,
      13305
    ],
    [
      3311,
      13311
    ],
    [
      3335,
      13335
    ],
    [
      3345,
      13345
    ],
    [
      3369,
      13369
    ],
    [
      3375,
      13375
    ],
    [
      3416,
      13416
    ],
    [
      3504,
      13504
    ],
    [
      3673,
      13673
    ],
    [
      3818,
      13818
    ],
    [
      3844,
      13844
    ],
    [
      3915,
      13915
    ],
    [
      3952,
      13952
    ],
    [
      3974,
      13974
    ],
    [
      4007,
      14007
    ],
    [
      4101,
      14101
    ],
    [
      4238,
      14238
    ],
    [
      4281,
      14281
    ],
    [
      4300,
      14300
    ],
    [
      4316,
      14316
    ],
    [
      4333,
      14333
    ],
    [
      4389,
      14389
    ],
    [
      4428,
      14428
    ],
    [
      4430,
      14430
    ],
    [
      4434,
      14434
    ],
    [
      4499,
      14499
    ],
    [
      4500,
      14500
    ],
    [
      4548,
      14548
    ],
    [
      4626,
      14626
    ],
    [
      4646,
      14646
    ],
    [
      4724,
      14724
    ],
    [
      4751,
      14751
    ],
    [
      4831,
      14831
    ],
    [
      4867,
      14867
    ],
    [
      4937,
      14937
    ],
    [
      5012,
      15012
    ],
    [
      5198,
      15198
    ],
    [
      5257,
      15257
    ],
    [
      5300,
      15300
    ],
    [
      5329,
      15329
    ],
    [
      5432,
      15432
    ],
    [
      5438,
      15438
    ],
    [
      5499,
      15499
    ],
    [
      5502,
      15502
    ],
    [
      5515,
      15515
    ],
    [
      5654,
      15654
    ],
    [
      5862,
      15862
    ],
    [
      5945,
      15945
    ],
    [
      5987,
      15987
    ],
    [
      6005,
      16005
    ],
    [
      6192,
      16192
    ],
    [
      6201,
      16201
    ],
    [
      6274,
      16274
    ],
    [
      6293,
      16293
    ],
    [
      6308,
      16308
    ],
    [
      6414,
      16414
    ],
    [
      6443,
      16443
    ],
    [
      6651,
      16651
    ],
    [
      6821,
      16821
    ],
    [
      6832,
      16832
    ],
    [
      6889,
      16889
    ],
    [
      6916,
      16916
    ],
    [
      6945,
      16945
    ],
    [
      7027,
      17027
    ],
    [
      7236,
      17236
    ],
    [
      7393,
      17393
    ],
    [
      7463,
      17463
    ],
    [
      7473,
      17473
    ],
    [
      7580,
      17580
    ],
    [
      7614,
      17614
    ],
    [
      7644,
      17644
    ],
    [
      7735,
      17735
    ],
    [
      7838,
      17838
    ],
    [
      7852,
      17852
    ],
    [
      7912,
      17912
    ],
    [
      7925,
      17925
    ],
    [
      7950,
      17950
    ],
    [
      7986,
      17986
    ],
    [
      8005,
      18005
    ],
    [
      8013,
      18013
    ],
    [
      8021,
      18021
    ],
    [
      8022,
      18022
    ],
    [
      8133,
      18133
    ],
    [
      8189,
      18189
    ],
    [
      8246,
      18246
    ],
    [
      8333,
      18333
    ],
    [
      8458,
      18458
    ],
    [
      8528,
      18528
    ],
    [
      8557,
      18557
    ],
    [
      8576,
      18576
    ],
    [
      8667,
      18667
    ],
    [
      8679,
      18679
    ],
    [
      8698,
      18698
    ],
    [
      8759,
      18759
    ],
    [
      8821,
      18821
    ],
    [
      8838,
      18838
    ],
    [
      8973,
      18973
    ],
    [
      9034,
      19034
    ],
    [
      9126,
      19126
    ],
    [
      9139,
      19139
    ],
    [
      9244,
      19244
    ],
    [
      9269,
      19269
    ],
    [
      9291,
      19291
    ],
    [
      9303,
      19303
    ],
    [
      9382,
      19382
    ],
    [
      9395,
      19395
    ],
    [
      9471,
      19471
    ],
    [
      9679,
      19679
    ],
    [
      9748,
      19748
    ],
    [
      9853,
      19853
    ],
    [
      9942,
      19942
    ],
    [
      9948,
      19948
    ],
    [
      9953,
      19953
    ],
    [
      9987,
      19987
    ]
  ]
}