{
  "n_true_positives": 8,
  "n_positives": 8,
  "total_time": 236.2564239501953,
  "date": "2025-01-25T15:46:44.150772",
  "backend": "BruteForce",
  "n_bins": 0,
  "eps": 7.5,
  "args": {
    "csvpath": [
      "../data/RobustBench/predictions/cifar100c-Gowal2020Uncovering_Linf/vanilla.csv",
      "../data/RobustBench/predictions/cifar100c-Gowal2020Uncovering_Linf/fog-4.csv"
    ],
    "eps": 7.5,
    "n_bins": 0,
    "n_examples": -1,
    "out_path": "../results/semantic//results/cifar100c-Gowal2020Uncovering_Linf/cifar100c-Gowal2020Uncovering_Linf-L2-7.5-fog-4.json",
    "full_output": false,
    "verbose": false,
    "randomize_order": false,
    "backend": "bf",
    "blind_cols": null,
    "pred": "pred",
    "metric": "L2"
  },
  "backend_meta": {
    "epsilon": 7.5,
    "decision_col": "pred",
    "metric": "Linf",
    "is_exact": true,
    "is_sound": true,
    "is_complete": true
  },
  "positives": [
    [
      7732,
      17915
    ],
    [
      8812,
      18812
    ],
    [
      10860,
      16276
    ],
    [
      12800,
      12977
    ],
    [
      14044,
      14140
    ],
    [
      14782,
      18703
    ],
    [
      17318,
      19020
    ],
    [
      17479,
      17699
    ]
  ]
}