{
  "n_true_positives": 55,
  "n_positives": 55,
  "total_time": 56.586968660354614,
  "date": "2025-01-25T15:47:21.109134",
  "backend": "BruteForce",
  "n_bins": 0,
  "eps": 7.5,
  "args": {
    "csvpath": [
      "../data/RobustBench/predictions/cifar100c-Gowal2020Uncovering_Linf/vanilla.csv",
      "../data/RobustBench/predictions/cifar100c-Gowal2020Uncovering_Linf/snow-3.csv"
    ],
    "eps": 7.5,
    "n_bins": 0,
    "n_examples": -1,
    "out_path": "../results/semantic//results/cifar100c-Gowal2020Uncovering_Linf/cifar100c-Gowal2020Uncovering_Linf-L2-7.5-snow-3.json",
    "full_output": false,
    "verbose": false,
    "randomize_order": false,
    "backend": "bf",
    "blind_cols": null,
    "pred": "pred",
    "metric": "L2"
  },
  "backend_meta": {
    "epsilon": 7.5,
    "decision_col": "pred",
    "metric": "Linf",
    "is_exact": true,
    "is_sound": true,
    "is_complete": true
  },
  "positives": [
    [
      67,
      10067
    ],
    [
      228,
      10228
    ],
    [
      329,
      10329
    ],
    [
      576,
      10576
    ],
    [
      1035,
      11035
    ],
    [
      1138,
      11138
    ],
    [
      1182,
      11182
    ],
    [
      1314,
      11314
    ],
    [
      1325,
      11325
    ],
    [
      1472,
      11472
    ],
    [
      1483,
      11483
    ],
    [
      1970,
      11970
    ],
    [
      2234,
      12234
    ],
    [
      2344,
      12344
    ],
    [
      2372,
      12372
    ],
    [
      2431,
      12431
    ],
    [
      2990,
      12990
    ],
    [
      3009,
      13009
    ],
    [
      3039,
      13039
    ],
    [
      3194,
      13194
    ],
    [
      3389,
      13389
    ],
    [
      3511,
      13511
    ],
    [
      3516,
      13516
    ],
    [
      3875,
      13875
    ],
    [
      3883,
      13883
    ],
    [
      3918,
      13918
    ],
    [
      4137,
      14137
    ],
    [
      4318,
      14318
    ],
    [
      4499,
      14499
    ],
    [
      4656,
      14656
    ],
    [
      5081,
      15081
    ],
    [
      5399,
      15399
    ],
    [
      5490,
      15490
    ],
    [
      5530,
      15530
    ],
    [
      5586,
      15586
    ],
    [
      5693,
      15693
    ],
    [
      5918,
      15918
    ],
    [
      5998,
      15998
    ],
    [
      6014,
      16014
    ],
    [
      6442,
      16442
    ],
    [
      6521,
      16521
    ],
    [
      6615,
      16615
    ],
    [
      6733,
      16733
    ],
    [
      6919,
      16919
    ],
    [
      6956,
      16956
    ],
    [
      7049,
      17049
    ],
    [
      7357,
      17357
    ],
    [
      8017,
      18017
    ],
    [
      8438,
      18438
    ],
    [
      9145,
      19145
    ],
    [
      9303,
      19303
    ],
    [
      9560,
      19560
    ],
    [
      9604,
      19604
    ],
    [
      9613,
      19613
    ],
    [
      9883,
      19883
    ]
  ]
}