{
  "n_true_positives": 7,
  "n_positives": 7,
  "total_time": 57.492486000061035,
  "date": "2025-01-25T15:47:22.326813",
  "backend": "BruteForce",
  "n_bins": 0,
  "eps": 7.5,
  "args": {
    "csvpath": [
      "../data/RobustBench/predictions/cifar100c-Gowal2020Uncovering_Linf/vanilla.csv",
      "../data/RobustBench/predictions/cifar100c-Gowal2020Uncovering_Linf/motion_blur-4.csv"
    ],
    "eps": 7.5,
    "n_bins": 0,
    "n_examples": -1,
    "out_path": "../results/semantic//results/cifar100c-Gowal2020Uncovering_Linf/cifar100c-Gowal2020Uncovering_Linf-L2-7.5-motion_blur-4.json",
    "full_output": false,
    "verbose": false,
    "randomize_order": false,
    "backend": "bf",
    "blind_cols": null,
    "pred": "pred",
    "metric": "L2"
  },
  "backend_meta": {
    "epsilon": 7.5,
    "decision_col": "pred",
    "metric": "Linf",
    "is_exact": true,
    "is_sound": true,
    "is_complete": true
  },
  "positives": [
    [
      432,
      10432
    ],
    [
      853,
      10853
    ],
    [
      1223,
      11223
    ],
    [
      5930,
      15930
    ],
    [
      7574,
      17574
    ],
    [
      7824,
      17824
    ],
    [
      9308,
      19308
    ]
  ]
}