{
  "n_true_positives": 46,
  "n_positives": 46,
  "total_time": 55.816784620285034,
  "date": "2025-01-25T15:45:58.099368",
  "backend": "BruteForce",
  "n_bins": 0,
  "eps": 7.5,
  "args": {
    "csvpath": [
      "../data/RobustBench/predictions/cifar100c-Gowal2020Uncovering_Linf/vanilla.csv",
      "../data/RobustBench/predictions/cifar100c-Gowal2020Uncovering_Linf/pixelate-2.csv"
    ],
    "eps": 7.5,
    "n_bins": 0,
    "n_examples": -1,
    "out_path": "../results/semantic//results/cifar100c-Gowal2020Uncovering_Linf/cifar100c-Gowal2020Uncovering_Linf-L2-7.5-pixelate-2.json",
    "full_output": false,
    "verbose": false,
    "randomize_order": false,
    "backend": "bf",
    "blind_cols": null,
    "pred": "pred",
    "metric": "L2"
  },
  "backend_meta": {
    "epsilon": 7.5,
    "decision_col": "pred",
    "metric": "Linf",
    "is_exact": true,
    "is_sound": true,
    "is_complete": true
  },
  "positives": [
    [
      41,
      10041
    ],
    [
      172,
      10172
    ],
    [
      288,
      10288
    ],
    [
      321,
      10321
    ],
    [
      420,
      10420
    ],
    [
      523,
      10523
    ],
    [
      613,
      10613
    ],
    [
      822,
      10822
    ],
    [
      1023,
      11023
    ],
    [
      1257,
      11257
    ],
    [
      1512,
      11512
    ],
    [
      1710,
      11710
    ],
    [
      1772,
      11772
    ],
    [
      1814,
      11814
    ],
    [
      1948,
      11948
    ],
    [
      2282,
      12282
    ],
    [
      2337,
      12337
    ],
    [
      2841,
      12841
    ],
    [
      2959,
      12959
    ],
    [
      3019,
      13019
    ],
    [
      3029,
      13029
    ],
    [
      3230,
      13230
    ],
    [
      3488,
      13488
    ],
    [
      3631,
      13631
    ],
    [
      4634,
      14634
    ],
    [
      5351,
      15351
    ],
    [
      5654,
      15654
    ],
    [
      5930,
      15930
    ],
    [
      5945,
      15945
    ],
    [
      6014,
      16014
    ],
    [
      6077,
      16077
    ],
    [
      6278,
      16278
    ],
    [
      6421,
      16421
    ],
    [
      6432,
      16432
    ],
    [
      6603,
      16603
    ],
    [
      6650,
      16650
    ],
    [
      6909,
      16909
    ],
    [
      6940,
      16940
    ],
    [
      7413,
      17413
    ],
    [
      8068,
      18068
    ],
    [
      8350,
      18350
    ],
    [
      8435,
      18435
    ],
    [
      8599,
      18599
    ],
    [
      8858,
      18858
    ],
    [
      9334,
      19334
    ],
    [
      9842,
      19842
    ]
  ]
}