{
  "n_true_positives": 16,
  "n_positives": 16,
  "total_time": 55.29471182823181,
  "date": "2025-01-25T15:45:57.664082",
  "backend": "BruteForce",
  "n_bins": 0,
  "eps": 7.5,
  "args": {
    "csvpath": [
      "../data/RobustBench/predictions/cifar100c-Gowal2020Uncovering_Linf/vanilla.csv",
      "../data/RobustBench/predictions/cifar100c-Gowal2020Uncovering_Linf/snow-5.csv"
    ],
    "eps": 7.5,
    "n_bins": 0,
    "n_examples": -1,
    "out_path": "../results/semantic//results/cifar100c-Gowal2020Uncovering_Linf/cifar100c-Gowal2020Uncovering_Linf-L2-7.5-snow-5.json",
    "full_output": false,
    "verbose": false,
    "randomize_order": false,
    "backend": "bf",
    "blind_cols": null,
    "pred": "pred",
    "metric": "L2"
  },
  "backend_meta": {
    "epsilon": 7.5,
    "decision_col": "pred",
    "metric": "Linf",
    "is_exact": true,
    "is_sound": true,
    "is_complete": true
  },
  "positives": [
    [
      480,
      10480
    ],
    [
      1733,
      11733
    ],
    [
      2215,
      12215
    ],
    [
      2267,
      12267
    ],
    [
      2281,
      12281
    ],
    [
      2293,
      12293
    ],
    [
      2329,
      12329
    ],
    [
      2578,
      12578
    ],
    [
      3434,
      13434
    ],
    [
      3487,
      13487
    ],
    [
      5261,
      15261
    ],
    [
      6201,
      16201
    ],
    [
      6818,
      16818
    ],
    [
      7273,
      17273
    ],
    [
      7697,
      17697
    ],
    [
      9205,
      19205
    ]
  ]
}