{
  "n_true_positives": 10,
  "n_positives": 10,
  "total_time": 58.00671434402466,
  "date": "2025-01-25T15:44:26.978032",
  "backend": "BruteForce",
  "n_bins": 0,
  "eps": 7.5,
  "args": {
    "csvpath": [
      "../data/RobustBench/predictions/cifar100c-Gowal2020Uncovering_Linf/vanilla.csv",
      "../data/RobustBench/predictions/cifar100c-Gowal2020Uncovering_Linf/elastic_transform-2.csv"
    ],
    "eps": 7.5,
    "n_bins": 0,
    "n_examples": -1,
    "out_path": "../results/semantic//results/cifar100c-Gowal2020Uncovering_Linf/cifar100c-Gowal2020Uncovering_Linf-L2-7.5-elastic_transform-2.json",
    "full_output": false,
    "verbose": false,
    "randomize_order": false,
    "backend": "bf",
    "blind_cols": null,
    "pred": "pred",
    "metric": "L2"
  },
  "backend_meta": {
    "epsilon": 7.5,
    "decision_col": "pred",
    "metric": "Linf",
    "is_exact": true,
    "is_sound": true,
    "is_complete": true
  },
  "positives": [
    [
      613,
      10613
    ],
    [
      2209,
      12209
    ],
    [
      2247,
      12247
    ],
    [
      3171,
      13171
    ],
    [
      3759,
      13759
    ],
    [
      3782,
      13782
    ],
    [
      4139,
      14139
    ],
    [
      6269,
      16269
    ],
    [
      7034,
      17034
    ],
    [
      8331,
      18331
    ]
  ]
}