{
  "n_true_positives": 494,
  "n_positives": 494,
  "total_time": 79.15276455879211,
  "date": "2025-01-25T15:44:36.973255",
  "backend": "BruteForce",
  "n_bins": 0,
  "eps": 7.5,
  "args": {
    "csvpath": [
      "../data/RobustBench/predictions/cifar100c-Gowal2020Uncovering_Linf/vanilla.csv",
      "../data/RobustBench/predictions/cifar100c-Gowal2020Uncovering_Linf/contrast-1.csv"
    ],
    "eps": 7.5,
    "n_bins": 0,
    "n_examples": -1,
    "out_path": "../results/semantic//results/cifar100c-Gowal2020Uncovering_Linf/cifar100c-Gowal2020Uncovering_Linf-L2-7.5-contrast-1.json",
    "full_output": false,
    "verbose": false,
    "randomize_order": false,
    "backend": "bf",
    "blind_cols": null,
    "pred": "pred",
    "metric": "L2"
  },
  "backend_meta": {
    "epsilon": 7.5,
    "decision_col": "pred",
    "metric": "Linf",
    "is_exact": true,
    "is_sound": true,
    "is_complete": true
  },
  "positives": [
    [
      0,
      10000
    ],
    [
      7,
      10007
    ],
    [
      54,
      10054
    ],
    [
      67,
      10067
    ],
    [
      71,
      10071
    ],
    [
      87,
      10087
    ],
    [
      89,
      10089
    ],
    [
      101,
      10101
    ],
    [
      137,
      10137
    ],
    [
      153,
      10153
    ],
    [
      175,
      10175
    ],
    [
      184,
      10184
    ],
    [
      222,
      10222
    ],
    [
      230,
      10230
    ],
    [
      290,
      10290
    ],
    [
      298,
      10298
    ],
    [
      301,
      10301
    ],
    [
      357,
      10357
    ],
    [
      359,
      10359
    ],
    [
      366,
      10366
    ],
    [
      368,
      10368
    ],
    [
      387,
      10387
    ],
    [
      389,
      10389
    ],
    [
      404,
      10404
    ],
    [
      409,
      10409
    ],
    [
      413,
      10413
    ],
    [
      424,
      10424
    ],
    [
      427,
      10427
    ],
    [
      446,
      10446
    ],
    [
      456,
      10456
    ],
    [
      485,
      10485
    ],
    [
      541,
      10541
    ],
    [
      549,
      10549
    ],
    [
      573,
      10573
    ],
    [
      589,
      10589
    ],
    [
      590,
      10590
    ],
    [
      591,
      10591
    ],
    [
      613,
      10613
    ],
    [
      616,
      10616
    ],
    [
      652,
      10652
    ],
    [
      656,
      10656
    ],
    [
      671,
      10671
    ],
    [
      673,
      10673
    ],
    [
      705,
      10705
    ],
    [
      707,
      10707
    ],
    [
      741,
      10741
    ],
    [
      742,
      10742
    ],
    [
      747,
      10747
    ],
    [
      748,
      10748
    ],
    [
      757,
      10757
    ],
    [
      777,
      10777
    ],
    [
      799,
      10799
    ],
    [
      802,
      10802
    ],
    [
      822,
      10822
    ],
    [
      826,
      10826
    ],
    [
      835,
      10835
    ],
    [
      848,
      10848
    ],
    [
      879,
      10879
    ],
    [
      904,
      10904
    ],
    [
      927,
      10927
    ],
    [
      959,
      10959
    ],
    [
      962,
      10962
    ],
    [
      971,
      10971
    ],
    [
      976,
      10976
    ],
    [
      996,
      10996
    ],
    [
      1020,
      11020
    ],
    [
      1023,
      11023
    ],
    [
      1034,
      11034
    ],
    [
      1065,
      11065
    ],
    [
      1084,
      11084
    ],
    [
      1112,
      11112
    ],
    [
      1113,
      11113
    ],
    [
      1182,
      11182
    ],
    [
      1192,
      11192
    ],
    [
      1247,
      11247
    ],
    [
      1257,
      11257
    ],
    [
      1295,
      11295
    ],
    [
      1325,
      11325
    ],
    [
      1329,
      11329
    ],
    [
      1370,
      11370
    ],
    [
      1392,
      11392
    ],
    [
      1414,
      11414
    ],
    [
      1450,
      11450
    ],
    [
      1460,
      11460
    ],
    [
      1515,
      11515
    ],
    [
      1520,
      11520
    ],
    [
      1574,
      11574
    ],
    [
      1576,
      11576
    ],
    [
      1602,
      11602
    ],
    [
      1643,
      11643
    ],
    [
      1649,
      11649
    ],
    [
      1672,
      11672
    ],
    [
      1689,
      11689
    ],
    [
      1714,
      11714
    ],
    [
      1733,
      11733
    ],
    [
      1755,
      11755
    ],
    [
      1771,
      11771
    ],
    [
      1772,
      11772
    ],
    [
      1814,
      11814
    ],
    [
      1826,
      11826
    ],
    [
      1839,
      11839
    ],
    [
      1850,
      11850
    ],
    [
      1852,
      11852
    ],
    [
      1865,
      11865
    ],
    [
      1868,
      11868
    ],
    [
      1882,
      11882
    ],
    [
      1926,
      11926
    ],
    [
      1938,
      11938
    ],
    [
      1984,
      11984
    ],
    [
      2005,
      12005
    ],
    [
      2026,
      12026
    ],
    [
      2037,
      12037
    ],
    [
      2051,
      12051
    ],
    [
      2057,
      12057
    ],
    [
      2084,
      12084
    ],
    [
      2098,
      12098
    ],
    [
      2110,
      12110
    ],
    [
      2115,
      12115
    ],
    [
      2116,
      12116
    ],
    [
      2147,
      12147
    ],
    [
      2169,
      12169
    ],
    [
      2189,
      12189
    ],
    [
      2209,
      12209
    ],
    [
      2228,
      12228
    ],
    [
      2246,
      12246
    ],
    [
      2247,
      12247
    ],
    [
      2267,
      12267
    ],
    [
      2273,
      12273
    ],
    [
      2278,
      12278
    ],
    [
      2282,
      12282
    ],
    [
      2294,
      12294
    ],
    [
      2299,
      12299
    ],
    [
      2327,
      12327
    ],
    [
      2337,
      12337
    ],
    [
      2349,
      12349
    ],
    [
      2358,
      12358
    ],
    [
      2371,
      12371
    ],
    [
      2403,
      12403
    ],
    [
      2431,
      12431
    ],
    [
      2434,
      12434
    ],
    [
      2441,
      12441
    ],
    [
      2450,
      12450
    ],
    [
      2495,
      12495
    ],
    [
      2499,
      12499
    ],
    [
      2520,
      12520
    ],
    [
      2528,
      12528
    ],
    [
      2584,
      12584
    ],
    [
      2609,
      12609
    ],
    [
      2612,
      12612
    ],
    [
      2615,
      12615
    ],
    [
      2619,
      12619
    ],
    [
      2625,
      12625
    ],
    [
      2638,
      12638
    ],
    [
      2664,
      12664
    ],
    [
      2675,
      12675
    ],
    [
      2687,
      12687
    ],
    [
      2722,
      12722
    ],
    [
      2730,
      12730
    ],
    [
      2737,
      12737
    ],
    [
      2745,
      12745
    ],
    [
      2827,
      12827
    ],
    [
      2853,
      12853
    ],
    [
      2877,
      12877
    ],
    [
      2878,
      12878
    ],
    [
      2901,
      12901
    ],
    [
      2924,
      12924
    ],
    [
      2934,
      12934
    ],
    [
      2938,
      12938
    ],
    [
      2954,
      12954
    ],
    [
      2955,
      12955
    ],
    [
      2959,
      12959
    ],
    [
      2979,
      12979
    ],
    [
      2991,
      12991
    ],
    [
      2995,
      12995
    ],
    [
      3004,
      13004
    ],
    [
      3029,
      13029
    ],
    [
      3088,
      13088
    ],
    [
      3093,
      13093
    ],
    [
      3116,
      13116
    ],
    [
      3161,
      13161
    ],
    [
      3176,
      13176
    ],
    [
      3191,
      13191
    ],
    [
      3197,
      13197
    ],
    [
      3211,
      13211
    ],
    [
      3225,
      13225
    ],
    [
      3229,
      13229
    ],
    [
      3248,
      13248
    ],
    [
      3252,
      13252
    ],
    [
      3258,
      13258
    ],
    [
      3261,
      13261
    ],
    [
      3273,
      13273
    ],
    [
      3275,
      13275
    ],
    [
      3428,
      13428
    ],
    [
      3463,
      13463
    ],
    [
      3473,
      13473
    ],
    [
      3478,
      13478
    ],
    [
      3488,
      13488
    ],
    [
      3492,
      13492
    ],
    [
      3543,
      13543
    ],
    [
      3554,
      13554
    ],
    [
      3555,
      13555
    ],
    [
      3585,
      13585
    ],
    [
      3590,
      13590
    ],
    [
      3598,
      13598
    ],
    [
      3603,
      13603
    ],
    [
      3618,
      13618
    ],
    [
      3663,
      13663
    ],
    [
      3673,
      13673
    ],
    [
      3690,
      13690
    ],
    [
      3692,
      13692
    ],
    [
      3723,
      13723
    ],
    [
      3765,
      13765
    ],
    [
      3796,
      13796
    ],
    [
      3799,
      13799
    ],
    [
      3824,
      13824
    ],
    [
      3834,
      13834
    ],
    [
      3836,
      13836
    ],
    [
      3875,
      13875
    ],
    [
      3876,
      13876
    ],
    [
      3887,
      13887
    ],
    [
      3896,
      13896
    ],
    [
      3904,
      13904
    ],
    [
      3946,
      13946
    ],
    [
      3959,
      13959
    ],
    [
      3996,
      13996
    ],
    [
      4040,
      14040
    ],
    [
      4160,
      14160
    ],
    [
      4167,
      14167
    ],
    [
      4174,
      14174
    ],
    [
      4182,
      14182
    ],
    [
      4188,
      14188
    ],
    [
      4200,
      14200
    ],
    [
      4223,
      14223
    ],
    [
      4255,
      14255
    ],
    [
      4287,
      14287
    ],
    [
      4290,
      14290
    ],
    [
      4332,
      14332
    ],
    [
      4344,
      14344
    ],
    [
      4350,
      14350
    ],
    [
      4388,
      14388
    ],
    [
      4394,
      14394
    ],
    [
      4398,
      14398
    ],
    [
      4415,
      14415
    ],
    [
      4465,
      14465
    ],
    [
      4485,
      14485
    ],
    [
      4499,
      14499
    ],
    [
      4520,
      14520
    ],
    [
      4526,
      14526
    ],
    [
      4532,
      14532
    ],
    [
      4533,
      14533
    ],
    [
      4558,
      14558
    ],
    [
      4622,
      14622
    ],
    [
      4688,
      14688
    ],
    [
      4728,
      14728
    ],
    [
      4787,
      14787
    ],
    [
      4825,
      14825
    ],
    [
      4829,
      14829
    ],
    [
      4861,
      14861
    ],
    [
      4908,
      14908
    ],
    [
      4955,
      14955
    ],
    [
      4979,
      14979
    ],
    [
      5053,
      15053
    ],
    [
      5078,
      15078
    ],
    [
      5092,
      15092
    ],
    [
      5160,
      15160
    ],
    [
      5164,
      15164
    ],
    [
      5168,
      15168
    ],
    [
      5182,
      15182
    ],
    [
      5198,
      15198
    ],
    [
      5235,
      15235
    ],
    [
      5279,
      15279
    ],
    [
      5307,
      15307
    ],
    [
      5308,
      15308
    ],
    [
      5338,
      15338
    ],
    [
      5361,
      15361
    ],
    [
      5368,
      15368
    ],
    [
      5385,
      15385
    ],
    [
      5416,
      15416
    ],
    [
      5419,
      15419
    ],
    [
      5424,
      15424
    ],
    [
      5426,
      15426
    ],
    [
      5432,
      15432
    ],
    [
      5438,
      15438
    ],
    [
      5490,
      15490
    ],
    [
      5503,
      15503
    ],
    [
      5515,
      15515
    ],
    [
      5522,
      15522
    ],
    [
      5548,
      15548
    ],
    [
      5552,
      15552
    ],
    [
      5618,
      15618
    ],
    [
      5620,
      15620
    ],
    [
      5621,
      15621
    ],
    [
      5637,
      15637
    ],
    [
      5651,
      15651
    ],
    [
      5653,
      15653
    ],
    [
      5672,
      15672
    ],
    [
      5674,
      15674
    ],
    [
      5713,
      15713
    ],
    [
      5718,
      15718
    ],
    [
      5721,
      15721
    ],
    [
      5739,
      15739
    ],
    [
      5801,
      15801
    ],
    [
      5827,
      15827
    ],
    [
      5829,
      15829
    ],
    [
      5869,
      15869
    ],
    [
      5871,
      15871
    ],
    [
      5919,
      15919
    ],
    [
      5930,
      15930
    ],
    [
      5945,
      15945
    ],
    [
      5958,
      15958
    ],
    [
      5963,
      15963
    ],
    [
      5979,
      15979
    ],
    [
      5982,
      15982
    ],
    [
      5997,
      15997
    ],
    [
      6006,
      16006
    ],
    [
      6014,
      16014
    ],
    [
      6077,
      16077
    ],
    [
      6091,
      16091
    ],
    [
      6112,
      16112
    ],
    [
      6130,
      16130
    ],
    [
      6154,
      16154
    ],
    [
      6156,
      16156
    ],
    [
      6183,
      16183
    ],
    [
      6185,
      16185
    ],
    [
      6186,
      16186
    ],
    [
      6209,
      16209
    ],
    [
      6210,
      16210
    ],
    [
      6212,
      16212
    ],
    [
      6243,
      16243
    ],
    [
      6327,
      16327
    ],
    [
      6347,
      16347
    ],
    [
      6398,
      16398
    ],
    [
      6411,
      16411
    ],
    [
      6414,
      16414
    ],
    [
      6421,
      16421
    ],
    [
      6424,
      16424
    ],
    [
      6431,
      16431
    ],
    [
      6441,
      16441
    ],
    [
      6443,
      16443
    ],
    [
      6502,
      16502
    ],
    [
      6505,
      16505
    ],
    [
      6523,
      16523
    ],
    [
      6525,
      16525
    ],
    [
      6587,
      16587
    ],
    [
      6651,
      16651
    ],
    [
      6679,
      16679
    ],
    [
      6681,
      16681
    ],
    [
      6761,
      16761
    ],
    [
      6776,
      16776
    ],
    [
      6832,
      16832
    ],
    [
      6837,
      16837
    ],
    [
      6909,
      16909
    ],
    [
      6925,
      16925
    ],
    [
      6930,
      16930
    ],
    [
      6941,
      16941
    ],
    [
      6963,
      16963
    ],
    [
      6974,
      16974
    ],
    [
      6988,
      16988
    ],
    [
      6994,
      16994
    ],
    [
      6996,
      16996
    ],
    [
      7010,
      17010
    ],
    [
      7037,
      17037
    ],
    [
      7059,
      17059
    ],
    [
      7092,
      17092
    ],
    [
      7110,
      17110
    ],
    [
      7112,
      17112
    ],
    [
      7140,
      17140
    ],
    [
      7142,
      17142
    ],
    [
      7203,
      17203
    ],
    [
      7216,
      17216
    ],
    [
      7237,
      17237
    ],
    [
      7254,
      17254
    ],
    [
      7314,
      17314
    ],
    [
      7400,
      17400
    ],
    [
      7412,
      17412
    ],
    [
      7421,
      17421
    ],
    [
      7434,
      17434
    ],
    [
      7461,
      17461
    ],
    [
      7467,
      17467
    ],
    [
      7474,
      17474
    ],
    [
      7533,
      17533
    ],
    [
      7562,
      17562
    ],
    [
      7617,
      17617
    ],
    [
      7626,
      17626
    ],
    [
      7660,
      17660
    ],
    [
      7664,
      17664
    ],
    [
      7735,
      17735
    ],
    [
      7749,
      17749
    ],
    [
      7793,
      17793
    ],
    [
      7848,
      17848
    ],
    [
      7858,
      17858
    ],
    [
      7886,
      17886
    ],
    [
      7889,
      17889
    ],
    [
      7892,
      17892
    ],
    [
      7993,
      17993
    ],
    [
      8008,
      18008
    ],
    [
      8032,
      18032
    ],
    [
      8068,
      18068
    ],
    [
      8107,
      18107
    ],
    [
      8109,
      18109
    ],
    [
      8119,
      18119
    ],
    [
      8144,
      18144
    ],
    [
      8155,
      18155
    ],
    [
      8168,
      18168
    ],
    [
      8221,
      18221
    ],
    [
      8244,
      18244
    ],
    [
      8258,
      18258
    ],
    [
      8289,
      18289
    ],
    [
      8312,
      18312
    ],
    [
      8328,
      18328
    ],
    [
      8331,
      18331
    ],
    [
      8333,
      18333
    ],
    [
      8374,
      18374
    ],
    [
      8379,
      18379
    ],
    [
      8418,
      18418
    ],
    [
      8437,
      18437
    ],
    [
      8446,
      18446
    ],
    [
      8460,
      18460
    ],
    [
      8517,
      18517
    ],
    [
      8525,
      18525
    ],
    [
      8526,
      18526
    ],
    [
      8557,
      18557
    ],
    [
      8591,
      18591
    ],
    [
      8596,
      18596
    ],
    [
      8609,
      18609
    ],
    [
      8619,
      18619
    ],
    [
      8629,
      18629
    ],
    [
      8642,
      18642
    ],
    [
      8666,
      18666
    ],
    [
      8667,
      18667
    ],
    [
      8685,
      18685
    ],
    [
      8710,
      18710
    ],
    [
      8711,
      18711
    ],
    [
      8717,
      18717
    ],
    [
      8772,
      18772
    ],
    [
      8779,
      18779
    ],
    [
      8783,
      18783
    ],
    [
      8786,
      18786
    ],
    [
      8793,
      18793
    ],
    [
      8797,
      18797
    ],
    [
      8828,
      18828
    ],
    [
      8844,
      18844
    ],
    [
      8858,
      18858
    ],
    [
      8892,
      18892
    ],
    [
      8920,
      18920
    ],
    [
      8938,
      18938
    ],
    [
      8952,
      18952
    ],
    [
      8964,
      18964
    ],
    [
      9005,
      19005
    ],
    [
      9033,
      19033
    ],
    [
      9044,
      19044
    ],
    [
      9046,
      19046
    ],
    [
      9068,
      19068
    ],
    [
      9070,
      19070
    ],
    [
      9102,
      19102
    ],
    [
      9105,
      19105
    ],
    [
      9106,
      19106
    ],
    [
      9126,
      19126
    ],
    [
      9130,
      19130
    ],
    [
      9133,
      19133
    ],
    [
      9139,
      19139
    ],
    [
      9187,
      19187
    ],
    [
      9222,
      19222
    ],
    [
      9248,
      19248
    ],
    [
      9264,
      19264
    ],
    [
      9293,
      19293
    ],
    [
      9308,
      19308
    ],
    [
      9369,
      19369
    ],
    [
      9382,
      19382
    ],
    [
      9420,
      19420
    ],
    [
      9423,
      19423
    ],
    [
      9436,
      19436
    ],
    [
      9441,
      19441
    ],
    [
      9457,
      19457
    ],
    [
      9561,
      19561
    ],
    [
      9580,
      19580
    ],
    [
      9598,
      19598
    ],
    [
      9620,
      19620
    ],
    [
      9634,
      19634
    ],
    [
      9647,
      19647
    ],
    [
      9659,
      19659
    ],
    [
      9666,
      19666
    ],
    [
      9677,
      19677
    ],
    [
      9689,
      19689
    ],
    [
      9720,
      19720
    ],
    [
      9754,
      19754
    ],
    [
      9757,
      19757
    ],
    [
      9786,
      19786
    ],
    [
      9812,
      19812
    ],
    [
      9844,
      19844
    ],
    [
      9855,
      19855
    ],
    [
      9899,
      19899
    ],
    [
      9944,
      19944
    ],
    [
      9972,
      19972
    ]
  ]
}