{
  "n_true_positives": 16,
  "n_positives": 16,
  "total_time": 86.00429344177246,
  "date": "2025-01-25T15:46:56.400525",
  "backend": "BruteForce",
  "n_bins": 0,
  "eps": 7.5,
  "args": {
    "csvpath": [
      "../data/RobustBench/predictions/cifar100c-Gowal2020Uncovering_Linf/vanilla.csv",
      "../data/RobustBench/predictions/cifar100c-Gowal2020Uncovering_Linf/gaussian_noise-2.csv"
    ],
    "eps": 7.5,
    "n_bins": 0,
    "n_examples": -1,
    "out_path": "../results/semantic//results/cifar100c-Gowal2020Uncovering_Linf/cifar100c-Gowal2020Uncovering_Linf-L2-7.5-gaussian_noise-2.json",
    "full_output": false,
    "verbose": false,
    "randomize_order": false,
    "backend": "bf",
    "blind_cols": null,
    "pred": "pred",
    "metric": "L2"
  },
  "backend_meta": {
    "epsilon": 7.5,
    "decision_col": "pred",
    "metric": "Linf",
    "is_exact": true,
    "is_sound": true,
    "is_complete": true
  },
  "positives": [
    [
      456,
      10456
    ],
    [
      1055,
      11055
    ],
    [
      1617,
      11617
    ],
    [
      3375,
      13375
    ],
    [
      3980,
      13980
    ],
    [
      4099,
      14099
    ],
    [
      4200,
      14200
    ],
    [
      4333,
      14333
    ],
    [
      4937,
      14937
    ],
    [
      5300,
      15300
    ],
    [
      7066,
      17066
    ],
    [
      7273,
      17273
    ],
    [
      7912,
      17912
    ],
    [
      8727,
      18727
    ],
    [
      9609,
      19609
    ],
    [
      9667,
      19667
    ]
  ]
}