{
  "n_true_positives": 199,
  "n_positives": 199,
  "total_time": 77.85451793670654,
  "date": "2025-01-25T15:44:35.642669",
  "backend": "BruteForce",
  "n_bins": 0,
  "eps": 7.5,
  "args": {
    "csvpath": [
      "../data/RobustBench/predictions/cifar100c-Gowal2020Uncovering_Linf/vanilla.csv",
      "../data/RobustBench/predictions/cifar100c-Gowal2020Uncovering_Linf/defocus_blur-3.csv"
    ],
    "eps": 7.5,
    "n_bins": 0,
    "n_examples": -1,
    "out_path": "../results/semantic//results/cifar100c-Gowal2020Uncovering_Linf/cifar100c-Gowal2020Uncovering_Linf-L2-7.5-defocus_blur-3.json",
    "full_output": false,
    "verbose": false,
    "randomize_order": false,
    "backend": "bf",
    "blind_cols": null,
    "pred": "pred",
    "metric": "L2"
  },
  "backend_meta": {
    "epsilon": 7.5,
    "decision_col": "pred",
    "metric": "Linf",
    "is_exact": true,
    "is_sound": true,
    "is_complete": true
  },
  "positives": [
    [
      54,
      10054
    ],
    [
      67,
      10067
    ],
    [
      101,
      10101
    ],
    [
      150,
      10150
    ],
    [
      158,
      10158
    ],
    [
      171,
      10171
    ],
    [
      222,
      10222
    ],
    [
      301,
      10301
    ],
    [
      409,
      10409
    ],
    [
      523,
      10523
    ],
    [
      533,
      10533
    ],
    [
      594,
      10594
    ],
    [
      613,
      10613
    ],
    [
      673,
      10673
    ],
    [
      711,
      10711
    ],
    [
      747,
      10747
    ],
    [
      799,
      10799
    ],
    [
      802,
      10802
    ],
    [
      820,
      10820
    ],
    [
      848,
      10848
    ],
    [
      866,
      10866
    ],
    [
      886,
      10886
    ],
    [
      971,
      10971
    ],
    [
      979,
      10979
    ],
    [
      1019,
      11019
    ],
    [
      1023,
      11023
    ],
    [
      1084,
      11084
    ],
    [
      1113,
      11113
    ],
    [
      1160,
      11160
    ],
    [
      1170,
      11170
    ],
    [
      1192,
      11192
    ],
    [
      1220,
      11220
    ],
    [
      1257,
      11257
    ],
    [
      1448,
      11448
    ],
    [
      1475,
      11475
    ],
    [
      1512,
      11512
    ],
    [
      1515,
      11515
    ],
    [
      1576,
      11576
    ],
    [
      1624,
      11624
    ],
    [
      1644,
      11644
    ],
    [
      1777,
      11777
    ],
    [
      1814,
      11814
    ],
    [
      1852,
      11852
    ],
    [
      1868,
      11868
    ],
    [
      1912,
      11912
    ],
    [
      2105,
      12105
    ],
    [
      2106,
      12106
    ],
    [
      2213,
      12213
    ],
    [
      2234,
      12234
    ],
    [
      2246,
      12246
    ],
    [
      2247,
      12247
    ],
    [
      2267,
      12267
    ],
    [
      2349,
      12349
    ],
    [
      2414,
      12414
    ],
    [
      2434,
      12434
    ],
    [
      2450,
      12450
    ],
    [
      2612,
      12612
    ],
    [
      2675,
      12675
    ],
    [
      2730,
      12730
    ],
    [
      2878,
      12878
    ],
    [
      2880,
      12880
    ],
    [
      2924,
      12924
    ],
    [
      2934,
      12934
    ],
    [
      2956,
      12956
    ],
    [
      2979,
      12979
    ],
    [
      2991,
      12991
    ],
    [
      2999,
      12999
    ],
    [
      3004,
      13004
    ],
    [
      3020,
      13020
    ],
    [
      3030,
      13030
    ],
    [
      3093,
      13093
    ],
    [
      3117,
      13117
    ],
    [
      3171,
      13171
    ],
    [
      3211,
      13211
    ],
    [
      3252,
      13252
    ],
    [
      3322,
      13322
    ],
    [
      3343,
      13343
    ],
    [
      3345,
      13345
    ],
    [
      3408,
      13408
    ],
    [
      3418,
      13418
    ],
    [
      3428,
      13428
    ],
    [
      3463,
      13463
    ],
    [
      3473,
      13473
    ],
    [
      3488,
      13488
    ],
    [
      3490,
      13490
    ],
    [
      3555,
      13555
    ],
    [
      3578,
      13578
    ],
    [
      3590,
      13590
    ],
    [
      3766,
      13766
    ],
    [
      3799,
      13799
    ],
    [
      3953,
      13953
    ],
    [
      4040,
      14040
    ],
    [
      4167,
      14167
    ],
    [
      4188,
      14188
    ],
    [
      4203,
      14203
    ],
    [
      4238,
      14238
    ],
    [
      4246,
      14246
    ],
    [
      4415,
      14415
    ],
    [
      4489,
      14489
    ],
    [
      4526,
      14526
    ],
    [
      4533,
      14533
    ],
    [
      4587,
      14587
    ],
    [
      4612,
      14612
    ],
    [
      4659,
      14659
    ],
    [
      4728,
      14728
    ],
    [
      4867,
      14867
    ],
    [
      5084,
      15084
    ],
    [
      5085,
      15085
    ],
    [
      5168,
      15168
    ],
    [
      5176,
      15176
    ],
    [
      5338,
      15338
    ],
    [
      5368,
      15368
    ],
    [
      5526,
      15526
    ],
    [
      5528,
      15528
    ],
    [
      5530,
      15530
    ],
    [
      5584,
      15584
    ],
    [
      5599,
      15599
    ],
    [
      5718,
      15718
    ],
    [
      5819,
      15819
    ],
    [
      5827,
      15827
    ],
    [
      5829,
      15829
    ],
    [
      5830,
      15830
    ],
    [
      5930,
      15930
    ],
    [
      5997,
      15997
    ],
    [
      6014,
      16014
    ],
    [
      6036,
      16036
    ],
    [
      6178,
      16178
    ],
    [
      6209,
      16209
    ],
    [
      6229,
      16229
    ],
    [
      6269,
      16269
    ],
    [
      6398,
      16398
    ],
    [
      6399,
      16399
    ],
    [
      6411,
      16411
    ],
    [
      6414,
      16414
    ],
    [
      6421,
      16421
    ],
    [
      6441,
      16441
    ],
    [
      6450,
      16450
    ],
    [
      6502,
      16502
    ],
    [
      6520,
      16520
    ],
    [
      6523,
      16523
    ],
    [
      6569,
      16569
    ],
    [
      6761,
      16761
    ],
    [
      6909,
      16909
    ],
    [
      6941,
      16941
    ],
    [
      6974,
      16974
    ],
    [
      6979,
      16979
    ],
    [
      6988,
      16988
    ],
    [
      6996,
      16996
    ],
    [
      7106,
      17106
    ],
    [
      7140,
      17140
    ],
    [
      7142,
      17142
    ],
    [
      7152,
      17152
    ],
    [
      7203,
      17203
    ],
    [
      7254,
      17254
    ],
    [
      7314,
      17314
    ],
    [
      7357,
      17357
    ],
    [
      7365,
      17365
    ],
    [
      7467,
      17467
    ],
    [
      7519,
      17519
    ],
    [
      7575,
      17575
    ],
    [
      7577,
      17577
    ],
    [
      7658,
      17658
    ],
    [
      7736,
      17736
    ],
    [
      7868,
      17868
    ],
    [
      7871,
      17871
    ],
    [
      7892,
      17892
    ],
    [
      7908,
      17908
    ],
    [
      8032,
      18032
    ],
    [
      8094,
      18094
    ],
    [
      8107,
      18107
    ],
    [
      8168,
      18168
    ],
    [
      8347,
      18347
    ],
    [
      8446,
      18446
    ],
    [
      8526,
      18526
    ],
    [
      8642,
      18642
    ],
    [
      8685,
      18685
    ],
    [
      8779,
      18779
    ],
    [
      8806,
      18806
    ],
    [
      8844,
      18844
    ],
    [
      8858,
      18858
    ],
    [
      9046,
      19046
    ],
    [
      9047,
      19047
    ],
    [
      9070,
      19070
    ],
    [
      9106,
      19106
    ],
    [
      9203,
      19203
    ],
    [
      9369,
      19369
    ],
    [
      9420,
      19420
    ],
    [
      9456,
      19456
    ],
    [
      9561,
      19561
    ],
    [
      9620,
      19620
    ],
    [
      9659,
      19659
    ],
    [
      9670,
      19670
    ],
    [
      9725,
      19725
    ],
    [
      9795,
      19795
    ],
    [
      9863,
      19863
    ],
    [
      9908,
      19908
    ],
    [
      9953,
      19953
    ],
    [
      9972,
      19972
    ],
    [
      9980,
      19980
    ]
  ]
}