{
  "n_true_positives": 27,
  "n_positives": 27,
  "total_time": 56.816107988357544,
  "date": "2025-01-25T15:47:21.746665",
  "backend": "BruteForce",
  "n_bins": 0,
  "eps": 7.5,
  "args": {
    "csvpath": [
      "../data/RobustBench/predictions/cifar100c-Gowal2020Uncovering_Linf/vanilla.csv",
      "../data/RobustBench/predictions/cifar100c-Gowal2020Uncovering_Linf/snow-4.csv"
    ],
    "eps": 7.5,
    "n_bins": 0,
    "n_examples": -1,
    "out_path": "../results/semantic//results/cifar100c-Gowal2020Uncovering_Linf/cifar100c-Gowal2020Uncovering_Linf-L2-7.5-snow-4.json",
    "full_output": false,
    "verbose": false,
    "randomize_order": false,
    "backend": "bf",
    "blind_cols": null,
    "pred": "pred",
    "metric": "L2"
  },
  "backend_meta": {
    "epsilon": 7.5,
    "decision_col": "pred",
    "metric": "Linf",
    "is_exact": true,
    "is_sound": true,
    "is_complete": true
  },
  "positives": [
    [
      100,
      10100
    ],
    [
      236,
      10236
    ],
    [
      329,
      10329
    ],
    [
      576,
      10576
    ],
    [
      1314,
      11314
    ],
    [
      1987,
      11987
    ],
    [
      3174,
      13174
    ],
    [
      3201,
      13201
    ],
    [
      3434,
      13434
    ],
    [
      3625,
      13625
    ],
    [
      4229,
      14229
    ],
    [
      4679,
      14679
    ],
    [
      4900,
      14900
    ],
    [
      4908,
      14908
    ],
    [
      5426,
      15426
    ],
    [
      5930,
      15930
    ],
    [
      6064,
      16064
    ],
    [
      6209,
      16209
    ],
    [
      6587,
      16587
    ],
    [
      6844,
      16844
    ],
    [
      7409,
      17409
    ],
    [
      8418,
      18418
    ],
    [
      8458,
      18458
    ],
    [
      8821,
      18821
    ],
    [
      9332,
      19332
    ],
    [
      9370,
      19370
    ],
    [
      9882,
      19882
    ]
  ]
}