{
  "n_true_positives": 6,
  "n_positives": 6,
  "total_time": 52.96571230888367,
  "date": "2025-01-25T15:46:44.287852",
  "backend": "BruteForce",
  "n_bins": 0,
  "eps": 7.5,
  "args": {
    "csvpath": [
      "../data/RobustBench/predictions/cifar100c-Gowal2020Uncovering_Linf/vanilla.csv",
      "../data/RobustBench/predictions/cifar100c-Gowal2020Uncovering_Linf/zoom_blur-4.csv"
    ],
    "eps": 7.5,
    "n_bins": 0,
    "n_examples": -1,
    "out_path": "../results/semantic//results/cifar100c-Gowal2020Uncovering_Linf/cifar100c-Gowal2020Uncovering_Linf-L2-7.5-zoom_blur-4.json",
    "full_output": false,
    "verbose": false,
    "randomize_order": false,
    "backend": "bf",
    "blind_cols": null,
    "pred": "pred",
    "metric": "L2"
  },
  "backend_meta": {
    "epsilon": 7.5,
    "decision_col": "pred",
    "metric": "Linf",
    "is_exact": true,
    "is_sound": true,
    "is_complete": true
  },
  "positives": [
    [
      222,
      10222
    ],
    [
      853,
      10853
    ],
    [
      1930,
      11930
    ],
    [
      2247,
      12247
    ],
    [
      2730,
      12730
    ],
    [
      4829,
      14829
    ]
  ]
}