{
  "n_true_positives": 9,
  "n_positives": 9,
  "total_time": 160.77634501457214,
  "date": "2025-01-25T15:47:34.445392",
  "backend": "BruteForce",
  "n_bins": 0,
  "eps": 7.5,
  "args": {
    "csvpath": [
      "../data/RobustBench/predictions/cifar100c-Gowal2020Uncovering_Linf/vanilla.csv",
      "../data/RobustBench/predictions/cifar100c-Gowal2020Uncovering_Linf/jpeg_compression-3.csv"
    ],
    "eps": 7.5,
    "n_bins": 0,
    "n_examples": -1,
    "out_path": "../results/semantic//results/cifar100c-Gowal2020Uncovering_Linf/cifar100c-Gowal2020Uncovering_Linf-L2-7.5-jpeg_compression-3.json",
    "full_output": false,
    "verbose": false,
    "randomize_order": false,
    "backend": "bf",
    "blind_cols": null,
    "pred": "pred",
    "metric": "L2"
  },
  "backend_meta": {
    "epsilon": 7.5,
    "decision_col": "pred",
    "metric": "Linf",
    "is_exact": true,
    "is_sound": true,
    "is_complete": true
  },
  "positives": [
    [
      432,
      10432
    ],
    [
      4898,
      14898
    ],
    [
      4908,
      14908
    ],
    [
      5522,
      15522
    ],
    [
      5793,
      15793
    ],
    [
      7643,
      17643
    ],
    [
      7845,
      17845
    ],
    [
      9677,
      19677
    ],
    [
      9972,
      19972
    ]
  ]
}