{
  "n_true_positives": 8,
  "n_positives": 8,
  "total_time": 86.67024636268616,
  "date": "2025-01-25T15:43:44.091958",
  "backend": "BruteForce",
  "n_bins": 0,
  "eps": 7.5,
  "args": {
    "csvpath": [
      "../data/RobustBench/predictions/cifar100c-Gowal2020Uncovering_Linf/vanilla.csv",
      "../data/RobustBench/predictions/cifar100c-Gowal2020Uncovering_Linf/defocus_blur-5.csv"
    ],
    "eps": 7.5,
    "n_bins": 0,
    "n_examples": -1,
    "out_path": "../results/semantic//results/cifar100c-Gowal2020Uncovering_Linf/cifar100c-Gowal2020Uncovering_Linf-L2-7.5-defocus_blur-5.json",
    "full_output": false,
    "verbose": false,
    "randomize_order": false,
    "backend": "bf",
    "blind_cols": null,
    "pred": "pred",
    "metric": "L2"
  },
  "backend_meta": {
    "epsilon": 7.5,
    "decision_col": "pred",
    "metric": "Linf",
    "is_exact": true,
    "is_sound": true,
    "is_complete": true
  },
  "positives": [
    [
      432,
      10432
    ],
    [
      1223,
      11223
    ],
    [
      2247,
      12247
    ],
    [
      2664,
      12664
    ],
    [
      2730,
      12730
    ],
    [
      3252,
      13252
    ],
    [
      9308,
      19308
    ],
    [
      9976,
      19976
    ]
  ]
}