{
  "n_true_positives": 126,
  "n_positives": 126,
  "total_time": 245.2901747226715,
  "date": "2025-01-25T15:47:23.527273",
  "backend": "BruteForce",
  "n_bins": 0,
  "eps": 7.5,
  "args": {
    "csvpath": [
      "../data/RobustBench/predictions/cifar100c-Gowal2020Uncovering_Linf/vanilla.csv",
      "../data/RobustBench/predictions/cifar100c-Gowal2020Uncovering_Linf/jpeg_compression-1.csv"
    ],
    "eps": 7.5,
    "n_bins": 0,
    "n_examples": -1,
    "out_path": "../results/semantic//results/cifar100c-Gowal2020Uncovering_Linf/cifar100c-Gowal2020Uncovering_Linf-L2-7.5-jpeg_compression-1.json",
    "full_output": false,
    "verbose": false,
    "randomize_order": false,
    "backend": "bf",
    "blind_cols": null,
    "pred": "pred",
    "metric": "L2"
  },
  "backend_meta": {
    "epsilon": 7.5,
    "decision_col": "pred",
    "metric": "Linf",
    "is_exact": true,
    "is_sound": true,
    "is_complete": true
  },
  "positives": [
    [
      64,
      10064
    ],
    [
      169,
      10169
    ],
    [
      181,
      10181
    ],
    [
      222,
      10222
    ],
    [
      249,
      10249
    ],
    [
      290,
      10290
    ],
    [
      440,
      10440
    ],
    [
      550,
      10550
    ],
    [
      574,
      10574
    ],
    [
      613,
      10613
    ],
    [
      927,
      10927
    ],
    [
      992,
      10992
    ],
    [
      1016,
      11016
    ],
    [
      1023,
      11023
    ],
    [
      1113,
      11113
    ],
    [
      1172,
      11172
    ],
    [
      1287,
      11287
    ],
    [
      1348,
      11348
    ],
    [
      1633,
      11633
    ],
    [
      1684,
      11684
    ],
    [
      1772,
      11772
    ],
    [
      1882,
      11882
    ],
    [
      1958,
      11958
    ],
    [
      2081,
      12081
    ],
    [
      2106,
      12106
    ],
    [
      2234,
      12234
    ],
    [
      2370,
      12370
    ],
    [
      2372,
      12372
    ],
    [
      2465,
      12465
    ],
    [
      2494,
      12494
    ],
    [
      2520,
      12520
    ],
    [
      2609,
      12609
    ],
    [
      2679,
      12679
    ],
    [
      2880,
      12880
    ],
    [
      2924,
      12924
    ],
    [
      3029,
      13029
    ],
    [
      3093,
      13093
    ],
    [
      3211,
      13211
    ],
    [
      3233,
      13233
    ],
    [
      3311,
      13311
    ],
    [
      3348,
      13348
    ],
    [
      3551,
      13551
    ],
    [
      3602,
      13602
    ],
    [
      3673,
      13673
    ],
    [
      3679,
      13679
    ],
    [
      3945,
      13945
    ],
    [
      3953,
      13953
    ],
    [
      3994,
      13994
    ],
    [
      4040,
      14040
    ],
    [
      4312,
      14312
    ],
    [
      4389,
      14389
    ],
    [
      4428,
      14428
    ],
    [
      4434,
      14434
    ],
    [
      4439,
      14439
    ],
    [
      4587,
      14587
    ],
    [
      4684,
      14684
    ],
    [
      4843,
      14843
    ],
    [
      4903,
      14903
    ],
    [
      5216,
      15216
    ],
    [
      5300,
      15300
    ],
    [
      5438,
      15438
    ],
    [
      5450,
      15450
    ],
    [
      5490,
      15490
    ],
    [
      5503,
      15503
    ],
    [
      5522,
      15522
    ],
    [
      5562,
      15562
    ],
    [
      5591,
      15591
    ],
    [
      5639,
      15639
    ],
    [
      5642,
      15642
    ],
    [
      5896,
      15896
    ],
    [
      5956,
      15956
    ],
    [
      5997,
      15997
    ],
    [
      6029,
      16029
    ],
    [
      6035,
      16035
    ],
    [
      6201,
      16201
    ],
    [
      6269,
      16269
    ],
    [
      6278,
      16278
    ],
    [
      6321,
      16321
    ],
    [
      6386,
      16386
    ],
    [
      6414,
      16414
    ],
    [
      6489,
      16489
    ],
    [
      6510,
      16510
    ],
    [
      6600,
      16600
    ],
    [
      6644,
      16644
    ],
    [
      6690,
      16690
    ],
    [
      6788,
      16788
    ],
    [
      6804,
      16804
    ],
    [
      6832,
      16832
    ],
    [
      6858,
      16858
    ],
    [
      7066,
      17066
    ],
    [
      7205,
      17205
    ],
    [
      7845,
      17845
    ],
    [
      7858,
      17858
    ],
    [
      7864,
      17864
    ],
    [
      7960,
      17960
    ],
    [
      8013,
      18013
    ],
    [
      8022,
      18022
    ],
    [
      8031,
      18031
    ],
    [
      8068,
      18068
    ],
    [
      8084,
      18084
    ],
    [
      8130,
      18130
    ],
    [
      8285,
      18285
    ],
    [
      8312,
      18312
    ],
    [
      8346,
      18346
    ],
    [
      8383,
      18383
    ],
    [
      8394,
      18394
    ],
    [
      8410,
      18410
    ],
    [
      8412,
      18412
    ],
    [
      8418,
      18418
    ],
    [
      8441,
      18441
    ],
    [
      8520,
      18520
    ],
    [
      8524,
      18524
    ],
    [
      8793,
      18793
    ],
    [
      8844,
      18844
    ],
    [
      8858,
      18858
    ],
    [
      8927,
      18927
    ],
    [
      9070,
      19070
    ],
    [
      9187,
      19187
    ],
    [
      9199,
      19199
    ],
    [
      9281,
      19281
    ],
    [
      9358,
      19358
    ],
    [
      9412,
      19412
    ],
    [
      9659,
      19659
    ],
    [
      9670,
      19670
    ],
    [
      9679,
      19679
    ],
    [
      9863,
      19863
    ]
  ]
}