{
  "n_true_positives": 11,
  "n_positives": 11,
  "total_time": 228.00710678100586,
  "date": "2025-01-25T15:46:35.926616",
  "backend": "BruteForce",
  "n_bins": 0,
  "eps": 7.5,
  "args": {
    "csvpath": [
      "../data/RobustBench/predictions/cifar100c-Gowal2020Uncovering_Linf/vanilla.csv",
      "../data/RobustBench/predictions/cifar100c-Gowal2020Uncovering_Linf/impulse_noise-2.csv"
    ],
    "eps": 7.5,
    "n_bins": 0,
    "n_examples": -1,
    "out_path": "../results/semantic//results/cifar100c-Gowal2020Uncovering_Linf/cifar100c-Gowal2020Uncovering_Linf-L2-7.5-impulse_noise-2.json",
    "full_output": false,
    "verbose": false,
    "randomize_order": false,
    "backend": "bf",
    "blind_cols": null,
    "pred": "pred",
    "metric": "L2"
  },
  "backend_meta": {
    "epsilon": 7.5,
    "decision_col": "pred",
    "metric": "Linf",
    "is_exact": true,
    "is_sound": true,
    "is_complete": true
  },
  "positives": [
    [
      618,
      10618
    ],
    [
      1299,
      11299
    ],
    [
      2116,
      12116
    ],
    [
      2774,
      12774
    ],
    [
      2877,
      12877
    ],
    [
      3598,
      13598
    ],
    [
      4594,
      14594
    ],
    [
      6210,
      16210
    ],
    [
      6928,
      16928
    ],
    [
      7273,
      17273
    ],
    [
      7525,
      17525
    ]
  ]
}