{
  "n_true_positives": 37,
  "n_positives": 37,
  "total_time": 55.65940237045288,
  "date": "2025-01-25T15:45:53.804834",
  "backend": "BruteForce",
  "n_bins": 0,
  "eps": 7.5,
  "args": {
    "csvpath": [
      "../data/RobustBench/predictions/cifar100c-Gowal2020Uncovering_Linf/vanilla.csv",
      "../data/RobustBench/predictions/cifar100c-Gowal2020Uncovering_Linf/zoom_blur-2.csv"
    ],
    "eps": 7.5,
    "n_bins": 0,
    "n_examples": -1,
    "out_path": "../results/semantic//results/cifar100c-Gowal2020Uncovering_Linf/cifar100c-Gowal2020Uncovering_Linf-L2-7.5-zoom_blur-2.json",
    "full_output": false,
    "verbose": false,
    "randomize_order": false,
    "backend": "bf",
    "blind_cols": null,
    "pred": "pred",
    "metric": "L2"
  },
  "backend_meta": {
    "epsilon": 7.5,
    "decision_col": "pred",
    "metric": "Linf",
    "is_exact": true,
    "is_sound": true,
    "is_complete": true
  },
  "positives": [
    [
      149,
      10149
    ],
    [
      222,
      10222
    ],
    [
      318,
      10318
    ],
    [
      533,
      10533
    ],
    [
      613,
      10613
    ],
    [
      826,
      10826
    ],
    [
      1512,
      11512
    ],
    [
      1930,
      11930
    ],
    [
      2247,
      12247
    ],
    [
      2448,
      12448
    ],
    [
      2664,
      12664
    ],
    [
      2689,
      12689
    ],
    [
      2730,
      12730
    ],
    [
      2852,
      12852
    ],
    [
      3185,
      13185
    ],
    [
      3555,
      13555
    ],
    [
      4829,
      14829
    ],
    [
      4986,
      14986
    ],
    [
      5829,
      15829
    ],
    [
      5869,
      15869
    ],
    [
      5930,
      15930
    ],
    [
      6178,
      16178
    ],
    [
      6269,
      16269
    ],
    [
      6347,
      16347
    ],
    [
      6411,
      16411
    ],
    [
      6753,
      16753
    ],
    [
      7250,
      17250
    ],
    [
      8139,
      18139
    ],
    [
      8717,
      18717
    ],
    [
      8803,
      18803
    ],
    [
      9106,
      19106
    ],
    [
      9190,
      19190
    ],
    [
      9308,
      19308
    ],
    [
      9356,
      19356
    ],
    [
      9670,
      19670
    ],
    [
      9689,
      19689
    ],
    [
      9754,
      19754
    ]
  ]
}