{
  "n_true_positives": 27,
  "n_positives": 27,
  "total_time": 60.03643870353699,
  "date": "2025-01-25T15:44:18.675247",
  "backend": "BruteForce",
  "n_bins": 0,
  "eps": 7.5,
  "args": {
    "csvpath": [
      "../data/RobustBench/predictions/cifar100c-Gowal2020Uncovering_Linf/vanilla.csv",
      "../data/RobustBench/predictions/cifar100c-Gowal2020Uncovering_Linf/fog-5.csv"
    ],
    "eps": 7.5,
    "n_bins": 0,
    "n_examples": -1,
    "out_path": "../results/semantic//results/cifar100c-Gowal2020Uncovering_Linf/cifar100c-Gowal2020Uncovering_Linf-L2-7.5-fog-5.json",
    "full_output": false,
    "verbose": false,
    "randomize_order": false,
    "backend": "bf",
    "blind_cols": null,
    "pred": "pred",
    "metric": "L2"
  },
  "backend_meta": {
    "epsilon": 7.5,
    "decision_col": "pred",
    "metric": "Linf",
    "is_exact": true,
    "is_sound": true,
    "is_complete": true
  },
  "positives": [
    [
      10089,
      15562
    ],
    [
      10172,
      14318
    ],
    [
      10459,
      19248
    ],
    [
      10664,
      13129
    ],
    [
      10706,
      14682
    ],
    [
      10860,
      19404
    ],
    [
      10861,
      16040
    ],
    [
      10893,
      12962
    ],
    [
      10893,
      14189
    ],
    [
      11112,
      12761
    ],
    [
      11393,
      19905
    ],
    [
      11414,
      12458
    ],
    [
      12099,
      16530
    ],
    [
      12567,
      12589
    ],
    [
      12717,
      15951
    ],
    [
      12914,
      16704
    ],
    [
      13285,
      18220
    ],
    [
      13414,
      17402
    ],
    [
      13611,
      17641
    ],
    [
      13861,
      19664
    ],
    [
      14067,
      17402
    ],
    [
      14486,
      18227
    ],
    [
      14486,
      18319
    ],
    [
      17532,
      19905
    ],
    [
      18227,
      18319
    ],
    [
      18703,
      19905
    ],
    [
      18817,
      19020
    ]
  ]
}