{
  "n_true_positives": 13,
  "n_positives": 13,
  "total_time": 52.48606991767883,
  "date": "2025-01-25T15:46:14.322909",
  "backend": "BruteForce",
  "n_bins": 0,
  "eps": 7.5,
  "args": {
    "csvpath": [
      "../data/RobustBench/predictions/cifar100c-Gowal2020Uncovering_Linf/vanilla.csv",
      "../data/RobustBench/predictions/cifar100c-Gowal2020Uncovering_Linf/pixelate-4.csv"
    ],
    "eps": 7.5,
    "n_bins": 0,
    "n_examples": -1,
    "out_path": "../results/semantic//results/cifar100c-Gowal2020Uncovering_Linf/cifar100c-Gowal2020Uncovering_Linf-L2-7.5-pixelate-4.json",
    "full_output": false,
    "verbose": false,
    "randomize_order": false,
    "backend": "bf",
    "blind_cols": null,
    "pred": "pred",
    "metric": "L2"
  },
  "backend_meta": {
    "epsilon": 7.5,
    "decision_col": "pred",
    "metric": "Linf",
    "is_exact": true,
    "is_sound": true,
    "is_complete": true
  },
  "positives": [
    [
      860,
      10860
    ],
    [
      1084,
      11084
    ],
    [
      1574,
      11574
    ],
    [
      4238,
      14238
    ],
    [
      5930,
      15930
    ],
    [
      5997,
      15997
    ],
    [
      6510,
      16510
    ],
    [
      6788,
      16788
    ],
    [
      7433,
      17433
    ],
    [
      7495,
      17495
    ],
    [
      7845,
      17845
    ],
    [
      8107,
      18107
    ],
    [
      9754,
      19754
    ]
  ]
}