{
  "n_true_positives": 47,
  "n_positives": 47,
  "total_time": 232.16986203193665,
  "date": "2025-01-25T15:47:11.698162",
  "backend": "BruteForce",
  "n_bins": 0,
  "eps": 7.5,
  "args": {
    "csvpath": [
      "../data/RobustBench/predictions/cifar100c-Gowal2020Uncovering_Linf/vanilla.csv",
      "../data/RobustBench/predictions/cifar100c-Gowal2020Uncovering_Linf/defocus_blur-4.csv"
    ],
    "eps": 7.5,
    "n_bins": 0,
    "n_examples": -1,
    "out_path": "../results/semantic//results/cifar100c-Gowal2020Uncovering_Linf/cifar100c-Gowal2020Uncovering_Linf-L2-7.5-defocus_blur-4.json",
    "full_output": false,
    "verbose": false,
    "randomize_order": false,
    "backend": "bf",
    "blind_cols": null,
    "pred": "pred",
    "metric": "L2"
  },
  "backend_meta": {
    "epsilon": 7.5,
    "decision_col": "pred",
    "metric": "Linf",
    "is_exact": true,
    "is_sound": true,
    "is_complete": true
  },
  "positives": [
    [
      222,
      10222
    ],
    [
      533,
      10533
    ],
    [
      649,
      10649
    ],
    [
      673,
      10673
    ],
    [
      1113,
      11113
    ],
    [
      1170,
      11170
    ],
    [
      1220,
      11220
    ],
    [
      1475,
      11475
    ],
    [
      1512,
      11512
    ],
    [
      1644,
      11644
    ],
    [
      1777,
      11777
    ],
    [
      1814,
      11814
    ],
    [
      1930,
      11930
    ],
    [
      2247,
      12247
    ],
    [
      2349,
      12349
    ],
    [
      2434,
      12434
    ],
    [
      2730,
      12730
    ],
    [
      2737,
      12737
    ],
    [
      2878,
      12878
    ],
    [
      2934,
      12934
    ],
    [
      2991,
      12991
    ],
    [
      3252,
      13252
    ],
    [
      3269,
      13269
    ],
    [
      3555,
      13555
    ],
    [
      3946,
      13946
    ],
    [
      4167,
      14167
    ],
    [
      4489,
      14489
    ],
    [
      4526,
      14526
    ],
    [
      4533,
      14533
    ],
    [
      5338,
      15338
    ],
    [
      5526,
      15526
    ],
    [
      5829,
      15829
    ],
    [
      5930,
      15930
    ],
    [
      6178,
      16178
    ],
    [
      6414,
      16414
    ],
    [
      6421,
      16421
    ],
    [
      6502,
      16502
    ],
    [
      6909,
      16909
    ],
    [
      6988,
      16988
    ],
    [
      7142,
      17142
    ],
    [
      7868,
      17868
    ],
    [
      7908,
      17908
    ],
    [
      8268,
      18268
    ],
    [
      8446,
      18446
    ],
    [
      9106,
      19106
    ],
    [
      9441,
      19441
    ],
    [
      9972,
      19972
    ]
  ]
}