{
  "n_true_positives": 12,
  "n_positives": 12,
  "total_time": 43.343918800354004,
  "date": "2025-01-25T15:46:33.486993",
  "backend": "BruteForce",
  "n_bins": 0,
  "eps": 7.5,
  "args": {
    "csvpath": [
      "../data/RobustBench/predictions/cifar100c-Gowal2020Uncovering_Linf/vanilla.csv",
      "../data/RobustBench/predictions/cifar100c-Gowal2020Uncovering_Linf/zoom_blur-3.csv"
    ],
    "eps": 7.5,
    "n_bins": 0,
    "n_examples": -1,
    "out_path": "../results/semantic//results/cifar100c-Gowal2020Uncovering_Linf/cifar100c-Gowal2020Uncovering_Linf-L2-7.5-zoom_blur-3.json",
    "full_output": false,
    "verbose": false,
    "randomize_order": false,
    "backend": "bf",
    "blind_cols": null,
    "pred": "pred",
    "metric": "L2"
  },
  "backend_meta": {
    "epsilon": 7.5,
    "decision_col": "pred",
    "metric": "Linf",
    "is_exact": true,
    "is_sound": true,
    "is_complete": true
  },
  "positives": [
    [
      222,
      10222
    ],
    [
      533,
      10533
    ],
    [
      1930,
      11930
    ],
    [
      2247,
      12247
    ],
    [
      2730,
      12730
    ],
    [
      4829,
      14829
    ],
    [
      6269,
      16269
    ],
    [
      6347,
      16347
    ],
    [
      7254,
      17254
    ],
    [
      8803,
      18803
    ],
    [
      9308,
      19308
    ],
    [
      9670,
      19670
    ]
  ]
}