{
  "n_true_positives": 969,
  "n_positives": 969,
  "total_time": 89.53341889381409,
  "date": "2025-01-25T15:44:20.353194",
  "backend": "BruteForce",
  "n_bins": 0,
  "eps": 7.5,
  "args": {
    "csvpath": [
      "../data/RobustBench/predictions/cifar100c-Gowal2020Uncovering_Linf/vanilla.csv",
      "../data/RobustBench/predictions/cifar100c-Gowal2020Uncovering_Linf/brightness-1.csv"
    ],
    "eps": 7.5,
    "n_bins": 0,
    "n_examples": -1,
    "out_path": "../results/semantic//results/cifar100c-Gowal2020Uncovering_Linf/cifar100c-Gowal2020Uncovering_Linf-L2-7.5-brightness-1.json",
    "full_output": false,
    "verbose": false,
    "randomize_order": false,
    "backend": "bf",
    "blind_cols": null,
    "pred": "pred",
    "metric": "L2"
  },
  "backend_meta": {
    "epsilon": 7.5,
    "decision_col": "pred",
    "metric": "Linf",
    "is_exact": true,
    "is_sound": true,
    "is_complete": true
  },
  "positives": [
    [
      41,
      10041
    ],
    [
      65,
      10065
    ],
    [
      70,
      10070
    ],
    [
      71,
      10071
    ],
    [
      86,
      10086
    ],
    [
      88,
      10088
    ],
    [
      90,
      10090
    ],
    [
      114,
      10114
    ],
    [
      155,
      10155
    ],
    [
      161,
      10161
    ],
    [
      162,
      10162
    ],
    [
      172,
      10172
    ],
    [
      175,
      10175
    ],
    [
      180,
      10180
    ],
    [
      183,
      10183
    ],
    [
      197,
      10197
    ],
    [
      230,
      10230
    ],
    [
      236,
      10236
    ],
    [
      253,
      10253
    ],
    [
      256,
      10256
    ],
    [
      258,
      10258
    ],
    [
      259,
      10259
    ],
    [
      286,
      10286
    ],
    [
      308,
      10308
    ],
    [
      329,
      10329
    ],
    [
      346,
      10346
    ],
    [
      348,
      10348
    ],
    [
      397,
      10397
    ],
    [
      408,
      10408
    ],
    [
      409,
      10409
    ],
    [
      414,
      10414
    ],
    [
      416,
      10416
    ],
    [
      427,
      10427
    ],
    [
      444,
      10444
    ],
    [
      451,
      10451
    ],
    [
      460,
      10460
    ],
    [
      466,
      10466
    ],
    [
      474,
      10474
    ],
    [
      478,
      10478
    ],
    [
      485,
      10485
    ],
    [
      488,
      10488
    ],
    [
      521,
      10521
    ],
    [
      556,
      10556
    ],
    [
      558,
      10558
    ],
    [
      561,
      10561
    ],
    [
      572,
      10572
    ],
    [
      574,
      10574
    ],
    [
      576,
      10576
    ],
    [
      578,
      10578
    ],
    [
      579,
      10579
    ],
    [
      590,
      10590
    ],
    [
      605,
      10605
    ],
    [
      609,
      10609
    ],
    [
      639,
      10639
    ],
    [
      658,
      10658
    ],
    [
      671,
      10671
    ],
    [
      707,
      10707
    ],
    [
      709,
      10709
    ],
    [
      711,
      10711
    ],
    [
      736,
      10736
    ],
    [
      756,
      10756
    ],
    [
      758,
      10758
    ],
    [
      787,
      10787
    ],
    [
      794,
      10794
    ],
    [
      796,
      10796
    ],
    [
      812,
      10812
    ],
    [
      818,
      10818
    ],
    [
      819,
      10819
    ],
    [
      835,
      10835
    ],
    [
      842,
      10842
    ],
    [
      860,
      10860
    ],
    [
      866,
      10866
    ],
    [
      871,
      10871
    ],
    [
      874,
      10874
    ],
    [
      886,
      10886
    ],
    [
      899,
      10899
    ],
    [
      901,
      10901
    ],
    [
      904,
      10904
    ],
    [
      910,
      10910
    ],
    [
      918,
      10918
    ],
    [
      920,
      10920
    ],
    [
      930,
      10930
    ],
    [
      936,
      10936
    ],
    [
      955,
      10955
    ],
    [
      957,
      10957
    ],
    [
      960,
      10960
    ],
    [
      974,
      10974
    ],
    [
      976,
      10976
    ],
    [
      979,
      10979
    ],
    [
      986,
      10986
    ],
    [
      1016,
      11016
    ],
    [
      1018,
      11018
    ],
    [
      1022,
      11022
    ],
    [
      1025,
      11025
    ],
    [
      1050,
      11050
    ],
    [
      1064,
      11064
    ],
    [
      1071,
      11071
    ],
    [
      1079,
      11079
    ],
    [
      1084,
      11084
    ],
    [
      1139,
      11139
    ],
    [
      1156,
      11156
    ],
    [
      1161,
      11161
    ],
    [
      1169,
      11169
    ],
    [
      1170,
      11170
    ],
    [
      1181,
      11181
    ],
    [
      1196,
      11196
    ],
    [
      1219,
      11219
    ],
    [
      1223,
      11223
    ],
    [
      1238,
      11238
    ],
    [
      1243,
      11243
    ],
    [
      1246,
      11246
    ],
    [
      1247,
      11247
    ],
    [
      1253,
      11253
    ],
    [
      1272,
      11272
    ],
    [
      1299,
      11299
    ],
    [
      1302,
      11302
    ],
    [
      1307,
      11307
    ],
    [
      1315,
      11315
    ],
    [
      1328,
      11328
    ],
    [
      1332,
      11332
    ],
    [
      1333,
      11333
    ],
    [
      1336,
      11336
    ],
    [
      1348,
      11348
    ],
    [
      1352,
      11352
    ],
    [
      1383,
      11383
    ],
    [
      1397,
      11397
    ],
    [
      1399,
      11399
    ],
    [
      1407,
      11407
    ],
    [
      1418,
      11418
    ],
    [
      1429,
      11429
    ],
    [
      1437,
      11437
    ],
    [
      1448,
      11448
    ],
    [
      1452,
      11452
    ],
    [
      1472,
      11472
    ],
    [
      1482,
      11482
    ],
    [
      1496,
      11496
    ],
    [
      1511,
      11511
    ],
    [
      1512,
      11512
    ],
    [
      1524,
      11524
    ],
    [
      1537,
      11537
    ],
    [
      1567,
      11567
    ],
    [
      1574,
      11574
    ],
    [
      1581,
      11581
    ],
    [
      1591,
      11591
    ],
    [
      1594,
      11594
    ],
    [
      1607,
      11607
    ],
    [
      1623,
      11623
    ],
    [
      1673,
      11673
    ],
    [
      1688,
      11688
    ],
    [
      1689,
      11689
    ],
    [
      1701,
      11701
    ],
    [
      1704,
      11704
    ],
    [
      1708,
      11708
    ],
    [
      1710,
      11710
    ],
    [
      1756,
      11756
    ],
    [
      1760,
      11760
    ],
    [
      1764,
      11764
    ],
    [
      1772,
      11772
    ],
    [
      1782,
      11782
    ],
    [
      1790,
      11790
    ],
    [
      1814,
      11814
    ],
    [
      1826,
      11826
    ],
    [
      1834,
      11834
    ],
    [
      1868,
      11868
    ],
    [
      1883,
      11883
    ],
    [
      1900,
      11900
    ],
    [
      1901,
      11901
    ],
    [
      1912,
      11912
    ],
    [
      1957,
      11957
    ],
    [
      1958,
      11958
    ],
    [
      1977,
      11977
    ],
    [
      1999,
      11999
    ],
    [
      2003,
      12003
    ],
    [
      2009,
      12009
    ],
    [
      2021,
      12021
    ],
    [
      2028,
      12028
    ],
    [
      2035,
      12035
    ],
    [
      2042,
      12042
    ],
    [
      2047,
      12047
    ],
    [
      2053,
      12053
    ],
    [
      2057,
      12057
    ],
    [
      2074,
      12074
    ],
    [
      2093,
      12093
    ],
    [
      2103,
      12103
    ],
    [
      2105,
      12105
    ],
    [
      2110,
      12110
    ],
    [
      2130,
      12130
    ],
    [
      2139,
      12139
    ],
    [
      2146,
      12146
    ],
    [
      2147,
      12147
    ],
    [
      2152,
      12152
    ],
    [
      2184,
      12184
    ],
    [
      2187,
      12187
    ],
    [
      2188,
      12188
    ],
    [
      2191,
      12191
    ],
    [
      2192,
      12192
    ],
    [
      2213,
      12213
    ],
    [
      2214,
      12214
    ],
    [
      2223,
      12223
    ],
    [
      2227,
      12227
    ],
    [
      2295,
      12295
    ],
    [
      2309,
      12309
    ],
    [
      2337,
      12337
    ],
    [
      2342,
      12342
    ],
    [
      2343,
      12343
    ],
    [
      2356,
      12356
    ],
    [
      2370,
      12370
    ],
    [
      2374,
      12374
    ],
    [
      2376,
      12376
    ],
    [
      2405,
      12405
    ],
    [
      2414,
      12414
    ],
    [
      2428,
      12428
    ],
    [
      2429,
      12429
    ],
    [
      2435,
      12435
    ],
    [
      2437,
      12437
    ],
    [
      2448,
      12448
    ],
    [
      2452,
      12452
    ],
    [
      2455,
      12455
    ],
    [
      2465,
      12465
    ],
    [
      2475,
      12475
    ],
    [
      2481,
      12481
    ],
    [
      2507,
      12507
    ],
    [
      2513,
      12513
    ],
    [
      2520,
      12520
    ],
    [
      2521,
      12521
    ],
    [
      2534,
      12534
    ],
    [
      2552,
      12552
    ],
    [
      2555,
      12555
    ],
    [
      2558,
      12558
    ],
    [
      2612,
      12612
    ],
    [
      2614,
      12614
    ],
    [
      2619,
      12619
    ],
    [
      2620,
      12620
    ],
    [
      2635,
      12635
    ],
    [
      2651,
      12651
    ],
    [
      2659,
      12659
    ],
    [
      2664,
      12664
    ],
    [
      2673,
      12673
    ],
    [
      2685,
      12685
    ],
    [
      2701,
      12701
    ],
    [
      2702,
      12702
    ],
    [
      2704,
      12704
    ],
    [
      2705,
      12705
    ],
    [
      2712,
      12712
    ],
    [
      2722,
      12722
    ],
    [
      2726,
      12726
    ],
    [
      2731,
      12731
    ],
    [
      2754,
      12754
    ],
    [
      2755,
      12755
    ],
    [
      2765,
      12765
    ],
    [
      2769,
      12769
    ],
    [
      2778,
      12778
    ],
    [
      2798,
      12798
    ],
    [
      2803,
      12803
    ],
    [
      2813,
      12813
    ],
    [
      2826,
      12826
    ],
    [
      2835,
      12835
    ],
    [
      2841,
      12841
    ],
    [
      2852,
      12852
    ],
    [
      2859,
      12859
    ],
    [
      2860,
      12860
    ],
    [
      2861,
      12861
    ],
    [
      2866,
      12866
    ],
    [
      2869,
      12869
    ],
    [
      2877,
      12877
    ],
    [
      2878,
      12878
    ],
    [
      2890,
      12890
    ],
    [
      2893,
      12893
    ],
    [
      2894,
      12894
    ],
    [
      2900,
      12900
    ],
    [
      2901,
      12901
    ],
    [
      2903,
      12903
    ],
    [
      2912,
      12912
    ],
    [
      2917,
      12917
    ],
    [
      2934,
      12934
    ],
    [
      2941,
      12941
    ],
    [
      2959,
      12959
    ],
    [
      2976,
      12976
    ],
    [
      2990,
      12990
    ],
    [
      2991,
      12991
    ],
    [
      2999,
      12999
    ],
    [
      3018,
      13018
    ],
    [
      3019,
      13019
    ],
    [
      3029,
      13029
    ],
    [
      3039,
      13039
    ],
    [
      3041,
      13041
    ],
    [
      3045,
      13045
    ],
    [
      3069,
      13069
    ],
    [
      3074,
      13074
    ],
    [
      3084,
      13084
    ],
    [
      3086,
      13086
    ],
    [
      3092,
      13092
    ],
    [
      3102,
      13102
    ],
    [
      3104,
      13104
    ],
    [
      3113,
      13113
    ],
    [
      3132,
      13132
    ],
    [
      3143,
      13143
    ],
    [
      3148,
      13148
    ],
    [
      3151,
      13151
    ],
    [
      3157,
      13157
    ],
    [
      3161,
      13161
    ],
    [
      3164,
      13164
    ],
    [
      3174,
      13174
    ],
    [
      3176,
      13176
    ],
    [
      3185,
      13185
    ],
    [
      3189,
      13189
    ],
    [
      3191,
      13191
    ],
    [
      3192,
      13192
    ],
    [
      3220,
      13220
    ],
    [
      3229,
      13229
    ],
    [
      3239,
      13239
    ],
    [
      3243,
      13243
    ],
    [
      3248,
      13248
    ],
    [
      3261,
      13261
    ],
    [
      3281,
      13281
    ],
    [
      3286,
      13286
    ],
    [
      3296,
      13296
    ],
    [
      3305,
      13305
    ],
    [
      3311,
      13311
    ],
    [
      3322,
      13322
    ],
    [
      3325,
      13325
    ],
    [
      3332,
      13332
    ],
    [
      3333,
      13333
    ],
    [
      3344,
      13344
    ],
    [
      3345,
      13345
    ],
    [
      3356,
      13356
    ],
    [
      3359,
      13359
    ],
    [
      3371,
      13371
    ],
    [
      3372,
      13372
    ],
    [
      3375,
      13375
    ],
    [
      3379,
      13379
    ],
    [
      3380,
      13380
    ],
    [
      3392,
      13392
    ],
    [
      3393,
      13393
    ],
    [
      3403,
      13403
    ],
    [
      3419,
      13419
    ],
    [
      3422,
      13422
    ],
    [
      3426,
      13426
    ],
    [
      3454,
      13454
    ],
    [
      3456,
      13456
    ],
    [
      3460,
      13460
    ],
    [
      3475,
      13475
    ],
    [
      3485,
      13485
    ],
    [
      3486,
      13486
    ],
    [
      3489,
      13489
    ],
    [
      3506,
      13506
    ],
    [
      3511,
      13511
    ],
    [
      3519,
      13519
    ],
    [
      3527,
      13527
    ],
    [
      3538,
      13538
    ],
    [
      3550,
      13550
    ],
    [
      3553,
      13553
    ],
    [
      3554,
      13554
    ],
    [
      3567,
      13567
    ],
    [
      3578,
      13578
    ],
    [
      3590,
      13590
    ],
    [
      3603,
      13603
    ],
    [
      3631,
      13631
    ],
    [
      3640,
      13640
    ],
    [
      3647,
      13647
    ],
    [
      3673,
      13673
    ],
    [
      3694,
      13694
    ],
    [
      3696,
      13696
    ],
    [
      3706,
      13706
    ],
    [
      3724,
      13724
    ],
    [
      3732,
      13732
    ],
    [
      3757,
      13757
    ],
    [
      3761,
      13761
    ],
    [
      3765,
      13765
    ],
    [
      3771,
      13771
    ],
    [
      3812,
      13812
    ],
    [
      3824,
      13824
    ],
    [
      3826,
      13826
    ],
    [
      3834,
      13834
    ],
    [
      3835,
      13835
    ],
    [
      3846,
      13846
    ],
    [
      3871,
      13871
    ],
    [
      3874,
      13874
    ],
    [
      3875,
      13875
    ],
    [
      3885,
      13885
    ],
    [
      3886,
      13886
    ],
    [
      3897,
      13897
    ],
    [
      3915,
      13915
    ],
    [
      3923,
      13923
    ],
    [
      3929,
      13929
    ],
    [
      3936,
      13936
    ],
    [
      3945,
      13945
    ],
    [
      3951,
      13951
    ],
    [
      4008,
      14008
    ],
    [
      4009,
      14009
    ],
    [
      4026,
      14026
    ],
    [
      4059,
      14059
    ],
    [
      4066,
      14066
    ],
    [
      4075,
      14075
    ],
    [
      4082,
      14082
    ],
    [
      4083,
      14083
    ],
    [
      4090,
      14090
    ],
    [
      4104,
      14104
    ],
    [
      4118,
      14118
    ],
    [
      4120,
      14120
    ],
    [
      4126,
      14126
    ],
    [
      4131,
      14131
    ],
    [
      4163,
      14163
    ],
    [
      4168,
      14168
    ],
    [
      4170,
      14170
    ],
    [
      4174,
      14174
    ],
    [
      4177,
      14177
    ],
    [
      4179,
      14179
    ],
    [
      4180,
      14180
    ],
    [
      4182,
      14182
    ],
    [
      4185,
      14185
    ],
    [
      4203,
      14203
    ],
    [
      4218,
      14218
    ],
    [
      4240,
      14240
    ],
    [
      4288,
      14288
    ],
    [
      4294,
      14294
    ],
    [
      4300,
      14300
    ],
    [
      4302,
      14302
    ],
    [
      4304,
      14304
    ],
    [
      4311,
      14311
    ],
    [
      4328,
      14328
    ],
    [
      4329,
      14329
    ],
    [
      4337,
      14337
    ],
    [
      4347,
      14347
    ],
    [
      4367,
      14367
    ],
    [
      4390,
      14390
    ],
    [
      4428,
      14428
    ],
    [
      4430,
      14430
    ],
    [
      4434,
      14434
    ],
    [
      4465,
      14465
    ],
    [
      4480,
      14480
    ],
    [
      4491,
      14491
    ],
    [
      4499,
      14499
    ],
    [
      4500,
      14500
    ],
    [
      4507,
      14507
    ],
    [
      4516,
      14516
    ],
    [
      4528,
      14528
    ],
    [
      4529,
      14529
    ],
    [
      4532,
      14532
    ],
    [
      4533,
      14533
    ],
    [
      4546,
      14546
    ],
    [
      4551,
      14551
    ],
    [
      4559,
      14559
    ],
    [
      4565,
      14565
    ],
    [
      4583,
      14583
    ],
    [
      4603,
      14603
    ],
    [
      4621,
      14621
    ],
    [
      4626,
      14626
    ],
    [
      4628,
      14628
    ],
    [
      4630,
      14630
    ],
    [
      4634,
      14634
    ],
    [
      4674,
      14674
    ],
    [
      4675,
      14675
    ],
    [
      4684,
      14684
    ],
    [
      4685,
      14685
    ],
    [
      4692,
      14692
    ],
    [
      4707,
      14707
    ],
    [
      4709,
      14709
    ],
    [
      4710,
      14710
    ],
    [
      4714,
      14714
    ],
    [
      4727,
      14727
    ],
    [
      4728,
      14728
    ],
    [
      4745,
      14745
    ],
    [
      4750,
      14750
    ],
    [
      4754,
      14754
    ],
    [
      4768,
      14768
    ],
    [
      4775,
      14775
    ],
    [
      4788,
      14788
    ],
    [
      4805,
      14805
    ],
    [
      4846,
      14846
    ],
    [
      4854,
      14854
    ],
    [
      4862,
      14862
    ],
    [
      4874,
      14874
    ],
    [
      4882,
      14882
    ],
    [
      4891,
      14891
    ],
    [
      4898,
      14898
    ],
    [
      4900,
      14900
    ],
    [
      4908,
      14908
    ],
    [
      4911,
      14911
    ],
    [
      4929,
      14929
    ],
    [
      4942,
      14942
    ],
    [
      4971,
      14971
    ],
    [
      4976,
      14976
    ],
    [
      4986,
      14986
    ],
    [
      5047,
      15047
    ],
    [
      5054,
      15054
    ],
    [
      5067,
      15067
    ],
    [
      5068,
      15068
    ],
    [
      5085,
      15085
    ],
    [
      5092,
      15092
    ],
    [
      5099,
      15099
    ],
    [
      5118,
      15118
    ],
    [
      5153,
      15153
    ],
    [
      5160,
      15160
    ],
    [
      5164,
      15164
    ],
    [
      5168,
      15168
    ],
    [
      5208,
      15208
    ],
    [
      5213,
      15213
    ],
    [
      5235,
      15235
    ],
    [
      5237,
      15237
    ],
    [
      5242,
      15242
    ],
    [
      5252,
      15252
    ],
    [
      5257,
      15257
    ],
    [
      5296,
      15296
    ],
    [
      5297,
      15297
    ],
    [
      5312,
      15312
    ],
    [
      5329,
      15329
    ],
    [
      5340,
      15340
    ],
    [
      5351,
      15351
    ],
    [
      5361,
      15361
    ],
    [
      5406,
      15406
    ],
    [
      5407,
      15407
    ],
    [
      5416,
      15416
    ],
    [
      5419,
      15419
    ],
    [
      5422,
      15422
    ],
    [
      5426,
      15426
    ],
    [
      5432,
      15432
    ],
    [
      5447,
      15447
    ],
    [
      5450,
      15450
    ],
    [
      5464,
      15464
    ],
    [
      5472,
      15472
    ],
    [
      5490,
      15490
    ],
    [
      5492,
      15492
    ],
    [
      5498,
      15498
    ],
    [
      5499,
      15499
    ],
    [
      5503,
      15503
    ],
    [
      5530,
      15530
    ],
    [
      5533,
      15533
    ],
    [
      5540,
      15540
    ],
    [
      5541,
      15541
    ],
    [
      5575,
      15575
    ],
    [
      5580,
      15580
    ],
    [
      5583,
      15583
    ],
    [
      5584,
      15584
    ],
    [
      5591,
      15591
    ],
    [
      5605,
      15605
    ],
    [
      5618,
      15618
    ],
    [
      5621,
      15621
    ],
    [
      5624,
      15624
    ],
    [
      5626,
      15626
    ],
    [
      5631,
      15631
    ],
    [
      5654,
      15654
    ],
    [
      5663,
      15663
    ],
    [
      5670,
      15670
    ],
    [
      5671,
      15671
    ],
    [
      5681,
      15681
    ],
    [
      5687,
      15687
    ],
    [
      5694,
      15694
    ],
    [
      5717,
      15717
    ],
    [
      5718,
      15718
    ],
    [
      5719,
      15719
    ],
    [
      5721,
      15721
    ],
    [
      5747,
      15747
    ],
    [
      5759,
      15759
    ],
    [
      5782,
      15782
    ],
    [
      5794,
      15794
    ],
    [
      5811,
      15811
    ],
    [
      5821,
      15821
    ],
    [
      5827,
      15827
    ],
    [
      5830,
      15830
    ],
    [
      5831,
      15831
    ],
    [
      5852,
      15852
    ],
    [
      5869,
      15869
    ],
    [
      5896,
      15896
    ],
    [
      5915,
      15915
    ],
    [
      5919,
      15919
    ],
    [
      5934,
      15934
    ],
    [
      5948,
      15948
    ],
    [
      5955,
      15955
    ],
    [
      5976,
      15976
    ],
    [
      5977,
      15977
    ],
    [
      5979,
      15979
    ],
    [
      5987,
      15987
    ],
    [
      5996,
      15996
    ],
    [
      5997,
      15997
    ],
    [
      5999,
      15999
    ],
    [
      6000,
      16000
    ],
    [
      6013,
      16013
    ],
    [
      6024,
      16024
    ],
    [
      6031,
      16031
    ],
    [
      6033,
      16033
    ],
    [
      6045,
      16045
    ],
    [
      6052,
      16052
    ],
    [
      6053,
      16053
    ],
    [
      6067,
      16067
    ],
    [
      6068,
      16068
    ],
    [
      6077,
      16077
    ],
    [
      6085,
      16085
    ],
    [
      6088,
      16088
    ],
    [
      6105,
      16105
    ],
    [
      6116,
      16116
    ],
    [
      6118,
      16118
    ],
    [
      6121,
      16121
    ],
    [
      6142,
      16142
    ],
    [
      6148,
      16148
    ],
    [
      6157,
      16157
    ],
    [
      6159,
      16159
    ],
    [
      6170,
      16170
    ],
    [
      6185,
      16185
    ],
    [
      6186,
      16186
    ],
    [
      6193,
      16193
    ],
    [
      6196,
      16196
    ],
    [
      6201,
      16201
    ],
    [
      6209,
      16209
    ],
    [
      6210,
      16210
    ],
    [
      6213,
      16213
    ],
    [
      6243,
      16243
    ],
    [
      6244,
      16244
    ],
    [
      6262,
      16262
    ],
    [
      6269,
      16269
    ],
    [
      6276,
      16276
    ],
    [
      6277,
      16277
    ],
    [
      6285,
      16285
    ],
    [
      6292,
      16292
    ],
    [
      6298,
      16298
    ],
    [
      6304,
      16304
    ],
    [
      6325,
      16325
    ],
    [
      6334,
      16334
    ],
    [
      6348,
      16348
    ],
    [
      6372,
      16372
    ],
    [
      6383,
      16383
    ],
    [
      6391,
      16391
    ],
    [
      6399,
      16399
    ],
    [
      6411,
      16411
    ],
    [
      6421,
      16421
    ],
    [
      6432,
      16432
    ],
    [
      6448,
      16448
    ],
    [
      6449,
      16449
    ],
    [
      6450,
      16450
    ],
    [
      6485,
      16485
    ],
    [
      6505,
      16505
    ],
    [
      6510,
      16510
    ],
    [
      6515,
      16515
    ],
    [
      6521,
      16521
    ],
    [
      6523,
      16523
    ],
    [
      6525,
      16525
    ],
    [
      6528,
      16528
    ],
    [
      6542,
      16542
    ],
    [
      6555,
      16555
    ],
    [
      6569,
      16569
    ],
    [
      6576,
      16576
    ],
    [
      6580,
      16580
    ],
    [
      6587,
      16587
    ],
    [
      6601,
      16601
    ],
    [
      6603,
      16603
    ],
    [
      6606,
      16606
    ],
    [
      6609,
      16609
    ],
    [
      6621,
      16621
    ],
    [
      6622,
      16622
    ],
    [
      6644,
      16644
    ],
    [
      6690,
      16690
    ],
    [
      6694,
      16694
    ],
    [
      6697,
      16697
    ],
    [
      6721,
      16721
    ],
    [
      6753,
      16753
    ],
    [
      6757,
      16757
    ],
    [
      6770,
      16770
    ],
    [
      6776,
      16776
    ],
    [
      6789,
      16789
    ],
    [
      6795,
      16795
    ],
    [
      6801,
      16801
    ],
    [
      6815,
      16815
    ],
    [
      6832,
      16832
    ],
    [
      6841,
      16841
    ],
    [
      6854,
      16854
    ],
    [
      6857,
      16857
    ],
    [
      6858,
      16858
    ],
    [
      6879,
      16879
    ],
    [
      6880,
      16880
    ],
    [
      6888,
      16888
    ],
    [
      6909,
      16909
    ],
    [
      6916,
      16916
    ],
    [
      6934,
      16934
    ],
    [
      6941,
      16941
    ],
    [
      6948,
      16948
    ],
    [
      6951,
      16951
    ],
    [
      6962,
      16962
    ],
    [
      6963,
      16963
    ],
    [
      6970,
      16970
    ],
    [
      6977,
      16977
    ],
    [
      6981,
      16981
    ],
    [
      6990,
      16990
    ],
    [
      6996,
      16996
    ],
    [
      7018,
      17018
    ],
    [
      7020,
      17020
    ],
    [
      7021,
      17021
    ],
    [
      7034,
      17034
    ],
    [
      7037,
      17037
    ],
    [
      7050,
      17050
    ],
    [
      7051,
      17051
    ],
    [
      7060,
      17060
    ],
    [
      7063,
      17063
    ],
    [
      7067,
      17067
    ],
    [
      7069,
      17069
    ],
    [
      7089,
      17089
    ],
    [
      7092,
      17092
    ],
    [
      7094,
      17094
    ],
    [
      7104,
      17104
    ],
    [
      7106,
      17106
    ],
    [
      7112,
      17112
    ],
    [
      7114,
      17114
    ],
    [
      7127,
      17127
    ],
    [
      7134,
      17134
    ],
    [
      7139,
      17139
    ],
    [
      7150,
      17150
    ],
    [
      7152,
      17152
    ],
    [
      7246,
      17246
    ],
    [
      7248,
      17248
    ],
    [
      7267,
      17267
    ],
    [
      7270,
      17270
    ],
    [
      7273,
      17273
    ],
    [
      7276,
      17276
    ],
    [
      7285,
      17285
    ],
    [
      7298,
      17298
    ],
    [
      7299,
      17299
    ],
    [
      7322,
      17322
    ],
    [
      7326,
      17326
    ],
    [
      7339,
      17339
    ],
    [
      7342,
      17342
    ],
    [
      7351,
      17351
    ],
    [
      7355,
      17355
    ],
    [
      7359,
      17359
    ],
    [
      7365,
      17365
    ],
    [
      7375,
      17375
    ],
    [
      7383,
      17383
    ],
    [
      7395,
      17395
    ],
    [
      7400,
      17400
    ],
    [
      7406,
      17406
    ],
    [
      7411,
      17411
    ],
    [
      7430,
      17430
    ],
    [
      7445,
      17445
    ],
    [
      7463,
      17463
    ],
    [
      7465,
      17465
    ],
    [
      7473,
      17473
    ],
    [
      7474,
      17474
    ],
    [
      7475,
      17475
    ],
    [
      7480,
      17480
    ],
    [
      7481,
      17481
    ],
    [
      7512,
      17512
    ],
    [
      7525,
      17525
    ],
    [
      7536,
      17536
    ],
    [
      7546,
      17546
    ],
    [
      7550,
      17550
    ],
    [
      7557,
      17557
    ],
    [
      7559,
      17559
    ],
    [
      7563,
      17563
    ],
    [
      7570,
      17570
    ],
    [
      7577,
      17577
    ],
    [
      7580,
      17580
    ],
    [
      7584,
      17584
    ],
    [
      7587,
      17587
    ],
    [
      7588,
      17588
    ],
    [
      7619,
      17619
    ],
    [
      7645,
      17645
    ],
    [
      7664,
      17664
    ],
    [
      7673,
      17673
    ],
    [
      7680,
      17680
    ],
    [
      7709,
      17709
    ],
    [
      7711,
      17711
    ],
    [
      7717,
      17717
    ],
    [
      7727,
      17727
    ],
    [
      7733,
      17733
    ],
    [
      7735,
      17735
    ],
    [
      7741,
      17741
    ],
    [
      7756,
      17756
    ],
    [
      7757,
      17757
    ],
    [
      7772,
      17772
    ],
    [
      7795,
      17795
    ],
    [
      7812,
      17812
    ],
    [
      7819,
      17819
    ],
    [
      7852,
      17852
    ],
    [
      7868,
      17868
    ],
    [
      7886,
      17886
    ],
    [
      7892,
      17892
    ],
    [
      7897,
      17897
    ],
    [
      7921,
      17921
    ],
    [
      7926,
      17926
    ],
    [
      7936,
      17936
    ],
    [
      7937,
      17937
    ],
    [
      7943,
      17943
    ],
    [
      7950,
      17950
    ],
    [
      7957,
      17957
    ],
    [
      7960,
      17960
    ],
    [
      7968,
      17968
    ],
    [
      8009,
      18009
    ],
    [
      8022,
      18022
    ],
    [
      8032,
      18032
    ],
    [
      8038,
      18038
    ],
    [
      8072,
      18072
    ],
    [
      8090,
      18090
    ],
    [
      8094,
      18094
    ],
    [
      8102,
      18102
    ],
    [
      8130,
      18130
    ],
    [
      8133,
      18133
    ],
    [
      8153,
      18153
    ],
    [
      8168,
      18168
    ],
    [
      8181,
      18181
    ],
    [
      8182,
      18182
    ],
    [
      8200,
      18200
    ],
    [
      8210,
      18210
    ],
    [
      8221,
      18221
    ],
    [
      8227,
      18227
    ],
    [
      8253,
      18253
    ],
    [
      8279,
      18279
    ],
    [
      8292,
      18292
    ],
    [
      8312,
      18312
    ],
    [
      8322,
      18322
    ],
    [
      8331,
      18331
    ],
    [
      8333,
      18333
    ],
    [
      8334,
      18334
    ],
    [
      8346,
      18346
    ],
    [
      8364,
      18364
    ],
    [
      8368,
      18368
    ],
    [
      8383,
      18383
    ],
    [
      8385,
      18385
    ],
    [
      8386,
      18386
    ],
    [
      8389,
      18389
    ],
    [
      8392,
      18392
    ],
    [
      8394,
      18394
    ],
    [
      8410,
      18410
    ],
    [
      8418,
      18418
    ],
    [
      8422,
      18422
    ],
    [
      8432,
      18432
    ],
    [
      8437,
      18437
    ],
    [
      8446,
      18446
    ],
    [
      8471,
      18471
    ],
    [
      8481,
      18481
    ],
    [
      8501,
      18501
    ],
    [
      8518,
      18518
    ],
    [
      8525,
      18525
    ],
    [
      8557,
      18557
    ],
    [
      8570,
      18570
    ],
    [
      8571,
      18571
    ],
    [
      8577,
      18577
    ],
    [
      8586,
      18586
    ],
    [
      8599,
      18599
    ],
    [
      8601,
      18601
    ],
    [
      8602,
      18602
    ],
    [
      8609,
      18609
    ],
    [
      8619,
      18619
    ],
    [
      8655,
      18655
    ],
    [
      8665,
      18665
    ],
    [
      8666,
      18666
    ],
    [
      8676,
      18676
    ],
    [
      8702,
      18702
    ],
    [
      8710,
      18710
    ],
    [
      8711,
      18711
    ],
    [
      8726,
      18726
    ],
    [
      8750,
      18750
    ],
    [
      8766,
      18766
    ],
    [
      8769,
      18769
    ],
    [
      8779,
      18779
    ],
    [
      8784,
      18784
    ],
    [
      8797,
      18797
    ],
    [
      8806,
      18806
    ],
    [
      8817,
      18817
    ],
    [
      8824,
      18824
    ],
    [
      8842,
      18842
    ],
    [
      8844,
      18844
    ],
    [
      8856,
      18856
    ],
    [
      8858,
      18858
    ],
    [
      8863,
      18863
    ],
    [
      8866,
      18866
    ],
    [
      8879,
      18879
    ],
    [
      8904,
      18904
    ],
    [
      8919,
      18919
    ],
    [
      8923,
      18923
    ],
    [
      8947,
      18947
    ],
    [
      8948,
      18948
    ],
    [
      8954,
      18954
    ],
    [
      8965,
      18965
    ],
    [
      8967,
      18967
    ],
    [
      8976,
      18976
    ],
    [
      8987,
      18987
    ],
    [
      9004,
      19004
    ],
    [
      9014,
      19014
    ],
    [
      9016,
      19016
    ],
    [
      9023,
      19023
    ],
    [
      9028,
      19028
    ],
    [
      9042,
      19042
    ],
    [
      9051,
      19051
    ],
    [
      9065,
      19065
    ],
    [
      9068,
      19068
    ],
    [
      9078,
      19078
    ],
    [
      9088,
      19088
    ],
    [
      9105,
      19105
    ],
    [
      9109,
      19109
    ],
    [
      9112,
      19112
    ],
    [
      9120,
      19120
    ],
    [
      9129,
      19129
    ],
    [
      9130,
      19130
    ],
    [
      9131,
      19131
    ],
    [
      9158,
      19158
    ],
    [
      9187,
      19187
    ],
    [
      9189,
      19189
    ],
    [
      9205,
      19205
    ],
    [
      9224,
      19224
    ],
    [
      9248,
      19248
    ],
    [
      9250,
      19250
    ],
    [
      9275,
      19275
    ],
    [
      9280,
      19280
    ],
    [
      9293,
      19293
    ],
    [
      9308,
      19308
    ],
    [
      9312,
      19312
    ],
    [
      9316,
      19316
    ],
    [
      9317,
      19317
    ],
    [
      9319,
      19319
    ],
    [
      9334,
      19334
    ],
    [
      9358,
      19358
    ],
    [
      9369,
      19369
    ],
    [
      9376,
      19376
    ],
    [
      9384,
      19384
    ],
    [
      9386,
      19386
    ],
    [
      9395,
      19395
    ],
    [
      9412,
      19412
    ],
    [
      9417,
      19417
    ],
    [
      9432,
      19432
    ],
    [
      9435,
      19435
    ],
    [
      9436,
      19436
    ],
    [
      9456,
      19456
    ],
    [
      9502,
      19502
    ],
    [
      9519,
      19519
    ],
    [
      9538,
      19538
    ],
    [
      9544,
      19544
    ],
    [
      9546,
      19546
    ],
    [
      9560,
      19560
    ],
    [
      9589,
      19589
    ],
    [
      9591,
      19591
    ],
    [
      9598,
      19598
    ],
    [
      9603,
      19603
    ],
    [
      9604,
      19604
    ],
    [
      9609,
      19609
    ],
    [
      9619,
      19619
    ],
    [
      9625,
      19625
    ],
    [
      9630,
      19630
    ],
    [
      9659,
      19659
    ],
    [
      9666,
      19666
    ],
    [
      9679,
      19679
    ],
    [
      9681,
      19681
    ],
    [
      9683,
      19683
    ],
    [
      9723,
      19723
    ],
    [
      9738,
      19738
    ],
    [
      9748,
      19748
    ],
    [
      9751,
      19751
    ],
    [
      9752,
      19752
    ],
    [
      9776,
      19776
    ],
    [
      9779,
      19779
    ],
    [
      9810,
      19810
    ],
    [
      9817,
      19817
    ],
    [
      9839,
      19839
    ],
    [
      9844,
      19844
    ],
    [
      9863,
      19863
    ],
    [
      9879,
      19879
    ],
    [
      9895,
      19895
    ],
    [
      9908,
      19908
    ],
    [
      9911,
      19911
    ],
    [
      9913,
      19913
    ],
    [
      9914,
      19914
    ],
    [
      9916,
      19916
    ],
    [
      9934,
      19934
    ],
    [
      9938,
      19938
    ],
    [
      9945,
      19945
    ],
    [
      9947,
      19947
    ],
    [
      9949,
      19949
    ],
    [
      9962,
      19962
    ],
    [
      9968,
      19968
    ],
    [
      9994,
      19994
    ],
    [
      9996,
      19996
    ],
    [
      9998,
      19998
    ]
  ]
}