{
  "n_true_positives": 11,
  "n_positives": 11,
  "total_time": 50.883511543273926,
  "date": "2025-01-25T15:45:11.363130",
  "backend": "BruteForce",
  "n_bins": 0,
  "eps": 7.5,
  "args": {
    "csvpath": [
      "../data/RobustBench/predictions/cifar100c-Gowal2020Uncovering_Linf/vanilla.csv",
      "../data/RobustBench/predictions/cifar100c-Gowal2020Uncovering_Linf/motion_blur-2.csv"
    ],
    "eps": 7.5,
    "n_bins": 0,
    "n_examples": -1,
    "out_path": "../results/semantic//results/cifar100c-Gowal2020Uncovering_Linf/cifar100c-Gowal2020Uncovering_Linf-L2-7.5-motion_blur-2.json",
    "full_output": false,
    "verbose": false,
    "randomize_order": false,
    "backend": "bf",
    "blind_cols": null,
    "pred": "pred",
    "metric": "L2"
  },
  "backend_meta": {
    "epsilon": 7.5,
    "decision_col": "pred",
    "metric": "Linf",
    "is_exact": true,
    "is_sound": true,
    "is_complete": true
  },
  "positives": [
    [
      399,
      10399
    ],
    [
      432,
      10432
    ],
    [
      860,
      10860
    ],
    [
      1223,
      11223
    ],
    [
      2247,
      12247
    ],
    [
      3269,
      13269
    ],
    [
      3782,
      13782
    ],
    [
      5930,
      15930
    ],
    [
      7574,
      17574
    ],
    [
      9423,
      19423
    ],
    [
      9436,
      19436
    ]
  ]
}