{
  "n_true_positives": 1730,
  "n_positives": 1730,
  "total_time": 79.68635964393616,
  "date": "2025-01-25T15:46:09.359762",
  "backend": "BruteForce",
  "n_bins": 0,
  "eps": 7.5,
  "args": {
    "csvpath": [
      "../data/RobustBench/predictions/cifar100c-Gowal2020Uncovering_Linf/vanilla.csv",
      "../data/RobustBench/predictions/cifar100c-Gowal2020Uncovering_Linf/brightness-3.csv"
    ],
    "eps": 7.5,
    "n_bins": 0,
    "n_examples": -1,
    "out_path": "../results/semantic//results/cifar100c-Gowal2020Uncovering_Linf/cifar100c-Gowal2020Uncovering_Linf-L2-7.5-brightness-3.json",
    "full_output": false,
    "verbose": false,
    "randomize_order": false,
    "backend": "bf",
    "blind_cols": null,
    "pred": "pred",
    "metric": "L2"
  },
  "backend_meta": {
    "epsilon": 7.5,
    "decision_col": "pred",
    "metric": "Linf",
    "is_exact": true,
    "is_sound": true,
    "is_complete": true
  },
  "positives": [
    [
      1,
      10001
    ],
    [
      6,
      10006
    ],
    [
      8,
      10008
    ],
    [
      46,
      10046
    ],
    [
      54,
      10054
    ],
    [
      62,
      10062
    ],
    [
      70,
      10070
    ],
    [
      71,
      10071
    ],
    [
      81,
      10081
    ],
    [
      87,
      10087
    ],
    [
      89,
      10089
    ],
    [
      90,
      10090
    ],
    [
      114,
      10114
    ],
    [
      124,
      10124
    ],
    [
      127,
      10127
    ],
    [
      129,
      10129
    ],
    [
      140,
      10140
    ],
    [
      143,
      10143
    ],
    [
      150,
      10150
    ],
    [
      155,
      10155
    ],
    [
      161,
      10161
    ],
    [
      162,
      10162
    ],
    [
      164,
      10164
    ],
    [
      165,
      10165
    ],
    [
      167,
      10167
    ],
    [
      170,
      10170
    ],
    [
      171,
      10171
    ],
    [
      172,
      10172
    ],
    [
      175,
      10175
    ],
    [
      180,
      10180
    ],
    [
      186,
      10186
    ],
    [
      197,
      10197
    ],
    [
      207,
      10207
    ],
    [
      209,
      10209
    ],
    [
      222,
      10222
    ],
    [
      227,
      10227
    ],
    [
      230,
      10230
    ],
    [
      236,
      10236
    ],
    [
      252,
      10252
    ],
    [
      253,
      10253
    ],
    [
      254,
      10254
    ],
    [
      255,
      10255
    ],
    [
      258,
      10258
    ],
    [
      259,
      10259
    ],
    [
      263,
      10263
    ],
    [
      266,
      10266
    ],
    [
      285,
      10285
    ],
    [
      286,
      10286
    ],
    [
      307,
      10307
    ],
    [
      317,
      10317
    ],
    [
      321,
      10321
    ],
    [
      322,
      10322
    ],
    [
      329,
      10329
    ],
    [
      340,
      10340
    ],
    [
      346,
      10346
    ],
    [
      348,
      10348
    ],
    [
      351,
      10351
    ],
    [
      356,
      10356
    ],
    [
      359,
      10359
    ],
    [
      366,
      10366
    ],
    [
      376,
      10376
    ],
    [
      379,
      10379
    ],
    [
      380,
      10380
    ],
    [
      390,
      10390
    ],
    [
      392,
      10392
    ],
    [
      396,
      10396
    ],
    [
      397,
      10397
    ],
    [
      408,
      10408
    ],
    [
      409,
      10409
    ],
    [
      414,
      10414
    ],
    [
      419,
      10419
    ],
    [
      422,
      10422
    ],
    [
      425,
      10425
    ],
    [
      451,
      10451
    ],
    [
      453,
      10453
    ],
    [
      458,
      10458
    ],
    [
      465,
      10465
    ],
    [
      466,
      10466
    ],
    [
      475,
      10475
    ],
    [
      478,
      10478
    ],
    [
      480,
      10480
    ],
    [
      485,
      10485
    ],
    [
      486,
      10486
    ],
    [
      488,
      10488
    ],
    [
      489,
      10489
    ],
    [
      495,
      10495
    ],
    [
      504,
      10504
    ],
    [
      513,
      10513
    ],
    [
      521,
      10521
    ],
    [
      528,
      10528
    ],
    [
      533,
      10533
    ],
    [
      535,
      10535
    ],
    [
      540,
      10540
    ],
    [
      541,
      10541
    ],
    [
      546,
      10546
    ],
    [
      549,
      10549
    ],
    [
      555,
      10555
    ],
    [
      558,
      10558
    ],
    [
      561,
      10561
    ],
    [
      565,
      10565
    ],
    [
      566,
      10566
    ],
    [
      567,
      10567
    ],
    [
      574,
      10574
    ],
    [
      579,
      10579
    ],
    [
      587,
      10587
    ],
    [
      590,
      10590
    ],
    [
      609,
      10609
    ],
    [
      616,
      10616
    ],
    [
      646,
      10646
    ],
    [
      653,
      10653
    ],
    [
      656,
      10656
    ],
    [
      658,
      10658
    ],
    [
      668,
      10668
    ],
    [
      671,
      10671
    ],
    [
      673,
      10673
    ],
    [
      696,
      10696
    ],
    [
      698,
      10698
    ],
    [
      701,
      10701
    ],
    [
      706,
      10706
    ],
    [
      711,
      10711
    ],
    [
      716,
      10716
    ],
    [
      718,
      10718
    ],
    [
      720,
      10720
    ],
    [
      724,
      10724
    ],
    [
      737,
      10737
    ],
    [
      739,
      10739
    ],
    [
      742,
      10742
    ],
    [
      743,
      10743
    ],
    [
      747,
      10747
    ],
    [
      750,
      10750
    ],
    [
      764,
      10764
    ],
    [
      766,
      10766
    ],
    [
      787,
      10787
    ],
    [
      794,
      10794
    ],
    [
      796,
      10796
    ],
    [
      798,
      10798
    ],
    [
      812,
      10812
    ],
    [
      818,
      10818
    ],
    [
      820,
      10820
    ],
    [
      826,
      10826
    ],
    [
      835,
      10835
    ],
    [
      842,
      10842
    ],
    [
      845,
      10845
    ],
    [
      848,
      10848
    ],
    [
      860,
      10860
    ],
    [
      866,
      10866
    ],
    [
      872,
      10872
    ],
    [
      883,
      10883
    ],
    [
      886,
      10886
    ],
    [
      895,
      10895
    ],
    [
      899,
      10899
    ],
    [
      901,
      10901
    ],
    [
      904,
      10904
    ],
    [
      906,
      10906
    ],
    [
      910,
      10910
    ],
    [
      911,
      10911
    ],
    [
      918,
      10918
    ],
    [
      920,
      10920
    ],
    [
      922,
      10922
    ],
    [
      924,
      10924
    ],
    [
      930,
      10930
    ],
    [
      936,
      10936
    ],
    [
      940,
      10940
    ],
    [
      960,
      10960
    ],
    [
      963,
      10963
    ],
    [
      971,
      10971
    ],
    [
      972,
      10972
    ],
    [
      974,
      10974
    ],
    [
      976,
      10976
    ],
    [
      983,
      10983
    ],
    [
      985,
      10985
    ],
    [
      986,
      10986
    ],
    [
      988,
      10988
    ],
    [
      992,
      10992
    ],
    [
      994,
      10994
    ],
    [
      995,
      10995
    ],
    [
      996,
      10996
    ],
    [
      1012,
      11012
    ],
    [
      1016,
      11016
    ],
    [
      1018,
      11018
    ],
    [
      1022,
      11022
    ],
    [
      1031,
      11031
    ],
    [
      1048,
      11048
    ],
    [
      1052,
      11052
    ],
    [
      1055,
      11055
    ],
    [
      1064,
      11064
    ],
    [
      1071,
      11071
    ],
    [
      1072,
      11072
    ],
    [
      1079,
      11079
    ],
    [
      1081,
      11081
    ],
    [
      1084,
      11084
    ],
    [
      1100,
      11100
    ],
    [
      1105,
      11105
    ],
    [
      1108,
      11108
    ],
    [
      1116,
      11116
    ],
    [
      1139,
      11139
    ],
    [
      1140,
      11140
    ],
    [
      1146,
      11146
    ],
    [
      1156,
      11156
    ],
    [
      1160,
      11160
    ],
    [
      1161,
      11161
    ],
    [
      1162,
      11162
    ],
    [
      1169,
      11169
    ],
    [
      1170,
      11170
    ],
    [
      1174,
      11174
    ],
    [
      1177,
      11177
    ],
    [
      1181,
      11181
    ],
    [
      1196,
      11196
    ],
    [
      1199,
      11199
    ],
    [
      1201,
      11201
    ],
    [
      1207,
      11207
    ],
    [
      1211,
      11211
    ],
    [
      1219,
      11219
    ],
    [
      1223,
      11223
    ],
    [
      1237,
      11237
    ],
    [
      1247,
      11247
    ],
    [
      1252,
      11252
    ],
    [
      1253,
      11253
    ],
    [
      1266,
      11266
    ],
    [
      1272,
      11272
    ],
    [
      1277,
      11277
    ],
    [
      1281,
      11281
    ],
    [
      1283,
      11283
    ],
    [
      1290,
      11290
    ],
    [
      1299,
      11299
    ],
    [
      1306,
      11306
    ],
    [
      1310,
      11310
    ],
    [
      1314,
      11314
    ],
    [
      1315,
      11315
    ],
    [
      1323,
      11323
    ],
    [
      1324,
      11324
    ],
    [
      1328,
      11328
    ],
    [
      1329,
      11329
    ],
    [
      1332,
      11332
    ],
    [
      1333,
      11333
    ],
    [
      1336,
      11336
    ],
    [
      1347,
      11347
    ],
    [
      1348,
      11348
    ],
    [
      1374,
      11374
    ],
    [
      1392,
      11392
    ],
    [
      1397,
      11397
    ],
    [
      1399,
      11399
    ],
    [
      1407,
      11407
    ],
    [
      1411,
      11411
    ],
    [
      1429,
      11429
    ],
    [
      1439,
      11439
    ],
    [
      1448,
      11448
    ],
    [
      1450,
      11450
    ],
    [
      1473,
      11473
    ],
    [
      1482,
      11482
    ],
    [
      1490,
      11490
    ],
    [
      1496,
      11496
    ],
    [
      1498,
      11498
    ],
    [
      1502,
      11502
    ],
    [
      1503,
      11503
    ],
    [
      1521,
      11521
    ],
    [
      1524,
      11524
    ],
    [
      1537,
      11537
    ],
    [
      1538,
      11538
    ],
    [
      1549,
      11549
    ],
    [
      1553,
      11553
    ],
    [
      1559,
      11559
    ],
    [
      1566,
      11566
    ],
    [
      1570,
      11570
    ],
    [
      1571,
      11571
    ],
    [
      1574,
      11574
    ],
    [
      1577,
      11577
    ],
    [
      1581,
      11581
    ],
    [
      1583,
      11583
    ],
    [
      1585,
      11585
    ],
    [
      1587,
      11587
    ],
    [
      1591,
      11591
    ],
    [
      1596,
      11596
    ],
    [
      1597,
      11597
    ],
    [
      1600,
      11600
    ],
    [
      1607,
      11607
    ],
    [
      1616,
      11616
    ],
    [
      1623,
      11623
    ],
    [
      1628,
      11628
    ],
    [
      1633,
      11633
    ],
    [
      1636,
      11636
    ],
    [
      1644,
      11644
    ],
    [
      1654,
      11654
    ],
    [
      1658,
      11658
    ],
    [
      1661,
      11661
    ],
    [
      1668,
      11668
    ],
    [
      1673,
      11673
    ],
    [
      1688,
      11688
    ],
    [
      1689,
      11689
    ],
    [
      1692,
      11692
    ],
    [
      1701,
      11701
    ],
    [
      1704,
      11704
    ],
    [
      1708,
      11708
    ],
    [
      1710,
      11710
    ],
    [
      1717,
      11717
    ],
    [
      1721,
      11721
    ],
    [
      1731,
      11731
    ],
    [
      1734,
      11734
    ],
    [
      1736,
      11736
    ],
    [
      1737,
      11737
    ],
    [
      1739,
      11739
    ],
    [
      1753,
      11753
    ],
    [
      1756,
      11756
    ],
    [
      1762,
      11762
    ],
    [
      1765,
      11765
    ],
    [
      1769,
      11769
    ],
    [
      1772,
      11772
    ],
    [
      1787,
      11787
    ],
    [
      1790,
      11790
    ],
    [
      1792,
      11792
    ],
    [
      1794,
      11794
    ],
    [
      1796,
      11796
    ],
    [
      1834,
      11834
    ],
    [
      1836,
      11836
    ],
    [
      1841,
      11841
    ],
    [
      1853,
      11853
    ],
    [
      1854,
      11854
    ],
    [
      1865,
      11865
    ],
    [
      1880,
      11880
    ],
    [
      1882,
      11882
    ],
    [
      1883,
      11883
    ],
    [
      1912,
      11912
    ],
    [
      1914,
      11914
    ],
    [
      1919,
      11919
    ],
    [
      1923,
      11923
    ],
    [
      1924,
      11924
    ],
    [
      1930,
      11930
    ],
    [
      1944,
      11944
    ],
    [
      1951,
      11951
    ],
    [
      1955,
      11955
    ],
    [
      1957,
      11957
    ],
    [
      1976,
      11976
    ],
    [
      1977,
      11977
    ],
    [
      1981,
      11981
    ],
    [
      1987,
      11987
    ],
    [
      1996,
      11996
    ],
    [
      1999,
      11999
    ],
    [
      2002,
      12002
    ],
    [
      2005,
      12005
    ],
    [
      2014,
      12014
    ],
    [
      2019,
      12019
    ],
    [
      2021,
      12021
    ],
    [
      2028,
      12028
    ],
    [
      2035,
      12035
    ],
    [
      2045,
      12045
    ],
    [
      2047,
      12047
    ],
    [
      2069,
      12069
    ],
    [
      2074,
      12074
    ],
    [
      2075,
      12075
    ],
    [
      2080,
      12080
    ],
    [
      2082,
      12082
    ],
    [
      2084,
      12084
    ],
    [
      2087,
      12087
    ],
    [
      2090,
      12090
    ],
    [
      2091,
      12091
    ],
    [
      2099,
      12099
    ],
    [
      2103,
      12103
    ],
    [
      2104,
      12104
    ],
    [
      2106,
      12106
    ],
    [
      2110,
      12110
    ],
    [
      2115,
      12115
    ],
    [
      2125,
      12125
    ],
    [
      2131,
      12131
    ],
    [
      2136,
      12136
    ],
    [
      2139,
      12139
    ],
    [
      2146,
      12146
    ],
    [
      2147,
      12147
    ],
    [
      2152,
      12152
    ],
    [
      2169,
      12169
    ],
    [
      2186,
      12186
    ],
    [
      2187,
      12187
    ],
    [
      2188,
      12188
    ],
    [
      2189,
      12189
    ],
    [
      2190,
      12190
    ],
    [
      2200,
      12200
    ],
    [
      2209,
      12209
    ],
    [
      2213,
      12213
    ],
    [
      2214,
      12214
    ],
    [
      2217,
      12217
    ],
    [
      2221,
      12221
    ],
    [
      2223,
      12223
    ],
    [
      2227,
      12227
    ],
    [
      2228,
      12228
    ],
    [
      2236,
      12236
    ],
    [
      2241,
      12241
    ],
    [
      2251,
      12251
    ],
    [
      2261,
      12261
    ],
    [
      2263,
      12263
    ],
    [
      2267,
      12267
    ],
    [
      2274,
      12274
    ],
    [
      2275,
      12275
    ],
    [
      2278,
      12278
    ],
    [
      2282,
      12282
    ],
    [
      2283,
      12283
    ],
    [
      2294,
      12294
    ],
    [
      2295,
      12295
    ],
    [
      2296,
      12296
    ],
    [
      2309,
      12309
    ],
    [
      2327,
      12327
    ],
    [
      2329,
      12329
    ],
    [
      2337,
      12337
    ],
    [
      2340,
      12340
    ],
    [
      2342,
      12342
    ],
    [
      2347,
      12347
    ],
    [
      2348,
      12348
    ],
    [
      2356,
      12356
    ],
    [
      2369,
      12369
    ],
    [
      2370,
      12370
    ],
    [
      2374,
      12374
    ],
    [
      2376,
      12376
    ],
    [
      2381,
      12381
    ],
    [
      2384,
      12384
    ],
    [
      2402,
      12402
    ],
    [
      2403,
      12403
    ],
    [
      2405,
      12405
    ],
    [
      2414,
      12414
    ],
    [
      2427,
      12427
    ],
    [
      2435,
      12435
    ],
    [
      2452,
      12452
    ],
    [
      2455,
      12455
    ],
    [
      2465,
      12465
    ],
    [
      2469,
      12469
    ],
    [
      2477,
      12477
    ],
    [
      2481,
      12481
    ],
    [
      2485,
      12485
    ],
    [
      2490,
      12490
    ],
    [
      2493,
      12493
    ],
    [
      2506,
      12506
    ],
    [
      2513,
      12513
    ],
    [
      2522,
      12522
    ],
    [
      2531,
      12531
    ],
    [
      2536,
      12536
    ],
    [
      2537,
      12537
    ],
    [
      2540,
      12540
    ],
    [
      2541,
      12541
    ],
    [
      2548,
      12548
    ],
    [
      2552,
      12552
    ],
    [
      2555,
      12555
    ],
    [
      2558,
      12558
    ],
    [
      2562,
      12562
    ],
    [
      2564,
      12564
    ],
    [
      2567,
      12567
    ],
    [
      2578,
      12578
    ],
    [
      2598,
      12598
    ],
    [
      2599,
      12599
    ],
    [
      2610,
      12610
    ],
    [
      2611,
      12611
    ],
    [
      2619,
      12619
    ],
    [
      2635,
      12635
    ],
    [
      2641,
      12641
    ],
    [
      2647,
      12647
    ],
    [
      2651,
      12651
    ],
    [
      2660,
      12660
    ],
    [
      2664,
      12664
    ],
    [
      2673,
      12673
    ],
    [
      2678,
      12678
    ],
    [
      2679,
      12679
    ],
    [
      2681,
      12681
    ],
    [
      2685,
      12685
    ],
    [
      2695,
      12695
    ],
    [
      2697,
      12697
    ],
    [
      2701,
      12701
    ],
    [
      2702,
      12702
    ],
    [
      2704,
      12704
    ],
    [
      2712,
      12712
    ],
    [
      2720,
      12720
    ],
    [
      2722,
      12722
    ],
    [
      2726,
      12726
    ],
    [
      2728,
      12728
    ],
    [
      2730,
      12730
    ],
    [
      2731,
      12731
    ],
    [
      2733,
      12733
    ],
    [
      2745,
      12745
    ],
    [
      2750,
      12750
    ],
    [
      2754,
      12754
    ],
    [
      2757,
      12757
    ],
    [
      2759,
      12759
    ],
    [
      2786,
      12786
    ],
    [
      2798,
      12798
    ],
    [
      2803,
      12803
    ],
    [
      2807,
      12807
    ],
    [
      2808,
      12808
    ],
    [
      2813,
      12813
    ],
    [
      2826,
      12826
    ],
    [
      2827,
      12827
    ],
    [
      2828,
      12828
    ],
    [
      2835,
      12835
    ],
    [
      2837,
      12837
    ],
    [
      2841,
      12841
    ],
    [
      2852,
      12852
    ],
    [
      2861,
      12861
    ],
    [
      2862,
      12862
    ],
    [
      2866,
      12866
    ],
    [
      2869,
      12869
    ],
    [
      2877,
      12877
    ],
    [
      2885,
      12885
    ],
    [
      2888,
      12888
    ],
    [
      2890,
      12890
    ],
    [
      2893,
      12893
    ],
    [
      2896,
      12896
    ],
    [
      2899,
      12899
    ],
    [
      2901,
      12901
    ],
    [
      2903,
      12903
    ],
    [
      2914,
      12914
    ],
    [
      2917,
      12917
    ],
    [
      2920,
      12920
    ],
    [
      2921,
      12921
    ],
    [
      2924,
      12924
    ],
    [
      2930,
      12930
    ],
    [
      2934,
      12934
    ],
    [
      2938,
      12938
    ],
    [
      2941,
      12941
    ],
    [
      2952,
      12952
    ],
    [
      2954,
      12954
    ],
    [
      2957,
      12957
    ],
    [
      2959,
      12959
    ],
    [
      2967,
      12967
    ],
    [
      2970,
      12970
    ],
    [
      2976,
      12976
    ],
    [
      2979,
      12979
    ],
    [
      2990,
      12990
    ],
    [
      2991,
      12991
    ],
    [
      2993,
      12993
    ],
    [
      2996,
      12996
    ],
    [
      3009,
      13009
    ],
    [
      3011,
      13011
    ],
    [
      3012,
      13012
    ],
    [
      3013,
      13013
    ],
    [
      3018,
      13018
    ],
    [
      3019,
      13019
    ],
    [
      3020,
      13020
    ],
    [
      3024,
      13024
    ],
    [
      3039,
      13039
    ],
    [
      3041,
      13041
    ],
    [
      3072,
      13072
    ],
    [
      3074,
      13074
    ],
    [
      3078,
      13078
    ],
    [
      3084,
      13084
    ],
    [
      3086,
      13086
    ],
    [
      3088,
      13088
    ],
    [
      3092,
      13092
    ],
    [
      3098,
      13098
    ],
    [
      3112,
      13112
    ],
    [
      3113,
      13113
    ],
    [
      3117,
      13117
    ],
    [
      3121,
      13121
    ],
    [
      3132,
      13132
    ],
    [
      3135,
      13135
    ],
    [
      3148,
      13148
    ],
    [
      3151,
      13151
    ],
    [
      3154,
      13154
    ],
    [
      3157,
      13157
    ],
    [
      3161,
      13161
    ],
    [
      3164,
      13164
    ],
    [
      3166,
      13166
    ],
    [
      3168,
      13168
    ],
    [
      3172,
      13172
    ],
    [
      3174,
      13174
    ],
    [
      3176,
      13176
    ],
    [
      3185,
      13185
    ],
    [
      3191,
      13191
    ],
    [
      3201,
      13201
    ],
    [
      3212,
      13212
    ],
    [
      3222,
      13222
    ],
    [
      3233,
      13233
    ],
    [
      3239,
      13239
    ],
    [
      3245,
      13245
    ],
    [
      3248,
      13248
    ],
    [
      3264,
      13264
    ],
    [
      3266,
      13266
    ],
    [
      3269,
      13269
    ],
    [
      3276,
      13276
    ],
    [
      3281,
      13281
    ],
    [
      3305,
      13305
    ],
    [
      3311,
      13311
    ],
    [
      3322,
      13322
    ],
    [
      3325,
      13325
    ],
    [
      3326,
      13326
    ],
    [
      3327,
      13327
    ],
    [
      3333,
      13333
    ],
    [
      3341,
      13341
    ],
    [
      3343,
      13343
    ],
    [
      3344,
      13344
    ],
    [
      3345,
      13345
    ],
    [
      3351,
      13351
    ],
    [
      3356,
      13356
    ],
    [
      3359,
      13359
    ],
    [
      3360,
      13360
    ],
    [
      3362,
      13362
    ],
    [
      3375,
      13375
    ],
    [
      3379,
      13379
    ],
    [
      3382,
      13382
    ],
    [
      3389,
      13389
    ],
    [
      3390,
      13390
    ],
    [
      3393,
      13393
    ],
    [
      3397,
      13397
    ],
    [
      3403,
      13403
    ],
    [
      3404,
      13404
    ],
    [
      3405,
      13405
    ],
    [
      3408,
      13408
    ],
    [
      3417,
      13417
    ],
    [
      3424,
      13424
    ],
    [
      3434,
      13434
    ],
    [
      3438,
      13438
    ],
    [
      3448,
      13448
    ],
    [
      3456,
      13456
    ],
    [
      3473,
      13473
    ],
    [
      3475,
      13475
    ],
    [
      3480,
      13480
    ],
    [
      3483,
      13483
    ],
    [
      3489,
      13489
    ],
    [
      3492,
      13492
    ],
    [
      3506,
      13506
    ],
    [
      3517,
      13517
    ],
    [
      3526,
      13526
    ],
    [
      3527,
      13527
    ],
    [
      3538,
      13538
    ],
    [
      3550,
      13550
    ],
    [
      3552,
      13552
    ],
    [
      3553,
      13553
    ],
    [
      3567,
      13567
    ],
    [
      3577,
      13577
    ],
    [
      3578,
      13578
    ],
    [
      3582,
      13582
    ],
    [
      3590,
      13590
    ],
    [
      3598,
      13598
    ],
    [
      3600,
      13600
    ],
    [
      3611,
      13611
    ],
    [
      3613,
      13613
    ],
    [
      3621,
      13621
    ],
    [
      3631,
      13631
    ],
    [
      3640,
      13640
    ],
    [
      3644,
      13644
    ],
    [
      3650,
      13650
    ],
    [
      3653,
      13653
    ],
    [
      3654,
      13654
    ],
    [
      3656,
      13656
    ],
    [
      3658,
      13658
    ],
    [
      3673,
      13673
    ],
    [
      3674,
      13674
    ],
    [
      3675,
      13675
    ],
    [
      3694,
      13694
    ],
    [
      3696,
      13696
    ],
    [
      3697,
      13697
    ],
    [
      3703,
      13703
    ],
    [
      3718,
      13718
    ],
    [
      3720,
      13720
    ],
    [
      3729,
      13729
    ],
    [
      3737,
      13737
    ],
    [
      3756,
      13756
    ],
    [
      3766,
      13766
    ],
    [
      3771,
      13771
    ],
    [
      3773,
      13773
    ],
    [
      3776,
      13776
    ],
    [
      3779,
      13779
    ],
    [
      3782,
      13782
    ],
    [
      3792,
      13792
    ],
    [
      3799,
      13799
    ],
    [
      3802,
      13802
    ],
    [
      3803,
      13803
    ],
    [
      3824,
      13824
    ],
    [
      3826,
      13826
    ],
    [
      3846,
      13846
    ],
    [
      3858,
      13858
    ],
    [
      3859,
      13859
    ],
    [
      3875,
      13875
    ],
    [
      3878,
      13878
    ],
    [
      3885,
      13885
    ],
    [
      3891,
      13891
    ],
    [
      3899,
      13899
    ],
    [
      3914,
      13914
    ],
    [
      3915,
      13915
    ],
    [
      3918,
      13918
    ],
    [
      3920,
      13920
    ],
    [
      3921,
      13921
    ],
    [
      3929,
      13929
    ],
    [
      3934,
      13934
    ],
    [
      3936,
      13936
    ],
    [
      3940,
      13940
    ],
    [
      3943,
      13943
    ],
    [
      3945,
      13945
    ],
    [
      3951,
      13951
    ],
    [
      3961,
      13961
    ],
    [
      3977,
      13977
    ],
    [
      4006,
      14006
    ],
    [
      4008,
      14008
    ],
    [
      4017,
      14017
    ],
    [
      4026,
      14026
    ],
    [
      4030,
      14030
    ],
    [
      4039,
      14039
    ],
    [
      4043,
      14043
    ],
    [
      4046,
      14046
    ],
    [
      4051,
      14051
    ],
    [
      4062,
      14062
    ],
    [
      4065,
      14065
    ],
    [
      4067,
      14067
    ],
    [
      4075,
      14075
    ],
    [
      4086,
      14086
    ],
    [
      4091,
      14091
    ],
    [
      4101,
      14101
    ],
    [
      4104,
      14104
    ],
    [
      4117,
      14117
    ],
    [
      4119,
      14119
    ],
    [
      4126,
      14126
    ],
    [
      4131,
      14131
    ],
    [
      4151,
      14151
    ],
    [
      4155,
      14155
    ],
    [
      4158,
      14158
    ],
    [
      4165,
      14165
    ],
    [
      4168,
      14168
    ],
    [
      4170,
      14170
    ],
    [
      4174,
      14174
    ],
    [
      4177,
      14177
    ],
    [
      4185,
      14185
    ],
    [
      4197,
      14197
    ],
    [
      4203,
      14203
    ],
    [
      4208,
      14208
    ],
    [
      4218,
      14218
    ],
    [
      4219,
      14219
    ],
    [
      4225,
      14225
    ],
    [
      4227,
      14227
    ],
    [
      4246,
      14246
    ],
    [
      4247,
      14247
    ],
    [
      4249,
      14249
    ],
    [
      4250,
      14250
    ],
    [
      4253,
      14253
    ],
    [
      4255,
      14255
    ],
    [
      4285,
      14285
    ],
    [
      4292,
      14292
    ],
    [
      4294,
      14294
    ],
    [
      4300,
      14300
    ],
    [
      4304,
      14304
    ],
    [
      4305,
      14305
    ],
    [
      4318,
      14318
    ],
    [
      4320,
      14320
    ],
    [
      4323,
      14323
    ],
    [
      4329,
      14329
    ],
    [
      4344,
      14344
    ],
    [
      4347,
      14347
    ],
    [
      4354,
      14354
    ],
    [
      4363,
      14363
    ],
    [
      4388,
      14388
    ],
    [
      4396,
      14396
    ],
    [
      4398,
      14398
    ],
    [
      4405,
      14405
    ],
    [
      4413,
      14413
    ],
    [
      4428,
      14428
    ],
    [
      4429,
      14429
    ],
    [
      4430,
      14430
    ],
    [
      4439,
      14439
    ],
    [
      4440,
      14440
    ],
    [
      4464,
      14464
    ],
    [
      4465,
      14465
    ],
    [
      4480,
      14480
    ],
    [
      4485,
      14485
    ],
    [
      4486,
      14486
    ],
    [
      4490,
      14490
    ],
    [
      4491,
      14491
    ],
    [
      4500,
      14500
    ],
    [
      4501,
      14501
    ],
    [
      4508,
      14508
    ],
    [
      4509,
      14509
    ],
    [
      4516,
      14516
    ],
    [
      4527,
      14527
    ],
    [
      4529,
      14529
    ],
    [
      4532,
      14532
    ],
    [
      4533,
      14533
    ],
    [
      4541,
      14541
    ],
    [
      4544,
      14544
    ],
    [
      4546,
      14546
    ],
    [
      4549,
      14549
    ],
    [
      4551,
      14551
    ],
    [
      4565,
      14565
    ],
    [
      4568,
      14568
    ],
    [
      4570,
      14570
    ],
    [
      4576,
      14576
    ],
    [
      4582,
      14582
    ],
    [
      4583,
      14583
    ],
    [
      4603,
      14603
    ],
    [
      4609,
      14609
    ],
    [
      4611,
      14611
    ],
    [
      4612,
      14612
    ],
    [
      4622,
      14622
    ],
    [
      4626,
      14626
    ],
    [
      4628,
      14628
    ],
    [
      4645,
      14645
    ],
    [
      4649,
      14649
    ],
    [
      4666,
      14666
    ],
    [
      4667,
      14667
    ],
    [
      4674,
      14674
    ],
    [
      4675,
      14675
    ],
    [
      4678,
      14678
    ],
    [
      4679,
      14679
    ],
    [
      4680,
      14680
    ],
    [
      4682,
      14682
    ],
    [
      4685,
      14685
    ],
    [
      4687,
      14687
    ],
    [
      4692,
      14692
    ],
    [
      4698,
      14698
    ],
    [
      4700,
      14700
    ],
    [
      4707,
      14707
    ],
    [
      4709,
      14709
    ],
    [
      4714,
      14714
    ],
    [
      4724,
      14724
    ],
    [
      4726,
      14726
    ],
    [
      4727,
      14727
    ],
    [
      4733,
      14733
    ],
    [
      4737,
      14737
    ],
    [
      4740,
      14740
    ],
    [
      4742,
      14742
    ],
    [
      4750,
      14750
    ],
    [
      4754,
      14754
    ],
    [
      4757,
      14757
    ],
    [
      4758,
      14758
    ],
    [
      4759,
      14759
    ],
    [
      4773,
      14773
    ],
    [
      4775,
      14775
    ],
    [
      4787,
      14787
    ],
    [
      4791,
      14791
    ],
    [
      4795,
      14795
    ],
    [
      4797,
      14797
    ],
    [
      4798,
      14798
    ],
    [
      4802,
      14802
    ],
    [
      4805,
      14805
    ],
    [
      4820,
      14820
    ],
    [
      4825,
      14825
    ],
    [
      4836,
      14836
    ],
    [
      4839,
      14839
    ],
    [
      4840,
      14840
    ],
    [
      4844,
      14844
    ],
    [
      4850,
      14850
    ],
    [
      4854,
      14854
    ],
    [
      4856,
      14856
    ],
    [
      4861,
      14861
    ],
    [
      4862,
      14862
    ],
    [
      4863,
      14863
    ],
    [
      4867,
      14867
    ],
    [
      4877,
      14877
    ],
    [
      4880,
      14880
    ],
    [
      4882,
      14882
    ],
    [
      4886,
      14886
    ],
    [
      4891,
      14891
    ],
    [
      4900,
      14900
    ],
    [
      4903,
      14903
    ],
    [
      4908,
      14908
    ],
    [
      4910,
      14910
    ],
    [
      4911,
      14911
    ],
    [
      4924,
      14924
    ],
    [
      4929,
      14929
    ],
    [
      4931,
      14931
    ],
    [
      4942,
      14942
    ],
    [
      4956,
      14956
    ],
    [
      4969,
      14969
    ],
    [
      4986,
      14986
    ],
    [
      4987,
      14987
    ],
    [
      4988,
      14988
    ],
    [
      5003,
      15003
    ],
    [
      5013,
      15013
    ],
    [
      5031,
      15031
    ],
    [
      5049,
      15049
    ],
    [
      5052,
      15052
    ],
    [
      5054,
      15054
    ],
    [
      5059,
      15059
    ],
    [
      5061,
      15061
    ],
    [
      5067,
      15067
    ],
    [
      5072,
      15072
    ],
    [
      5075,
      15075
    ],
    [
      5077,
      15077
    ],
    [
      5078,
      15078
    ],
    [
      5081,
      15081
    ],
    [
      5082,
      15082
    ],
    [
      5084,
      15084
    ],
    [
      5092,
      15092
    ],
    [
      5095,
      15095
    ],
    [
      5099,
      15099
    ],
    [
      5105,
      15105
    ],
    [
      5106,
      15106
    ],
    [
      5111,
      15111
    ],
    [
      5118,
      15118
    ],
    [
      5119,
      15119
    ],
    [
      5138,
      15138
    ],
    [
      5150,
      15150
    ],
    [
      5159,
      15159
    ],
    [
      5164,
      15164
    ],
    [
      5165,
      15165
    ],
    [
      5168,
      15168
    ],
    [
      5173,
      15173
    ],
    [
      5178,
      15178
    ],
    [
      5182,
      15182
    ],
    [
      5208,
      15208
    ],
    [
      5218,
      15218
    ],
    [
      5220,
      15220
    ],
    [
      5235,
      15235
    ],
    [
      5242,
      15242
    ],
    [
      5257,
      15257
    ],
    [
      5263,
      15263
    ],
    [
      5273,
      15273
    ],
    [
      5276,
      15276
    ],
    [
      5281,
      15281
    ],
    [
      5290,
      15290
    ],
    [
      5296,
      15296
    ],
    [
      5325,
      15325
    ],
    [
      5329,
      15329
    ],
    [
      5340,
      15340
    ],
    [
      5343,
      15343
    ],
    [
      5354,
      15354
    ],
    [
      5356,
      15356
    ],
    [
      5359,
      15359
    ],
    [
      5360,
      15360
    ],
    [
      5361,
      15361
    ],
    [
      5368,
      15368
    ],
    [
      5371,
      15371
    ],
    [
      5373,
      15373
    ],
    [
      5391,
      15391
    ],
    [
      5399,
      15399
    ],
    [
      5406,
      15406
    ],
    [
      5407,
      15407
    ],
    [
      5408,
      15408
    ],
    [
      5414,
      15414
    ],
    [
      5416,
      15416
    ],
    [
      5422,
      15422
    ],
    [
      5426,
      15426
    ],
    [
      5432,
      15432
    ],
    [
      5449,
      15449
    ],
    [
      5453,
      15453
    ],
    [
      5462,
      15462
    ],
    [
      5472,
      15472
    ],
    [
      5478,
      15478
    ],
    [
      5480,
      15480
    ],
    [
      5485,
      15485
    ],
    [
      5492,
      15492
    ],
    [
      5499,
      15499
    ],
    [
      5501,
      15501
    ],
    [
      5503,
      15503
    ],
    [
      5510,
      15510
    ],
    [
      5515,
      15515
    ],
    [
      5528,
      15528
    ],
    [
      5530,
      15530
    ],
    [
      5533,
      15533
    ],
    [
      5534,
      15534
    ],
    [
      5536,
      15536
    ],
    [
      5540,
      15540
    ],
    [
      5541,
      15541
    ],
    [
      5542,
      15542
    ],
    [
      5546,
      15546
    ],
    [
      5560,
      15560
    ],
    [
      5569,
      15569
    ],
    [
      5575,
      15575
    ],
    [
      5579,
      15579
    ],
    [
      5583,
      15583
    ],
    [
      5591,
      15591
    ],
    [
      5594,
      15594
    ],
    [
      5618,
      15618
    ],
    [
      5621,
      15621
    ],
    [
      5624,
      15624
    ],
    [
      5631,
      15631
    ],
    [
      5634,
      15634
    ],
    [
      5635,
      15635
    ],
    [
      5639,
      15639
    ],
    [
      5648,
      15648
    ],
    [
      5651,
      15651
    ],
    [
      5654,
      15654
    ],
    [
      5663,
      15663
    ],
    [
      5671,
      15671
    ],
    [
      5672,
      15672
    ],
    [
      5674,
      15674
    ],
    [
      5687,
      15687
    ],
    [
      5688,
      15688
    ],
    [
      5693,
      15693
    ],
    [
      5716,
      15716
    ],
    [
      5717,
      15717
    ],
    [
      5718,
      15718
    ],
    [
      5719,
      15719
    ],
    [
      5721,
      15721
    ],
    [
      5723,
      15723
    ],
    [
      5728,
      15728
    ],
    [
      5733,
      15733
    ],
    [
      5734,
      15734
    ],
    [
      5742,
      15742
    ],
    [
      5744,
      15744
    ],
    [
      5746,
      15746
    ],
    [
      5747,
      15747
    ],
    [
      5769,
      15769
    ],
    [
      5782,
      15782
    ],
    [
      5788,
      15788
    ],
    [
      5790,
      15790
    ],
    [
      5794,
      15794
    ],
    [
      5803,
      15803
    ],
    [
      5818,
      15818
    ],
    [
      5819,
      15819
    ],
    [
      5821,
      15821
    ],
    [
      5826,
      15826
    ],
    [
      5827,
      15827
    ],
    [
      5830,
      15830
    ],
    [
      5831,
      15831
    ],
    [
      5842,
      15842
    ],
    [
      5843,
      15843
    ],
    [
      5846,
      15846
    ],
    [
      5852,
      15852
    ],
    [
      5862,
      15862
    ],
    [
      5869,
      15869
    ],
    [
      5871,
      15871
    ],
    [
      5886,
      15886
    ],
    [
      5894,
      15894
    ],
    [
      5895,
      15895
    ],
    [
      5896,
      15896
    ],
    [
      5901,
      15901
    ],
    [
      5903,
      15903
    ],
    [
      5907,
      15907
    ],
    [
      5915,
      15915
    ],
    [
      5918,
      15918
    ],
    [
      5919,
      15919
    ],
    [
      5923,
      15923
    ],
    [
      5930,
      15930
    ],
    [
      5942,
      15942
    ],
    [
      5948,
      15948
    ],
    [
      5953,
      15953
    ],
    [
      5955,
      15955
    ],
    [
      5956,
      15956
    ],
    [
      5963,
      15963
    ],
    [
      5966,
      15966
    ],
    [
      5976,
      15976
    ],
    [
      5979,
      15979
    ],
    [
      5982,
      15982
    ],
    [
      5994,
      15994
    ],
    [
      5996,
      15996
    ],
    [
      5997,
      15997
    ],
    [
      5998,
      15998
    ],
    [
      5999,
      15999
    ],
    [
      6000,
      16000
    ],
    [
      6006,
      16006
    ],
    [
      6019,
      16019
    ],
    [
      6021,
      16021
    ],
    [
      6024,
      16024
    ],
    [
      6029,
      16029
    ],
    [
      6033,
      16033
    ],
    [
      6034,
      16034
    ],
    [
      6039,
      16039
    ],
    [
      6052,
      16052
    ],
    [
      6055,
      16055
    ],
    [
      6058,
      16058
    ],
    [
      6062,
      16062
    ],
    [
      6068,
      16068
    ],
    [
      6077,
      16077
    ],
    [
      6085,
      16085
    ],
    [
      6088,
      16088
    ],
    [
      6090,
      16090
    ],
    [
      6091,
      16091
    ],
    [
      6092,
      16092
    ],
    [
      6096,
      16096
    ],
    [
      6105,
      16105
    ],
    [
      6116,
      16116
    ],
    [
      6118,
      16118
    ],
    [
      6121,
      16121
    ],
    [
      6137,
      16137
    ],
    [
      6140,
      16140
    ],
    [
      6152,
      16152
    ],
    [
      6154,
      16154
    ],
    [
      6156,
      16156
    ],
    [
      6157,
      16157
    ],
    [
      6159,
      16159
    ],
    [
      6180,
      16180
    ],
    [
      6183,
      16183
    ],
    [
      6185,
      16185
    ],
    [
      6186,
      16186
    ],
    [
      6190,
      16190
    ],
    [
      6193,
      16193
    ],
    [
      6196,
      16196
    ],
    [
      6200,
      16200
    ],
    [
      6201,
      16201
    ],
    [
      6207,
      16207
    ],
    [
      6209,
      16209
    ],
    [
      6210,
      16210
    ],
    [
      6219,
      16219
    ],
    [
      6220,
      16220
    ],
    [
      6225,
      16225
    ],
    [
      6229,
      16229
    ],
    [
      6236,
      16236
    ],
    [
      6243,
      16243
    ],
    [
      6244,
      16244
    ],
    [
      6246,
      16246
    ],
    [
      6247,
      16247
    ],
    [
      6252,
      16252
    ],
    [
      6256,
      16256
    ],
    [
      6276,
      16276
    ],
    [
      6277,
      16277
    ],
    [
      6285,
      16285
    ],
    [
      6288,
      16288
    ],
    [
      6292,
      16292
    ],
    [
      6298,
      16298
    ],
    [
      6304,
      16304
    ],
    [
      6310,
      16310
    ],
    [
      6313,
      16313
    ],
    [
      6324,
      16324
    ],
    [
      6325,
      16325
    ],
    [
      6326,
      16326
    ],
    [
      6334,
      16334
    ],
    [
      6348,
      16348
    ],
    [
      6350,
      16350
    ],
    [
      6355,
      16355
    ],
    [
      6357,
      16357
    ],
    [
      6368,
      16368
    ],
    [
      6373,
      16373
    ],
    [
      6383,
      16383
    ],
    [
      6384,
      16384
    ],
    [
      6391,
      16391
    ],
    [
      6396,
      16396
    ],
    [
      6397,
      16397
    ],
    [
      6399,
      16399
    ],
    [
      6400,
      16400
    ],
    [
      6401,
      16401
    ],
    [
      6405,
      16405
    ],
    [
      6409,
      16409
    ],
    [
      6414,
      16414
    ],
    [
      6417,
      16417
    ],
    [
      6418,
      16418
    ],
    [
      6421,
      16421
    ],
    [
      6437,
      16437
    ],
    [
      6443,
      16443
    ],
    [
      6449,
      16449
    ],
    [
      6450,
      16450
    ],
    [
      6453,
      16453
    ],
    [
      6486,
      16486
    ],
    [
      6492,
      16492
    ],
    [
      6499,
      16499
    ],
    [
      6502,
      16502
    ],
    [
      6505,
      16505
    ],
    [
      6510,
      16510
    ],
    [
      6515,
      16515
    ],
    [
      6520,
      16520
    ],
    [
      6521,
      16521
    ],
    [
      6523,
      16523
    ],
    [
      6525,
      16525
    ],
    [
      6528,
      16528
    ],
    [
      6537,
      16537
    ],
    [
      6541,
      16541
    ],
    [
      6542,
      16542
    ],
    [
      6544,
      16544
    ],
    [
      6549,
      16549
    ],
    [
      6552,
      16552
    ],
    [
      6554,
      16554
    ],
    [
      6555,
      16555
    ],
    [
      6561,
      16561
    ],
    [
      6566,
      16566
    ],
    [
      6587,
      16587
    ],
    [
      6588,
      16588
    ],
    [
      6595,
      16595
    ],
    [
      6600,
      16600
    ],
    [
      6601,
      16601
    ],
    [
      6606,
      16606
    ],
    [
      6615,
      16615
    ],
    [
      6618,
      16618
    ],
    [
      6622,
      16622
    ],
    [
      6643,
      16643
    ],
    [
      6644,
      16644
    ],
    [
      6646,
      16646
    ],
    [
      6669,
      16669
    ],
    [
      6675,
      16675
    ],
    [
      6680,
      16680
    ],
    [
      6681,
      16681
    ],
    [
      6682,
      16682
    ],
    [
      6690,
      16690
    ],
    [
      6695,
      16695
    ],
    [
      6697,
      16697
    ],
    [
      6700,
      16700
    ],
    [
      6705,
      16705
    ],
    [
      6721,
      16721
    ],
    [
      6726,
      16726
    ],
    [
      6734,
      16734
    ],
    [
      6747,
      16747
    ],
    [
      6753,
      16753
    ],
    [
      6770,
      16770
    ],
    [
      6772,
      16772
    ],
    [
      6776,
      16776
    ],
    [
      6789,
      16789
    ],
    [
      6790,
      16790
    ],
    [
      6802,
      16802
    ],
    [
      6803,
      16803
    ],
    [
      6808,
      16808
    ],
    [
      6810,
      16810
    ],
    [
      6815,
      16815
    ],
    [
      6818,
      16818
    ],
    [
      6821,
      16821
    ],
    [
      6841,
      16841
    ],
    [
      6842,
      16842
    ],
    [
      6845,
      16845
    ],
    [
      6855,
      16855
    ],
    [
      6857,
      16857
    ],
    [
      6858,
      16858
    ],
    [
      6864,
      16864
    ],
    [
      6880,
      16880
    ],
    [
      6891,
      16891
    ],
    [
      6893,
      16893
    ],
    [
      6903,
      16903
    ],
    [
      6904,
      16904
    ],
    [
      6908,
      16908
    ],
    [
      6914,
      16914
    ],
    [
      6915,
      16915
    ],
    [
      6917,
      16917
    ],
    [
      6925,
      16925
    ],
    [
      6932,
      16932
    ],
    [
      6934,
      16934
    ],
    [
      6940,
      16940
    ],
    [
      6941,
      16941
    ],
    [
      6945,
      16945
    ],
    [
      6946,
      16946
    ],
    [
      6955,
      16955
    ],
    [
      6956,
      16956
    ],
    [
      6961,
      16961
    ],
    [
      6963,
      16963
    ],
    [
      6970,
      16970
    ],
    [
      6974,
      16974
    ],
    [
      6977,
      16977
    ],
    [
      6979,
      16979
    ],
    [
      6980,
      16980
    ],
    [
      6981,
      16981
    ],
    [
      6990,
      16990
    ],
    [
      6996,
      16996
    ],
    [
      7002,
      17002
    ],
    [
      7004,
      17004
    ],
    [
      7018,
      17018
    ],
    [
      7034,
      17034
    ],
    [
      7045,
      17045
    ],
    [
      7049,
      17049
    ],
    [
      7051,
      17051
    ],
    [
      7053,
      17053
    ],
    [
      7060,
      17060
    ],
    [
      7073,
      17073
    ],
    [
      7075,
      17075
    ],
    [
      7081,
      17081
    ],
    [
      7083,
      17083
    ],
    [
      7084,
      17084
    ],
    [
      7102,
      17102
    ],
    [
      7106,
      17106
    ],
    [
      7110,
      17110
    ],
    [
      7112,
      17112
    ],
    [
      7114,
      17114
    ],
    [
      7134,
      17134
    ],
    [
      7135,
      17135
    ],
    [
      7140,
      17140
    ],
    [
      7141,
      17141
    ],
    [
      7150,
      17150
    ],
    [
      7152,
      17152
    ],
    [
      7158,
      17158
    ],
    [
      7173,
      17173
    ],
    [
      7177,
      17177
    ],
    [
      7203,
      17203
    ],
    [
      7216,
      17216
    ],
    [
      7225,
      17225
    ],
    [
      7230,
      17230
    ],
    [
      7233,
      17233
    ],
    [
      7243,
      17243
    ],
    [
      7246,
      17246
    ],
    [
      7247,
      17247
    ],
    [
      7248,
      17248
    ],
    [
      7251,
      17251
    ],
    [
      7256,
      17256
    ],
    [
      7263,
      17263
    ],
    [
      7264,
      17264
    ],
    [
      7272,
      17272
    ],
    [
      7273,
      17273
    ],
    [
      7275,
      17275
    ],
    [
      7276,
      17276
    ],
    [
      7279,
      17279
    ],
    [
      7285,
      17285
    ],
    [
      7298,
      17298
    ],
    [
      7299,
      17299
    ],
    [
      7302,
      17302
    ],
    [
      7304,
      17304
    ],
    [
      7308,
      17308
    ],
    [
      7311,
      17311
    ],
    [
      7316,
      17316
    ],
    [
      7320,
      17320
    ],
    [
      7322,
      17322
    ],
    [
      7337,
      17337
    ],
    [
      7341,
      17341
    ],
    [
      7351,
      17351
    ],
    [
      7359,
      17359
    ],
    [
      7373,
      17373
    ],
    [
      7375,
      17375
    ],
    [
      7383,
      17383
    ],
    [
      7406,
      17406
    ],
    [
      7411,
      17411
    ],
    [
      7419,
      17419
    ],
    [
      7425,
      17425
    ],
    [
      7426,
      17426
    ],
    [
      7432,
      17432
    ],
    [
      7440,
      17440
    ],
    [
      7443,
      17443
    ],
    [
      7445,
      17445
    ],
    [
      7450,
      17450
    ],
    [
      7463,
      17463
    ],
    [
      7465,
      17465
    ],
    [
      7474,
      17474
    ],
    [
      7475,
      17475
    ],
    [
      7480,
      17480
    ],
    [
      7485,
      17485
    ],
    [
      7493,
      17493
    ],
    [
      7512,
      17512
    ],
    [
      7516,
      17516
    ],
    [
      7519,
      17519
    ],
    [
      7520,
      17520
    ],
    [
      7525,
      17525
    ],
    [
      7527,
      17527
    ],
    [
      7530,
      17530
    ],
    [
      7536,
      17536
    ],
    [
      7547,
      17547
    ],
    [
      7550,
      17550
    ],
    [
      7551,
      17551
    ],
    [
      7553,
      17553
    ],
    [
      7557,
      17557
    ],
    [
      7559,
      17559
    ],
    [
      7570,
      17570
    ],
    [
      7572,
      17572
    ],
    [
      7577,
      17577
    ],
    [
      7580,
      17580
    ],
    [
      7582,
      17582
    ],
    [
      7594,
      17594
    ],
    [
      7595,
      17595
    ],
    [
      7619,
      17619
    ],
    [
      7623,
      17623
    ],
    [
      7641,
      17641
    ],
    [
      7645,
      17645
    ],
    [
      7654,
      17654
    ],
    [
      7658,
      17658
    ],
    [
      7659,
      17659
    ],
    [
      7665,
      17665
    ],
    [
      7673,
      17673
    ],
    [
      7675,
      17675
    ],
    [
      7691,
      17691
    ],
    [
      7695,
      17695
    ],
    [
      7698,
      17698
    ],
    [
      7701,
      17701
    ],
    [
      7703,
      17703
    ],
    [
      7709,
      17709
    ],
    [
      7713,
      17713
    ],
    [
      7715,
      17715
    ],
    [
      7721,
      17721
    ],
    [
      7733,
      17733
    ],
    [
      7736,
      17736
    ],
    [
      7741,
      17741
    ],
    [
      7757,
      17757
    ],
    [
      7766,
      17766
    ],
    [
      7772,
      17772
    ],
    [
      7778,
      17778
    ],
    [
      7780,
      17780
    ],
    [
      7786,
      17786
    ],
    [
      7796,
      17796
    ],
    [
      7809,
      17809
    ],
    [
      7811,
      17811
    ],
    [
      7815,
      17815
    ],
    [
      7819,
      17819
    ],
    [
      7826,
      17826
    ],
    [
      7839,
      17839
    ],
    [
      7852,
      17852
    ],
    [
      7868,
      17868
    ],
    [
      7870,
      17870
    ],
    [
      7873,
      17873
    ],
    [
      7874,
      17874
    ],
    [
      7875,
      17875
    ],
    [
      7877,
      17877
    ],
    [
      7879,
      17879
    ],
    [
      7892,
      17892
    ],
    [
      7894,
      17894
    ],
    [
      7895,
      17895
    ],
    [
      7903,
      17903
    ],
    [
      7908,
      17908
    ],
    [
      7918,
      17918
    ],
    [
      7934,
      17934
    ],
    [
      7936,
      17936
    ],
    [
      7937,
      17937
    ],
    [
      7943,
      17943
    ],
    [
      7950,
      17950
    ],
    [
      7952,
      17952
    ],
    [
      7956,
      17956
    ],
    [
      7957,
      17957
    ],
    [
      7958,
      17958
    ],
    [
      7959,
      17959
    ],
    [
      7960,
      17960
    ],
    [
      7982,
      17982
    ],
    [
      7997,
      17997
    ],
    [
      7998,
      17998
    ],
    [
      8012,
      18012
    ],
    [
      8031,
      18031
    ],
    [
      8032,
      18032
    ],
    [
      8036,
      18036
    ],
    [
      8038,
      18038
    ],
    [
      8048,
      18048
    ],
    [
      8051,
      18051
    ],
    [
      8064,
      18064
    ],
    [
      8069,
      18069
    ],
    [
      8070,
      18070
    ],
    [
      8072,
      18072
    ],
    [
      8073,
      18073
    ],
    [
      8092,
      18092
    ],
    [
      8094,
      18094
    ],
    [
      8102,
      18102
    ],
    [
      8113,
      18113
    ],
    [
      8116,
      18116
    ],
    [
      8124,
      18124
    ],
    [
      8130,
      18130
    ],
    [
      8132,
      18132
    ],
    [
      8142,
      18142
    ],
    [
      8143,
      18143
    ],
    [
      8144,
      18144
    ],
    [
      8150,
      18150
    ],
    [
      8164,
      18164
    ],
    [
      8168,
      18168
    ],
    [
      8169,
      18169
    ],
    [
      8179,
      18179
    ],
    [
      8181,
      18181
    ],
    [
      8182,
      18182
    ],
    [
      8189,
      18189
    ],
    [
      8199,
      18199
    ],
    [
      8201,
      18201
    ],
    [
      8213,
      18213
    ],
    [
      8219,
      18219
    ],
    [
      8222,
      18222
    ],
    [
      8227,
      18227
    ],
    [
      8241,
      18241
    ],
    [
      8253,
      18253
    ],
    [
      8261,
      18261
    ],
    [
      8264,
      18264
    ],
    [
      8271,
      18271
    ],
    [
      8279,
      18279
    ],
    [
      8281,
      18281
    ],
    [
      8292,
      18292
    ],
    [
      8295,
      18295
    ],
    [
      8297,
      18297
    ],
    [
      8305,
      18305
    ],
    [
      8312,
      18312
    ],
    [
      8316,
      18316
    ],
    [
      8320,
      18320
    ],
    [
      8322,
      18322
    ],
    [
      8333,
      18333
    ],
    [
      8334,
      18334
    ],
    [
      8342,
      18342
    ],
    [
      8345,
      18345
    ],
    [
      8346,
      18346
    ],
    [
      8350,
      18350
    ],
    [
      8364,
      18364
    ],
    [
      8366,
      18366
    ],
    [
      8372,
      18372
    ],
    [
      8376,
      18376
    ],
    [
      8379,
      18379
    ],
    [
      8381,
      18381
    ],
    [
      8385,
      18385
    ],
    [
      8386,
      18386
    ],
    [
      8389,
      18389
    ],
    [
      8392,
      18392
    ],
    [
      8394,
      18394
    ],
    [
      8408,
      18408
    ],
    [
      8410,
      18410
    ],
    [
      8412,
      18412
    ],
    [
      8418,
      18418
    ],
    [
      8419,
      18419
    ],
    [
      8422,
      18422
    ],
    [
      8425,
      18425
    ],
    [
      8432,
      18432
    ],
    [
      8437,
      18437
    ],
    [
      8441,
      18441
    ],
    [
      8454,
      18454
    ],
    [
      8458,
      18458
    ],
    [
      8463,
      18463
    ],
    [
      8464,
      18464
    ],
    [
      8471,
      18471
    ],
    [
      8481,
      18481
    ],
    [
      8498,
      18498
    ],
    [
      8501,
      18501
    ],
    [
      8509,
      18509
    ],
    [
      8518,
      18518
    ],
    [
      8520,
      18520
    ],
    [
      8525,
      18525
    ],
    [
      8528,
      18528
    ],
    [
      8529,
      18529
    ],
    [
      8530,
      18530
    ],
    [
      8546,
      18546
    ],
    [
      8557,
      18557
    ],
    [
      8570,
      18570
    ],
    [
      8577,
      18577
    ],
    [
      8586,
      18586
    ],
    [
      8593,
      18593
    ],
    [
      8599,
      18599
    ],
    [
      8605,
      18605
    ],
    [
      8609,
      18609
    ],
    [
      8619,
      18619
    ],
    [
      8623,
      18623
    ],
    [
      8629,
      18629
    ],
    [
      8630,
      18630
    ],
    [
      8634,
      18634
    ],
    [
      8642,
      18642
    ],
    [
      8647,
      18647
    ],
    [
      8650,
      18650
    ],
    [
      8651,
      18651
    ],
    [
      8655,
      18655
    ],
    [
      8658,
      18658
    ],
    [
      8665,
      18665
    ],
    [
      8666,
      18666
    ],
    [
      8669,
      18669
    ],
    [
      8672,
      18672
    ],
    [
      8676,
      18676
    ],
    [
      8678,
      18678
    ],
    [
      8679,
      18679
    ],
    [
      8685,
      18685
    ],
    [
      8695,
      18695
    ],
    [
      8702,
      18702
    ],
    [
      8710,
      18710
    ],
    [
      8711,
      18711
    ],
    [
      8717,
      18717
    ],
    [
      8750,
      18750
    ],
    [
      8755,
      18755
    ],
    [
      8759,
      18759
    ],
    [
      8769,
      18769
    ],
    [
      8774,
      18774
    ],
    [
      8784,
      18784
    ],
    [
      8788,
      18788
    ],
    [
      8795,
      18795
    ],
    [
      8806,
      18806
    ],
    [
      8809,
      18809
    ],
    [
      8815,
      18815
    ],
    [
      8817,
      18817
    ],
    [
      8824,
      18824
    ],
    [
      8827,
      18827
    ],
    [
      8831,
      18831
    ],
    [
      8836,
      18836
    ],
    [
      8838,
      18838
    ],
    [
      8842,
      18842
    ],
    [
      8844,
      18844
    ],
    [
      8847,
      18847
    ],
    [
      8852,
      18852
    ],
    [
      8856,
      18856
    ],
    [
      8858,
      18858
    ],
    [
      8859,
      18859
    ],
    [
      8873,
      18873
    ],
    [
      8885,
      18885
    ],
    [
      8887,
      18887
    ],
    [
      8892,
      18892
    ],
    [
      8898,
      18898
    ],
    [
      8900,
      18900
    ],
    [
      8904,
      18904
    ],
    [
      8919,
      18919
    ],
    [
      8946,
      18946
    ],
    [
      8948,
      18948
    ],
    [
      8949,
      18949
    ],
    [
      8950,
      18950
    ],
    [
      8952,
      18952
    ],
    [
      8954,
      18954
    ],
    [
      8960,
      18960
    ],
    [
      8968,
      18968
    ],
    [
      8973,
      18973
    ],
    [
      8974,
      18974
    ],
    [
      8976,
      18976
    ],
    [
      8983,
      18983
    ],
    [
      8987,
      18987
    ],
    [
      8988,
      18988
    ],
    [
      8993,
      18993
    ],
    [
      8997,
      18997
    ],
    [
      9005,
      19005
    ],
    [
      9009,
      19009
    ],
    [
      9012,
      19012
    ],
    [
      9014,
      19014
    ],
    [
      9027,
      19027
    ],
    [
      9028,
      19028
    ],
    [
      9035,
      19035
    ],
    [
      9042,
      19042
    ],
    [
      9051,
      19051
    ],
    [
      9060,
      19060
    ],
    [
      9065,
      19065
    ],
    [
      9066,
      19066
    ],
    [
      9070,
      19070
    ],
    [
      9078,
      19078
    ],
    [
      9088,
      19088
    ],
    [
      9091,
      19091
    ],
    [
      9101,
      19101
    ],
    [
      9105,
      19105
    ],
    [
      9108,
      19108
    ],
    [
      9112,
      19112
    ],
    [
      9113,
      19113
    ],
    [
      9120,
      19120
    ],
    [
      9130,
      19130
    ],
    [
      9131,
      19131
    ],
    [
      9142,
      19142
    ],
    [
      9145,
      19145
    ],
    [
      9149,
      19149
    ],
    [
      9158,
      19158
    ],
    [
      9187,
      19187
    ],
    [
      9189,
      19189
    ],
    [
      9190,
      19190
    ],
    [
      9199,
      19199
    ],
    [
      9204,
      19204
    ],
    [
      9205,
      19205
    ],
    [
      9222,
      19222
    ],
    [
      9225,
      19225
    ],
    [
      9241,
      19241
    ],
    [
      9248,
      19248
    ],
    [
      9250,
      19250
    ],
    [
      9279,
      19279
    ],
    [
      9280,
      19280
    ],
    [
      9284,
      19284
    ],
    [
      9286,
      19286
    ],
    [
      9293,
      19293
    ],
    [
      9308,
      19308
    ],
    [
      9312,
      19312
    ],
    [
      9316,
      19316
    ],
    [
      9320,
      19320
    ],
    [
      9321,
      19321
    ],
    [
      9329,
      19329
    ],
    [
      9334,
      19334
    ],
    [
      9339,
      19339
    ],
    [
      9342,
      19342
    ],
    [
      9345,
      19345
    ],
    [
      9348,
      19348
    ],
    [
      9350,
      19350
    ],
    [
      9353,
      19353
    ],
    [
      9354,
      19354
    ],
    [
      9358,
      19358
    ],
    [
      9367,
      19367
    ],
    [
      9369,
      19369
    ],
    [
      9370,
      19370
    ],
    [
      9372,
      19372
    ],
    [
      9381,
      19381
    ],
    [
      9382,
      19382
    ],
    [
      9384,
      19384
    ],
    [
      9392,
      19392
    ],
    [
      9401,
      19401
    ],
    [
      9407,
      19407
    ],
    [
      9410,
      19410
    ],
    [
      9412,
      19412
    ],
    [
      9417,
      19417
    ],
    [
      9420,
      19420
    ],
    [
      9423,
      19423
    ],
    [
      9425,
      19425
    ],
    [
      9426,
      19426
    ],
    [
      9427,
      19427
    ],
    [
      9432,
      19432
    ],
    [
      9433,
      19433
    ],
    [
      9436,
      19436
    ],
    [
      9439,
      19439
    ],
    [
      9450,
      19450
    ],
    [
      9453,
      19453
    ],
    [
      9457,
      19457
    ],
    [
      9471,
      19471
    ],
    [
      9488,
      19488
    ],
    [
      9490,
      19490
    ],
    [
      9494,
      19494
    ],
    [
      9499,
      19499
    ],
    [
      9511,
      19511
    ],
    [
      9513,
      19513
    ],
    [
      9531,
      19531
    ],
    [
      9541,
      19541
    ],
    [
      9544,
      19544
    ],
    [
      9554,
      19554
    ],
    [
      9560,
      19560
    ],
    [
      9561,
      19561
    ],
    [
      9568,
      19568
    ],
    [
      9575,
      19575
    ],
    [
      9578,
      19578
    ],
    [
      9579,
      19579
    ],
    [
      9591,
      19591
    ],
    [
      9595,
      19595
    ],
    [
      9598,
      19598
    ],
    [
      9603,
      19603
    ],
    [
      9604,
      19604
    ],
    [
      9609,
      19609
    ],
    [
      9613,
      19613
    ],
    [
      9619,
      19619
    ],
    [
      9630,
      19630
    ],
    [
      9633,
      19633
    ],
    [
      9636,
      19636
    ],
    [
      9640,
      19640
    ],
    [
      9659,
      19659
    ],
    [
      9660,
      19660
    ],
    [
      9666,
      19666
    ],
    [
      9670,
      19670
    ],
    [
      9679,
      19679
    ],
    [
      9681,
      19681
    ],
    [
      9683,
      19683
    ],
    [
      9689,
      19689
    ],
    [
      9692,
      19692
    ],
    [
      9701,
      19701
    ],
    [
      9707,
      19707
    ],
    [
      9709,
      19709
    ],
    [
      9710,
      19710
    ],
    [
      9723,
      19723
    ],
    [
      9732,
      19732
    ],
    [
      9738,
      19738
    ],
    [
      9739,
      19739
    ],
    [
      9748,
      19748
    ],
    [
      9754,
      19754
    ],
    [
      9772,
      19772
    ],
    [
      9776,
      19776
    ],
    [
      9786,
      19786
    ],
    [
      9796,
      19796
    ],
    [
      9797,
      19797
    ],
    [
      9804,
      19804
    ],
    [
      9810,
      19810
    ],
    [
      9811,
      19811
    ],
    [
      9818,
      19818
    ],
    [
      9838,
      19838
    ],
    [
      9846,
      19846
    ],
    [
      9857,
      19857
    ],
    [
      9858,
      19858
    ],
    [
      9863,
      19863
    ],
    [
      9871,
      19871
    ],
    [
      9900,
      19900
    ],
    [
      9906,
      19906
    ],
    [
      9909,
      19909
    ],
    [
      9912,
      19912
    ],
    [
      9914,
      19914
    ],
    [
      9916,
      19916
    ],
    [
      9921,
      19921
    ],
    [
      9934,
      19934
    ],
    [
      9936,
      19936
    ],
    [
      9938,
      19938
    ],
    [
      9939,
      19939
    ],
    [
      9944,
      19944
    ],
    [
      9945,
      19945
    ],
    [
      9946,
      19946
    ],
    [
      9947,
      19947
    ],
    [
      9948,
      19948
    ],
    [
      9949,
      19949
    ],
    [
      9958,
      19958
    ],
    [
      9966,
      19966
    ],
    [
      9977,
      19977
    ],
    [
      9983,
      19983
    ],
    [
      9984,
      19984
    ],
    [
      9988,
      19988
    ],
    [
      9991,
      19991
    ],
    [
      9996,
      19996
    ],
    [
      9998,
      19998
    ]
  ]
}