{
  "n_true_positives": 11,
  "n_positives": 11,
  "total_time": 165.4022445678711,
  "date": "2025-01-25T15:47:39.052984",
  "backend": "BruteForce",
  "n_bins": 0,
  "eps": 7.5,
  "args": {
    "csvpath": [
      "../data/RobustBench/predictions/cifar100c-Gowal2020Uncovering_Linf/vanilla.csv",
      "../data/RobustBench/predictions/cifar100c-Gowal2020Uncovering_Linf/jpeg_compression-4.csv"
    ],
    "eps": 7.5,
    "n_bins": 0,
    "n_examples": -1,
    "out_path": "../results/semantic//results/cifar100c-Gowal2020Uncovering_Linf/cifar100c-Gowal2020Uncovering_Linf-L2-7.5-jpeg_compression-4.json",
    "full_output": false,
    "verbose": false,
    "randomize_order": false,
    "backend": "bf",
    "blind_cols": null,
    "pred": "pred",
    "metric": "L2"
  },
  "backend_meta": {
    "epsilon": 7.5,
    "decision_col": "pred",
    "metric": "Linf",
    "is_exact": true,
    "is_sound": true,
    "is_complete": true
  },
  "positives": [
    [
      2730,
      12730
    ],
    [
      3252,
      13252
    ],
    [
      4908,
      14908
    ],
    [
      5244,
      15244
    ],
    [
      5522,
      15522
    ],
    [
      6112,
      16112
    ],
    [
      6600,
      16600
    ],
    [
      6788,
      16788
    ],
    [
      6818,
      16818
    ],
    [
      7938,
      17938
    ],
    [
      8312,
      18312
    ]
  ]
}