{
  "n_true_positives": 168,
  "n_positives": 168,
  "total_time": 200.84198689460754,
  "date": "2025-01-25T15:49:12.796563",
  "backend": "BruteForce",
  "n_bins": 0,
  "eps": 7.5,
  "args": {
    "csvpath": [
      "../data/RobustBench/predictions/cifar100c-Gowal2020Uncovering_Linf/vanilla.csv",
      "../data/RobustBench/predictions/cifar100c-Gowal2020Uncovering_Linf/shot_noise-2.csv"
    ],
    "eps": 7.5,
    "n_bins": 0,
    "n_examples": -1,
    "out_path": "../results/semantic//results/cifar100c-Gowal2020Uncovering_Linf/cifar100c-Gowal2020Uncovering_Linf-L2-7.5-shot_noise-2.json",
    "full_output": false,
    "verbose": false,
    "randomize_order": false,
    "backend": "bf",
    "blind_cols": null,
    "pred": "pred",
    "metric": "L2"
  },
  "backend_meta": {
    "epsilon": 7.5,
    "decision_col": "pred",
    "metric": "Linf",
    "is_exact": true,
    "is_sound": true,
    "is_complete": true
  },
  "positives": [
    [
      63,
      10063
    ],
    [
      64,
      10064
    ],
    [
      155,
      10155
    ],
    [
      311,
      10311
    ],
    [
      322,
      10322
    ],
    [
      394,
      10394
    ],
    [
      420,
      10420
    ],
    [
      421,
      10421
    ],
    [
      456,
      10456
    ],
    [
      464,
      10464
    ],
    [
      550,
      10550
    ],
    [
      673,
      10673
    ],
    [
      716,
      10716
    ],
    [
      818,
      10818
    ],
    [
      863,
      10863
    ],
    [
      920,
      10920
    ],
    [
      921,
      10921
    ],
    [
      1061,
      11061
    ],
    [
      1170,
      11170
    ],
    [
      1224,
      11224
    ],
    [
      1272,
      11272
    ],
    [
      1281,
      11281
    ],
    [
      1325,
      11325
    ],
    [
      1348,
      11348
    ],
    [
      1511,
      11511
    ],
    [
      1581,
      11581
    ],
    [
      1594,
      11594
    ],
    [
      1617,
      11617
    ],
    [
      1624,
      11624
    ],
    [
      1731,
      11731
    ],
    [
      1778,
      11778
    ],
    [
      1820,
      11820
    ],
    [
      1970,
      11970
    ],
    [
      2003,
      12003
    ],
    [
      2080,
      12080
    ],
    [
      2139,
      12139
    ],
    [
      2190,
      12190
    ],
    [
      2267,
      12267
    ],
    [
      2278,
      12278
    ],
    [
      2312,
      12312
    ],
    [
      2429,
      12429
    ],
    [
      2558,
      12558
    ],
    [
      2619,
      12619
    ],
    [
      2638,
      12638
    ],
    [
      2755,
      12755
    ],
    [
      2757,
      12757
    ],
    [
      2774,
      12774
    ],
    [
      2778,
      12778
    ],
    [
      2880,
      12880
    ],
    [
      2941,
      12941
    ],
    [
      2955,
      12955
    ],
    [
      2970,
      12970
    ],
    [
      2980,
      12980
    ],
    [
      2983,
      12983
    ],
    [
      3045,
      13045
    ],
    [
      3088,
      13088
    ],
    [
      3230,
      13230
    ],
    [
      3261,
      13261
    ],
    [
      3311,
      13311
    ],
    [
      3336,
      13336
    ],
    [
      3344,
      13344
    ],
    [
      3369,
      13369
    ],
    [
      3504,
      13504
    ],
    [
      3535,
      13535
    ],
    [
      3550,
      13550
    ],
    [
      3644,
      13644
    ],
    [
      3821,
      13821
    ],
    [
      3879,
      13879
    ],
    [
      3893,
      13893
    ],
    [
      3915,
      13915
    ],
    [
      3945,
      13945
    ],
    [
      4034,
      14034
    ],
    [
      4110,
      14110
    ],
    [
      4131,
      14131
    ],
    [
      4182,
      14182
    ],
    [
      4200,
      14200
    ],
    [
      4277,
      14277
    ],
    [
      4316,
      14316
    ],
    [
      4333,
      14333
    ],
    [
      4383,
      14383
    ],
    [
      4430,
      14430
    ],
    [
      4545,
      14545
    ],
    [
      4548,
      14548
    ],
    [
      4565,
      14565
    ],
    [
      4655,
      14655
    ],
    [
      4724,
      14724
    ],
    [
      4727,
      14727
    ],
    [
      4751,
      14751
    ],
    [
      4773,
      14773
    ],
    [
      4831,
      14831
    ],
    [
      4855,
      14855
    ],
    [
      4903,
      14903
    ],
    [
      4908,
      14908
    ],
    [
      5254,
      15254
    ],
    [
      5257,
      15257
    ],
    [
      5293,
      15293
    ],
    [
      5312,
      15312
    ],
    [
      5316,
      15316
    ],
    [
      5347,
      15347
    ],
    [
      5385,
      15385
    ],
    [
      5438,
      15438
    ],
    [
      5449,
      15449
    ],
    [
      5502,
      15502
    ],
    [
      5504,
      15504
    ],
    [
      5510,
      15510
    ],
    [
      5626,
      15626
    ],
    [
      5896,
      15896
    ],
    [
      5945,
      15945
    ],
    [
      6000,
      16000
    ],
    [
      6014,
      16014
    ],
    [
      6201,
      16201
    ],
    [
      6355,
      16355
    ],
    [
      6414,
      16414
    ],
    [
      6520,
      16520
    ],
    [
      6575,
      16575
    ],
    [
      6700,
      16700
    ],
    [
      7255,
      17255
    ],
    [
      7367,
      17367
    ],
    [
      7408,
      17408
    ],
    [
      7416,
      17416
    ],
    [
      7425,
      17425
    ],
    [
      7512,
      17512
    ],
    [
      7527,
      17527
    ],
    [
      7555,
      17555
    ],
    [
      7573,
      17573
    ],
    [
      7580,
      17580
    ],
    [
      7614,
      17614
    ],
    [
      7735,
      17735
    ],
    [
      7865,
      17865
    ],
    [
      7921,
      17921
    ],
    [
      7950,
      17950
    ],
    [
      7986,
      17986
    ],
    [
      8021,
      18021
    ],
    [
      8038,
      18038
    ],
    [
      8084,
      18084
    ],
    [
      8189,
      18189
    ],
    [
      8244,
      18244
    ],
    [
      8331,
      18331
    ],
    [
      8394,
      18394
    ],
    [
      8397,
      18397
    ],
    [
      8458,
      18458
    ],
    [
      8551,
      18551
    ],
    [
      8576,
      18576
    ],
    [
      8577,
      18577
    ],
    [
      8590,
      18590
    ],
    [
      8739,
      18739
    ],
    [
      8759,
      18759
    ],
    [
      8769,
      18769
    ],
    [
      8916,
      18916
    ],
    [
      8965,
      18965
    ],
    [
      8973,
      18973
    ],
    [
      9009,
      19009
    ],
    [
      9054,
      19054
    ],
    [
      9078,
      19078
    ],
    [
      9105,
      19105
    ],
    [
      9139,
      19139
    ],
    [
      9189,
      19189
    ],
    [
      9291,
      19291
    ],
    [
      9292,
      19292
    ],
    [
      9303,
      19303
    ],
    [
      9318,
      19318
    ],
    [
      9358,
      19358
    ],
    [
      9370,
      19370
    ],
    [
      9647,
      19647
    ],
    [
      9737,
      19737
    ],
    [
      9748,
      19748
    ],
    [
      9752,
      19752
    ],
    [
      9998,
      19998
    ]
  ]
}