{
  "n_true_positives": 23,
  "n_positives": 23,
  "total_time": 41.50056505203247,
  "date": "2025-01-25T15:44:28.339957",
  "backend": "BruteForce",
  "n_bins": 0,
  "eps": 7.5,
  "args": {
    "csvpath": [
      "../data/RobustBench/predictions/cifar100c-Gowal2020Uncovering_Linf/vanilla.csv",
      "../data/RobustBench/predictions/cifar100c-Gowal2020Uncovering_Linf/frost-5.csv"
    ],
    "eps": 7.5,
    "n_bins": 0,
    "n_examples": -1,
    "out_path": "../results/semantic//results/cifar100c-Gowal2020Uncovering_Linf/cifar100c-Gowal2020Uncovering_Linf-L2-7.5-frost-5.json",
    "full_output": false,
    "verbose": false,
    "randomize_order": false,
    "backend": "bf",
    "blind_cols": null,
    "pred": "pred",
    "metric": "L2"
  },
  "backend_meta": {
    "epsilon": 7.5,
    "decision_col": "pred",
    "metric": "Linf",
    "is_exact": true,
    "is_sound": true,
    "is_complete": true
  },
  "positives": [
    [
      1023,
      11023
    ],
    [
      1252,
      11252
    ],
    [
      1301,
      11301
    ],
    [
      1658,
      11658
    ],
    [
      1714,
      11714
    ],
    [
      2281,
      12281
    ],
    [
      3618,
      13618
    ],
    [
      4246,
      14246
    ],
    [
      4900,
      14900
    ],
    [
      4976,
      14976
    ],
    [
      5155,
      15155
    ],
    [
      5273,
      15273
    ],
    [
      5515,
      15515
    ],
    [
      5827,
      15827
    ],
    [
      5930,
      15930
    ],
    [
      6171,
      16171
    ],
    [
      6368,
      16368
    ],
    [
      6587,
      16587
    ],
    [
      6618,
      16618
    ],
    [
      6956,
      16956
    ],
    [
      7250,
      17250
    ],
    [
      7966,
      17966
    ],
    [
      8437,
      18437
    ]
  ]
}