{
  "n_true_positives": 125,
  "n_positives": 125,
  "total_time": 51.02492332458496,
  "date": "2025-01-25T15:44:10.318488",
  "backend": "BruteForce",
  "n_bins": 0,
  "eps": 7.5,
  "args": {
    "csvpath": [
      "../data/RobustBench/predictions/cifar100c-Gowal2020Uncovering_Linf/vanilla.csv",
      "../data/RobustBench/predictions/cifar100c-Gowal2020Uncovering_Linf/pixelate-1.csv"
    ],
    "eps": 7.5,
    "n_bins": 0,
    "n_examples": -1,
    "out_path": "../results/semantic//results/cifar100c-Gowal2020Uncovering_Linf/cifar100c-Gowal2020Uncovering_Linf-L2-7.5-pixelate-1.json",
    "full_output": false,
    "verbose": false,
    "randomize_order": false,
    "backend": "bf",
    "blind_cols": null,
    "pred": "pred",
    "metric": "L2"
  },
  "backend_meta": {
    "epsilon": 7.5,
    "decision_col": "pred",
    "metric": "Linf",
    "is_exact": true,
    "is_sound": true,
    "is_complete": true
  },
  "positives": [
    [
      183,
      10183
    ],
    [
      184,
      10184
    ],
    [
      222,
      10222
    ],
    [
      230,
      10230
    ],
    [
      249,
      10249
    ],
    [
      464,
      10464
    ],
    [
      523,
      10523
    ],
    [
      587,
      10587
    ],
    [
      613,
      10613
    ],
    [
      819,
      10819
    ],
    [
      866,
      10866
    ],
    [
      918,
      10918
    ],
    [
      1023,
      11023
    ],
    [
      1024,
      11024
    ],
    [
      1220,
      11220
    ],
    [
      1246,
      11246
    ],
    [
      1272,
      11272
    ],
    [
      1332,
      11332
    ],
    [
      1402,
      11402
    ],
    [
      1444,
      11444
    ],
    [
      1559,
      11559
    ],
    [
      1764,
      11764
    ],
    [
      1814,
      11814
    ],
    [
      1843,
      11843
    ],
    [
      1944,
      11944
    ],
    [
      1984,
      11984
    ],
    [
      2093,
      12093
    ],
    [
      2103,
      12103
    ],
    [
      2340,
      12340
    ],
    [
      2452,
      12452
    ],
    [
      2480,
      12480
    ],
    [
      2638,
      12638
    ],
    [
      2705,
      12705
    ],
    [
      2769,
      12769
    ],
    [
      2841,
      12841
    ],
    [
      2861,
      12861
    ],
    [
      2893,
      12893
    ],
    [
      2894,
      12894
    ],
    [
      3027,
      13027
    ],
    [
      3045,
      13045
    ],
    [
      3243,
      13243
    ],
    [
      3332,
      13332
    ],
    [
      3369,
      13369
    ],
    [
      3375,
      13375
    ],
    [
      3475,
      13475
    ],
    [
      3515,
      13515
    ],
    [
      3551,
      13551
    ],
    [
      3647,
      13647
    ],
    [
      3701,
      13701
    ],
    [
      3799,
      13799
    ],
    [
      3818,
      13818
    ],
    [
      3826,
      13826
    ],
    [
      3875,
      13875
    ],
    [
      3887,
      13887
    ],
    [
      3892,
      13892
    ],
    [
      3953,
      13953
    ],
    [
      3994,
      13994
    ],
    [
      4026,
      14026
    ],
    [
      4118,
      14118
    ],
    [
      4238,
      14238
    ],
    [
      4300,
      14300
    ],
    [
      4428,
      14428
    ],
    [
      4434,
      14434
    ],
    [
      4499,
      14499
    ],
    [
      4710,
      14710
    ],
    [
      4712,
      14712
    ],
    [
      4742,
      14742
    ],
    [
      4853,
      14853
    ],
    [
      4903,
      14903
    ],
    [
      4986,
      14986
    ],
    [
      5422,
      15422
    ],
    [
      5506,
      15506
    ],
    [
      5573,
      15573
    ],
    [
      5654,
      15654
    ],
    [
      5709,
      15709
    ],
    [
      5869,
      15869
    ],
    [
      5945,
      15945
    ],
    [
      5979,
      15979
    ],
    [
      6005,
      16005
    ],
    [
      6014,
      16014
    ],
    [
      6025,
      16025
    ],
    [
      6111,
      16111
    ],
    [
      6159,
      16159
    ],
    [
      6243,
      16243
    ],
    [
      6325,
      16325
    ],
    [
      6421,
      16421
    ],
    [
      6585,
      16585
    ],
    [
      6651,
      16651
    ],
    [
      6804,
      16804
    ],
    [
      7047,
      17047
    ],
    [
      7069,
      17069
    ],
    [
      7092,
      17092
    ],
    [
      7112,
      17112
    ],
    [
      7134,
      17134
    ],
    [
      7276,
      17276
    ],
    [
      7357,
      17357
    ],
    [
      7365,
      17365
    ],
    [
      7375,
      17375
    ],
    [
      7425,
      17425
    ],
    [
      7517,
      17517
    ],
    [
      7536,
      17536
    ],
    [
      7557,
      17557
    ],
    [
      7573,
      17573
    ],
    [
      7795,
      17795
    ],
    [
      7848,
      17848
    ],
    [
      7984,
      17984
    ],
    [
      8090,
      18090
    ],
    [
      8258,
      18258
    ],
    [
      8312,
      18312
    ],
    [
      8331,
      18331
    ],
    [
      8392,
      18392
    ],
    [
      8418,
      18418
    ],
    [
      8520,
      18520
    ],
    [
      8710,
      18710
    ],
    [
      8870,
      18870
    ],
    [
      8875,
      18875
    ],
    [
      8987,
      18987
    ],
    [
      9047,
      19047
    ],
    [
      9088,
      19088
    ],
    [
      9130,
      19130
    ],
    [
      9275,
      19275
    ],
    [
      9292,
      19292
    ],
    [
      9329,
      19329
    ],
    [
      9844,
      19844
    ],
    [
      9863,
      19863
    ]
  ]
}