{
  "n_true_positives": 84,
  "n_positives": 84,
  "total_time": 49.11410880088806,
  "date": "2025-01-25T15:45:09.664121",
  "backend": "BruteForce",
  "n_bins": 0,
  "eps": 7.5,
  "args": {
    "csvpath": [
      "../data/RobustBench/predictions/cifar100c-Gowal2020Uncovering_Linf/vanilla.csv",
      "../data/RobustBench/predictions/cifar100c-Gowal2020Uncovering_Linf/snow-2.csv"
    ],
    "eps": 7.5,
    "n_bins": 0,
    "n_examples": -1,
    "out_path": "../results/semantic//results/cifar100c-Gowal2020Uncovering_Linf/cifar100c-Gowal2020Uncovering_Linf-L2-7.5-snow-2.json",
    "full_output": false,
    "verbose": false,
    "randomize_order": false,
    "backend": "bf",
    "blind_cols": null,
    "pred": "pred",
    "metric": "L2"
  },
  "backend_meta": {
    "epsilon": 7.5,
    "decision_col": "pred",
    "metric": "Linf",
    "is_exact": true,
    "is_sound": true,
    "is_complete": true
  },
  "positives": [
    [
      175,
      10175
    ],
    [
      215,
      10215
    ],
    [
      329,
      10329
    ],
    [
      409,
      10409
    ],
    [
      549,
      10549
    ],
    [
      731,
      10731
    ],
    [
      820,
      10820
    ],
    [
      1140,
      11140
    ],
    [
      1182,
      11182
    ],
    [
      1232,
      11232
    ],
    [
      1314,
      11314
    ],
    [
      1347,
      11347
    ],
    [
      1374,
      11374
    ],
    [
      1402,
      11402
    ],
    [
      1429,
      11429
    ],
    [
      1482,
      11482
    ],
    [
      1583,
      11583
    ],
    [
      1970,
      11970
    ],
    [
      1994,
      11994
    ],
    [
      2088,
      12088
    ],
    [
      2317,
      12317
    ],
    [
      2431,
      12431
    ],
    [
      2679,
      12679
    ],
    [
      2952,
      12952
    ],
    [
      3029,
      13029
    ],
    [
      3093,
      13093
    ],
    [
      3174,
      13174
    ],
    [
      3335,
      13335
    ],
    [
      3356,
      13356
    ],
    [
      3434,
      13434
    ],
    [
      3456,
      13456
    ],
    [
      3875,
      13875
    ],
    [
      4008,
      14008
    ],
    [
      4185,
      14185
    ],
    [
      4300,
      14300
    ],
    [
      4439,
      14439
    ],
    [
      4549,
      14549
    ],
    [
      4724,
      14724
    ],
    [
      4862,
      14862
    ],
    [
      4900,
      14900
    ],
    [
      4908,
      14908
    ],
    [
      5105,
      15105
    ],
    [
      5216,
      15216
    ],
    [
      5360,
      15360
    ],
    [
      5450,
      15450
    ],
    [
      5546,
      15546
    ],
    [
      5584,
      15584
    ],
    [
      5705,
      15705
    ],
    [
      5775,
      15775
    ],
    [
      5818,
      15818
    ],
    [
      5827,
      15827
    ],
    [
      5846,
      15846
    ],
    [
      5930,
      15930
    ],
    [
      6014,
      16014
    ],
    [
      6064,
      16064
    ],
    [
      6329,
      16329
    ],
    [
      6525,
      16525
    ],
    [
      6587,
      16587
    ],
    [
      6601,
      16601
    ],
    [
      6889,
      16889
    ],
    [
      7140,
      17140
    ],
    [
      7357,
      17357
    ],
    [
      7525,
      17525
    ],
    [
      7653,
      17653
    ],
    [
      7868,
      17868
    ],
    [
      7950,
      17950
    ],
    [
      7952,
      17952
    ],
    [
      8017,
      18017
    ],
    [
      8159,
      18159
    ],
    [
      8223,
      18223
    ],
    [
      8630,
      18630
    ],
    [
      8797,
      18797
    ],
    [
      8858,
      18858
    ],
    [
      8865,
      18865
    ],
    [
      9013,
      19013
    ],
    [
      9105,
      19105
    ],
    [
      9206,
      19206
    ],
    [
      9367,
      19367
    ],
    [
      9544,
      19544
    ],
    [
      9560,
      19560
    ],
    [
      9858,
      19858
    ],
    [
      9953,
      19953
    ],
    [
      9966,
      19966
    ],
    [
      9977,
      19977
    ]
  ]
}