{
  "n_true_positives": 945,
  "n_positives": 945,
  "total_time": 56.0058159828186,
  "date": "2025-01-25T15:45:56.313848",
  "backend": "BruteForce",
  "n_bins": 0,
  "eps": 7.5,
  "args": {
    "csvpath": [
      "../data/RobustBench/predictions/cifar100c-Gowal2020Uncovering_Linf/vanilla.csv",
      "../data/RobustBench/predictions/cifar100c-Gowal2020Uncovering_Linf/fog-1.csv"
    ],
    "eps": 7.5,
    "n_bins": 0,
    "n_examples": -1,
    "out_path": "../results/semantic//results/cifar100c-Gowal2020Uncovering_Linf/cifar100c-Gowal2020Uncovering_Linf-L2-7.5-fog-1.json",
    "full_output": false,
    "verbose": false,
    "randomize_order": false,
    "backend": "bf",
    "blind_cols": null,
    "pred": "pred",
    "metric": "L2"
  },
  "backend_meta": {
    "epsilon": 7.5,
    "decision_col": "pred",
    "metric": "Linf",
    "is_exact": true,
    "is_sound": true,
    "is_complete": true
  },
  "positives": [
    [
      0,
      10000
    ],
    [
      1,
      10001
    ],
    [
      37,
      10037
    ],
    [
      40,
      10040
    ],
    [
      41,
      10041
    ],
    [
      43,
      10043
    ],
    [
      48,
      10048
    ],
    [
      65,
      10065
    ],
    [
      70,
      10070
    ],
    [
      71,
      10071
    ],
    [
      87,
      10087
    ],
    [
      88,
      10088
    ],
    [
      100,
      10100
    ],
    [
      101,
      10101
    ],
    [
      137,
      10137
    ],
    [
      150,
      10150
    ],
    [
      163,
      10163
    ],
    [
      175,
      10175
    ],
    [
      181,
      10181
    ],
    [
      184,
      10184
    ],
    [
      210,
      10210
    ],
    [
      221,
      10221
    ],
    [
      222,
      10222
    ],
    [
      230,
      10230
    ],
    [
      235,
      10235
    ],
    [
      236,
      10236
    ],
    [
      249,
      10249
    ],
    [
      252,
      10252
    ],
    [
      268,
      10268
    ],
    [
      285,
      10285
    ],
    [
      288,
      10288
    ],
    [
      290,
      10290
    ],
    [
      301,
      10301
    ],
    [
      318,
      10318
    ],
    [
      340,
      10340
    ],
    [
      348,
      10348
    ],
    [
      349,
      10349
    ],
    [
      374,
      10374
    ],
    [
      379,
      10379
    ],
    [
      390,
      10390
    ],
    [
      406,
      10406
    ],
    [
      411,
      10411
    ],
    [
      413,
      10413
    ],
    [
      414,
      10414
    ],
    [
      432,
      10432
    ],
    [
      440,
      10440
    ],
    [
      456,
      10456
    ],
    [
      488,
      10488
    ],
    [
      539,
      10539
    ],
    [
      558,
      10558
    ],
    [
      559,
      10559
    ],
    [
      573,
      10573
    ],
    [
      579,
      10579
    ],
    [
      590,
      10590
    ],
    [
      591,
      10591
    ],
    [
      613,
      10613
    ],
    [
      617,
      10617
    ],
    [
      645,
      10645
    ],
    [
      646,
      10646
    ],
    [
      648,
      10648
    ],
    [
      671,
      10671
    ],
    [
      673,
      10673
    ],
    [
      683,
      10683
    ],
    [
      707,
      10707
    ],
    [
      709,
      10709
    ],
    [
      747,
      10747
    ],
    [
      756,
      10756
    ],
    [
      757,
      10757
    ],
    [
      777,
      10777
    ],
    [
      781,
      10781
    ],
    [
      791,
      10791
    ],
    [
      799,
      10799
    ],
    [
      822,
      10822
    ],
    [
      828,
      10828
    ],
    [
      886,
      10886
    ],
    [
      903,
      10903
    ],
    [
      927,
      10927
    ],
    [
      950,
      10950
    ],
    [
      959,
      10959
    ],
    [
      960,
      10960
    ],
    [
      965,
      10965
    ],
    [
      968,
      10968
    ],
    [
      971,
      10971
    ],
    [
      976,
      10976
    ],
    [
      979,
      10979
    ],
    [
      984,
      10984
    ],
    [
      992,
      10992
    ],
    [
      995,
      10995
    ],
    [
      1016,
      11016
    ],
    [
      1020,
      11020
    ],
    [
      1023,
      11023
    ],
    [
      1034,
      11034
    ],
    [
      1040,
      11040
    ],
    [
      1042,
      11042
    ],
    [
      1052,
      11052
    ],
    [
      1065,
      11065
    ],
    [
      1077,
      11077
    ],
    [
      1084,
      11084
    ],
    [
      1143,
      11143
    ],
    [
      1156,
      11156
    ],
    [
      1162,
      11162
    ],
    [
      1171,
      11171
    ],
    [
      1179,
      11179
    ],
    [
      1181,
      11181
    ],
    [
      1182,
      11182
    ],
    [
      1192,
      11192
    ],
    [
      1196,
      11196
    ],
    [
      1220,
      11220
    ],
    [
      1224,
      11224
    ],
    [
      1230,
      11230
    ],
    [
      1238,
      11238
    ],
    [
      1242,
      11242
    ],
    [
      1247,
      11247
    ],
    [
      1248,
      11248
    ],
    [
      1257,
      11257
    ],
    [
      1282,
      11282
    ],
    [
      1294,
      11294
    ],
    [
      1300,
      11300
    ],
    [
      1309,
      11309
    ],
    [
      1314,
      11314
    ],
    [
      1325,
      11325
    ],
    [
      1329,
      11329
    ],
    [
      1347,
      11347
    ],
    [
      1367,
      11367
    ],
    [
      1372,
      11372
    ],
    [
      1437,
      11437
    ],
    [
      1439,
      11439
    ],
    [
      1440,
      11440
    ],
    [
      1444,
      11444
    ],
    [
      1448,
      11448
    ],
    [
      1450,
      11450
    ],
    [
      1460,
      11460
    ],
    [
      1461,
      11461
    ],
    [
      1493,
      11493
    ],
    [
      1494,
      11494
    ],
    [
      1507,
      11507
    ],
    [
      1509,
      11509
    ],
    [
      1511,
      11511
    ],
    [
      1512,
      11512
    ],
    [
      1515,
      11515
    ],
    [
      1520,
      11520
    ],
    [
      1521,
      11521
    ],
    [
      1524,
      11524
    ],
    [
      1540,
      11540
    ],
    [
      1550,
      11550
    ],
    [
      1551,
      11551
    ],
    [
      1569,
      11569
    ],
    [
      1580,
      11580
    ],
    [
      1587,
      11587
    ],
    [
      1602,
      11602
    ],
    [
      1644,
      11644
    ],
    [
      1654,
      11654
    ],
    [
      1655,
      11655
    ],
    [
      1672,
      11672
    ],
    [
      1673,
      11673
    ],
    [
      1684,
      11684
    ],
    [
      1689,
      11689
    ],
    [
      1710,
      11710
    ],
    [
      1714,
      11714
    ],
    [
      1728,
      11728
    ],
    [
      1733,
      11733
    ],
    [
      1756,
      11756
    ],
    [
      1772,
      11772
    ],
    [
      1777,
      11777
    ],
    [
      1790,
      11790
    ],
    [
      1814,
      11814
    ],
    [
      1820,
      11820
    ],
    [
      1826,
      11826
    ],
    [
      1845,
      11845
    ],
    [
      1865,
      11865
    ],
    [
      1868,
      11868
    ],
    [
      1900,
      11900
    ],
    [
      1917,
      11917
    ],
    [
      1926,
      11926
    ],
    [
      1955,
      11955
    ],
    [
      1970,
      11970
    ],
    [
      1984,
      11984
    ],
    [
      1986,
      11986
    ],
    [
      1995,
      11995
    ],
    [
      2003,
      12003
    ],
    [
      2026,
      12026
    ],
    [
      2028,
      12028
    ],
    [
      2063,
      12063
    ],
    [
      2071,
      12071
    ],
    [
      2080,
      12080
    ],
    [
      2081,
      12081
    ],
    [
      2088,
      12088
    ],
    [
      2090,
      12090
    ],
    [
      2103,
      12103
    ],
    [
      2104,
      12104
    ],
    [
      2110,
      12110
    ],
    [
      2114,
      12114
    ],
    [
      2142,
      12142
    ],
    [
      2147,
      12147
    ],
    [
      2162,
      12162
    ],
    [
      2165,
      12165
    ],
    [
      2166,
      12166
    ],
    [
      2169,
      12169
    ],
    [
      2188,
      12188
    ],
    [
      2189,
      12189
    ],
    [
      2192,
      12192
    ],
    [
      2199,
      12199
    ],
    [
      2203,
      12203
    ],
    [
      2213,
      12213
    ],
    [
      2218,
      12218
    ],
    [
      2220,
      12220
    ],
    [
      2228,
      12228
    ],
    [
      2237,
      12237
    ],
    [
      2241,
      12241
    ],
    [
      2267,
      12267
    ],
    [
      2274,
      12274
    ],
    [
      2290,
      12290
    ],
    [
      2293,
      12293
    ],
    [
      2299,
      12299
    ],
    [
      2309,
      12309
    ],
    [
      2317,
      12317
    ],
    [
      2337,
      12337
    ],
    [
      2340,
      12340
    ],
    [
      2342,
      12342
    ],
    [
      2349,
      12349
    ],
    [
      2361,
      12361
    ],
    [
      2413,
      12413
    ],
    [
      2414,
      12414
    ],
    [
      2431,
      12431
    ],
    [
      2441,
      12441
    ],
    [
      2448,
      12448
    ],
    [
      2452,
      12452
    ],
    [
      2495,
      12495
    ],
    [
      2513,
      12513
    ],
    [
      2520,
      12520
    ],
    [
      2533,
      12533
    ],
    [
      2542,
      12542
    ],
    [
      2547,
      12547
    ],
    [
      2548,
      12548
    ],
    [
      2558,
      12558
    ],
    [
      2563,
      12563
    ],
    [
      2567,
      12567
    ],
    [
      2571,
      12571
    ],
    [
      2572,
      12572
    ],
    [
      2575,
      12575
    ],
    [
      2577,
      12577
    ],
    [
      2584,
      12584
    ],
    [
      2597,
      12597
    ],
    [
      2609,
      12609
    ],
    [
      2612,
      12612
    ],
    [
      2619,
      12619
    ],
    [
      2641,
      12641
    ],
    [
      2663,
      12663
    ],
    [
      2678,
      12678
    ],
    [
      2687,
      12687
    ],
    [
      2712,
      12712
    ],
    [
      2722,
      12722
    ],
    [
      2745,
      12745
    ],
    [
      2746,
      12746
    ],
    [
      2754,
      12754
    ],
    [
      2755,
      12755
    ],
    [
      2757,
      12757
    ],
    [
      2759,
      12759
    ],
    [
      2769,
      12769
    ],
    [
      2790,
      12790
    ],
    [
      2799,
      12799
    ],
    [
      2808,
      12808
    ],
    [
      2813,
      12813
    ],
    [
      2818,
      12818
    ],
    [
      2826,
      12826
    ],
    [
      2827,
      12827
    ],
    [
      2843,
      12843
    ],
    [
      2853,
      12853
    ],
    [
      2860,
      12860
    ],
    [
      2861,
      12861
    ],
    [
      2878,
      12878
    ],
    [
      2890,
      12890
    ],
    [
      2891,
      12891
    ],
    [
      2893,
      12893
    ],
    [
      2901,
      12901
    ],
    [
      2916,
      12916
    ],
    [
      2924,
      12924
    ],
    [
      2930,
      12930
    ],
    [
      2931,
      12931
    ],
    [
      2934,
      12934
    ],
    [
      2941,
      12941
    ],
    [
      2955,
      12955
    ],
    [
      2959,
      12959
    ],
    [
      2963,
      12963
    ],
    [
      2979,
      12979
    ],
    [
      2980,
      12980
    ],
    [
      2982,
      12982
    ],
    [
      2991,
      12991
    ],
    [
      2999,
      12999
    ],
    [
      3004,
      13004
    ],
    [
      3020,
      13020
    ],
    [
      3031,
      13031
    ],
    [
      3038,
      13038
    ],
    [
      3072,
      13072
    ],
    [
      3093,
      13093
    ],
    [
      3116,
      13116
    ],
    [
      3120,
      13120
    ],
    [
      3138,
      13138
    ],
    [
      3164,
      13164
    ],
    [
      3185,
      13185
    ],
    [
      3211,
      13211
    ],
    [
      3222,
      13222
    ],
    [
      3229,
      13229
    ],
    [
      3231,
      13231
    ],
    [
      3233,
      13233
    ],
    [
      3245,
      13245
    ],
    [
      3261,
      13261
    ],
    [
      3267,
      13267
    ],
    [
      3273,
      13273
    ],
    [
      3286,
      13286
    ],
    [
      3306,
      13306
    ],
    [
      3328,
      13328
    ],
    [
      3331,
      13331
    ],
    [
      3340,
      13340
    ],
    [
      3341,
      13341
    ],
    [
      3343,
      13343
    ],
    [
      3345,
      13345
    ],
    [
      3360,
      13360
    ],
    [
      3372,
      13372
    ],
    [
      3375,
      13375
    ],
    [
      3385,
      13385
    ],
    [
      3390,
      13390
    ],
    [
      3391,
      13391
    ],
    [
      3408,
      13408
    ],
    [
      3422,
      13422
    ],
    [
      3463,
      13463
    ],
    [
      3473,
      13473
    ],
    [
      3478,
      13478
    ],
    [
      3484,
      13484
    ],
    [
      3490,
      13490
    ],
    [
      3498,
      13498
    ],
    [
      3503,
      13503
    ],
    [
      3512,
      13512
    ],
    [
      3515,
      13515
    ],
    [
      3519,
      13519
    ],
    [
      3527,
      13527
    ],
    [
      3533,
      13533
    ],
    [
      3543,
      13543
    ],
    [
      3551,
      13551
    ],
    [
      3554,
      13554
    ],
    [
      3555,
      13555
    ],
    [
      3581,
      13581
    ],
    [
      3590,
      13590
    ],
    [
      3598,
      13598
    ],
    [
      3603,
      13603
    ],
    [
      3640,
      13640
    ],
    [
      3647,
      13647
    ],
    [
      3673,
      13673
    ],
    [
      3676,
      13676
    ],
    [
      3680,
      13680
    ],
    [
      3690,
      13690
    ],
    [
      3692,
      13692
    ],
    [
      3703,
      13703
    ],
    [
      3706,
      13706
    ],
    [
      3723,
      13723
    ],
    [
      3740,
      13740
    ],
    [
      3759,
      13759
    ],
    [
      3761,
      13761
    ],
    [
      3765,
      13765
    ],
    [
      3782,
      13782
    ],
    [
      3796,
      13796
    ],
    [
      3799,
      13799
    ],
    [
      3812,
      13812
    ],
    [
      3824,
      13824
    ],
    [
      3829,
      13829
    ],
    [
      3844,
      13844
    ],
    [
      3850,
      13850
    ],
    [
      3858,
      13858
    ],
    [
      3862,
      13862
    ],
    [
      3877,
      13877
    ],
    [
      3881,
      13881
    ],
    [
      3887,
      13887
    ],
    [
      3904,
      13904
    ],
    [
      3946,
      13946
    ],
    [
      3951,
      13951
    ],
    [
      3952,
      13952
    ],
    [
      3963,
      13963
    ],
    [
      4005,
      14005
    ],
    [
      4030,
      14030
    ],
    [
      4034,
      14034
    ],
    [
      4039,
      14039
    ],
    [
      4040,
      14040
    ],
    [
      4046,
      14046
    ],
    [
      4069,
      14069
    ],
    [
      4075,
      14075
    ],
    [
      4090,
      14090
    ],
    [
      4118,
      14118
    ],
    [
      4126,
      14126
    ],
    [
      4131,
      14131
    ],
    [
      4149,
      14149
    ],
    [
      4156,
      14156
    ],
    [
      4174,
      14174
    ],
    [
      4179,
      14179
    ],
    [
      4200,
      14200
    ],
    [
      4223,
      14223
    ],
    [
      4238,
      14238
    ],
    [
      4255,
      14255
    ],
    [
      4279,
      14279
    ],
    [
      4283,
      14283
    ],
    [
      4286,
      14286
    ],
    [
      4302,
      14302
    ],
    [
      4316,
      14316
    ],
    [
      4318,
      14318
    ],
    [
      4324,
      14324
    ],
    [
      4327,
      14327
    ],
    [
      4332,
      14332
    ],
    [
      4344,
      14344
    ],
    [
      4348,
      14348
    ],
    [
      4349,
      14349
    ],
    [
      4350,
      14350
    ],
    [
      4362,
      14362
    ],
    [
      4363,
      14363
    ],
    [
      4388,
      14388
    ],
    [
      4389,
      14389
    ],
    [
      4394,
      14394
    ],
    [
      4415,
      14415
    ],
    [
      4433,
      14433
    ],
    [
      4434,
      14434
    ],
    [
      4459,
      14459
    ],
    [
      4465,
      14465
    ],
    [
      4485,
      14485
    ],
    [
      4489,
      14489
    ],
    [
      4500,
      14500
    ],
    [
      4503,
      14503
    ],
    [
      4504,
      14504
    ],
    [
      4520,
      14520
    ],
    [
      4532,
      14532
    ],
    [
      4533,
      14533
    ],
    [
      4544,
      14544
    ],
    [
      4559,
      14559
    ],
    [
      4565,
      14565
    ],
    [
      4570,
      14570
    ],
    [
      4583,
      14583
    ],
    [
      4586,
      14586
    ],
    [
      4587,
      14587
    ],
    [
      4612,
      14612
    ],
    [
      4628,
      14628
    ],
    [
      4655,
      14655
    ],
    [
      4660,
      14660
    ],
    [
      4667,
      14667
    ],
    [
      4674,
      14674
    ],
    [
      4684,
      14684
    ],
    [
      4688,
      14688
    ],
    [
      4710,
      14710
    ],
    [
      4712,
      14712
    ],
    [
      4713,
      14713
    ],
    [
      4724,
      14724
    ],
    [
      4728,
      14728
    ],
    [
      4750,
      14750
    ],
    [
      4766,
      14766
    ],
    [
      4787,
      14787
    ],
    [
      4788,
      14788
    ],
    [
      4789,
      14789
    ],
    [
      4805,
      14805
    ],
    [
      4829,
      14829
    ],
    [
      4830,
      14830
    ],
    [
      4831,
      14831
    ],
    [
      4835,
      14835
    ],
    [
      4849,
      14849
    ],
    [
      4850,
      14850
    ],
    [
      4853,
      14853
    ],
    [
      4867,
      14867
    ],
    [
      4891,
      14891
    ],
    [
      4907,
      14907
    ],
    [
      4908,
      14908
    ],
    [
      4911,
      14911
    ],
    [
      4942,
      14942
    ],
    [
      4977,
      14977
    ],
    [
      4979,
      14979
    ],
    [
      4997,
      14997
    ],
    [
      5012,
      15012
    ],
    [
      5020,
      15020
    ],
    [
      5050,
      15050
    ],
    [
      5068,
      15068
    ],
    [
      5086,
      15086
    ],
    [
      5092,
      15092
    ],
    [
      5113,
      15113
    ],
    [
      5152,
      15152
    ],
    [
      5160,
      15160
    ],
    [
      5164,
      15164
    ],
    [
      5169,
      15169
    ],
    [
      5173,
      15173
    ],
    [
      5174,
      15174
    ],
    [
      5180,
      15180
    ],
    [
      5182,
      15182
    ],
    [
      5189,
      15189
    ],
    [
      5195,
      15195
    ],
    [
      5197,
      15197
    ],
    [
      5198,
      15198
    ],
    [
      5208,
      15208
    ],
    [
      5220,
      15220
    ],
    [
      5230,
      15230
    ],
    [
      5233,
      15233
    ],
    [
      5235,
      15235
    ],
    [
      5244,
      15244
    ],
    [
      5279,
      15279
    ],
    [
      5296,
      15296
    ],
    [
      5307,
      15307
    ],
    [
      5324,
      15324
    ],
    [
      5327,
      15327
    ],
    [
      5361,
      15361
    ],
    [
      5368,
      15368
    ],
    [
      5381,
      15381
    ],
    [
      5385,
      15385
    ],
    [
      5391,
      15391
    ],
    [
      5416,
      15416
    ],
    [
      5419,
      15419
    ],
    [
      5422,
      15422
    ],
    [
      5426,
      15426
    ],
    [
      5432,
      15432
    ],
    [
      5438,
      15438
    ],
    [
      5451,
      15451
    ],
    [
      5474,
      15474
    ],
    [
      5490,
      15490
    ],
    [
      5498,
      15498
    ],
    [
      5502,
      15502
    ],
    [
      5503,
      15503
    ],
    [
      5515,
      15515
    ],
    [
      5522,
      15522
    ],
    [
      5534,
      15534
    ],
    [
      5541,
      15541
    ],
    [
      5569,
      15569
    ],
    [
      5583,
      15583
    ],
    [
      5600,
      15600
    ],
    [
      5601,
      15601
    ],
    [
      5618,
      15618
    ],
    [
      5621,
      15621
    ],
    [
      5624,
      15624
    ],
    [
      5629,
      15629
    ],
    [
      5631,
      15631
    ],
    [
      5639,
      15639
    ],
    [
      5644,
      15644
    ],
    [
      5653,
      15653
    ],
    [
      5654,
      15654
    ],
    [
      5661,
      15661
    ],
    [
      5662,
      15662
    ],
    [
      5672,
      15672
    ],
    [
      5674,
      15674
    ],
    [
      5688,
      15688
    ],
    [
      5713,
      15713
    ],
    [
      5718,
      15718
    ],
    [
      5721,
      15721
    ],
    [
      5742,
      15742
    ],
    [
      5744,
      15744
    ],
    [
      5747,
      15747
    ],
    [
      5782,
      15782
    ],
    [
      5801,
      15801
    ],
    [
      5829,
      15829
    ],
    [
      5830,
      15830
    ],
    [
      5838,
      15838
    ],
    [
      5843,
      15843
    ],
    [
      5869,
      15869
    ],
    [
      5878,
      15878
    ],
    [
      5917,
      15917
    ],
    [
      5919,
      15919
    ],
    [
      5921,
      15921
    ],
    [
      5924,
      15924
    ],
    [
      5945,
      15945
    ],
    [
      5948,
      15948
    ],
    [
      5958,
      15958
    ],
    [
      5960,
      15960
    ],
    [
      5972,
      15972
    ],
    [
      5977,
      15977
    ],
    [
      5979,
      15979
    ],
    [
      5983,
      15983
    ],
    [
      5992,
      15992
    ],
    [
      5997,
      15997
    ],
    [
      6006,
      16006
    ],
    [
      6010,
      16010
    ],
    [
      6014,
      16014
    ],
    [
      6017,
      16017
    ],
    [
      6025,
      16025
    ],
    [
      6029,
      16029
    ],
    [
      6054,
      16054
    ],
    [
      6055,
      16055
    ],
    [
      6058,
      16058
    ],
    [
      6068,
      16068
    ],
    [
      6077,
      16077
    ],
    [
      6091,
      16091
    ],
    [
      6105,
      16105
    ],
    [
      6112,
      16112
    ],
    [
      6116,
      16116
    ],
    [
      6128,
      16128
    ],
    [
      6130,
      16130
    ],
    [
      6154,
      16154
    ],
    [
      6156,
      16156
    ],
    [
      6162,
      16162
    ],
    [
      6169,
      16169
    ],
    [
      6185,
      16185
    ],
    [
      6186,
      16186
    ],
    [
      6192,
      16192
    ],
    [
      6206,
      16206
    ],
    [
      6209,
      16209
    ],
    [
      6243,
      16243
    ],
    [
      6244,
      16244
    ],
    [
      6269,
      16269
    ],
    [
      6270,
      16270
    ],
    [
      6271,
      16271
    ],
    [
      6274,
      16274
    ],
    [
      6310,
      16310
    ],
    [
      6329,
      16329
    ],
    [
      6334,
      16334
    ],
    [
      6346,
      16346
    ],
    [
      6347,
      16347
    ],
    [
      6348,
      16348
    ],
    [
      6355,
      16355
    ],
    [
      6356,
      16356
    ],
    [
      6357,
      16357
    ],
    [
      6365,
      16365
    ],
    [
      6372,
      16372
    ],
    [
      6411,
      16411
    ],
    [
      6414,
      16414
    ],
    [
      6421,
      16421
    ],
    [
      6431,
      16431
    ],
    [
      6432,
      16432
    ],
    [
      6441,
      16441
    ],
    [
      6443,
      16443
    ],
    [
      6458,
      16458
    ],
    [
      6493,
      16493
    ],
    [
      6502,
      16502
    ],
    [
      6515,
      16515
    ],
    [
      6528,
      16528
    ],
    [
      6542,
      16542
    ],
    [
      6544,
      16544
    ],
    [
      6569,
      16569
    ],
    [
      6585,
      16585
    ],
    [
      6587,
      16587
    ],
    [
      6600,
      16600
    ],
    [
      6603,
      16603
    ],
    [
      6606,
      16606
    ],
    [
      6610,
      16610
    ],
    [
      6615,
      16615
    ],
    [
      6626,
      16626
    ],
    [
      6646,
      16646
    ],
    [
      6650,
      16650
    ],
    [
      6651,
      16651
    ],
    [
      6679,
      16679
    ],
    [
      6690,
      16690
    ],
    [
      6695,
      16695
    ],
    [
      6700,
      16700
    ],
    [
      6721,
      16721
    ],
    [
      6726,
      16726
    ],
    [
      6735,
      16735
    ],
    [
      6763,
      16763
    ],
    [
      6770,
      16770
    ],
    [
      6780,
      16780
    ],
    [
      6804,
      16804
    ],
    [
      6810,
      16810
    ],
    [
      6832,
      16832
    ],
    [
      6858,
      16858
    ],
    [
      6861,
      16861
    ],
    [
      6889,
      16889
    ],
    [
      6918,
      16918
    ],
    [
      6925,
      16925
    ],
    [
      6948,
      16948
    ],
    [
      6955,
      16955
    ],
    [
      6974,
      16974
    ],
    [
      6979,
      16979
    ],
    [
      6988,
      16988
    ],
    [
      6990,
      16990
    ],
    [
      6994,
      16994
    ],
    [
      6996,
      16996
    ],
    [
      7004,
      17004
    ],
    [
      7010,
      17010
    ],
    [
      7020,
      17020
    ],
    [
      7034,
      17034
    ],
    [
      7037,
      17037
    ],
    [
      7059,
      17059
    ],
    [
      7066,
      17066
    ],
    [
      7092,
      17092
    ],
    [
      7106,
      17106
    ],
    [
      7112,
      17112
    ],
    [
      7127,
      17127
    ],
    [
      7133,
      17133
    ],
    [
      7140,
      17140
    ],
    [
      7150,
      17150
    ],
    [
      7178,
      17178
    ],
    [
      7180,
      17180
    ],
    [
      7183,
      17183
    ],
    [
      7190,
      17190
    ],
    [
      7229,
      17229
    ],
    [
      7248,
      17248
    ],
    [
      7273,
      17273
    ],
    [
      7283,
      17283
    ],
    [
      7285,
      17285
    ],
    [
      7291,
      17291
    ],
    [
      7292,
      17292
    ],
    [
      7297,
      17297
    ],
    [
      7299,
      17299
    ],
    [
      7311,
      17311
    ],
    [
      7323,
      17323
    ],
    [
      7327,
      17327
    ],
    [
      7349,
      17349
    ],
    [
      7355,
      17355
    ],
    [
      7359,
      17359
    ],
    [
      7365,
      17365
    ],
    [
      7389,
      17389
    ],
    [
      7397,
      17397
    ],
    [
      7412,
      17412
    ],
    [
      7419,
      17419
    ],
    [
      7421,
      17421
    ],
    [
      7424,
      17424
    ],
    [
      7434,
      17434
    ],
    [
      7442,
      17442
    ],
    [
      7445,
      17445
    ],
    [
      7453,
      17453
    ],
    [
      7463,
      17463
    ],
    [
      7467,
      17467
    ],
    [
      7473,
      17473
    ],
    [
      7474,
      17474
    ],
    [
      7481,
      17481
    ],
    [
      7510,
      17510
    ],
    [
      7517,
      17517
    ],
    [
      7519,
      17519
    ],
    [
      7530,
      17530
    ],
    [
      7546,
      17546
    ],
    [
      7550,
      17550
    ],
    [
      7557,
      17557
    ],
    [
      7563,
      17563
    ],
    [
      7567,
      17567
    ],
    [
      7583,
      17583
    ],
    [
      7584,
      17584
    ],
    [
      7599,
      17599
    ],
    [
      7619,
      17619
    ],
    [
      7632,
      17632
    ],
    [
      7639,
      17639
    ],
    [
      7657,
      17657
    ],
    [
      7660,
      17660
    ],
    [
      7675,
      17675
    ],
    [
      7710,
      17710
    ],
    [
      7724,
      17724
    ],
    [
      7733,
      17733
    ],
    [
      7735,
      17735
    ],
    [
      7736,
      17736
    ],
    [
      7749,
      17749
    ],
    [
      7824,
      17824
    ],
    [
      7840,
      17840
    ],
    [
      7846,
      17846
    ],
    [
      7848,
      17848
    ],
    [
      7858,
      17858
    ],
    [
      7864,
      17864
    ],
    [
      7868,
      17868
    ],
    [
      7871,
      17871
    ],
    [
      7874,
      17874
    ],
    [
      7886,
      17886
    ],
    [
      7892,
      17892
    ],
    [
      7897,
      17897
    ],
    [
      7932,
      17932
    ],
    [
      7937,
      17937
    ],
    [
      7942,
      17942
    ],
    [
      7958,
      17958
    ],
    [
      7963,
      17963
    ],
    [
      7986,
      17986
    ],
    [
      7993,
      17993
    ],
    [
      8005,
      18005
    ],
    [
      8009,
      18009
    ],
    [
      8013,
      18013
    ],
    [
      8032,
      18032
    ],
    [
      8036,
      18036
    ],
    [
      8041,
      18041
    ],
    [
      8066,
      18066
    ],
    [
      8084,
      18084
    ],
    [
      8090,
      18090
    ],
    [
      8092,
      18092
    ],
    [
      8094,
      18094
    ],
    [
      8108,
      18108
    ],
    [
      8119,
      18119
    ],
    [
      8139,
      18139
    ],
    [
      8144,
      18144
    ],
    [
      8158,
      18158
    ],
    [
      8164,
      18164
    ],
    [
      8168,
      18168
    ],
    [
      8189,
      18189
    ],
    [
      8219,
      18219
    ],
    [
      8244,
      18244
    ],
    [
      8246,
      18246
    ],
    [
      8258,
      18258
    ],
    [
      8269,
      18269
    ],
    [
      8289,
      18289
    ],
    [
      8293,
      18293
    ],
    [
      8296,
      18296
    ],
    [
      8312,
      18312
    ],
    [
      8331,
      18331
    ],
    [
      8335,
      18335
    ],
    [
      8338,
      18338
    ],
    [
      8342,
      18342
    ],
    [
      8356,
      18356
    ],
    [
      8363,
      18363
    ],
    [
      8379,
      18379
    ],
    [
      8394,
      18394
    ],
    [
      8410,
      18410
    ],
    [
      8412,
      18412
    ],
    [
      8418,
      18418
    ],
    [
      8426,
      18426
    ],
    [
      8435,
      18435
    ],
    [
      8437,
      18437
    ],
    [
      8446,
      18446
    ],
    [
      8449,
      18449
    ],
    [
      8450,
      18450
    ],
    [
      8454,
      18454
    ],
    [
      8458,
      18458
    ],
    [
      8460,
      18460
    ],
    [
      8464,
      18464
    ],
    [
      8469,
      18469
    ],
    [
      8509,
      18509
    ],
    [
      8516,
      18516
    ],
    [
      8517,
      18517
    ],
    [
      8518,
      18518
    ],
    [
      8520,
      18520
    ],
    [
      8526,
      18526
    ],
    [
      8528,
      18528
    ],
    [
      8557,
      18557
    ],
    [
      8571,
      18571
    ],
    [
      8574,
      18574
    ],
    [
      8596,
      18596
    ],
    [
      8609,
      18609
    ],
    [
      8617,
      18617
    ],
    [
      8619,
      18619
    ],
    [
      8624,
      18624
    ],
    [
      8626,
      18626
    ],
    [
      8629,
      18629
    ],
    [
      8642,
      18642
    ],
    [
      8647,
      18647
    ],
    [
      8655,
      18655
    ],
    [
      8656,
      18656
    ],
    [
      8666,
      18666
    ],
    [
      8679,
      18679
    ],
    [
      8685,
      18685
    ],
    [
      8687,
      18687
    ],
    [
      8692,
      18692
    ],
    [
      8702,
      18702
    ],
    [
      8710,
      18710
    ],
    [
      8740,
      18740
    ],
    [
      8750,
      18750
    ],
    [
      8772,
      18772
    ],
    [
      8784,
      18784
    ],
    [
      8789,
      18789
    ],
    [
      8795,
      18795
    ],
    [
      8797,
      18797
    ],
    [
      8803,
      18803
    ],
    [
      8804,
      18804
    ],
    [
      8815,
      18815
    ],
    [
      8824,
      18824
    ],
    [
      8838,
      18838
    ],
    [
      8844,
      18844
    ],
    [
      8858,
      18858
    ],
    [
      8863,
      18863
    ],
    [
      8865,
      18865
    ],
    [
      8870,
      18870
    ],
    [
      8874,
      18874
    ],
    [
      8879,
      18879
    ],
    [
      8887,
      18887
    ],
    [
      8959,
      18959
    ],
    [
      8973,
      18973
    ],
    [
      8986,
      18986
    ],
    [
      9005,
      19005
    ],
    [
      9033,
      19033
    ],
    [
      9102,
      19102
    ],
    [
      9104,
      19104
    ],
    [
      9105,
      19105
    ],
    [
      9106,
      19106
    ],
    [
      9112,
      19112
    ],
    [
      9123,
      19123
    ],
    [
      9124,
      19124
    ],
    [
      9133,
      19133
    ],
    [
      9190,
      19190
    ],
    [
      9199,
      19199
    ],
    [
      9205,
      19205
    ],
    [
      9212,
      19212
    ],
    [
      9222,
      19222
    ],
    [
      9246,
      19246
    ],
    [
      9248,
      19248
    ],
    [
      9254,
      19254
    ],
    [
      9264,
      19264
    ],
    [
      9275,
      19275
    ],
    [
      9277,
      19277
    ],
    [
      9281,
      19281
    ],
    [
      9293,
      19293
    ],
    [
      9299,
      19299
    ],
    [
      9319,
      19319
    ],
    [
      9320,
      19320
    ],
    [
      9369,
      19369
    ],
    [
      9372,
      19372
    ],
    [
      9382,
      19382
    ],
    [
      9384,
      19384
    ],
    [
      9395,
      19395
    ],
    [
      9413,
      19413
    ],
    [
      9417,
      19417
    ],
    [
      9420,
      19420
    ],
    [
      9432,
      19432
    ],
    [
      9435,
      19435
    ],
    [
      9453,
      19453
    ],
    [
      9459,
      19459
    ],
    [
      9471,
      19471
    ],
    [
      9485,
      19485
    ],
    [
      9494,
      19494
    ],
    [
      9502,
      19502
    ],
    [
      9503,
      19503
    ],
    [
      9505,
      19505
    ],
    [
      9513,
      19513
    ],
    [
      9561,
      19561
    ],
    [
      9568,
      19568
    ],
    [
      9574,
      19574
    ],
    [
      9580,
      19580
    ],
    [
      9589,
      19589
    ],
    [
      9591,
      19591
    ],
    [
      9603,
      19603
    ],
    [
      9613,
      19613
    ],
    [
      9643,
      19643
    ],
    [
      9645,
      19645
    ],
    [
      9647,
      19647
    ],
    [
      9666,
      19666
    ],
    [
      9667,
      19667
    ],
    [
      9677,
      19677
    ],
    [
      9679,
      19679
    ],
    [
      9708,
      19708
    ],
    [
      9720,
      19720
    ],
    [
      9723,
      19723
    ],
    [
      9725,
      19725
    ],
    [
      9728,
      19728
    ],
    [
      9733,
      19733
    ],
    [
      9737,
      19737
    ],
    [
      9748,
      19748
    ],
    [
      9751,
      19751
    ],
    [
      9754,
      19754
    ],
    [
      9757,
      19757
    ],
    [
      9759,
      19759
    ],
    [
      9786,
      19786
    ],
    [
      9795,
      19795
    ],
    [
      9816,
      19816
    ],
    [
      9844,
      19844
    ],
    [
      9863,
      19863
    ],
    [
      9869,
      19869
    ],
    [
      9879,
      19879
    ],
    [
      9883,
      19883
    ],
    [
      9888,
      19888
    ],
    [
      9890,
      19890
    ],
    [
      9895,
      19895
    ],
    [
      9897,
      19897
    ],
    [
      9908,
      19908
    ],
    [
      9942,
      19942
    ],
    [
      9953,
      19953
    ],
    [
      9968,
      19968
    ],
    [
      9972,
      19972
    ],
    [
      9988,
      19988
    ]
  ]
}