{
  "n_true_positives": 291,
  "n_positives": 291,
  "total_time": 84.79254341125488,
  "date": "2025-01-25T15:44:15.048216",
  "backend": "BruteForce",
  "n_bins": 0,
  "eps": 7.5,
  "args": {
    "csvpath": [
      "../data/RobustBench/predictions/cifar100c-Gowal2020Uncovering_Linf/vanilla.csv",
      "../data/RobustBench/predictions/cifar100c-Gowal2020Uncovering_Linf/shot_noise-1.csv"
    ],
    "eps": 7.5,
    "n_bins": 0,
    "n_examples": -1,
    "out_path": "../results/semantic//results/cifar100c-Gowal2020Uncovering_Linf/cifar100c-Gowal2020Uncovering_Linf-L2-7.5-shot_noise-1.json",
    "full_output": false,
    "verbose": false,
    "randomize_order": false,
    "backend": "bf",
    "blind_cols": null,
    "pred": "pred",
    "metric": "L2"
  },
  "backend_meta": {
    "epsilon": 7.5,
    "decision_col": "pred",
    "metric": "Linf",
    "is_exact": true,
    "is_sound": true,
    "is_complete": true
  },
  "positives": [
    [
      1,
      10001
    ],
    [
      63,
      10063
    ],
    [
      64,
      10064
    ],
    [
      172,
      10172
    ],
    [
      197,
      10197
    ],
    [
      285,
      10285
    ],
    [
      311,
      10311
    ],
    [
      349,
      10349
    ],
    [
      368,
      10368
    ],
    [
      395,
      10395
    ],
    [
      408,
      10408
    ],
    [
      451,
      10451
    ],
    [
      456,
      10456
    ],
    [
      464,
      10464
    ],
    [
      500,
      10500
    ],
    [
      587,
      10587
    ],
    [
      670,
      10670
    ],
    [
      673,
      10673
    ],
    [
      743,
      10743
    ],
    [
      842,
      10842
    ],
    [
      871,
      10871
    ],
    [
      902,
      10902
    ],
    [
      921,
      10921
    ],
    [
      938,
      10938
    ],
    [
      992,
      10992
    ],
    [
      1000,
      11000
    ],
    [
      1022,
      11022
    ],
    [
      1034,
      11034
    ],
    [
      1053,
      11053
    ],
    [
      1074,
      11074
    ],
    [
      1113,
      11113
    ],
    [
      1140,
      11140
    ],
    [
      1211,
      11211
    ],
    [
      1242,
      11242
    ],
    [
      1299,
      11299
    ],
    [
      1315,
      11315
    ],
    [
      1348,
      11348
    ],
    [
      1352,
      11352
    ],
    [
      1374,
      11374
    ],
    [
      1383,
      11383
    ],
    [
      1413,
      11413
    ],
    [
      1439,
      11439
    ],
    [
      1517,
      11517
    ],
    [
      1532,
      11532
    ],
    [
      1616,
      11616
    ],
    [
      1617,
      11617
    ],
    [
      1684,
      11684
    ],
    [
      1798,
      11798
    ],
    [
      1883,
      11883
    ],
    [
      1921,
      11921
    ],
    [
      1958,
      11958
    ],
    [
      2021,
      12021
    ],
    [
      2052,
      12052
    ],
    [
      2103,
      12103
    ],
    [
      2188,
      12188
    ],
    [
      2227,
      12227
    ],
    [
      2278,
      12278
    ],
    [
      2299,
      12299
    ],
    [
      2345,
      12345
    ],
    [
      2357,
      12357
    ],
    [
      2370,
      12370
    ],
    [
      2447,
      12447
    ],
    [
      2481,
      12481
    ],
    [
      2534,
      12534
    ],
    [
      2572,
      12572
    ],
    [
      2619,
      12619
    ],
    [
      2644,
      12644
    ],
    [
      2651,
      12651
    ],
    [
      2660,
      12660
    ],
    [
      2673,
      12673
    ],
    [
      2703,
      12703
    ],
    [
      2704,
      12704
    ],
    [
      2722,
      12722
    ],
    [
      2755,
      12755
    ],
    [
      2866,
      12866
    ],
    [
      2880,
      12880
    ],
    [
      2883,
      12883
    ],
    [
      2885,
      12885
    ],
    [
      2955,
      12955
    ],
    [
      2970,
      12970
    ],
    [
      3024,
      13024
    ],
    [
      3029,
      13029
    ],
    [
      3043,
      13043
    ],
    [
      3164,
      13164
    ],
    [
      3175,
      13175
    ],
    [
      3211,
      13211
    ],
    [
      3230,
      13230
    ],
    [
      3267,
      13267
    ],
    [
      3344,
      13344
    ],
    [
      3345,
      13345
    ],
    [
      3359,
      13359
    ],
    [
      3369,
      13369
    ],
    [
      3375,
      13375
    ],
    [
      3405,
      13405
    ],
    [
      3469,
      13469
    ],
    [
      3487,
      13487
    ],
    [
      3535,
      13535
    ],
    [
      3590,
      13590
    ],
    [
      3754,
      13754
    ],
    [
      3818,
      13818
    ],
    [
      3844,
      13844
    ],
    [
      3897,
      13897
    ],
    [
      3900,
      13900
    ],
    [
      3915,
      13915
    ],
    [
      3943,
      13943
    ],
    [
      4075,
      14075
    ],
    [
      4101,
      14101
    ],
    [
      4110,
      14110
    ],
    [
      4131,
      14131
    ],
    [
      4149,
      14149
    ],
    [
      4177,
      14177
    ],
    [
      4200,
      14200
    ],
    [
      4238,
      14238
    ],
    [
      4288,
      14288
    ],
    [
      4300,
      14300
    ],
    [
      4348,
      14348
    ],
    [
      4363,
      14363
    ],
    [
      4383,
      14383
    ],
    [
      4415,
      14415
    ],
    [
      4430,
      14430
    ],
    [
      4459,
      14459
    ],
    [
      4499,
      14499
    ],
    [
      4537,
      14537
    ],
    [
      4545,
      14545
    ],
    [
      4583,
      14583
    ],
    [
      4586,
      14586
    ],
    [
      4612,
      14612
    ],
    [
      4661,
      14661
    ],
    [
      4710,
      14710
    ],
    [
      4724,
      14724
    ],
    [
      4727,
      14727
    ],
    [
      4751,
      14751
    ],
    [
      4806,
      14806
    ],
    [
      4831,
      14831
    ],
    [
      4867,
      14867
    ],
    [
      4877,
      14877
    ],
    [
      4903,
      14903
    ],
    [
      4910,
      14910
    ],
    [
      4937,
      14937
    ],
    [
      4979,
      14979
    ],
    [
      5012,
      15012
    ],
    [
      5057,
      15057
    ],
    [
      5085,
      15085
    ],
    [
      5092,
      15092
    ],
    [
      5133,
      15133
    ],
    [
      5153,
      15153
    ],
    [
      5208,
      15208
    ],
    [
      5254,
      15254
    ],
    [
      5293,
      15293
    ],
    [
      5307,
      15307
    ],
    [
      5312,
      15312
    ],
    [
      5329,
      15329
    ],
    [
      5338,
      15338
    ],
    [
      5347,
      15347
    ],
    [
      5354,
      15354
    ],
    [
      5432,
      15432
    ],
    [
      5438,
      15438
    ],
    [
      5449,
      15449
    ],
    [
      5502,
      15502
    ],
    [
      5506,
      15506
    ],
    [
      5540,
      15540
    ],
    [
      5626,
      15626
    ],
    [
      5651,
      15651
    ],
    [
      5719,
      15719
    ],
    [
      5742,
      15742
    ],
    [
      5811,
      15811
    ],
    [
      5945,
      15945
    ],
    [
      5947,
      15947
    ],
    [
      5972,
      15972
    ],
    [
      5996,
      15996
    ],
    [
      5997,
      15997
    ],
    [
      6005,
      16005
    ],
    [
      6036,
      16036
    ],
    [
      6067,
      16067
    ],
    [
      6192,
      16192
    ],
    [
      6201,
      16201
    ],
    [
      6243,
      16243
    ],
    [
      6246,
      16246
    ],
    [
      6355,
      16355
    ],
    [
      6391,
      16391
    ],
    [
      6467,
      16467
    ],
    [
      6503,
      16503
    ],
    [
      6511,
      16511
    ],
    [
      6585,
      16585
    ],
    [
      6589,
      16589
    ],
    [
      6679,
      16679
    ],
    [
      6700,
      16700
    ],
    [
      6752,
      16752
    ],
    [
      6788,
      16788
    ],
    [
      6832,
      16832
    ],
    [
      6888,
      16888
    ],
    [
      6894,
      16894
    ],
    [
      7011,
      17011
    ],
    [
      7047,
      17047
    ],
    [
      7183,
      17183
    ],
    [
      7205,
      17205
    ],
    [
      7273,
      17273
    ],
    [
      7285,
      17285
    ],
    [
      7308,
      17308
    ],
    [
      7314,
      17314
    ],
    [
      7355,
      17355
    ],
    [
      7393,
      17393
    ],
    [
      7397,
      17397
    ],
    [
      7408,
      17408
    ],
    [
      7473,
      17473
    ],
    [
      7481,
      17481
    ],
    [
      7512,
      17512
    ],
    [
      7550,
      17550
    ],
    [
      7555,
      17555
    ],
    [
      7570,
      17570
    ],
    [
      7573,
      17573
    ],
    [
      7580,
      17580
    ],
    [
      7614,
      17614
    ],
    [
      7644,
      17644
    ],
    [
      7724,
      17724
    ],
    [
      7735,
      17735
    ],
    [
      7757,
      17757
    ],
    [
      7787,
      17787
    ],
    [
      7838,
      17838
    ],
    [
      7852,
      17852
    ],
    [
      7865,
      17865
    ],
    [
      7881,
      17881
    ],
    [
      7912,
      17912
    ],
    [
      7921,
      17921
    ],
    [
      7937,
      17937
    ],
    [
      7984,
      17984
    ],
    [
      7986,
      17986
    ],
    [
      7996,
      17996
    ],
    [
      8021,
      18021
    ],
    [
      8084,
      18084
    ],
    [
      8130,
      18130
    ],
    [
      8133,
      18133
    ],
    [
      8155,
      18155
    ],
    [
      8184,
      18184
    ],
    [
      8244,
      18244
    ],
    [
      8246,
      18246
    ],
    [
      8292,
      18292
    ],
    [
      8331,
      18331
    ],
    [
      8376,
      18376
    ],
    [
      8392,
      18392
    ],
    [
      8458,
      18458
    ],
    [
      8481,
      18481
    ],
    [
      8528,
      18528
    ],
    [
      8576,
      18576
    ],
    [
      8590,
      18590
    ],
    [
      8642,
      18642
    ],
    [
      8679,
      18679
    ],
    [
      8687,
      18687
    ],
    [
      8698,
      18698
    ],
    [
      8745,
      18745
    ],
    [
      8759,
      18759
    ],
    [
      8817,
      18817
    ],
    [
      8824,
      18824
    ],
    [
      8844,
      18844
    ],
    [
      8879,
      18879
    ],
    [
      8916,
      18916
    ],
    [
      8965,
      18965
    ],
    [
      9009,
      19009
    ],
    [
      9050,
      19050
    ],
    [
      9066,
      19066
    ],
    [
      9126,
      19126
    ],
    [
      9170,
      19170
    ],
    [
      9222,
      19222
    ],
    [
      9275,
      19275
    ],
    [
      9304,
      19304
    ],
    [
      9319,
      19319
    ],
    [
      9329,
      19329
    ],
    [
      9358,
      19358
    ],
    [
      9370,
      19370
    ],
    [
      9376,
      19376
    ],
    [
      9382,
      19382
    ],
    [
      9412,
      19412
    ],
    [
      9419,
      19419
    ],
    [
      9466,
      19466
    ],
    [
      9468,
      19468
    ],
    [
      9512,
      19512
    ],
    [
      9552,
      19552
    ],
    [
      9589,
      19589
    ],
    [
      9592,
      19592
    ],
    [
      9650,
      19650
    ],
    [
      9666,
      19666
    ],
    [
      9679,
      19679
    ],
    [
      9683,
      19683
    ],
    [
      9737,
      19737
    ],
    [
      9748,
      19748
    ],
    [
      9757,
      19757
    ],
    [
      9785,
      19785
    ],
    [
      9810,
      19810
    ],
    [
      9863,
      19863
    ],
    [
      9935,
      19935
    ],
    [
      9987,
      19987
    ]
  ]
}