{
  "n_true_positives": 136,
  "n_positives": 136,
  "total_time": 128.88174700737,
  "date": "2025-01-25T17:51:39.505029",
  "backend": "BruteForce",
  "n_bins": 0,
  "eps": 7.5,
  "args": {
    "csvpath": [
      "../data/RobustBench/predictions/imagenet3dcc-AlexNet/vanilla.csv",
      "../data/RobustBench/predictions/imagenet3dcc-AlexNet/fog_3d-4.csv"
    ],
    "eps": 7.5,
    "n_bins": 0,
    "n_examples": -1,
    "out_path": "../results/semantic//results/imagenet3dcc-AlexNet/imagenet3dcc-AlexNet-L2-7.5-fog_3d-4.json",
    "full_output": false,
    "verbose": false,
    "randomize_order": false,
    "backend": "bf",
    "blind_cols": null,
    "pred": "pred",
    "metric": "L2"
  },
  "backend_meta": {
    "epsilon": 7.5,
    "decision_col": "pred",
    "metric": "Linf",
    "is_exact": true,
    "is_sound": true,
    "is_complete": true
  },
  "positives": [
    [
      5043,
      6744
    ],
    [
      5052,
      9130
    ],
    [
      5073,
      5217
    ],
    [
      5082,
      7978
    ],
    [
      5141,
      6401
    ],
    [
      5143,
      9020
    ],
    [
      5145,
      5856
    ],
    [
      5145,
      9287
    ],
    [
      5164,
      6651
    ],
    [
      5194,
      7019
    ],
    [
      5217,
      9923
    ],
    [
      5241,
      6787
    ],
    [
      5248,
      6906
    ],
    [
      5248,
      8968
    ],
    [
      5257,
      6665
    ],
    [
      5304,
      5483
    ],
    [
      5304,
      7743
    ],
    [
      5372,
      7743
    ],
    [
      5372,
      9429
    ],
    [
      5374,
      5833
    ],
    [
      5381,
      5766
    ],
    [
      5381,
      7615
    ],
    [
      5396,
      7571
    ],
    [
      5398,
      9381
    ],
    [
      5415,
      6762
    ],
    [
      5415,
      6812
    ],
    [
      5483,
      6209
    ],
    [
      5483,
      9878
    ],
    [
      5490,
      8447
    ],
    [
      5501,
      7697
    ],
    [
      5557,
      5813
    ],
    [
      5566,
      6906
    ],
    [
      5566,
      8968
    ],
    [
      5566,
      9978
    ],
    [
      5632,
      8412
    ],
    [
      5640,
      6542
    ],
    [
      5640,
      6753
    ],
    [
      5642,
      6425
    ],
    [
      5705,
      7626
    ],
    [
      5750,
      7938
    ],
    [
      5750,
      8045
    ],
    [
      5751,
      8547
    ],
    [
      5766,
      7615
    ],
    [
      5766,
      9325
    ],
    [
      5813,
      6925
    ],
    [
      5826,
      8617
    ],
    [
      5856,
      6422
    ],
    [
      5856,
      9074
    ],
    [
      5911,
      6514
    ],
    [
      5921,
      8412
    ],
    [
      5921,
      8752
    ],
    [
      6001,
      7874
    ],
    [
      6001,
      7934
    ],
    [
      6001,
      8043
    ],
    [
      6001,
      9374
    ],
    [
      6026,
      6737
    ],
    [
      6031,
      7878
    ],
    [
      6031,
      8126
    ],
    [
      6092,
      7571
    ],
    [
      6186,
      6696
    ],
    [
      6191,
      8968
    ],
    [
      6209,
      6696
    ],
    [
      6253,
      9973
    ],
    [
      6272,
      8533
    ],
    [
      6273,
      9926
    ],
    [
      6295,
      6325
    ],
    [
      6325,
      8551
    ],
    [
      6360,
      8188
    ],
    [
      6360,
      8900
    ],
    [
      6360,
      9375
    ],
    [
      6384,
      7341
    ],
    [
      6406,
      9247
    ],
    [
      6410,
      6425
    ],
    [
      6410,
      6696
    ],
    [
      6410,
      7250
    ],
    [
      6410,
      8153
    ],
    [
      6410,
      9072
    ],
    [
      6422,
      9287
    ],
    [
      6425,
      6696
    ],
    [
      6453,
      7626
    ],
    [
      6453,
      8401
    ],
    [
      6465,
      9429
    ],
    [
      6542,
      9625
    ],
    [
      6542,
      9846
    ],
    [
      6696,
      7250
    ],
    [
      6744,
      7643
    ],
    [
      6744,
      9153
    ],
    [
      6744,
      9876
    ],
    [
      6753,
      7229
    ],
    [
      6753,
      8250
    ],
    [
      6753,
      9625
    ],
    [
      6753,
      9904
    ],
    [
      6758,
      9973
    ],
    [
      6779,
      8533
    ],
    [
      6878,
      7938
    ],
    [
      6925,
      9755
    ],
    [
      6974,
      8126
    ],
    [
      7019,
      9978
    ],
    [
      7093,
      9130
    ],
    [
      7250,
      9072
    ],
    [
      7278,
      7855
    ],
    [
      7413,
      9325
    ],
    [
      7434,
      7697
    ],
    [
      7445,
      9755
    ],
    [
      7465,
      9247
    ],
    [
      7576,
      8066
    ],
    [
      7606,
      7615
    ],
    [
      7626,
      8112
    ],
    [
      7626,
      8401
    ],
    [
      7626,
      8870
    ],
    [
      7743,
      9878
    ],
    [
      7757,
      7811
    ],
    [
      7757,
      8172
    ],
    [
      7811,
      8172
    ],
    [
      7874,
      8043
    ],
    [
      7878,
      8126
    ],
    [
      7934,
      8043
    ],
    [
      7973,
      9755
    ],
    [
      8043,
      9374
    ],
    [
      8069,
      8188
    ],
    [
      8069,
      8900
    ],
    [
      8112,
      8401
    ],
    [
      8141,
      9702
    ],
    [
      8151,
      8175
    ],
    [
      8172,
      9859
    ],
    [
      8175,
      8536
    ],
    [
      8183,
      8313
    ],
    [
      8313,
      9375
    ],
    [
      8342,
      9235
    ],
    [
      8401,
      9016
    ],
    [
      8870,
      9895
    ],
    [
      8897,
      8912
    ],
    [
      8962,
      9437
    ],
    [
      9074,
      9287
    ],
    [
      9247,
      9574
    ],
    [
      9259,
      9778
    ]
  ]
}