{
  "n_true_positives": 6,
  "n_positives": 6,
  "total_time": 113.3859372138977,
  "date": "2025-01-25T17:19:56.463367",
  "backend": "BruteForce",
  "n_bins": 0,
  "eps": 7.5,
  "args": {
    "csvpath": [
      "../data/RobustBench/predictions/imagenet3dcc-AlexNet/vanilla.csv",
      "../data/RobustBench/predictions/imagenet3dcc-AlexNet/fog_3d-1.csv"
    ],
    "eps": 7.5,
    "n_bins": 0,
    "n_examples": -1,
    "out_path": "../results/semantic//results/imagenet3dcc-AlexNet/imagenet3dcc-AlexNet-L2-7.5-fog_3d-1.json",
    "full_output": false,
    "verbose": false,
    "randomize_order": false,
    "backend": "bf",
    "blind_cols": null,
    "pred": "pred",
    "metric": "L2"
  },
  "backend_meta": {
    "epsilon": 7.5,
    "decision_col": "pred",
    "metric": "Linf",
    "is_exact": true,
    "is_sound": true,
    "is_complete": true
  },
  "positives": [
    [
      456,
      5456
    ],
    [
      1564,
      6564
    ],
    [
      1889,
      6889
    ],
    [
      3106,
      8106
    ],
    [
      4086,
      9086
    ],
    [
      4660,
      9660
    ]
  ]
}