{
  "n_true_positives": 8,
  "n_positives": 8,
  "total_time": 119.51875352859497,
  "date": "2025-01-25T18:15:18.063268",
  "backend": "BruteForce",
  "n_bins": 0,
  "eps": 7.5,
  "args": {
    "csvpath": [
      "../data/RobustBench/predictions/imagenet3dcc-AlexNet/vanilla.csv",
      "../data/RobustBench/predictions/imagenet3dcc-AlexNet/h265_crf-3.csv"
    ],
    "eps": 7.5,
    "n_bins": 0,
    "n_examples": -1,
    "out_path": "../results/semantic//results/imagenet3dcc-AlexNet/imagenet3dcc-AlexNet-L2-7.5-h265_crf-3.json",
    "full_output": false,
    "verbose": false,
    "randomize_order": false,
    "backend": "bf",
    "blind_cols": null,
    "pred": "pred",
    "metric": "L2"
  },
  "backend_meta": {
    "epsilon": 7.5,
    "decision_col": "pred",
    "metric": "Linf",
    "is_exact": true,
    "is_sound": true,
    "is_complete": true
  },
  "positives": [
    [
      504,
      5504
    ],
    [
      1258,
      6258
    ],
    [
      1421,
      6421
    ],
    [
      1565,
      6565
    ],
    [
      1618,
      6618
    ],
    [
      1977,
      6977
    ],
    [
      4097,
      9097
    ],
    [
      4167,
      9167
    ]
  ]
}