{
  "n_true_positives": 8,
  "n_positives": 8,
  "total_time": 137.49322938919067,
  "date": "2025-01-25T17:59:54.967648",
  "backend": "BruteForce",
  "n_bins": 0,
  "eps": 7.5,
  "args": {
    "csvpath": [
      "../data/RobustBench/predictions/imagenet3dcc-AlexNet/vanilla.csv",
      "../data/RobustBench/predictions/imagenet3dcc-AlexNet/far_focus-5.csv"
    ],
    "eps": 7.5,
    "n_bins": 0,
    "n_examples": -1,
    "out_path": "../results/semantic//results/imagenet3dcc-AlexNet/imagenet3dcc-AlexNet-L2-7.5-far_focus-5.json",
    "full_output": false,
    "verbose": false,
    "randomize_order": false,
    "backend": "bf",
    "blind_cols": null,
    "pred": "pred",
    "metric": "L2"
  },
  "backend_meta": {
    "epsilon": 7.5,
    "decision_col": "pred",
    "metric": "Linf",
    "is_exact": true,
    "is_sound": true,
    "is_complete": true
  },
  "positives": [
    [
      787,
      5787
    ],
    [
      1114,
      6114
    ],
    [
      2307,
      7307
    ],
    [
      2545,
      7545
    ],
    [
      2794,
      7794
    ],
    [
      3451,
      8451
    ],
    [
      3945,
      8945
    ],
    [
      4660,
      9660
    ]
  ]
}