{
  "n_true_positives": 71,
  "n_positives": 71,
  "total_time": 143.2144742012024,
  "date": "2025-01-25T17:22:58.987345",
  "backend": "BruteForce",
  "n_bins": 0,
  "eps": 7.5,
  "args": {
    "csvpath": [
      "../data/RobustBench/predictions/imagenet3dcc-AlexNet/vanilla.csv",
      "../data/RobustBench/predictions/imagenet3dcc-AlexNet/h265_abr-1.csv"
    ],
    "eps": 7.5,
    "n_bins": 0,
    "n_examples": -1,
    "out_path": "../results/semantic//results/imagenet3dcc-AlexNet/imagenet3dcc-AlexNet-L2-7.5-h265_abr-1.json",
    "full_output": false,
    "verbose": false,
    "randomize_order": false,
    "backend": "bf",
    "blind_cols": null,
    "pred": "pred",
    "metric": "L2"
  },
  "backend_meta": {
    "epsilon": 7.5,
    "decision_col": "pred",
    "metric": "Linf",
    "is_exact": true,
    "is_sound": true,
    "is_complete": true
  },
  "positives": [
    [
      44,
      5044
    ],
    [
      98,
      5098
    ],
    [
      110,
      5110
    ],
    [
      177,
      5177
    ],
    [
      192,
      5192
    ],
    [
      216,
      5216
    ],
    [
      310,
      5310
    ],
    [
      337,
      5337
    ],
    [
      504,
      5504
    ],
    [
      754,
      5754
    ],
    [
      771,
      5771
    ],
    [
      787,
      5787
    ],
    [
      856,
      5856
    ],
    [
      970,
      5970
    ],
    [
      1150,
      6150
    ],
    [
      1223,
      6223
    ],
    [
      1258,
      6258
    ],
    [
      1280,
      6280
    ],
    [
      1287,
      6287
    ],
    [
      1398,
      6398
    ],
    [
      1421,
      6421
    ],
    [
      1445,
      6445
    ],
    [
      1556,
      6556
    ],
    [
      1565,
      6565
    ],
    [
      1587,
      6587
    ],
    [
      1614,
      6614
    ],
    [
      1618,
      6618
    ],
    [
      1667,
      6667
    ],
    [
      1727,
      6727
    ],
    [
      1744,
      6744
    ],
    [
      1751,
      6751
    ],
    [
      1916,
      6916
    ],
    [
      1959,
      6959
    ],
    [
      1973,
      6973
    ],
    [
      1977,
      6977
    ],
    [
      2167,
      7167
    ],
    [
      2313,
      7313
    ],
    [
      2429,
      7429
    ],
    [
      2483,
      7483
    ],
    [
      2492,
      7492
    ],
    [
      2560,
      7560
    ],
    [
      2701,
      7701
    ],
    [
      2719,
      7719
    ],
    [
      2722,
      7722
    ],
    [
      2744,
      7744
    ],
    [
      2794,
      7794
    ],
    [
      2838,
      7838
    ],
    [
      2839,
      7839
    ],
    [
      2999,
      7999
    ],
    [
      3071,
      8071
    ],
    [
      3236,
      8236
    ],
    [
      3275,
      8275
    ],
    [
      3289,
      8289
    ],
    [
      3382,
      8382
    ],
    [
      3401,
      8401
    ],
    [
      3414,
      8414
    ],
    [
      3519,
      8519
    ],
    [
      3626,
      8626
    ],
    [
      3631,
      8631
    ],
    [
      3651,
      8651
    ],
    [
      3764,
      8764
    ],
    [
      3848,
      8848
    ],
    [
      3887,
      8887
    ],
    [
      3952,
      8952
    ],
    [
      4097,
      9097
    ],
    [
      4167,
      9167
    ],
    [
      4305,
      9305
    ],
    [
      4382,
      9382
    ],
    [
      4395,
      9395
    ],
    [
      4667,
      9667
    ],
    [
      4717,
      9717
    ]
  ]
}