{
  "n_true_positives": 90,
  "n_positives": 90,
  "total_time": 118.57306051254272,
  "date": "2025-01-25T17:24:05.616429",
  "backend": "BruteForce",
  "n_bins": 0,
  "eps": 7.5,
  "args": {
    "csvpath": [
      "../data/RobustBench/predictions/imagenet3dcc-AlexNet/vanilla.csv",
      "../data/RobustBench/predictions/imagenet3dcc-AlexNet/bit_error-1.csv"
    ],
    "eps": 7.5,
    "n_bins": 0,
    "n_examples": -1,
    "out_path": "../results/semantic//results/imagenet3dcc-AlexNet/imagenet3dcc-AlexNet-L2-7.5-bit_error-1.json",
    "full_output": false,
    "verbose": false,
    "randomize_order": false,
    "backend": "bf",
    "blind_cols": null,
    "pred": "pred",
    "metric": "L2"
  },
  "backend_meta": {
    "epsilon": 7.5,
    "decision_col": "pred",
    "metric": "Linf",
    "is_exact": true,
    "is_sound": true,
    "is_complete": true
  },
  "positives": [
    [
      24,
      5024
    ],
    [
      98,
      5098
    ],
    [
      165,
      5165
    ],
    [
      177,
      5177
    ],
    [
      192,
      5192
    ],
    [
      216,
      5216
    ],
    [
      235,
      5235
    ],
    [
      262,
      5262
    ],
    [
      310,
      5310
    ],
    [
      339,
      5339
    ],
    [
      453,
      5453
    ],
    [
      504,
      5504
    ],
    [
      541,
      5541
    ],
    [
      583,
      5583
    ],
    [
      660,
      5660
    ],
    [
      784,
      5784
    ],
    [
      799,
      5799
    ],
    [
      821,
      5821
    ],
    [
      869,
      5869
    ],
    [
      900,
      5900
    ],
    [
      970,
      5970
    ],
    [
      1150,
      6150
    ],
    [
      1223,
      6223
    ],
    [
      1248,
      6248
    ],
    [
      1258,
      6258
    ],
    [
      1280,
      6280
    ],
    [
      1287,
      6287
    ],
    [
      1297,
      6297
    ],
    [
      1445,
      6445
    ],
    [
      1449,
      6449
    ],
    [
      1472,
      6472
    ],
    [
      1549,
      6549
    ],
    [
      1565,
      6565
    ],
    [
      1587,
      6587
    ],
    [
      1618,
      6618
    ],
    [
      1727,
      6727
    ],
    [
      1841,
      6841
    ],
    [
      1959,
      6959
    ],
    [
      1977,
      6977
    ],
    [
      2090,
      7090
    ],
    [
      2242,
      7242
    ],
    [
      2248,
      7248
    ],
    [
      2292,
      7292
    ],
    [
      2313,
      7313
    ],
    [
      2314,
      7314
    ],
    [
      2429,
      7429
    ],
    [
      2493,
      7493
    ],
    [
      2617,
      7617
    ],
    [
      2637,
      7637
    ],
    [
      2681,
      7681
    ],
    [
      2722,
      7722
    ],
    [
      2744,
      7744
    ],
    [
      2793,
      7793
    ],
    [
      2971,
      7971
    ],
    [
      2978,
      7978
    ],
    [
      2999,
      7999
    ],
    [
      3071,
      8071
    ],
    [
      3244,
      8244
    ],
    [
      3289,
      8289
    ],
    [
      3313,
      8313
    ],
    [
      3401,
      8401
    ],
    [
      3407,
      8407
    ],
    [
      3414,
      8414
    ],
    [
      3426,
      8426
    ],
    [
      3500,
      8500
    ],
    [
      3533,
      8533
    ],
    [
      3651,
      8651
    ],
    [
      3708,
      8708
    ],
    [
      3764,
      8764
    ],
    [
      3887,
      8887
    ],
    [
      3914,
      8914
    ],
    [
      4037,
      9037
    ],
    [
      4111,
      9111
    ],
    [
      4112,
      9112
    ],
    [
      4162,
      9162
    ],
    [
      4167,
      9167
    ],
    [
      4171,
      9171
    ],
    [
      4176,
      9176
    ],
    [
      4251,
      9251
    ],
    [
      4309,
      9309
    ],
    [
      4371,
      9371
    ],
    [
      4380,
      9380
    ],
    [
      4391,
      9391
    ],
    [
      4395,
      9395
    ],
    [
      4403,
      9403
    ],
    [
      4528,
      9528
    ],
    [
      4618,
      9618
    ],
    [
      4712,
      9712
    ],
    [
      4864,
      9864
    ],
    [
      4975,
      9975
    ]
  ]
}