{
  "n_true_positives": 49,
  "n_positives": 49,
  "total_time": 116.63873887062073,
  "date": "2025-01-25T18:13:13.012382",
  "backend": "BruteForce",
  "n_bins": 0,
  "eps": 7.5,
  "args": {
    "csvpath": [
      "../data/RobustBench/predictions/imagenet3dcc-AlexNet/vanilla.csv",
      "../data/RobustBench/predictions/imagenet3dcc-AlexNet/color_quant-1.csv"
    ],
    "eps": 7.5,
    "n_bins": 0,
    "n_examples": -1,
    "out_path": "../results/semantic//results/imagenet3dcc-AlexNet/imagenet3dcc-AlexNet-L2-7.5-color_quant-1.json",
    "full_output": false,
    "verbose": false,
    "randomize_order": false,
    "backend": "bf",
    "blind_cols": null,
    "pred": "pred",
    "metric": "L2"
  },
  "backend_meta": {
    "epsilon": 7.5,
    "decision_col": "pred",
    "metric": "Linf",
    "is_exact": true,
    "is_sound": true,
    "is_complete": true
  },
  "positives": [
    [
      300,
      5300
    ],
    [
      432,
      5432
    ],
    [
      754,
      5754
    ],
    [
      1066,
      6066
    ],
    [
      1100,
      6100
    ],
    [
      1182,
      6182
    ],
    [
      1221,
      6221
    ],
    [
      1277,
      6277
    ],
    [
      1321,
      6321
    ],
    [
      1427,
      6427
    ],
    [
      1612,
      6612
    ],
    [
      1614,
      6614
    ],
    [
      1708,
      6708
    ],
    [
      1751,
      6751
    ],
    [
      1860,
      6860
    ],
    [
      1887,
      6887
    ],
    [
      1889,
      6889
    ],
    [
      2074,
      7074
    ],
    [
      2236,
      7236
    ],
    [
      2263,
      7263
    ],
    [
      2391,
      7391
    ],
    [
      2432,
      7432
    ],
    [
      2481,
      7481
    ],
    [
      2999,
      7999
    ],
    [
      3012,
      8012
    ],
    [
      3233,
      8233
    ],
    [
      3383,
      8383
    ],
    [
      3458,
      8458
    ],
    [
      3499,
      8499
    ],
    [
      3516,
      8516
    ],
    [
      3519,
      8519
    ],
    [
      3549,
      8549
    ],
    [
      3690,
      8690
    ],
    [
      3834,
      8834
    ],
    [
      3883,
      8883
    ],
    [
      4298,
      9298
    ],
    [
      4309,
      9309
    ],
    [
      4350,
      9350
    ],
    [
      4363,
      9363
    ],
    [
      4447,
      9447
    ],
    [
      4451,
      9451
    ],
    [
      4461,
      9461
    ],
    [
      4468,
      9468
    ],
    [
      4618,
      9618
    ],
    [
      4660,
      9660
    ],
    [
      4667,
      9667
    ],
    [
      4972,
      9972
    ],
    [
      4986,
      9986
    ],
    [
      4990,
      9990
    ]
  ]
}