{
  "n_true_positives": 537,
  "n_positives": 537,
  "total_time": 127.58393120765686,
  "date": "2025-01-25T18:07:49.422727",
  "backend": "BruteForce",
  "n_bins": 0,
  "eps": 7.5,
  "args": {
    "csvpath": [
      "../data/RobustBench/predictions/imagenet3dcc-AlexNet/vanilla.csv",
      "../data/RobustBench/predictions/imagenet3dcc-AlexNet/fog_3d-5.csv"
    ],
    "eps": 7.5,
    "n_bins": 0,
    "n_examples": -1,
    "out_path": "../results/semantic//results/imagenet3dcc-AlexNet/imagenet3dcc-AlexNet-L2-7.5-fog_3d-5.json",
    "full_output": false,
    "verbose": false,
    "randomize_order": false,
    "backend": "bf",
    "blind_cols": null,
    "pred": "pred",
    "metric": "L2"
  },
  "backend_meta": {
    "epsilon": 7.5,
    "decision_col": "pred",
    "metric": "Linf",
    "is_exact": true,
    "is_sound": true,
    "is_complete": true
  },
  "positives": [
    [
      5010,
      5959
    ],
    [
      5010,
      9531
    ],
    [
      5019,
      5210
    ],
    [
      5019,
      8141
    ],
    [
      5025,
      6357
    ],
    [
      5025,
      7584
    ],
    [
      5034,
      5858
    ],
    [
      5034,
      9356
    ],
    [
      5038,
      5398
    ],
    [
      5038,
      8141
    ],
    [
      5038,
      8515
    ],
    [
      5038,
      8800
    ],
    [
      5038,
      9806
    ],
    [
      5040,
      6562
    ],
    [
      5040,
      7481
    ],
    [
      5043,
      6577
    ],
    [
      5043,
      6744
    ],
    [
      5043,
      7102
    ],
    [
      5049,
      6879
    ],
    [
      5052,
      7091
    ],
    [
      5052,
      8752
    ],
    [
      5052,
      9130
    ],
    [
      5062,
      9247
    ],
    [
      5073,
      5217
    ],
    [
      5073,
      8912
    ],
    [
      5082,
      7978
    ],
    [
      5110,
      5241
    ],
    [
      5110,
      6056
    ],
    [
      5110,
      6453
    ],
    [
      5128,
      8364
    ],
    [
      5141,
      6401
    ],
    [
      5141,
      6649
    ],
    [
      5141,
      9728
    ],
    [
      5143,
      8342
    ],
    [
      5143,
      8447
    ],
    [
      5143,
      9020
    ],
    [
      5145,
      5856
    ],
    [
      5145,
      9287
    ],
    [
      5155,
      6577
    ],
    [
      5155,
      7102
    ],
    [
      5176,
      7480
    ],
    [
      5176,
      8596
    ],
    [
      5194,
      5856
    ],
    [
      5194,
      6699
    ],
    [
      5194,
      9287
    ],
    [
      5210,
      6942
    ],
    [
      5210,
      9702
    ],
    [
      5217,
      9923
    ],
    [
      5228,
      5248
    ],
    [
      5233,
      7571
    ],
    [
      5233,
      9456
    ],
    [
      5235,
      7307
    ],
    [
      5235,
      7576
    ],
    [
      5241,
      5898
    ],
    [
      5241,
      6114
    ],
    [
      5241,
      6787
    ],
    [
      5246,
      5858
    ],
    [
      5246,
      9356
    ],
    [
      5248,
      5824
    ],
    [
      5248,
      6003
    ],
    [
      5248,
      6430
    ],
    [
      5248,
      8968
    ],
    [
      5257,
      6379
    ],
    [
      5257,
      8533
    ],
    [
      5257,
      9244
    ],
    [
      5265,
      7890
    ],
    [
      5279,
      8342
    ],
    [
      5279,
      8447
    ],
    [
      5288,
      6542
    ],
    [
      5293,
      9135
    ],
    [
      5294,
      5846
    ],
    [
      5294,
      7757
    ],
    [
      5294,
      7811
    ],
    [
      5299,
      7878
    ],
    [
      5299,
      8126
    ],
    [
      5300,
      8566
    ],
    [
      5304,
      5483
    ],
    [
      5304,
      5791
    ],
    [
      5304,
      6790
    ],
    [
      5304,
      6968
    ],
    [
      5304,
      7743
    ],
    [
      5304,
      8070
    ],
    [
      5304,
      8698
    ],
    [
      5304,
      8943
    ],
    [
      5304,
      9458
    ],
    [
      5322,
      6325
    ],
    [
      5374,
      5833
    ],
    [
      5374,
      6812
    ],
    [
      5374,
      7874
    ],
    [
      5374,
      7934
    ],
    [
      5374,
      8043
    ],
    [
      5374,
      9374
    ],
    [
      5375,
      7978
    ],
    [
      5381,
      7413
    ],
    [
      5381,
      9437
    ],
    [
      5382,
      8818
    ],
    [
      5396,
      7571
    ],
    [
      5396,
      9456
    ],
    [
      5398,
      8800
    ],
    [
      5398,
      9381
    ],
    [
      5398,
      9806
    ],
    [
      5411,
      7019
    ],
    [
      5425,
      6462
    ],
    [
      5425,
      7252
    ],
    [
      5425,
      7414
    ],
    [
      5431,
      7811
    ],
    [
      5431,
      8172
    ],
    [
      5432,
      8731
    ],
    [
      5448,
      7476
    ],
    [
      5455,
      7890
    ],
    [
      5455,
      8590
    ],
    [
      5471,
      6514
    ],
    [
      5483,
      9878
    ],
    [
      5490,
      8342
    ],
    [
      5490,
      8447
    ],
    [
      5490,
      9020
    ],
    [
      5501,
      5507
    ],
    [
      5501,
      7348
    ],
    [
      5501,
      7570
    ],
    [
      5501,
      7697
    ],
    [
      5507,
      7434
    ],
    [
      5507,
      9219
    ],
    [
      5509,
      8342
    ],
    [
      5509,
      9020
    ],
    [
      5519,
      7433
    ],
    [
      5557,
      6745
    ],
    [
      5557,
      7342
    ],
    [
      5564,
      7890
    ],
    [
      5566,
      5892
    ],
    [
      5566,
      6699
    ],
    [
      5566,
      7452
    ],
    [
      5566,
      8441
    ],
    [
      5566,
      9669
    ],
    [
      5566,
      9978
    ],
    [
      5605,
      6577
    ],
    [
      5605,
      7102
    ],
    [
      5623,
      7409
    ],
    [
      5626,
      9760
    ],
    [
      5632,
      6186
    ],
    [
      5632,
      6696
    ],
    [
      5632,
      7250
    ],
    [
      5632,
      8412
    ],
    [
      5632,
      8507
    ],
    [
      5632,
      9072
    ],
    [
      5640,
      5826
    ],
    [
      5641,
      6357
    ],
    [
      5641,
      7584
    ],
    [
      5642,
      6425
    ],
    [
      5642,
      8018
    ],
    [
      5671,
      7908
    ],
    [
      5689,
      6357
    ],
    [
      5689,
      7584
    ],
    [
      5696,
      7341
    ],
    [
      5696,
      9734
    ],
    [
      5705,
      7626
    ],
    [
      5705,
      8401
    ],
    [
      5732,
      8958
    ],
    [
      5739,
      6384
    ],
    [
      5739,
      8266
    ],
    [
      5746,
      7337
    ],
    [
      5755,
      7162
    ],
    [
      5766,
      7700
    ],
    [
      5771,
      9994
    ],
    [
      5787,
      6001
    ],
    [
      5787,
      8043
    ],
    [
      5787,
      8172
    ],
    [
      5791,
      9878
    ],
    [
      5795,
      5856
    ],
    [
      5795,
      9287
    ],
    [
      5801,
      5934
    ],
    [
      5801,
      6677
    ],
    [
      5814,
      9760
    ],
    [
      5824,
      6495
    ],
    [
      5826,
      8617
    ],
    [
      5826,
      9904
    ],
    [
      5833,
      6001
    ],
    [
      5833,
      6297
    ],
    [
      5833,
      6812
    ],
    [
      5833,
      7874
    ],
    [
      5833,
      7934
    ],
    [
      5833,
      9374
    ],
    [
      5846,
      7811
    ],
    [
      5856,
      6000
    ],
    [
      5856,
      6099
    ],
    [
      5856,
      6422
    ],
    [
      5856,
      6861
    ],
    [
      5856,
      8176
    ],
    [
      5856,
      9074
    ],
    [
      5856,
      9419
    ],
    [
      5858,
      7178
    ],
    [
      5858,
      8608
    ],
    [
      5882,
      8051
    ],
    [
      5892,
      6699
    ],
    [
      5892,
      6906
    ],
    [
      5892,
      6920
    ],
    [
      5894,
      9200
    ],
    [
      5911,
      6514
    ],
    [
      5916,
      6059
    ],
    [
      5916,
      7181
    ],
    [
      5916,
      8390
    ],
    [
      5916,
      8513
    ],
    [
      5916,
      8526
    ],
    [
      5921,
      6186
    ],
    [
      5921,
      6696
    ],
    [
      5921,
      7091
    ],
    [
      5921,
      7250
    ],
    [
      5921,
      8412
    ],
    [
      5921,
      8507
    ],
    [
      5921,
      8752
    ],
    [
      5921,
      9072
    ],
    [
      5921,
      9130
    ],
    [
      5934,
      6223
    ],
    [
      5934,
      6675
    ],
    [
      5947,
      9200
    ],
    [
      5954,
      9760
    ],
    [
      5959,
      7847
    ],
    [
      5959,
      8372
    ],
    [
      5969,
      6737
    ],
    [
      5969,
      9856
    ],
    [
      5991,
      6577
    ],
    [
      5991,
      8731
    ],
    [
      6000,
      9287
    ],
    [
      6001,
      6812
    ],
    [
      6001,
      7874
    ],
    [
      6001,
      7934
    ],
    [
      6001,
      8043
    ],
    [
      6001,
      9374
    ],
    [
      6026,
      6737
    ],
    [
      6026,
      9856
    ],
    [
      6031,
      7878
    ],
    [
      6031,
      8034
    ],
    [
      6031,
      8126
    ],
    [
      6031,
      8648
    ],
    [
      6035,
      7409
    ],
    [
      6059,
      6092
    ],
    [
      6059,
      7907
    ],
    [
      6073,
      6644
    ],
    [
      6073,
      8042
    ],
    [
      6084,
      7472
    ],
    [
      6084,
      9465
    ],
    [
      6092,
      7181
    ],
    [
      6092,
      8390
    ],
    [
      6092,
      8513
    ],
    [
      6092,
      8526
    ],
    [
      6099,
      9287
    ],
    [
      6110,
      9171
    ],
    [
      6123,
      7393
    ],
    [
      6135,
      7719
    ],
    [
      6136,
      9926
    ],
    [
      6155,
      6748
    ],
    [
      6161,
      8148
    ],
    [
      6179,
      6360
    ],
    [
      6179,
      8069
    ],
    [
      6181,
      9760
    ],
    [
      6186,
      6209
    ],
    [
      6186,
      6410
    ],
    [
      6186,
      6696
    ],
    [
      6186,
      7580
    ],
    [
      6186,
      8484
    ],
    [
      6186,
      9072
    ],
    [
      6206,
      9938
    ],
    [
      6209,
      6696
    ],
    [
      6209,
      7250
    ],
    [
      6209,
      7580
    ],
    [
      6209,
      9072
    ],
    [
      6222,
      8596
    ],
    [
      6223,
      6677
    ],
    [
      6253,
      7907
    ],
    [
      6253,
      9973
    ],
    [
      6260,
      7122
    ],
    [
      6266,
      8402
    ],
    [
      6272,
      6379
    ],
    [
      6272,
      8533
    ],
    [
      6272,
      9244
    ],
    [
      6288,
      9760
    ],
    [
      6290,
      6577
    ],
    [
      6290,
      7102
    ],
    [
      6295,
      6325
    ],
    [
      6297,
      7978
    ],
    [
      6325,
      6742
    ],
    [
      6325,
      8085
    ],
    [
      6325,
      8551
    ],
    [
      6357,
      6628
    ],
    [
      6357,
      6827
    ],
    [
      6357,
      7054
    ],
    [
      6357,
      8674
    ],
    [
      6360,
      8188
    ],
    [
      6360,
      8900
    ],
    [
      6360,
      9375
    ],
    [
      6360,
      9863
    ],
    [
      6375,
      7908
    ],
    [
      6379,
      6779
    ],
    [
      6379,
      9244
    ],
    [
      6406,
      9247
    ],
    [
      6410,
      6696
    ],
    [
      6410,
      7091
    ],
    [
      6410,
      7250
    ],
    [
      6410,
      8412
    ],
    [
      6410,
      8507
    ],
    [
      6410,
      8752
    ],
    [
      6410,
      9072
    ],
    [
      6410,
      9130
    ],
    [
      6422,
      9287
    ],
    [
      6425,
      6508
    ],
    [
      6425,
      6934
    ],
    [
      6425,
      8018
    ],
    [
      6481,
      7141
    ],
    [
      6481,
      8758
    ],
    [
      6481,
      8818
    ],
    [
      6495,
      8968
    ],
    [
      6528,
      7855
    ],
    [
      6542,
      7207
    ],
    [
      6551,
      7178
    ],
    [
      6577,
      6857
    ],
    [
      6577,
      7643
    ],
    [
      6577,
      7727
    ],
    [
      6577,
      7957
    ],
    [
      6577,
      8178
    ],
    [
      6577,
      8474
    ],
    [
      6577,
      8825
    ],
    [
      6577,
      9153
    ],
    [
      6577,
      9817
    ],
    [
      6577,
      9876
    ],
    [
      6591,
      8870
    ],
    [
      6615,
      9795
    ],
    [
      6651,
      7008
    ],
    [
      6651,
      8853
    ],
    [
      6651,
      9035
    ],
    [
      6665,
      8452
    ],
    [
      6665,
      9185
    ],
    [
      6675,
      6677
    ],
    [
      6685,
      8731
    ],
    [
      6696,
      7250
    ],
    [
      6696,
      8412
    ],
    [
      6696,
      8484
    ],
    [
      6696,
      8507
    ],
    [
      6699,
      6906
    ],
    [
      6699,
      6920
    ],
    [
      6699,
      8441
    ],
    [
      6699,
      9074
    ],
    [
      6699,
      9669
    ],
    [
      6699,
      9978
    ],
    [
      6737,
      9856
    ],
    [
      6744,
      7643
    ],
    [
      6744,
      8474
    ],
    [
      6744,
      8825
    ],
    [
      6744,
      9153
    ],
    [
      6744,
      9876
    ],
    [
      6747,
      8034
    ],
    [
      6748,
      8963
    ],
    [
      6758,
      7907
    ],
    [
      6758,
      9973
    ],
    [
      6779,
      8533
    ],
    [
      6779,
      9244
    ],
    [
      6790,
      9878
    ],
    [
      6812,
      8043
    ],
    [
      6827,
      9856
    ],
    [
      6833,
      8232
    ],
    [
      6857,
      7102
    ],
    [
      6861,
      9287
    ],
    [
      6906,
      7452
    ],
    [
      6906,
      8441
    ],
    [
      6906,
      9669
    ],
    [
      6906,
      9978
    ],
    [
      6920,
      7452
    ],
    [
      6920,
      8441
    ],
    [
      6920,
      9669
    ],
    [
      6920,
      9978
    ],
    [
      6923,
      8998
    ],
    [
      6942,
      8141
    ],
    [
      6947,
      7162
    ],
    [
      6968,
      9878
    ],
    [
      6974,
      7878
    ],
    [
      6974,
      8126
    ],
    [
      7008,
      8853
    ],
    [
      7054,
      7584
    ],
    [
      7066,
      9994
    ],
    [
      7091,
      7093
    ],
    [
      7093,
      8752
    ],
    [
      7093,
      9130
    ],
    [
      7102,
      7643
    ],
    [
      7102,
      7727
    ],
    [
      7102,
      7892
    ],
    [
      7102,
      7957
    ],
    [
      7102,
      8178
    ],
    [
      7102,
      8258
    ],
    [
      7102,
      8398
    ],
    [
      7102,
      8474
    ],
    [
      7102,
      8825
    ],
    [
      7102,
      9153
    ],
    [
      7102,
      9817
    ],
    [
      7102,
      9876
    ],
    [
      7137,
      8655
    ],
    [
      7162,
      7263
    ],
    [
      7162,
      8369
    ],
    [
      7162,
      9126
    ],
    [
      7162,
      9542
    ],
    [
      7178,
      9356
    ],
    [
      7181,
      7907
    ],
    [
      7195,
      7298
    ],
    [
      7235,
      7584
    ],
    [
      7235,
      7587
    ],
    [
      7241,
      9445
    ],
    [
      7250,
      7580
    ],
    [
      7250,
      8484
    ],
    [
      7250,
      9072
    ],
    [
      7278,
      9938
    ],
    [
      7307,
      8066
    ],
    [
      7309,
      7841
    ],
    [
      7348,
      7434
    ],
    [
      7348,
      9219
    ],
    [
      7364,
      7938
    ],
    [
      7409,
      7812
    ],
    [
      7409,
      7995
    ],
    [
      7409,
      8515
    ],
    [
      7413,
      7615
    ],
    [
      7413,
      8962
    ],
    [
      7413,
      9325
    ],
    [
      7434,
      7570
    ],
    [
      7434,
      7697
    ],
    [
      7452,
      7907
    ],
    [
      7452,
      9973
    ],
    [
      7465,
      9247
    ],
    [
      7472,
      7958
    ],
    [
      7476,
      7700
    ],
    [
      7480,
      9150
    ],
    [
      7480,
      9553
    ],
    [
      7508,
      9910
    ],
    [
      7545,
      7878
    ],
    [
      7545,
      8126
    ],
    [
      7570,
      9219
    ],
    [
      7571,
      9456
    ],
    [
      7576,
      8066
    ],
    [
      7580,
      8470
    ],
    [
      7584,
      7587
    ],
    [
      7584,
      7596
    ],
    [
      7587,
      7596
    ],
    [
      7591,
      8175
    ],
    [
      7615,
      9247
    ],
    [
      7615,
      9437
    ],
    [
      7626,
      8401
    ],
    [
      7648,
      7969
    ],
    [
      7697,
      9219
    ],
    [
      7727,
      8731
    ],
    [
      7743,
      9878
    ],
    [
      7757,
      7811
    ],
    [
      7757,
      8172
    ],
    [
      7764,
      8731
    ],
    [
      7811,
      8172
    ],
    [
      7874,
      8043
    ],
    [
      7878,
      8034
    ],
    [
      7878,
      8126
    ],
    [
      7907,
      8382
    ],
    [
      7907,
      8513
    ],
    [
      7907,
      8863
    ],
    [
      7907,
      9328
    ],
    [
      7934,
      8043
    ],
    [
      7955,
      9476
    ],
    [
      7969,
      8316
    ],
    [
      7978,
      9141
    ],
    [
      8034,
      9979
    ],
    [
      8043,
      9374
    ],
    [
      8043,
      9859
    ],
    [
      8056,
      8566
    ],
    [
      8069,
      8188
    ],
    [
      8069,
      8900
    ],
    [
      8069,
      9375
    ],
    [
      8069,
      9863
    ],
    [
      8070,
      9878
    ],
    [
      8089,
      9504
    ],
    [
      8112,
      8401
    ],
    [
      8112,
      8870
    ],
    [
      8141,
      9381
    ],
    [
      8141,
      9702
    ],
    [
      8151,
      8175
    ],
    [
      8172,
      9374
    ],
    [
      8172,
      9859
    ],
    [
      8175,
      8536
    ],
    [
      8175,
      9569
    ],
    [
      8175,
      9993
    ],
    [
      8176,
      9287
    ],
    [
      8178,
      8731
    ],
    [
      8183,
      8313
    ],
    [
      8183,
      9619
    ],
    [
      8313,
      9375
    ],
    [
      8313,
      9863
    ],
    [
      8316,
      8866
    ],
    [
      8342,
      8447
    ],
    [
      8342,
      9070
    ],
    [
      8342,
      9235
    ],
    [
      8342,
      9725
    ],
    [
      8372,
      9531
    ],
    [
      8382,
      9973
    ],
    [
      8401,
      9093
    ],
    [
      8412,
      9072
    ],
    [
      8440,
      9429
    ],
    [
      8442,
      9531
    ],
    [
      8447,
      9020
    ],
    [
      8447,
      9235
    ],
    [
      8474,
      8731
    ],
    [
      8484,
      9072
    ],
    [
      8507,
      9072
    ],
    [
      8533,
      9244
    ],
    [
      8596,
      9804
    ],
    [
      8674,
      9856
    ],
    [
      8698,
      9878
    ],
    [
      8800,
      9381
    ],
    [
      8853,
      9035
    ],
    [
      8863,
      9973
    ],
    [
      8870,
      9093
    ],
    [
      8881,
      9016
    ],
    [
      8912,
      8928
    ],
    [
      8928,
      9830
    ],
    [
      8943,
      9878
    ],
    [
      8951,
      9116
    ],
    [
      8962,
      9437
    ],
    [
      9020,
      9070
    ],
    [
      9020,
      9235
    ],
    [
      9063,
      9116
    ],
    [
      9074,
      9287
    ],
    [
      9116,
      9451
    ],
    [
      9247,
      9574
    ],
    [
      9287,
      9419
    ],
    [
      9325,
      9437
    ],
    [
      9328,
      9973
    ],
    [
      9375,
      9619
    ],
    [
      9381,
      9806
    ],
    [
      9429,
      9760
    ],
    [
      9458,
      9878
    ],
    [
      9491,
      9760
    ],
    [
      9500,
      9760
    ],
    [
      9618,
      9721
    ],
    [
      9618,
      9953
    ],
    [
      9619,
      9863
    ],
    [
      9721,
      9740
    ],
    [
      9740,
      9775
    ],
    [
      9740,
      9953
    ]
  ]
}