{
  "n_true_positives": 11,
  "n_positives": 11,
  "total_time": 160.08039164543152,
  "date": "2025-01-25T17:51:09.089329",
  "backend": "BruteForce",
  "n_bins": 0,
  "eps": 7.5,
  "args": {
    "csvpath": [
      "../data/RobustBench/predictions/imagenet3dcc-AlexNet/vanilla.csv",
      "../data/RobustBench/predictions/imagenet3dcc-AlexNet/near_focus-1.csv"
    ],
    "eps": 7.5,
    "n_bins": 0,
    "n_examples": -1,
    "out_path": "../results/semantic//results/imagenet3dcc-AlexNet/imagenet3dcc-AlexNet-L2-7.5-near_focus-1.json",
    "full_output": false,
    "verbose": false,
    "randomize_order": false,
    "backend": "bf",
    "blind_cols": null,
    "pred": "pred",
    "metric": "L2"
  },
  "backend_meta": {
    "epsilon": 7.5,
    "decision_col": "pred",
    "metric": "Linf",
    "is_exact": true,
    "is_sound": true,
    "is_complete": true
  },
  "positives": [
    [
      300,
      5300
    ],
    [
      337,
      5337
    ],
    [
      787,
      5787
    ],
    [
      1114,
      6114
    ],
    [
      1204,
      6204
    ],
    [
      2722,
      7722
    ],
    [
      2794,
      7794
    ],
    [
      3760,
      8760
    ],
    [
      3945,
      8945
    ],
    [
      4323,
      9323
    ],
    [
      4660,
      9660
    ]
  ]
}