{
  "n_true_positives": 16,
  "n_positives": 16,
  "total_time": 139.05482530593872,
  "date": "2025-01-25T17:54:22.783478",
  "backend": "BruteForce",
  "n_bins": 0,
  "eps": 7.5,
  "args": {
    "csvpath": [
      "../data/RobustBench/predictions/imagenet3dcc-AlexNet/vanilla.csv",
      "../data/RobustBench/predictions/imagenet3dcc-AlexNet/fog_3d-3.csv"
    ],
    "eps": 7.5,
    "n_bins": 0,
    "n_examples": -1,
    "out_path": "../results/semantic//results/imagenet3dcc-AlexNet/imagenet3dcc-AlexNet-L2-7.5-fog_3d-3.json",
    "full_output": false,
    "verbose": false,
    "randomize_order": false,
    "backend": "bf",
    "blind_cols": null,
    "pred": "pred",
    "metric": "L2"
  },
  "backend_meta": {
    "epsilon": 7.5,
    "decision_col": "pred",
    "metric": "Linf",
    "is_exact": true,
    "is_sound": true,
    "is_complete": true
  },
  "positives": [
    [
      5038,
      5398
    ],
    [
      5125,
      7650
    ],
    [
      5145,
      5856
    ],
    [
      5304,
      6790
    ],
    [
      5632,
      5921
    ],
    [
      5632,
      6186
    ],
    [
      5833,
      6001
    ],
    [
      5856,
      9419
    ],
    [
      5873,
      6295
    ],
    [
      5873,
      6325
    ],
    [
      6453,
      9016
    ],
    [
      6577,
      7643
    ],
    [
      7556,
      8853
    ],
    [
      8342,
      8447
    ],
    [
      8619,
      9196
    ],
    [
      8985,
      9196
    ]
  ]
}