{
  "n_true_positives": 88,
  "n_positives": 88,
  "total_time": 120.12992143630981,
  "date": "2025-01-25T17:29:14.114409",
  "backend": "BruteForce",
  "n_bins": 0,
  "eps": 7.5,
  "args": {
    "csvpath": [
      "../data/RobustBench/predictions/imagenet3dcc-AlexNet/vanilla.csv",
      "../data/RobustBench/predictions/imagenet3dcc-AlexNet/h265_crf-1.csv"
    ],
    "eps": 7.5,
    "n_bins": 0,
    "n_examples": -1,
    "out_path": "../results/semantic//results/imagenet3dcc-AlexNet/imagenet3dcc-AlexNet-L2-7.5-h265_crf-1.json",
    "full_output": false,
    "verbose": false,
    "randomize_order": false,
    "backend": "bf",
    "blind_cols": null,
    "pred": "pred",
    "metric": "L2"
  },
  "backend_meta": {
    "epsilon": 7.5,
    "decision_col": "pred",
    "metric": "Linf",
    "is_exact": true,
    "is_sound": true,
    "is_complete": true
  },
  "positives": [
    [
      44,
      5044
    ],
    [
      98,
      5098
    ],
    [
      110,
      5110
    ],
    [
      159,
      5159
    ],
    [
      192,
      5192
    ],
    [
      216,
      5216
    ],
    [
      262,
      5262
    ],
    [
      310,
      5310
    ],
    [
      337,
      5337
    ],
    [
      396,
      5396
    ],
    [
      504,
      5504
    ],
    [
      537,
      5537
    ],
    [
      569,
      5569
    ],
    [
      583,
      5583
    ],
    [
      754,
      5754
    ],
    [
      771,
      5771
    ],
    [
      787,
      5787
    ],
    [
      970,
      5970
    ],
    [
      1150,
      6150
    ],
    [
      1151,
      6151
    ],
    [
      1223,
      6223
    ],
    [
      1258,
      6258
    ],
    [
      1287,
      6287
    ],
    [
      1398,
      6398
    ],
    [
      1421,
      6421
    ],
    [
      1445,
      6445
    ],
    [
      1481,
      6481
    ],
    [
      1556,
      6556
    ],
    [
      1565,
      6565
    ],
    [
      1587,
      6587
    ],
    [
      1614,
      6614
    ],
    [
      1618,
      6618
    ],
    [
      1667,
      6667
    ],
    [
      1708,
      6708
    ],
    [
      1727,
      6727
    ],
    [
      1744,
      6744
    ],
    [
      1751,
      6751
    ],
    [
      1916,
      6916
    ],
    [
      1977,
      6977
    ],
    [
      2167,
      7167
    ],
    [
      2190,
      7190
    ],
    [
      2242,
      7242
    ],
    [
      2256,
      7256
    ],
    [
      2314,
      7314
    ],
    [
      2418,
      7418
    ],
    [
      2483,
      7483
    ],
    [
      2492,
      7492
    ],
    [
      2560,
      7560
    ],
    [
      2719,
      7719
    ],
    [
      2722,
      7722
    ],
    [
      2744,
      7744
    ],
    [
      2794,
      7794
    ],
    [
      2838,
      7838
    ],
    [
      2839,
      7839
    ],
    [
      2876,
      7876
    ],
    [
      2999,
      7999
    ],
    [
      3071,
      8071
    ],
    [
      3159,
      8159
    ],
    [
      3236,
      8236
    ],
    [
      3270,
      8270
    ],
    [
      3275,
      8275
    ],
    [
      3289,
      8289
    ],
    [
      3382,
      8382
    ],
    [
      3401,
      8401
    ],
    [
      3414,
      8414
    ],
    [
      3426,
      8426
    ],
    [
      3519,
      8519
    ],
    [
      3626,
      8626
    ],
    [
      3631,
      8631
    ],
    [
      3651,
      8651
    ],
    [
      3658,
      8658
    ],
    [
      3764,
      8764
    ],
    [
      3848,
      8848
    ],
    [
      3887,
      8887
    ],
    [
      3914,
      8914
    ],
    [
      3952,
      8952
    ],
    [
      4097,
      9097
    ],
    [
      4167,
      9167
    ],
    [
      4176,
      9176
    ],
    [
      4251,
      9251
    ],
    [
      4272,
      9272
    ],
    [
      4305,
      9305
    ],
    [
      4363,
      9363
    ],
    [
      4382,
      9382
    ],
    [
      4395,
      9395
    ],
    [
      4717,
      9717
    ],
    [
      4792,
      9792
    ],
    [
      4904,
      9904
    ]
  ]
}