{
  "n_true_positives": 35,
  "n_positives": 35,
  "total_time": 136.04117560386658,
  "date": "2025-01-25T17:43:44.454406",
  "backend": "BruteForce",
  "n_bins": 0,
  "eps": 7.5,
  "args": {
    "csvpath": [
      "../data/RobustBench/predictions/imagenet3dcc-AlexNet/vanilla.csv",
      "../data/RobustBench/predictions/imagenet3dcc-AlexNet/far_focus-1.csv"
    ],
    "eps": 7.5,
    "n_bins": 0,
    "n_examples": -1,
    "out_path": "../results/semantic//results/imagenet3dcc-AlexNet/imagenet3dcc-AlexNet-L2-7.5-far_focus-1.json",
    "full_output": false,
    "verbose": false,
    "randomize_order": false,
    "backend": "bf",
    "blind_cols": null,
    "pred": "pred",
    "metric": "L2"
  },
  "backend_meta": {
    "epsilon": 7.5,
    "decision_col": "pred",
    "metric": "Linf",
    "is_exact": true,
    "is_sound": true,
    "is_complete": true
  },
  "positives": [
    [
      120,
      5120
    ],
    [
      144,
      5144
    ],
    [
      192,
      5192
    ],
    [
      300,
      5300
    ],
    [
      552,
      5552
    ],
    [
      690,
      5690
    ],
    [
      754,
      5754
    ],
    [
      787,
      5787
    ],
    [
      1066,
      6066
    ],
    [
      1100,
      6100
    ],
    [
      1114,
      6114
    ],
    [
      1556,
      6556
    ],
    [
      1587,
      6587
    ],
    [
      1751,
      6751
    ],
    [
      1812,
      6812
    ],
    [
      1887,
      6887
    ],
    [
      2263,
      7263
    ],
    [
      2292,
      7292
    ],
    [
      2307,
      7307
    ],
    [
      2387,
      7387
    ],
    [
      2564,
      7564
    ],
    [
      2653,
      7653
    ],
    [
      2744,
      7744
    ],
    [
      2841,
      7841
    ],
    [
      3451,
      8451
    ],
    [
      3519,
      8519
    ],
    [
      3690,
      8690
    ],
    [
      3818,
      8818
    ],
    [
      3945,
      8945
    ],
    [
      4050,
      9050
    ],
    [
      4153,
      9153
    ],
    [
      4385,
      9385
    ],
    [
      4451,
      9451
    ],
    [
      4543,
      9543
    ],
    [
      4660,
      9660
    ]
  ]
}