{
  "n_true_positives": 19,
  "n_positives": 19,
  "total_time": 116.95983386039734,
  "date": "2025-01-25T17:09:20.725656",
  "backend": "BruteForce",
  "n_bins": 0,
  "eps": 7.5,
  "args": {
    "csvpath": [
      "../data/RobustBench/predictions/imagenet3dcc-AlexNet/vanilla.csv",
      "../data/RobustBench/predictions/imagenet3dcc-AlexNet/color_quant-2.csv"
    ],
    "eps": 7.5,
    "n_bins": 0,
    "n_examples": -1,
    "out_path": "../results/semantic//results/imagenet3dcc-AlexNet/imagenet3dcc-AlexNet-L2-7.5-color_quant-2.json",
    "full_output": false,
    "verbose": false,
    "randomize_order": false,
    "backend": "bf",
    "blind_cols": null,
    "pred": "pred",
    "metric": "L2"
  },
  "backend_meta": {
    "epsilon": 7.5,
    "decision_col": "pred",
    "metric": "Linf",
    "is_exact": true,
    "is_sound": true,
    "is_complete": true
  },
  "positives": [
    [
      49,
      5049
    ],
    [
      660,
      5660
    ],
    [
      1100,
      6100
    ],
    [
      1151,
      6151
    ],
    [
      1221,
      6221
    ],
    [
      1427,
      6427
    ],
    [
      1587,
      6587
    ],
    [
      1751,
      6751
    ],
    [
      1860,
      6860
    ],
    [
      2263,
      7263
    ],
    [
      2301,
      7301
    ],
    [
      2912,
      7912
    ],
    [
      3012,
      8012
    ],
    [
      3577,
      8577
    ],
    [
      3784,
      8784
    ],
    [
      4363,
      9363
    ],
    [
      4522,
      9522
    ],
    [
      4543,
      9543
    ],
    [
      4732,
      9732
    ]
  ]
}