{
  "n_true_positives": 20,
  "n_positives": 20,
  "total_time": 130.23031663894653,
  "date": "2025-01-25T17:56:45.174490",
  "backend": "BruteForce",
  "n_bins": 0,
  "eps": 7.5,
  "args": {
    "csvpath": [
      "../data/RobustBench/predictions/imagenet3dcc-AlexNet/vanilla.csv",
      "../data/RobustBench/predictions/imagenet3dcc-AlexNet/far_focus-2.csv"
    ],
    "eps": 7.5,
    "n_bins": 0,
    "n_examples": -1,
    "out_path": "../results/semantic//results/imagenet3dcc-AlexNet/imagenet3dcc-AlexNet-L2-7.5-far_focus-2.json",
    "full_output": false,
    "verbose": false,
    "randomize_order": false,
    "backend": "bf",
    "blind_cols": null,
    "pred": "pred",
    "metric": "L2"
  },
  "backend_meta": {
    "epsilon": 7.5,
    "decision_col": "pred",
    "metric": "Linf",
    "is_exact": true,
    "is_sound": true,
    "is_complete": true
  },
  "positives": [
    [
      120,
      5120
    ],
    [
      144,
      5144
    ],
    [
      192,
      5192
    ],
    [
      787,
      5787
    ],
    [
      1100,
      6100
    ],
    [
      1114,
      6114
    ],
    [
      1587,
      6587
    ],
    [
      1776,
      6776
    ],
    [
      1812,
      6812
    ],
    [
      2292,
      7292
    ],
    [
      2307,
      7307
    ],
    [
      2564,
      7564
    ],
    [
      2653,
      7653
    ],
    [
      2841,
      7841
    ],
    [
      3451,
      8451
    ],
    [
      3519,
      8519
    ],
    [
      3818,
      8818
    ],
    [
      3945,
      8945
    ],
    [
      4153,
      9153
    ],
    [
      4660,
      9660
    ]
  ]
}