{
  "n_true_positives": 44,
  "n_positives": 44,
  "total_time": 131.88974809646606,
  "date": "2025-01-25T18:10:26.146994",
  "backend": "BruteForce",
  "n_bins": 0,
  "eps": 7.5,
  "args": {
    "csvpath": [
      "../data/RobustBench/predictions/imagenet3dcc-AlexNet/vanilla.csv",
      "../data/RobustBench/predictions/imagenet3dcc-AlexNet/bit_error-2.csv"
    ],
    "eps": 7.5,
    "n_bins": 0,
    "n_examples": -1,
    "out_path": "../results/semantic//results/imagenet3dcc-AlexNet/imagenet3dcc-AlexNet-L2-7.5-bit_error-2.json",
    "full_output": false,
    "verbose": false,
    "randomize_order": false,
    "backend": "bf",
    "blind_cols": null,
    "pred": "pred",
    "metric": "L2"
  },
  "backend_meta": {
    "epsilon": 7.5,
    "decision_col": "pred",
    "metric": "Linf",
    "is_exact": true,
    "is_sound": true,
    "is_complete": true
  },
  "positives": [
    [
      24,
      5024
    ],
    [
      177,
      5177
    ],
    [
      216,
      5216
    ],
    [
      235,
      5235
    ],
    [
      339,
      5339
    ],
    [
      541,
      5541
    ],
    [
      784,
      5784
    ],
    [
      799,
      5799
    ],
    [
      869,
      5869
    ],
    [
      900,
      5900
    ],
    [
      1150,
      6150
    ],
    [
      1223,
      6223
    ],
    [
      1287,
      6287
    ],
    [
      1297,
      6297
    ],
    [
      1445,
      6445
    ],
    [
      1449,
      6449
    ],
    [
      1472,
      6472
    ],
    [
      1587,
      6587
    ],
    [
      1618,
      6618
    ],
    [
      1727,
      6727
    ],
    [
      1841,
      6841
    ],
    [
      1959,
      6959
    ],
    [
      2248,
      7248
    ],
    [
      2292,
      7292
    ],
    [
      2314,
      7314
    ],
    [
      2722,
      7722
    ],
    [
      2793,
      7793
    ],
    [
      2999,
      7999
    ],
    [
      3071,
      8071
    ],
    [
      3426,
      8426
    ],
    [
      3500,
      8500
    ],
    [
      3533,
      8533
    ],
    [
      3651,
      8651
    ],
    [
      3764,
      8764
    ],
    [
      4162,
      9162
    ],
    [
      4167,
      9167
    ],
    [
      4171,
      9171
    ],
    [
      4251,
      9251
    ],
    [
      4309,
      9309
    ],
    [
      4371,
      9371
    ],
    [
      4391,
      9391
    ],
    [
      4395,
      9395
    ],
    [
      4528,
      9528
    ],
    [
      4975,
      9975
    ]
  ]
}