{
  "n_true_positives": 23,
  "n_positives": 23,
  "total_time": 137.3029429912567,
  "date": "2025-01-25T17:49:17.120033",
  "backend": "BruteForce",
  "n_bins": 0,
  "eps": 7.5,
  "args": {
    "csvpath": [
      "../data/RobustBench/predictions/imagenet3dcc-AlexNet/vanilla.csv",
      "../data/RobustBench/predictions/imagenet3dcc-AlexNet/bit_error-3.csv"
    ],
    "eps": 7.5,
    "n_bins": 0,
    "n_examples": -1,
    "out_path": "../results/semantic//results/imagenet3dcc-AlexNet/imagenet3dcc-AlexNet-L2-7.5-bit_error-3.json",
    "full_output": false,
    "verbose": false,
    "randomize_order": false,
    "backend": "bf",
    "blind_cols": null,
    "pred": "pred",
    "metric": "L2"
  },
  "backend_meta": {
    "epsilon": 7.5,
    "decision_col": "pred",
    "metric": "Linf",
    "is_exact": true,
    "is_sound": true,
    "is_complete": true
  },
  "positives": [
    [
      24,
      5024
    ],
    [
      339,
      5339
    ],
    [
      435,
      5435
    ],
    [
      453,
      5453
    ],
    [
      734,
      5734
    ],
    [
      821,
      5821
    ],
    [
      970,
      5970
    ],
    [
      1129,
      6129
    ],
    [
      1287,
      6287
    ],
    [
      1618,
      6618
    ],
    [
      1789,
      6789
    ],
    [
      1959,
      6959
    ],
    [
      3533,
      8533
    ],
    [
      3626,
      8626
    ],
    [
      3651,
      8651
    ],
    [
      3866,
      8866
    ],
    [
      4112,
      9112
    ],
    [
      4167,
      9167
    ],
    [
      4176,
      9176
    ],
    [
      4391,
      9391
    ],
    [
      4395,
      9395
    ],
    [
      4508,
      9508
    ],
    [
      4587,
      9587
    ]
  ]
}