{
  "n_true_positives": 1429,
  "n_positives": 1429,
  "total_time": 140.58433437347412,
  "date": "2025-01-25T18:58:39.394750",
  "backend": "BruteForce",
  "n_bins": 0,
  "eps": 12.5,
  "args": {
    "csvpath": [
      "../data/RobustBench/predictions/imagenet3dcc-AlexNet/vanilla.csv",
      "../data/RobustBench/predictions/imagenet3dcc-AlexNet/h265_abr-1.csv"
    ],
    "eps": 12.5,
    "n_bins": 0,
    "n_examples": -1,
    "out_path": "../results/semantic//results/imagenet3dcc-AlexNet/imagenet3dcc-AlexNet-L2-12.5-h265_abr-1.json",
    "full_output": false,
    "verbose": false,
    "randomize_order": false,
    "backend": "bf",
    "blind_cols": null,
    "pred": "pred",
    "metric": "L2"
  },
  "backend_meta": {
    "epsilon": 12.5,
    "decision_col": "pred",
    "metric": "Linf",
    "is_exact": true,
    "is_sound": true,
    "is_complete": true
  },
  "positives": [
    [
      3,
      5003
    ],
    [
      4,
      5004
    ],
    [
      11,
      5011
    ],
    [
      15,
      5015
    ],
    [
      19,
      5019
    ],
    [
      24,
      5024
    ],
    [
      30,
      5030
    ],
    [
      32,
      5032
    ],
    [
      34,
      5034
    ],
    [
      40,
      5040
    ],
    [
      41,
      5041
    ],
    [
      44,
      5044
    ],
    [
      45,
      5045
    ],
    [
      48,
      5048
    ],
    [
      49,
      5049
    ],
    [
      55,
      5055
    ],
    [
      63,
      5063
    ],
    [
      65,
      5065
    ],
    [
      66,
      5066
    ],
    [
      69,
      5069
    ],
    [
      73,
      5073
    ],
    [
      76,
      5076
    ],
    [
      78,
      5078
    ],
    [
      86,
      5086
    ],
    [
      87,
      5087
    ],
    [
      92,
      5092
    ],
    [
      97,
      5097
    ],
    [
      98,
      5098
    ],
    [
      101,
      5101
    ],
    [
      104,
      5104
    ],
    [
      106,
      5106
    ],
    [
      109,
      5109
    ],
    [
      110,
      5110
    ],
    [
      112,
      5112
    ],
    [
      115,
      5115
    ],
    [
      117,
      5117
    ],
    [
      118,
      5118
    ],
    [
      125,
      5125
    ],
    [
      132,
      5132
    ],
    [
      133,
      5133
    ],
    [
      138,
      5138
    ],
    [
      140,
      5140
    ],
    [
      142,
      5142
    ],
    [
      144,
      5144
    ],
    [
      146,
      5146
    ],
    [
      151,
      5151
    ],
    [
      154,
      5154
    ],
    [
      159,
      5159
    ],
    [
      165,
      5165
    ],
    [
      168,
      5168
    ],
    [
      169,
      5169
    ],
    [
      174,
      5174
    ],
    [
      177,
      5177
    ],
    [
      182,
      5182
    ],
    [
      192,
      5192
    ],
    [
      198,
      5198
    ],
    [
      202,
      5202
    ],
    [
      209,
      5209
    ],
    [
      216,
      5216
    ],
    [
      217,
      5217
    ],
    [
      221,
      5221
    ],
    [
      224,
      5224
    ],
    [
      225,
      5225
    ],
    [
      232,
      5232
    ],
    [
      233,
      5233
    ],
    [
      234,
      5234
    ],
    [
      235,
      5235
    ],
    [
      239,
      5239
    ],
    [
      240,
      5240
    ],
    [
      241,
      5241
    ],
    [
      243,
      5243
    ],
    [
      252,
      5252
    ],
    [
      256,
      5256
    ],
    [
      262,
      5262
    ],
    [
      264,
      5264
    ],
    [
      265,
      5265
    ],
    [
      274,
      5274
    ],
    [
      276,
      5276
    ],
    [
      286,
      5286
    ],
    [
      293,
      5293
    ],
    [
      302,
      5302
    ],
    [
      304,
      5304
    ],
    [
      305,
      5305
    ],
    [
      307,
      5307
    ],
    [
      310,
      5310
    ],
    [
      315,
      5315
    ],
    [
      320,
      5320
    ],
    [
      327,
      5327
    ],
    [
      337,
      5337
    ],
    [
      342,
      5342
    ],
    [
      345,
      5345
    ],
    [
      348,
      5348
    ],
    [
      350,
      5350
    ],
    [
      356,
      5356
    ],
    [
      358,
      5358
    ],
    [
      364,
      5364
    ],
    [
      370,
      5370
    ],
    [
      375,
      5375
    ],
    [
      381,
      5381
    ],
    [
      383,
      5383
    ],
    [
      386,
      5386
    ],
    [
      388,
      5388
    ],
    [
      394,
      5394
    ],
    [
      397,
      5397
    ],
    [
      398,
      5398
    ],
    [
      399,
      5399
    ],
    [
      403,
      5403
    ],
    [
      405,
      5405
    ],
    [
      411,
      5411
    ],
    [
      412,
      5412
    ],
    [
      413,
      5413
    ],
    [
      417,
      5417
    ],
    [
      421,
      5421
    ],
    [
      422,
      5422
    ],
    [
      429,
      5429
    ],
    [
      432,
      5432
    ],
    [
      435,
      5435
    ],
    [
      439,
      5439
    ],
    [
      440,
      5440
    ],
    [
      443,
      5443
    ],
    [
      451,
      5451
    ],
    [
      453,
      5453
    ],
    [
      454,
      5454
    ],
    [
      456,
      5456
    ],
    [
      458,
      5458
    ],
    [
      459,
      5459
    ],
    [
      464,
      5464
    ],
    [
      468,
      5468
    ],
    [
      470,
      5470
    ],
    [
      472,
      5472
    ],
    [
      475,
      5475
    ],
    [
      476,
      5476
    ],
    [
      479,
      5479
    ],
    [
      480,
      5480
    ],
    [
      481,
      5481
    ],
    [
      484,
      5484
    ],
    [
      488,
      5488
    ],
    [
      494,
      5494
    ],
    [
      498,
      5498
    ],
    [
      499,
      5499
    ],
    [
      501,
      5501
    ],
    [
      504,
      5504
    ],
    [
      510,
      5510
    ],
    [
      513,
      5513
    ],
    [
      514,
      5514
    ],
    [
      515,
      5515
    ],
    [
      516,
      5516
    ],
    [
      518,
      5518
    ],
    [
      521,
      5521
    ],
    [
      522,
      5522
    ],
    [
      528,
      5528
    ],
    [
      530,
      5530
    ],
    [
      531,
      5531
    ],
    [
      532,
      5532
    ],
    [
      534,
      5534
    ],
    [
      537,
      5537
    ],
    [
      541,
      5541
    ],
    [
      547,
      5547
    ],
    [
      548,
      5548
    ],
    [
      549,
      5549
    ],
    [
      553,
      5553
    ],
    [
      556,
      5556
    ],
    [
      558,
      5558
    ],
    [
      561,
      5561
    ],
    [
      564,
      5564
    ],
    [
      568,
      5568
    ],
    [
      569,
      5569
    ],
    [
      576,
      5576
    ],
    [
      580,
      5580
    ],
    [
      581,
      5581
    ],
    [
      582,
      5582
    ],
    [
      583,
      5583
    ],
    [
      585,
      5585
    ],
    [
      589,
      5589
    ],
    [
      595,
      5595
    ],
    [
      596,
      5596
    ],
    [
      597,
      5597
    ],
    [
      600,
      5600
    ],
    [
      602,
      5602
    ],
    [
      608,
      5608
    ],
    [
      609,
      5609
    ],
    [
      610,
      5610
    ],
    [
      617,
      5617
    ],
    [
      625,
      5625
    ],
    [
      630,
      5630
    ],
    [
      631,
      5631
    ],
    [
      637,
      5637
    ],
    [
      641,
      5641
    ],
    [
      644,
      5644
    ],
    [
      651,
      5651
    ],
    [
      652,
      5652
    ],
    [
      653,
      5653
    ],
    [
      660,
      5660
    ],
    [
      664,
      5664
    ],
    [
      665,
      5665
    ],
    [
      671,
      5671
    ],
    [
      673,
      5673
    ],
    [
      675,
      5675
    ],
    [
      676,
      5676
    ],
    [
      678,
      5678
    ],
    [
      684,
      5684
    ],
    [
      686,
      5686
    ],
    [
      690,
      5690
    ],
    [
      691,
      5691
    ],
    [
      696,
      5696
    ],
    [
      698,
      5698
    ],
    [
      704,
      5704
    ],
    [
      709,
      5709
    ],
    [
      714,
      5714
    ],
    [
      715,
      5715
    ],
    [
      717,
      5717
    ],
    [
      718,
      5718
    ],
    [
      733,
      5733
    ],
    [
      734,
      5734
    ],
    [
      736,
      5736
    ],
    [
      740,
      5740
    ],
    [
      741,
      5741
    ],
    [
      751,
      5751
    ],
    [
      754,
      5754
    ],
    [
      756,
      5756
    ],
    [
      759,
      5759
    ],
    [
      762,
      5762
    ],
    [
      765,
      5765
    ],
    [
      771,
      5771
    ],
    [
      773,
      5773
    ],
    [
      784,
      5784
    ],
    [
      787,
      5787
    ],
    [
      788,
      5788
    ],
    [
      789,
      5789
    ],
    [
      795,
      5795
    ],
    [
      797,
      5797
    ],
    [
      799,
      5799
    ],
    [
      806,
      5806
    ],
    [
      807,
      5807
    ],
    [
      810,
      5810
    ],
    [
      816,
      5816
    ],
    [
      820,
      5820
    ],
    [
      821,
      5821
    ],
    [
      824,
      5824
    ],
    [
      825,
      5825
    ],
    [
      829,
      5829
    ],
    [
      830,
      5830
    ],
    [
      831,
      5831
    ],
    [
      837,
      5837
    ],
    [
      841,
      5841
    ],
    [
      843,
      5843
    ],
    [
      849,
      5849
    ],
    [
      853,
      5853
    ],
    [
      854,
      5854
    ],
    [
      855,
      5855
    ],
    [
      856,
      5856
    ],
    [
      864,
      5864
    ],
    [
      869,
      5869
    ],
    [
      871,
      5871
    ],
    [
      876,
      5876
    ],
    [
      879,
      5879
    ],
    [
      886,
      5886
    ],
    [
      888,
      5888
    ],
    [
      896,
      5896
    ],
    [
      900,
      5900
    ],
    [
      901,
      5901
    ],
    [
      902,
      5902
    ],
    [
      907,
      5907
    ],
    [
      908,
      5908
    ],
    [
      909,
      5909
    ],
    [
      911,
      5911
    ],
    [
      912,
      5912
    ],
    [
      918,
      5918
    ],
    [
      920,
      5920
    ],
    [
      938,
      5938
    ],
    [
      943,
      5943
    ],
    [
      944,
      5944
    ],
    [
      949,
      5949
    ],
    [
      950,
      5950
    ],
    [
      955,
      5955
    ],
    [
      959,
      5959
    ],
    [
      961,
      5961
    ],
    [
      963,
      5963
    ],
    [
      965,
      5965
    ],
    [
      966,
      5966
    ],
    [
      967,
      5967
    ],
    [
      970,
      5970
    ],
    [
      977,
      5977
    ],
    [
      978,
      5978
    ],
    [
      980,
      5980
    ],
    [
      984,
      5984
    ],
    [
      986,
      5986
    ],
    [
      987,
      5987
    ],
    [
      991,
      5991
    ],
    [
      993,
      5993
    ],
    [
      998,
      5998
    ],
    [
      1007,
      6007
    ],
    [
      1010,
      6010
    ],
    [
      1016,
      6016
    ],
    [
      1021,
      6021
    ],
    [
      1024,
      6024
    ],
    [
      1032,
      6032
    ],
    [
      1034,
      6034
    ],
    [
      1035,
      6035
    ],
    [
      1038,
      6038
    ],
    [
      1040,
      6040
    ],
    [
      1041,
      6041
    ],
    [
      1042,
      6042
    ],
    [
      1043,
      6043
    ],
    [
      1048,
      6048
    ],
    [
      1051,
      6051
    ],
    [
      1055,
      6055
    ],
    [
      1060,
      6060
    ],
    [
      1062,
      6062
    ],
    [
      1069,
      6069
    ],
    [
      1077,
      6077
    ],
    [
      1078,
      6078
    ],
    [
      1084,
      6084
    ],
    [
      1086,
      6086
    ],
    [
      1088,
      6088
    ],
    [
      1090,
      6090
    ],
    [
      1096,
      6096
    ],
    [
      1099,
      6099
    ],
    [
      1100,
      6100
    ],
    [
      1112,
      6112
    ],
    [
      1114,
      6114
    ],
    [
      1115,
      6115
    ],
    [
      1117,
      6117
    ],
    [
      1121,
      6121
    ],
    [
      1122,
      6122
    ],
    [
      1123,
      6123
    ],
    [
      1129,
      6129
    ],
    [
      1139,
      6139
    ],
    [
      1140,
      6140
    ],
    [
      1141,
      6141
    ],
    [
      1145,
      6145
    ],
    [
      1146,
      6146
    ],
    [
      1147,
      6147
    ],
    [
      1150,
      6150
    ],
    [
      1151,
      6151
    ],
    [
      1152,
      6152
    ],
    [
      1157,
      6157
    ],
    [
      1159,
      6159
    ],
    [
      1161,
      6161
    ],
    [
      1163,
      6163
    ],
    [
      1164,
      6164
    ],
    [
      1169,
      6169
    ],
    [
      1171,
      6171
    ],
    [
      1174,
      6174
    ],
    [
      1177,
      6177
    ],
    [
      1178,
      6178
    ],
    [
      1180,
      6180
    ],
    [
      1182,
      6182
    ],
    [
      1183,
      6183
    ],
    [
      1185,
      6185
    ],
    [
      1187,
      6187
    ],
    [
      1188,
      6188
    ],
    [
      1192,
      6192
    ],
    [
      1193,
      6193
    ],
    [
      1198,
      6198
    ],
    [
      1210,
      6210
    ],
    [
      1211,
      6211
    ],
    [
      1221,
      6221
    ],
    [
      1223,
      6223
    ],
    [
      1229,
      6229
    ],
    [
      1232,
      6232
    ],
    [
      1235,
      6235
    ],
    [
      1247,
      6247
    ],
    [
      1248,
      6248
    ],
    [
      1252,
      6252
    ],
    [
      1255,
      6255
    ],
    [
      1257,
      6257
    ],
    [
      1258,
      6258
    ],
    [
      1263,
      6263
    ],
    [
      1268,
      6268
    ],
    [
      1269,
      6269
    ],
    [
      1277,
      6277
    ],
    [
      1280,
      6280
    ],
    [
      1285,
      6285
    ],
    [
      1287,
      6287
    ],
    [
      1290,
      6290
    ],
    [
      1293,
      6293
    ],
    [
      1294,
      6294
    ],
    [
      1297,
      6297
    ],
    [
      1304,
      6304
    ],
    [
      1305,
      6305
    ],
    [
      1317,
      6317
    ],
    [
      1318,
      6318
    ],
    [
      1321,
      6321
    ],
    [
      1325,
      6325
    ],
    [
      1327,
      6327
    ],
    [
      1330,
      6330
    ],
    [
      1334,
      6334
    ],
    [
      1342,
      6342
    ],
    [
      1345,
      6345
    ],
    [
      1346,
      6346
    ],
    [
      1370,
      6370
    ],
    [
      1371,
      6371
    ],
    [
      1372,
      6372
    ],
    [
      1378,
      6378
    ],
    [
      1387,
      6387
    ],
    [
      1388,
      6388
    ],
    [
      1398,
      6398
    ],
    [
      1400,
      6400
    ],
    [
      1405,
      6405
    ],
    [
      1407,
      6407
    ],
    [
      1421,
      6421
    ],
    [
      1424,
      6424
    ],
    [
      1426,
      6426
    ],
    [
      1427,
      6427
    ],
    [
      1428,
      6428
    ],
    [
      1430,
      6430
    ],
    [
      1436,
      6436
    ],
    [
      1439,
      6439
    ],
    [
      1440,
      6440
    ],
    [
      1442,
      6442
    ],
    [
      1445,
      6445
    ],
    [
      1449,
      6449
    ],
    [
      1454,
      6454
    ],
    [
      1457,
      6457
    ],
    [
      1458,
      6458
    ],
    [
      1462,
      6462
    ],
    [
      1472,
      6472
    ],
    [
      1479,
      6479
    ],
    [
      1481,
      6481
    ],
    [
      1483,
      6483
    ],
    [
      1487,
      6487
    ],
    [
      1492,
      6492
    ],
    [
      1494,
      6494
    ],
    [
      1498,
      6498
    ],
    [
      1499,
      6499
    ],
    [
      1500,
      6500
    ],
    [
      1503,
      6503
    ],
    [
      1506,
      6506
    ],
    [
      1511,
      6511
    ],
    [
      1513,
      6513
    ],
    [
      1529,
      6529
    ],
    [
      1531,
      6531
    ],
    [
      1538,
      6538
    ],
    [
      1547,
      6547
    ],
    [
      1549,
      6549
    ],
    [
      1552,
      6552
    ],
    [
      1554,
      6554
    ],
    [
      1556,
      6556
    ],
    [
      1557,
      6557
    ],
    [
      1559,
      6559
    ],
    [
      1565,
      6565
    ],
    [
      1566,
      6566
    ],
    [
      1567,
      6567
    ],
    [
      1571,
      6571
    ],
    [
      1577,
      6577
    ],
    [
      1582,
      6582
    ],
    [
      1586,
      6586
    ],
    [
      1587,
      6587
    ],
    [
      1608,
      6608
    ],
    [
      1609,
      6609
    ],
    [
      1611,
      6611
    ],
    [
      1612,
      6612
    ],
    [
      1614,
      6614
    ],
    [
      1615,
      6615
    ],
    [
      1618,
      6618
    ],
    [
      1619,
      6619
    ],
    [
      1622,
      6622
    ],
    [
      1623,
      6623
    ],
    [
      1624,
      6624
    ],
    [
      1633,
      6633
    ],
    [
      1642,
      6642
    ],
    [
      1644,
      6644
    ],
    [
      1645,
      6645
    ],
    [
      1651,
      6651
    ],
    [
      1652,
      6652
    ],
    [
      1656,
      6656
    ],
    [
      1667,
      6667
    ],
    [
      1675,
      6675
    ],
    [
      1691,
      6691
    ],
    [
      1695,
      6695
    ],
    [
      1697,
      6697
    ],
    [
      1702,
      6702
    ],
    [
      1704,
      6704
    ],
    [
      1706,
      6706
    ],
    [
      1708,
      6708
    ],
    [
      1709,
      6709
    ],
    [
      1715,
      6715
    ],
    [
      1718,
      6718
    ],
    [
      1720,
      6720
    ],
    [
      1725,
      6725
    ],
    [
      1727,
      6727
    ],
    [
      1731,
      6731
    ],
    [
      1732,
      6732
    ],
    [
      1735,
      6735
    ],
    [
      1738,
      6738
    ],
    [
      1740,
      6740
    ],
    [
      1744,
      6744
    ],
    [
      1746,
      6746
    ],
    [
      1751,
      6751
    ],
    [
      1754,
      6754
    ],
    [
      1761,
      6761
    ],
    [
      1764,
      6764
    ],
    [
      1765,
      6765
    ],
    [
      1771,
      6771
    ],
    [
      1773,
      6773
    ],
    [
      1776,
      6776
    ],
    [
      1778,
      6778
    ],
    [
      1783,
      6783
    ],
    [
      1786,
      6786
    ],
    [
      1788,
      6788
    ],
    [
      1789,
      6789
    ],
    [
      1794,
      6794
    ],
    [
      1795,
      6795
    ],
    [
      1796,
      6796
    ],
    [
      1797,
      6797
    ],
    [
      1798,
      6798
    ],
    [
      1810,
      6810
    ],
    [
      1813,
      6813
    ],
    [
      1814,
      6814
    ],
    [
      1819,
      6819
    ],
    [
      1824,
      6824
    ],
    [
      1828,
      6828
    ],
    [
      1834,
      6834
    ],
    [
      1835,
      6835
    ],
    [
      1840,
      6840
    ],
    [
      1841,
      6841
    ],
    [
      1843,
      6843
    ],
    [
      1847,
      6847
    ],
    [
      1850,
      6850
    ],
    [
      1855,
      6855
    ],
    [
      1856,
      6856
    ],
    [
      1857,
      6857
    ],
    [
      1858,
      6858
    ],
    [
      1860,
      6860
    ],
    [
      1861,
      6861
    ],
    [
      1862,
      6862
    ],
    [
      1864,
      6864
    ],
    [
      1869,
      6869
    ],
    [
      1872,
      6872
    ],
    [
      1874,
      6874
    ],
    [
      1876,
      6876
    ],
    [
      1878,
      6878
    ],
    [
      1881,
      6881
    ],
    [
      1882,
      6882
    ],
    [
      1883,
      6883
    ],
    [
      1884,
      6884
    ],
    [
      1885,
      6885
    ],
    [
      1887,
      6887
    ],
    [
      1888,
      6888
    ],
    [
      1894,
      6894
    ],
    [
      1897,
      6897
    ],
    [
      1898,
      6898
    ],
    [
      1902,
      6902
    ],
    [
      1903,
      6903
    ],
    [
      1904,
      6904
    ],
    [
      1905,
      6905
    ],
    [
      1906,
      6906
    ],
    [
      1912,
      6912
    ],
    [
      1916,
      6916
    ],
    [
      1920,
      6920
    ],
    [
      1922,
      6922
    ],
    [
      1923,
      6923
    ],
    [
      1924,
      6924
    ],
    [
      1926,
      6926
    ],
    [
      1927,
      6927
    ],
    [
      1928,
      6928
    ],
    [
      1931,
      6931
    ],
    [
      1936,
      6936
    ],
    [
      1950,
      6950
    ],
    [
      1953,
      6953
    ],
    [
      1957,
      6957
    ],
    [
      1959,
      6959
    ],
    [
      1961,
      6961
    ],
    [
      1969,
      6969
    ],
    [
      1972,
      6972
    ],
    [
      1973,
      6973
    ],
    [
      1974,
      6974
    ],
    [
      1977,
      6977
    ],
    [
      1981,
      6981
    ],
    [
      1986,
      6986
    ],
    [
      1987,
      6987
    ],
    [
      1992,
      6992
    ],
    [
      1996,
      6996
    ],
    [
      1997,
      6997
    ],
    [
      1998,
      6998
    ],
    [
      2003,
      7003
    ],
    [
      2006,
      7006
    ],
    [
      2007,
      7007
    ],
    [
      2010,
      7010
    ],
    [
      2011,
      7011
    ],
    [
      2015,
      7015
    ],
    [
      2019,
      7019
    ],
    [
      2022,
      7022
    ],
    [
      2025,
      7025
    ],
    [
      2028,
      7028
    ],
    [
      2040,
      7040
    ],
    [
      2048,
      7048
    ],
    [
      2052,
      7052
    ],
    [
      2055,
      7055
    ],
    [
      2062,
      7062
    ],
    [
      2063,
      7063
    ],
    [
      2064,
      7064
    ],
    [
      2071,
      7071
    ],
    [
      2074,
      7074
    ],
    [
      2079,
      7079
    ],
    [
      2080,
      7080
    ],
    [
      2082,
      7082
    ],
    [
      2084,
      7084
    ],
    [
      2089,
      7089
    ],
    [
      2090,
      7090
    ],
    [
      2092,
      7092
    ],
    [
      2093,
      7093
    ],
    [
      2099,
      7099
    ],
    [
      2104,
      7104
    ],
    [
      2112,
      7112
    ],
    [
      2113,
      7113
    ],
    [
      2116,
      7116
    ],
    [
      2121,
      7121
    ],
    [
      2122,
      7122
    ],
    [
      2129,
      7129
    ],
    [
      2135,
      7135
    ],
    [
      2136,
      7136
    ],
    [
      2141,
      7141
    ],
    [
      2148,
      7148
    ],
    [
      2150,
      7150
    ],
    [
      2152,
      7152
    ],
    [
      2155,
      7155
    ],
    [
      2157,
      7157
    ],
    [
      2159,
      7159
    ],
    [
      2161,
      7161
    ],
    [
      2167,
      7167
    ],
    [
      2170,
      7170
    ],
    [
      2171,
      7171
    ],
    [
      2173,
      7173
    ],
    [
      2175,
      7175
    ],
    [
      2179,
      7179
    ],
    [
      2183,
      7183
    ],
    [
      2190,
      7190
    ],
    [
      2194,
      7194
    ],
    [
      2196,
      7196
    ],
    [
      2209,
      7209
    ],
    [
      2211,
      7211
    ],
    [
      2216,
      7216
    ],
    [
      2217,
      7217
    ],
    [
      2220,
      7220
    ],
    [
      2225,
      7225
    ],
    [
      2226,
      7226
    ],
    [
      2227,
      7227
    ],
    [
      2229,
      7229
    ],
    [
      2233,
      7233
    ],
    [
      2236,
      7236
    ],
    [
      2240,
      7240
    ],
    [
      2242,
      7242
    ],
    [
      2244,
      7244
    ],
    [
      2247,
      7247
    ],
    [
      2248,
      7248
    ],
    [
      2256,
      7256
    ],
    [
      2257,
      7257
    ],
    [
      2261,
      7261
    ],
    [
      2262,
      7262
    ],
    [
      2265,
      7265
    ],
    [
      2276,
      7276
    ],
    [
      2286,
      7286
    ],
    [
      2292,
      7292
    ],
    [
      2293,
      7293
    ],
    [
      2296,
      7296
    ],
    [
      2303,
      7303
    ],
    [
      2305,
      7305
    ],
    [
      2306,
      7306
    ],
    [
      2307,
      7307
    ],
    [
      2309,
      7309
    ],
    [
      2311,
      7311
    ],
    [
      2312,
      7312
    ],
    [
      2313,
      7313
    ],
    [
      2314,
      7314
    ],
    [
      2315,
      7315
    ],
    [
      2317,
      7317
    ],
    [
      2319,
      7319
    ],
    [
      2320,
      7320
    ],
    [
      2322,
      7322
    ],
    [
      2325,
      7325
    ],
    [
      2331,
      7331
    ],
    [
      2337,
      7337
    ],
    [
      2348,
      7348
    ],
    [
      2350,
      7350
    ],
    [
      2354,
      7354
    ],
    [
      2356,
      7356
    ],
    [
      2363,
      7363
    ],
    [
      2364,
      7364
    ],
    [
      2365,
      7365
    ],
    [
      2367,
      7367
    ],
    [
      2368,
      7368
    ],
    [
      2370,
      7370
    ],
    [
      2376,
      7376
    ],
    [
      2377,
      7377
    ],
    [
      2382,
      7382
    ],
    [
      2383,
      7383
    ],
    [
      2387,
      7387
    ],
    [
      2388,
      7388
    ],
    [
      2391,
      7391
    ],
    [
      2392,
      7392
    ],
    [
      2400,
      7400
    ],
    [
      2402,
      7402
    ],
    [
      2404,
      7404
    ],
    [
      2411,
      7411
    ],
    [
      2416,
      7416
    ],
    [
      2418,
      7418
    ],
    [
      2419,
      7419
    ],
    [
      2420,
      7420
    ],
    [
      2427,
      7427
    ],
    [
      2429,
      7429
    ],
    [
      2432,
      7432
    ],
    [
      2433,
      7433
    ],
    [
      2439,
      7439
    ],
    [
      2442,
      7442
    ],
    [
      2444,
      7444
    ],
    [
      2458,
      7458
    ],
    [
      2459,
      7459
    ],
    [
      2462,
      7462
    ],
    [
      2463,
      7463
    ],
    [
      2470,
      7470
    ],
    [
      2476,
      7476
    ],
    [
      2483,
      7483
    ],
    [
      2484,
      7484
    ],
    [
      2485,
      7485
    ],
    [
      2486,
      7486
    ],
    [
      2490,
      7490
    ],
    [
      2492,
      7492
    ],
    [
      2493,
      7493
    ],
    [
      2503,
      7503
    ],
    [
      2504,
      7504
    ],
    [
      2506,
      7506
    ],
    [
      2507,
      7507
    ],
    [
      2508,
      7508
    ],
    [
      2513,
      7513
    ],
    [
      2521,
      7521
    ],
    [
      2524,
      7524
    ],
    [
      2526,
      7526
    ],
    [
      2528,
      7528
    ],
    [
      2529,
      7529
    ],
    [
      2534,
      7534
    ],
    [
      2537,
      7537
    ],
    [
      2538,
      7538
    ],
    [
      2539,
      7539
    ],
    [
      2541,
      7541
    ],
    [
      2544,
      7544
    ],
    [
      2545,
      7545
    ],
    [
      2551,
      7551
    ],
    [
      2556,
      7556
    ],
    [
      2558,
      7558
    ],
    [
      2560,
      7560
    ],
    [
      2561,
      7561
    ],
    [
      2565,
      7565
    ],
    [
      2568,
      7568
    ],
    [
      2570,
      7570
    ],
    [
      2583,
      7583
    ],
    [
      2588,
      7588
    ],
    [
      2589,
      7589
    ],
    [
      2604,
      7604
    ],
    [
      2609,
      7609
    ],
    [
      2610,
      7610
    ],
    [
      2613,
      7613
    ],
    [
      2617,
      7617
    ],
    [
      2618,
      7618
    ],
    [
      2621,
      7621
    ],
    [
      2622,
      7622
    ],
    [
      2623,
      7623
    ],
    [
      2627,
      7627
    ],
    [
      2628,
      7628
    ],
    [
      2629,
      7629
    ],
    [
      2633,
      7633
    ],
    [
      2635,
      7635
    ],
    [
      2637,
      7637
    ],
    [
      2639,
      7639
    ],
    [
      2646,
      7646
    ],
    [
      2649,
      7649
    ],
    [
      2650,
      7650
    ],
    [
      2652,
      7652
    ],
    [
      2662,
      7662
    ],
    [
      2666,
      7666
    ],
    [
      2671,
      7671
    ],
    [
      2676,
      7676
    ],
    [
      2678,
      7678
    ],
    [
      2681,
      7681
    ],
    [
      2685,
      7685
    ],
    [
      2686,
      7686
    ],
    [
      2688,
      7688
    ],
    [
      2689,
      7689
    ],
    [
      2695,
      7695
    ],
    [
      2701,
      7701
    ],
    [
      2702,
      7702
    ],
    [
      2708,
      7708
    ],
    [
      2711,
      7711
    ],
    [
      2715,
      7715
    ],
    [
      2717,
      7717
    ],
    [
      2719,
      7719
    ],
    [
      2720,
      7720
    ],
    [
      2722,
      7722
    ],
    [
      2725,
      7725
    ],
    [
      2731,
      7731
    ],
    [
      2735,
      7735
    ],
    [
      2738,
      7738
    ],
    [
      2743,
      7743
    ],
    [
      2744,
      7744
    ],
    [
      2750,
      7750
    ],
    [
      2759,
      7759
    ],
    [
      2774,
      7774
    ],
    [
      2778,
      7778
    ],
    [
      2782,
      7782
    ],
    [
      2790,
      7790
    ],
    [
      2793,
      7793
    ],
    [
      2794,
      7794
    ],
    [
      2795,
      7795
    ],
    [
      2798,
      7798
    ],
    [
      2802,
      7802
    ],
    [
      2811,
      7811
    ],
    [
      2838,
      7838
    ],
    [
      2839,
      7839
    ],
    [
      2846,
      7846
    ],
    [
      2849,
      7849
    ],
    [
      2852,
      7852
    ],
    [
      2858,
      7858
    ],
    [
      2861,
      7861
    ],
    [
      2863,
      7863
    ],
    [
      2866,
      7866
    ],
    [
      2868,
      7868
    ],
    [
      2871,
      7871
    ],
    [
      2876,
      7876
    ],
    [
      2877,
      7877
    ],
    [
      2878,
      7878
    ],
    [
      2879,
      7879
    ],
    [
      2880,
      7880
    ],
    [
      2885,
      7885
    ],
    [
      2895,
      7895
    ],
    [
      2897,
      7897
    ],
    [
      2903,
      7903
    ],
    [
      2909,
      7909
    ],
    [
      2914,
      7914
    ],
    [
      2921,
      7921
    ],
    [
      2924,
      7924
    ],
    [
      2925,
      7925
    ],
    [
      2939,
      7939
    ],
    [
      2941,
      7941
    ],
    [
      2950,
      7950
    ],
    [
      2954,
      7954
    ],
    [
      2957,
      7957
    ],
    [
      2958,
      7958
    ],
    [
      2959,
      7959
    ],
    [
      2960,
      7960
    ],
    [
      2968,
      7968
    ],
    [
      2971,
      7971
    ],
    [
      2972,
      7972
    ],
    [
      2975,
      7975
    ],
    [
      2978,
      7978
    ],
    [
      2979,
      7979
    ],
    [
      2980,
      7980
    ],
    [
      2981,
      7981
    ],
    [
      2985,
      7985
    ],
    [
      2986,
      7986
    ],
    [
      2987,
      7987
    ],
    [
      2993,
      7993
    ],
    [
      2996,
      7996
    ],
    [
      2999,
      7999
    ],
    [
      3004,
      8004
    ],
    [
      3005,
      8005
    ],
    [
      3011,
      8011
    ],
    [
      3012,
      8012
    ],
    [
      3014,
      8014
    ],
    [
      3015,
      8015
    ],
    [
      3016,
      8016
    ],
    [
      3017,
      8017
    ],
    [
      3019,
      8019
    ],
    [
      3023,
      8023
    ],
    [
      3026,
      8026
    ],
    [
      3034,
      8034
    ],
    [
      3035,
      8035
    ],
    [
      3037,
      8037
    ],
    [
      3038,
      8038
    ],
    [
      3039,
      8039
    ],
    [
      3041,
      8041
    ],
    [
      3044,
      8044
    ],
    [
      3045,
      8045
    ],
    [
      3046,
      8046
    ],
    [
      3047,
      8047
    ],
    [
      3048,
      8048
    ],
    [
      3051,
      8051
    ],
    [
      3055,
      8055
    ],
    [
      3057,
      8057
    ],
    [
      3058,
      8058
    ],
    [
      3060,
      8060
    ],
    [
      3064,
      8064
    ],
    [
      3066,
      8066
    ],
    [
      3067,
      8067
    ],
    [
      3070,
      8070
    ],
    [
      3071,
      8071
    ],
    [
      3077,
      8077
    ],
    [
      3084,
      8084
    ],
    [
      3090,
      8090
    ],
    [
      3106,
      8106
    ],
    [
      3109,
      8109
    ],
    [
      3110,
      8110
    ],
    [
      3111,
      8111
    ],
    [
      3116,
      8116
    ],
    [
      3118,
      8118
    ],
    [
      3120,
      8120
    ],
    [
      3128,
      8128
    ],
    [
      3129,
      8129
    ],
    [
      3134,
      8134
    ],
    [
      3138,
      8138
    ],
    [
      3144,
      8144
    ],
    [
      3145,
      8145
    ],
    [
      3148,
      8148
    ],
    [
      3153,
      8153
    ],
    [
      3159,
      8159
    ],
    [
      3167,
      8167
    ],
    [
      3173,
      8173
    ],
    [
      3178,
      8178
    ],
    [
      3191,
      8191
    ],
    [
      3195,
      8195
    ],
    [
      3196,
      8196
    ],
    [
      3199,
      8199
    ],
    [
      3201,
      8201
    ],
    [
      3202,
      8202
    ],
    [
      3203,
      8203
    ],
    [
      3210,
      8210
    ],
    [
      3212,
      8212
    ],
    [
      3216,
      8216
    ],
    [
      3217,
      8217
    ],
    [
      3218,
      8218
    ],
    [
      3220,
      8220
    ],
    [
      3221,
      8221
    ],
    [
      3223,
      8223
    ],
    [
      3231,
      8231
    ],
    [
      3233,
      8233
    ],
    [
      3234,
      8234
    ],
    [
      3236,
      8236
    ],
    [
      3237,
      8237
    ],
    [
      3238,
      8238
    ],
    [
      3244,
      8244
    ],
    [
      3246,
      8246
    ],
    [
      3248,
      8248
    ],
    [
      3250,
      8250
    ],
    [
      3253,
      8253
    ],
    [
      3256,
      8256
    ],
    [
      3260,
      8260
    ],
    [
      3264,
      8264
    ],
    [
      3265,
      8265
    ],
    [
      3270,
      8270
    ],
    [
      3272,
      8272
    ],
    [
      3273,
      8273
    ],
    [
      3275,
      8275
    ],
    [
      3283,
      8283
    ],
    [
      3284,
      8284
    ],
    [
      3287,
      8287
    ],
    [
      3289,
      8289
    ],
    [
      3290,
      8290
    ],
    [
      3291,
      8291
    ],
    [
      3292,
      8292
    ],
    [
      3306,
      8306
    ],
    [
      3312,
      8312
    ],
    [
      3313,
      8313
    ],
    [
      3316,
      8316
    ],
    [
      3317,
      8317
    ],
    [
      3318,
      8318
    ],
    [
      3322,
      8322
    ],
    [
      3324,
      8324
    ],
    [
      3325,
      8325
    ],
    [
      3327,
      8327
    ],
    [
      3331,
      8331
    ],
    [
      3339,
      8339
    ],
    [
      3340,
      8340
    ],
    [
      3342,
      8342
    ],
    [
      3347,
      8347
    ],
    [
      3353,
      8353
    ],
    [
      3355,
      8355
    ],
    [
      3358,
      8358
    ],
    [
      3366,
      8366
    ],
    [
      3372,
      8372
    ],
    [
      3373,
      8373
    ],
    [
      3382,
      8382
    ],
    [
      3383,
      8383
    ],
    [
      3389,
      8389
    ],
    [
      3394,
      8394
    ],
    [
      3401,
      8401
    ],
    [
      3405,
      8405
    ],
    [
      3406,
      8406
    ],
    [
      3407,
      8407
    ],
    [
      3414,
      8414
    ],
    [
      3418,
      8418
    ],
    [
      3424,
      8424
    ],
    [
      3426,
      8426
    ],
    [
      3435,
      8435
    ],
    [
      3436,
      8436
    ],
    [
      3437,
      8437
    ],
    [
      3438,
      8438
    ],
    [
      3439,
      8439
    ],
    [
      3446,
      8446
    ],
    [
      3449,
      8449
    ],
    [
      3451,
      8451
    ],
    [
      3455,
      8455
    ],
    [
      3458,
      8458
    ],
    [
      3475,
      8475
    ],
    [
      3477,
      8477
    ],
    [
      3479,
      8479
    ],
    [
      3482,
      8482
    ],
    [
      3489,
      8489
    ],
    [
      3491,
      8491
    ],
    [
      3496,
      8496
    ],
    [
      3499,
      8499
    ],
    [
      3500,
      8500
    ],
    [
      3501,
      8501
    ],
    [
      3503,
      8503
    ],
    [
      3508,
      8508
    ],
    [
      3511,
      8511
    ],
    [
      3512,
      8512
    ],
    [
      3516,
      8516
    ],
    [
      3518,
      8518
    ],
    [
      3519,
      8519
    ],
    [
      3524,
      8524
    ],
    [
      3532,
      8532
    ],
    [
      3533,
      8533
    ],
    [
      3535,
      8535
    ],
    [
      3539,
      8539
    ],
    [
      3545,
      8545
    ],
    [
      3549,
      8549
    ],
    [
      3550,
      8550
    ],
    [
      3566,
      8566
    ],
    [
      3569,
      8569
    ],
    [
      3574,
      8574
    ],
    [
      3582,
      8582
    ],
    [
      3586,
      8586
    ],
    [
      3591,
      8591
    ],
    [
      3597,
      8597
    ],
    [
      3600,
      8600
    ],
    [
      3607,
      8607
    ],
    [
      3608,
      8608
    ],
    [
      3621,
      8621
    ],
    [
      3623,
      8623
    ],
    [
      3625,
      8625
    ],
    [
      3626,
      8626
    ],
    [
      3629,
      8629
    ],
    [
      3631,
      8631
    ],
    [
      3632,
      8632
    ],
    [
      3633,
      8633
    ],
    [
      3639,
      8639
    ],
    [
      3641,
      8641
    ],
    [
      3645,
      8645
    ],
    [
      3649,
      8649
    ],
    [
      3651,
      8651
    ],
    [
      3658,
      8658
    ],
    [
      3660,
      8660
    ],
    [
      3664,
      8664
    ],
    [
      3667,
      8667
    ],
    [
      3669,
      8669
    ],
    [
      3670,
      8670
    ],
    [
      3671,
      8671
    ],
    [
      3676,
      8676
    ],
    [
      3682,
      8682
    ],
    [
      3689,
      8689
    ],
    [
      3695,
      8695
    ],
    [
      3696,
      8696
    ],
    [
      3708,
      8708
    ],
    [
      3710,
      8710
    ],
    [
      3711,
      8711
    ],
    [
      3712,
      8712
    ],
    [
      3714,
      8714
    ],
    [
      3718,
      8718
    ],
    [
      3727,
      8727
    ],
    [
      3733,
      8733
    ],
    [
      3734,
      8734
    ],
    [
      3737,
      8737
    ],
    [
      3739,
      8739
    ],
    [
      3740,
      8740
    ],
    [
      3744,
      8744
    ],
    [
      3750,
      8750
    ],
    [
      3753,
      8753
    ],
    [
      3754,
      8754
    ],
    [
      3760,
      8760
    ],
    [
      3762,
      8762
    ],
    [
      3764,
      8764
    ],
    [
      3767,
      8767
    ],
    [
      3771,
      8771
    ],
    [
      3773,
      8773
    ],
    [
      3776,
      8776
    ],
    [
      3778,
      8778
    ],
    [
      3782,
      8782
    ],
    [
      3783,
      8783
    ],
    [
      3784,
      8784
    ],
    [
      3787,
      8787
    ],
    [
      3795,
      8795
    ],
    [
      3796,
      8796
    ],
    [
      3797,
      8797
    ],
    [
      3798,
      8798
    ],
    [
      3799,
      8799
    ],
    [
      3800,
      8800
    ],
    [
      3801,
      8801
    ],
    [
      3802,
      8802
    ],
    [
      3803,
      8803
    ],
    [
      3806,
      8806
    ],
    [
      3814,
      8814
    ],
    [
      3818,
      8818
    ],
    [
      3823,
      8823
    ],
    [
      3824,
      8824
    ],
    [
      3825,
      8825
    ],
    [
      3829,
      8829
    ],
    [
      3834,
      8834
    ],
    [
      3836,
      8836
    ],
    [
      3848,
      8848
    ],
    [
      3849,
      8849
    ],
    [
      3850,
      8850
    ],
    [
      3865,
      8865
    ],
    [
      3866,
      8866
    ],
    [
      3870,
      8870
    ],
    [
      3872,
      8872
    ],
    [
      3880,
      8880
    ],
    [
      3883,
      8883
    ],
    [
      3884,
      8884
    ],
    [
      3886,
      8886
    ],
    [
      3887,
      8887
    ],
    [
      3889,
      8889
    ],
    [
      3894,
      8894
    ],
    [
      3895,
      8895
    ],
    [
      3898,
      8898
    ],
    [
      3904,
      8904
    ],
    [
      3907,
      8907
    ],
    [
      3908,
      8908
    ],
    [
      3910,
      8910
    ],
    [
      3911,
      8911
    ],
    [
      3914,
      8914
    ],
    [
      3915,
      8915
    ],
    [
      3917,
      8917
    ],
    [
      3918,
      8918
    ],
    [
      3923,
      8923
    ],
    [
      3927,
      8927
    ],
    [
      3928,
      8928
    ],
    [
      3931,
      8931
    ],
    [
      3936,
      8936
    ],
    [
      3939,
      8939
    ],
    [
      3944,
      8944
    ],
    [
      3947,
      8947
    ],
    [
      3952,
      8952
    ],
    [
      3955,
      8955
    ],
    [
      3957,
      8957
    ],
    [
      3959,
      8959
    ],
    [
      3970,
      8970
    ],
    [
      3971,
      8971
    ],
    [
      3972,
      8972
    ],
    [
      3973,
      8973
    ],
    [
      3979,
      8979
    ],
    [
      3980,
      8980
    ],
    [
      3981,
      8981
    ],
    [
      3990,
      8990
    ],
    [
      3993,
      8993
    ],
    [
      3997,
      8997
    ],
    [
      3998,
      8998
    ],
    [
      3999,
      8999
    ],
    [
      4002,
      9002
    ],
    [
      4007,
      9007
    ],
    [
      4012,
      9012
    ],
    [
      4013,
      9013
    ],
    [
      4014,
      9014
    ],
    [
      4015,
      9015
    ],
    [
      4020,
      9020
    ],
    [
      4021,
      9021
    ],
    [
      4022,
      9022
    ],
    [
      4024,
      9024
    ],
    [
      4025,
      9025
    ],
    [
      4032,
      9032
    ],
    [
      4037,
      9037
    ],
    [
      4039,
      9039
    ],
    [
      4043,
      9043
    ],
    [
      4044,
      9044
    ],
    [
      4046,
      9046
    ],
    [
      4050,
      9050
    ],
    [
      4061,
      9061
    ],
    [
      4073,
      9073
    ],
    [
      4074,
      9074
    ],
    [
      4077,
      9077
    ],
    [
      4078,
      9078
    ],
    [
      4080,
      9080
    ],
    [
      4082,
      9082
    ],
    [
      4083,
      9083
    ],
    [
      4086,
      9086
    ],
    [
      4090,
      9090
    ],
    [
      4092,
      9092
    ],
    [
      4097,
      9097
    ],
    [
      4102,
      9102
    ],
    [
      4104,
      9104
    ],
    [
      4105,
      9105
    ],
    [
      4109,
      9109
    ],
    [
      4111,
      9111
    ],
    [
      4112,
      9112
    ],
    [
      4118,
      9118
    ],
    [
      4128,
      9128
    ],
    [
      4130,
      9130
    ],
    [
      4132,
      9132
    ],
    [
      4138,
      9138
    ],
    [
      4140,
      9140
    ],
    [
      4146,
      9146
    ],
    [
      4148,
      9148
    ],
    [
      4154,
      9154
    ],
    [
      4158,
      9158
    ],
    [
      4159,
      9159
    ],
    [
      4161,
      9161
    ],
    [
      4162,
      9162
    ],
    [
      4163,
      9163
    ],
    [
      4167,
      9167
    ],
    [
      4171,
      9171
    ],
    [
      4172,
      9172
    ],
    [
      4176,
      9176
    ],
    [
      4179,
      9179
    ],
    [
      4187,
      9187
    ],
    [
      4190,
      9190
    ],
    [
      4192,
      9192
    ],
    [
      4207,
      9207
    ],
    [
      4212,
      9212
    ],
    [
      4213,
      9213
    ],
    [
      4216,
      9216
    ],
    [
      4229,
      9229
    ],
    [
      4234,
      9234
    ],
    [
      4240,
      9240
    ],
    [
      4243,
      9243
    ],
    [
      4246,
      9246
    ],
    [
      4247,
      9247
    ],
    [
      4250,
      9250
    ],
    [
      4251,
      9251
    ],
    [
      4254,
      9254
    ],
    [
      4259,
      9259
    ],
    [
      4264,
      9264
    ],
    [
      4267,
      9267
    ],
    [
      4268,
      9268
    ],
    [
      4272,
      9272
    ],
    [
      4277,
      9277
    ],
    [
      4289,
      9289
    ],
    [
      4297,
      9297
    ],
    [
      4300,
      9300
    ],
    [
      4302,
      9302
    ],
    [
      4305,
      9305
    ],
    [
      4307,
      9307
    ],
    [
      4308,
      9308
    ],
    [
      4309,
      9309
    ],
    [
      4313,
      9313
    ],
    [
      4320,
      9320
    ],
    [
      4321,
      9321
    ],
    [
      4322,
      9322
    ],
    [
      4323,
      9323
    ],
    [
      4325,
      9325
    ],
    [
      4331,
      9331
    ],
    [
      4340,
      9340
    ],
    [
      4343,
      9343
    ],
    [
      4344,
      9344
    ],
    [
      4350,
      9350
    ],
    [
      4351,
      9351
    ],
    [
      4363,
      9363
    ],
    [
      4364,
      9364
    ],
    [
      4369,
      9369
    ],
    [
      4370,
      9370
    ],
    [
      4371,
      9371
    ],
    [
      4374,
      9374
    ],
    [
      4377,
      9377
    ],
    [
      4379,
      9379
    ],
    [
      4380,
      9380
    ],
    [
      4382,
      9382
    ],
    [
      4387,
      9387
    ],
    [
      4391,
      9391
    ],
    [
      4395,
      9395
    ],
    [
      4397,
      9397
    ],
    [
      4403,
      9403
    ],
    [
      4419,
      9419
    ],
    [
      4423,
      9423
    ],
    [
      4426,
      9426
    ],
    [
      4430,
      9430
    ],
    [
      4433,
      9433
    ],
    [
      4435,
      9435
    ],
    [
      4437,
      9437
    ],
    [
      4438,
      9438
    ],
    [
      4440,
      9440
    ],
    [
      4441,
      9441
    ],
    [
      4443,
      9443
    ],
    [
      4446,
      9446
    ],
    [
      4455,
      9455
    ],
    [
      4461,
      9461
    ],
    [
      4468,
      9468
    ],
    [
      4478,
      9478
    ],
    [
      4488,
      9488
    ],
    [
      4492,
      9492
    ],
    [
      4493,
      9493
    ],
    [
      4494,
      9494
    ],
    [
      4495,
      9495
    ],
    [
      4508,
      9508
    ],
    [
      4509,
      9509
    ],
    [
      4510,
      9510
    ],
    [
      4512,
      9512
    ],
    [
      4513,
      9513
    ],
    [
      4516,
      9516
    ],
    [
      4519,
      9519
    ],
    [
      4523,
      9523
    ],
    [
      4528,
      9528
    ],
    [
      4539,
      9539
    ],
    [
      4543,
      9543
    ],
    [
      4544,
      9544
    ],
    [
      4547,
      9547
    ],
    [
      4549,
      9549
    ],
    [
      4555,
      9555
    ],
    [
      4557,
      9557
    ],
    [
      4560,
      9560
    ],
    [
      4563,
      9563
    ],
    [
      4565,
      9565
    ],
    [
      4568,
      9568
    ],
    [
      4572,
      9572
    ],
    [
      4573,
      9573
    ],
    [
      4581,
      9581
    ],
    [
      4582,
      9582
    ],
    [
      4584,
      9584
    ],
    [
      4587,
      9587
    ],
    [
      4588,
      9588
    ],
    [
      4592,
      9592
    ],
    [
      4594,
      9594
    ],
    [
      4596,
      9596
    ],
    [
      4597,
      9597
    ],
    [
      4599,
      9599
    ],
    [
      4606,
      9606
    ],
    [
      4609,
      9609
    ],
    [
      4613,
      9613
    ],
    [
      4618,
      9618
    ],
    [
      4626,
      9626
    ],
    [
      4639,
      9639
    ],
    [
      4643,
      9643
    ],
    [
      4647,
      9647
    ],
    [
      4648,
      9648
    ],
    [
      4653,
      9653
    ],
    [
      4654,
      9654
    ],
    [
      4657,
      9657
    ],
    [
      4660,
      9660
    ],
    [
      4664,
      9664
    ],
    [
      4667,
      9667
    ],
    [
      4676,
      9676
    ],
    [
      4681,
      9681
    ],
    [
      4682,
      9682
    ],
    [
      4685,
      9685
    ],
    [
      4687,
      9687
    ],
    [
      4689,
      9689
    ],
    [
      4691,
      9691
    ],
    [
      4692,
      9692
    ],
    [
      4693,
      9693
    ],
    [
      4694,
      9694
    ],
    [
      4700,
      9700
    ],
    [
      4705,
      9705
    ],
    [
      4710,
      9710
    ],
    [
      4711,
      9711
    ],
    [
      4712,
      9712
    ],
    [
      4715,
      9715
    ],
    [
      4717,
      9717
    ],
    [
      4718,
      9718
    ],
    [
      4719,
      9719
    ],
    [
      4723,
      9723
    ],
    [
      4732,
      9732
    ],
    [
      4733,
      9733
    ],
    [
      4734,
      9734
    ],
    [
      4746,
      9746
    ],
    [
      4747,
      9747
    ],
    [
      4748,
      9748
    ],
    [
      4751,
      9751
    ],
    [
      4752,
      9752
    ],
    [
      4753,
      9753
    ],
    [
      4754,
      9754
    ],
    [
      4757,
      9757
    ],
    [
      4763,
      9763
    ],
    [
      4764,
      9764
    ],
    [
      4772,
      9772
    ],
    [
      4774,
      9774
    ],
    [
      4777,
      9777
    ],
    [
      4778,
      9778
    ],
    [
      4779,
      9779
    ],
    [
      4787,
      9787
    ],
    [
      4790,
      9790
    ],
    [
      4791,
      9791
    ],
    [
      4792,
      9792
    ],
    [
      4795,
      9795
    ],
    [
      4796,
      9796
    ],
    [
      4802,
      9802
    ],
    [
      4804,
      9804
    ],
    [
      4807,
      9807
    ],
    [
      4820,
      9820
    ],
    [
      4824,
      9824
    ],
    [
      4828,
      9828
    ],
    [
      4829,
      9829
    ],
    [
      4831,
      9831
    ],
    [
      4835,
      9835
    ],
    [
      4840,
      9840
    ],
    [
      4843,
      9843
    ],
    [
      4851,
      9851
    ],
    [
      4855,
      9855
    ],
    [
      4856,
      9856
    ],
    [
      4862,
      9862
    ],
    [
      4864,
      9864
    ],
    [
      4866,
      9866
    ],
    [
      4873,
      9873
    ],
    [
      4876,
      9876
    ],
    [
      4880,
      9880
    ],
    [
      4889,
      9889
    ],
    [
      4898,
      9898
    ],
    [
      4901,
      9901
    ],
    [
      4904,
      9904
    ],
    [
      4905,
      9905
    ],
    [
      4908,
      9908
    ],
    [
      4914,
      9914
    ],
    [
      4923,
      9923
    ],
    [
      4926,
      9926
    ],
    [
      4927,
      9927
    ],
    [
      4931,
      9931
    ],
    [
      4932,
      9932
    ],
    [
      4935,
      9935
    ],
    [
      4936,
      9936
    ],
    [
      4937,
      9937
    ],
    [
      4941,
      9941
    ],
    [
      4942,
      9942
    ],
    [
      4944,
      9944
    ],
    [
      4945,
      9945
    ],
    [
      4948,
      9948
    ],
    [
      4949,
      9949
    ],
    [
      4955,
      9955
    ],
    [
      4961,
      9961
    ],
    [
      4966,
      9966
    ],
    [
      4971,
      9971
    ],
    [
      4975,
      9975
    ],
    [
      4976,
      9976
    ],
    [
      4977,
      9977
    ],
    [
      4978,
      9978
    ],
    [
      4986,
      9986
    ],
    [
      4988,
      9988
    ],
    [
      4989,
      9989
    ],
    [
      4990,
      9990
    ],
    [
      4991,
      9991
    ],
    [
      4992,
      9992
    ],
    [
      4995,
      9995
    ],
    [
      4997,
      9997
    ],
    [
      4998,
      9998
    ]
  ]
}