{
  "n_true_positives": 9,
  "n_positives": 9,
  "total_time": 116.82271265983582,
  "date": "2025-01-25T19:12:53.579930",
  "backend": "BruteForce",
  "n_bins": 0,
  "eps": 12.5,
  "args": {
    "csvpath": [
      "../data/RobustBench/predictions/imagenet3dcc-AlexNet/vanilla.csv",
      "../data/RobustBench/predictions/imagenet3dcc-AlexNet/h265_crf-5.csv"
    ],
    "eps": 12.5,
    "n_bins": 0,
    "n_examples": -1,
    "out_path": "../results/semantic//results/imagenet3dcc-AlexNet/imagenet3dcc-AlexNet-L2-12.5-h265_crf-5.json",
    "full_output": false,
    "verbose": false,
    "randomize_order": false,
    "backend": "bf",
    "blind_cols": null,
    "pred": "pred",
    "metric": "L2"
  },
  "backend_meta": {
    "epsilon": 12.5,
    "decision_col": "pred",
    "metric": "Linf",
    "is_exact": true,
    "is_sound": true,
    "is_complete": true
  },
  "positives": [
    [
      98,
      5098
    ],
    [
      504,
      5504
    ],
    [
      1258,
      6258
    ],
    [
      2074,
      7074
    ],
    [
      2794,
      7794
    ],
    [
      3848,
      8848
    ],
    [
      4167,
      9167
    ],
    [
      4272,
      9272
    ],
    [
      4382,
      9382
    ]
  ]
}