{
  "n_true_positives": 219,
  "n_positives": 219,
  "total_time": 117.47308588027954,
  "date": "2025-01-25T19:10:23.406120",
  "backend": "BruteForce",
  "n_bins": 0,
  "eps": 12.5,
  "args": {
    "csvpath": [
      "../data/RobustBench/predictions/imagenet3dcc-AlexNet/vanilla.csv",
      "../data/RobustBench/predictions/imagenet3dcc-AlexNet/fog_3d-3.csv"
    ],
    "eps": 12.5,
    "n_bins": 0,
    "n_examples": -1,
    "out_path": "../results/semantic//results/imagenet3dcc-AlexNet/imagenet3dcc-AlexNet-L2-12.5-fog_3d-3.json",
    "full_output": false,
    "verbose": false,
    "randomize_order": false,
    "backend": "bf",
    "blind_cols": null,
    "pred": "pred",
    "metric": "L2"
  },
  "backend_meta": {
    "epsilon": 12.5,
    "decision_col": "pred",
    "metric": "Linf",
    "is_exact": true,
    "is_sound": true,
    "is_complete": true
  },
  "positives": [
    [
      607,
      5607
    ],
    [
      1427,
      6427
    ],
    [
      1646,
      6646
    ],
    [
      1889,
      6889
    ],
    [
      2261,
      7261
    ],
    [
      2439,
      7439
    ],
    [
      2736,
      7736
    ],
    [
      3068,
      8068
    ],
    [
      3416,
      8416
    ],
    [
      4046,
      9046
    ],
    [
      4086,
      9086
    ],
    [
      4660,
      9660
    ],
    [
      4872,
      9872
    ],
    [
      5025,
      7584
    ],
    [
      5038,
      5398
    ],
    [
      5038,
      8141
    ],
    [
      5038,
      8800
    ],
    [
      5038,
      9381
    ],
    [
      5040,
      6562
    ],
    [
      5043,
      6577
    ],
    [
      5049,
      5489
    ],
    [
      5073,
      5217
    ],
    [
      5083,
      7725
    ],
    [
      5110,
      9895
    ],
    [
      5125,
      5715
    ],
    [
      5125,
      7650
    ],
    [
      5125,
      8928
    ],
    [
      5125,
      9538
    ],
    [
      5125,
      9830
    ],
    [
      5145,
      5856
    ],
    [
      5145,
      9287
    ],
    [
      5176,
      9804
    ],
    [
      5194,
      5795
    ],
    [
      5194,
      6099
    ],
    [
      5194,
      9978
    ],
    [
      5217,
      9923
    ],
    [
      5235,
      6707
    ],
    [
      5235,
      7576
    ],
    [
      5294,
      5846
    ],
    [
      5294,
      5985
    ],
    [
      5294,
      9135
    ],
    [
      5299,
      7878
    ],
    [
      5304,
      6790
    ],
    [
      5304,
      6968
    ],
    [
      5304,
      7743
    ],
    [
      5304,
      9458
    ],
    [
      5359,
      7653
    ],
    [
      5372,
      6790
    ],
    [
      5372,
      6968
    ],
    [
      5372,
      7743
    ],
    [
      5372,
      9458
    ],
    [
      5374,
      5415
    ],
    [
      5374,
      5833
    ],
    [
      5374,
      7934
    ],
    [
      5381,
      5766
    ],
    [
      5398,
      8800
    ],
    [
      5398,
      9381
    ],
    [
      5398,
      9806
    ],
    [
      5415,
      7874
    ],
    [
      5426,
      8547
    ],
    [
      5431,
      8172
    ],
    [
      5490,
      8342
    ],
    [
      5566,
      6906
    ],
    [
      5566,
      6920
    ],
    [
      5566,
      7019
    ],
    [
      5566,
      7452
    ],
    [
      5566,
      7573
    ],
    [
      5566,
      9669
    ],
    [
      5566,
      9978
    ],
    [
      5605,
      6577
    ],
    [
      5632,
      5791
    ],
    [
      5632,
      5921
    ],
    [
      5632,
      6186
    ],
    [
      5632,
      7250
    ],
    [
      5632,
      8412
    ],
    [
      5632,
      8484
    ],
    [
      5640,
      9904
    ],
    [
      5641,
      6628
    ],
    [
      5660,
      6114
    ],
    [
      5751,
      7623
    ],
    [
      5751,
      8547
    ],
    [
      5755,
      6720
    ],
    [
      5755,
      8718
    ],
    [
      5755,
      9126
    ],
    [
      5766,
      7413
    ],
    [
      5787,
      6001
    ],
    [
      5787,
      8043
    ],
    [
      5787,
      9859
    ],
    [
      5791,
      6790
    ],
    [
      5791,
      6968
    ],
    [
      5791,
      8698
    ],
    [
      5791,
      8943
    ],
    [
      5791,
      9458
    ],
    [
      5795,
      6099
    ],
    [
      5801,
      6675
    ],
    [
      5826,
      6753
    ],
    [
      5826,
      8617
    ],
    [
      5826,
      9904
    ],
    [
      5833,
      6001
    ],
    [
      5833,
      6297
    ],
    [
      5833,
      7874
    ],
    [
      5833,
      7934
    ],
    [
      5833,
      8043
    ],
    [
      5833,
      9374
    ],
    [
      5856,
      6422
    ],
    [
      5856,
      9074
    ],
    [
      5856,
      9419
    ],
    [
      5867,
      9504
    ],
    [
      5873,
      6295
    ],
    [
      5873,
      6325
    ],
    [
      5873,
      8551
    ],
    [
      5921,
      6790
    ],
    [
      5934,
      6223
    ],
    [
      5934,
      7962
    ],
    [
      5952,
      8985
    ],
    [
      5969,
      6737
    ],
    [
      6001,
      6297
    ],
    [
      6001,
      7934
    ],
    [
      6001,
      8043
    ],
    [
      6001,
      9374
    ],
    [
      6001,
      9859
    ],
    [
      6026,
      6737
    ],
    [
      6035,
      7409
    ],
    [
      6035,
      7890
    ],
    [
      6059,
      8513
    ],
    [
      6099,
      7019
    ],
    [
      6114,
      8451
    ],
    [
      6186,
      6790
    ],
    [
      6260,
      7122
    ],
    [
      6273,
      9755
    ],
    [
      6295,
      6325
    ],
    [
      6297,
      8043
    ],
    [
      6325,
      7653
    ],
    [
      6325,
      8551
    ],
    [
      6406,
      9247
    ],
    [
      6410,
      6790
    ],
    [
      6422,
      9074
    ],
    [
      6422,
      9287
    ],
    [
      6453,
      7626
    ],
    [
      6453,
      8112
    ],
    [
      6453,
      9016
    ],
    [
      6577,
      6857
    ],
    [
      6577,
      7643
    ],
    [
      6577,
      8825
    ],
    [
      6689,
      7556
    ],
    [
      6689,
      8853
    ],
    [
      6696,
      8484
    ],
    [
      6720,
      8551
    ],
    [
      6737,
      9856
    ],
    [
      6744,
      7643
    ],
    [
      6758,
      9973
    ],
    [
      6779,
      8313
    ],
    [
      6790,
      7250
    ],
    [
      6857,
      7892
    ],
    [
      6857,
      8258
    ],
    [
      6906,
      7019
    ],
    [
      6906,
      9973
    ],
    [
      6920,
      7019
    ],
    [
      6920,
      9973
    ],
    [
      6942,
      9702
    ],
    [
      7008,
      8853
    ],
    [
      7019,
      8441
    ],
    [
      7019,
      9419
    ],
    [
      7019,
      9669
    ],
    [
      7019,
      9978
    ],
    [
      7102,
      9817
    ],
    [
      7241,
      7556
    ],
    [
      7250,
      9458
    ],
    [
      7452,
      9867
    ],
    [
      7452,
      9973
    ],
    [
      7462,
      7653
    ],
    [
      7465,
      9247
    ],
    [
      7556,
      8853
    ],
    [
      7556,
      9035
    ],
    [
      7573,
      9973
    ],
    [
      7626,
      8112
    ],
    [
      7626,
      9016
    ],
    [
      7653,
      8053
    ],
    [
      7743,
      9878
    ],
    [
      7757,
      7811
    ],
    [
      7757,
      9859
    ],
    [
      7811,
      9859
    ],
    [
      7812,
      7890
    ],
    [
      7878,
      8126
    ],
    [
      7890,
      9725
    ],
    [
      7892,
      8258
    ],
    [
      7907,
      9867
    ],
    [
      7907,
      9973
    ],
    [
      7963,
      8619
    ],
    [
      7963,
      8985
    ],
    [
      7981,
      9141
    ],
    [
      8043,
      9374
    ],
    [
      8043,
      9859
    ],
    [
      8047,
      9194
    ],
    [
      8141,
      8800
    ],
    [
      8141,
      9381
    ],
    [
      8183,
      8313
    ],
    [
      8188,
      9863
    ],
    [
      8258,
      9817
    ],
    [
      8313,
      9375
    ],
    [
      8342,
      8447
    ],
    [
      8342,
      9235
    ],
    [
      8342,
      9725
    ],
    [
      8547,
      9157
    ],
    [
      8551,
      8718
    ],
    [
      8619,
      9196
    ],
    [
      8619,
      9768
    ],
    [
      8800,
      9806
    ],
    [
      8853,
      9035
    ],
    [
      8863,
      9867
    ],
    [
      8985,
      9196
    ],
    [
      8985,
      9768
    ],
    [
      9074,
      9287
    ],
    [
      9074,
      9419
    ],
    [
      9074,
      9669
    ],
    [
      9287,
      9419
    ],
    [
      9374,
      9859
    ],
    [
      9497,
      9867
    ],
    [
      9867,
      9973
    ]
  ]
}