{
  "n_true_positives": 18,
  "n_positives": 18,
  "total_time": 128.52519607543945,
  "date": "2025-01-25T19:19:08.800690",
  "backend": "BruteForce",
  "n_bins": 0,
  "eps": 12.5,
  "args": {
    "csvpath": [
      "../data/RobustBench/predictions/imagenet3dcc-AlexNet/vanilla.csv",
      "../data/RobustBench/predictions/imagenet3dcc-AlexNet/bit_error-5.csv"
    ],
    "eps": 12.5,
    "n_bins": 0,
    "n_examples": -1,
    "out_path": "../results/semantic//results/imagenet3dcc-AlexNet/imagenet3dcc-AlexNet-L2-12.5-bit_error-5.json",
    "full_output": false,
    "verbose": false,
    "randomize_order": false,
    "backend": "bf",
    "blind_cols": null,
    "pred": "pred",
    "metric": "L2"
  },
  "backend_meta": {
    "epsilon": 12.5,
    "decision_col": "pred",
    "metric": "Linf",
    "is_exact": true,
    "is_sound": true,
    "is_complete": true
  },
  "positives": [
    [
      528,
      5528
    ],
    [
      673,
      5673
    ],
    [
      806,
      5806
    ],
    [
      1163,
      6163
    ],
    [
      1287,
      6287
    ],
    [
      1424,
      6424
    ],
    [
      1449,
      6449
    ],
    [
      1715,
      6715
    ],
    [
      2247,
      7247
    ],
    [
      3458,
      8458
    ],
    [
      3512,
      8512
    ],
    [
      3711,
      8711
    ],
    [
      3755,
      8755
    ],
    [
      3760,
      8760
    ],
    [
      3836,
      8836
    ],
    [
      3841,
      8841
    ],
    [
      4136,
      9136
    ],
    [
      4395,
      9395
    ]
  ]
}