{
  "n_true_positives": 26,
  "n_positives": 26,
  "total_time": 124.35123181343079,
  "date": "2025-01-25T19:16:03.431333",
  "backend": "BruteForce",
  "n_bins": 0,
  "eps": 12.5,
  "args": {
    "csvpath": [
      "../data/RobustBench/predictions/imagenet3dcc-AlexNet/vanilla.csv",
      "../data/RobustBench/predictions/imagenet3dcc-AlexNet/fog_3d-2.csv"
    ],
    "eps": 12.5,
    "n_bins": 0,
    "n_examples": -1,
    "out_path": "../results/semantic//results/imagenet3dcc-AlexNet/imagenet3dcc-AlexNet-L2-12.5-fog_3d-2.json",
    "full_output": false,
    "verbose": false,
    "randomize_order": false,
    "backend": "bf",
    "blind_cols": null,
    "pred": "pred",
    "metric": "L2"
  },
  "backend_meta": {
    "epsilon": 12.5,
    "decision_col": "pred",
    "metric": "Linf",
    "is_exact": true,
    "is_sound": true,
    "is_complete": true
  },
  "positives": [
    [
      112,
      5112
    ],
    [
      456,
      5456
    ],
    [
      607,
      5607
    ],
    [
      994,
      5994
    ],
    [
      1427,
      6427
    ],
    [
      1564,
      6564
    ],
    [
      1646,
      6646
    ],
    [
      1754,
      6754
    ],
    [
      1889,
      6889
    ],
    [
      2261,
      7261
    ],
    [
      2391,
      7391
    ],
    [
      2439,
      7439
    ],
    [
      2736,
      7736
    ],
    [
      3012,
      8012
    ],
    [
      3068,
      8068
    ],
    [
      3106,
      8106
    ],
    [
      3416,
      8416
    ],
    [
      3427,
      8427
    ],
    [
      3458,
      8458
    ],
    [
      3463,
      8463
    ],
    [
      3542,
      8542
    ],
    [
      4086,
      9086
    ],
    [
      4653,
      9653
    ],
    [
      4660,
      9660
    ],
    [
      4824,
      9824
    ],
    [
      4872,
      9872
    ]
  ]
}