{
  "n_true_positives": 41,
  "n_positives": 41,
  "total_time": 117.79750323295593,
  "date": "2025-01-25T18:58:17.675147",
  "backend": "BruteForce",
  "n_bins": 0,
  "eps": 12.5,
  "args": {
    "csvpath": [
      "../data/RobustBench/predictions/imagenet3dcc-AlexNet/vanilla.csv",
      "../data/RobustBench/predictions/imagenet3dcc-AlexNet/near_focus-4.csv"
    ],
    "eps": 12.5,
    "n_bins": 0,
    "n_examples": -1,
    "out_path": "../results/semantic//results/imagenet3dcc-AlexNet/imagenet3dcc-AlexNet-L2-12.5-near_focus-4.json",
    "full_output": false,
    "verbose": false,
    "randomize_order": false,
    "backend": "bf",
    "blind_cols": null,
    "pred": "pred",
    "metric": "L2"
  },
  "backend_meta": {
    "epsilon": 12.5,
    "decision_col": "pred",
    "metric": "Linf",
    "is_exact": true,
    "is_sound": true,
    "is_complete": true
  },
  "positives": [
    [
      44,
      5044
    ],
    [
      120,
      5120
    ],
    [
      144,
      5144
    ],
    [
      243,
      5243
    ],
    [
      300,
      5300
    ],
    [
      337,
      5337
    ],
    [
      432,
      5432
    ],
    [
      501,
      5501
    ],
    [
      787,
      5787
    ],
    [
      1100,
      6100
    ],
    [
      1285,
      6285
    ],
    [
      1427,
      6427
    ],
    [
      1809,
      6809
    ],
    [
      1812,
      6812
    ],
    [
      1857,
      6857
    ],
    [
      1879,
      6879
    ],
    [
      2099,
      7099
    ],
    [
      2351,
      7351
    ],
    [
      2430,
      7430
    ],
    [
      2609,
      7609
    ],
    [
      2623,
      7623
    ],
    [
      2722,
      7722
    ],
    [
      2794,
      7794
    ],
    [
      2841,
      7841
    ],
    [
      3106,
      8106
    ],
    [
      3159,
      8159
    ],
    [
      3199,
      8199
    ],
    [
      3372,
      8372
    ],
    [
      3451,
      8451
    ],
    [
      3760,
      8760
    ],
    [
      3784,
      8784
    ],
    [
      3837,
      8837
    ],
    [
      3932,
      8932
    ],
    [
      3991,
      8991
    ],
    [
      4146,
      9146
    ],
    [
      4403,
      9403
    ],
    [
      4557,
      9557
    ],
    [
      4718,
      9718
    ],
    [
      4781,
      9781
    ],
    [
      4856,
      9856
    ],
    [
      4978,
      9978
    ]
  ]
}