{
  "n_true_positives": 70,
  "n_positives": 70,
  "total_time": 139.83401107788086,
  "date": "2025-01-25T19:13:46.760943",
  "backend": "BruteForce",
  "n_bins": 0,
  "eps": 12.5,
  "args": {
    "csvpath": [
      "../data/RobustBench/predictions/imagenet3dcc-AlexNet/vanilla.csv",
      "../data/RobustBench/predictions/imagenet3dcc-AlexNet/flash-2.csv"
    ],
    "eps": 12.5,
    "n_bins": 0,
    "n_examples": -1,
    "out_path": "../results/semantic//results/imagenet3dcc-AlexNet/imagenet3dcc-AlexNet-L2-12.5-flash-2.json",
    "full_output": false,
    "verbose": false,
    "randomize_order": false,
    "backend": "bf",
    "blind_cols": null,
    "pred": "pred",
    "metric": "L2"
  },
  "backend_meta": {
    "epsilon": 12.5,
    "decision_col": "pred",
    "metric": "Linf",
    "is_exact": true,
    "is_sound": true,
    "is_complete": true
  },
  "positives": [
    [
      131,
      5131
    ],
    [
      145,
      5145
    ],
    [
      217,
      5217
    ],
    [
      299,
      5299
    ],
    [
      350,
      5350
    ],
    [
      375,
      5375
    ],
    [
      489,
      5489
    ],
    [
      531,
      5531
    ],
    [
      600,
      5600
    ],
    [
      602,
      5602
    ],
    [
      660,
      5660
    ],
    [
      754,
      5754
    ],
    [
      867,
      5867
    ],
    [
      885,
      5885
    ],
    [
      1013,
      6013
    ],
    [
      1035,
      6035
    ],
    [
      1091,
      6091
    ],
    [
      1114,
      6114
    ],
    [
      1245,
      6245
    ],
    [
      1247,
      6247
    ],
    [
      1293,
      6293
    ],
    [
      1295,
      6295
    ],
    [
      1298,
      6298
    ],
    [
      1410,
      6410
    ],
    [
      1432,
      6432
    ],
    [
      1562,
      6562
    ],
    [
      1595,
      6595
    ],
    [
      1645,
      6645
    ],
    [
      1718,
      6718
    ],
    [
      1719,
      6719
    ],
    [
      1720,
      6720
    ],
    [
      1741,
      6741
    ],
    [
      1743,
      6743
    ],
    [
      1762,
      6762
    ],
    [
      1821,
      6821
    ],
    [
      1906,
      6906
    ],
    [
      1950,
      6950
    ],
    [
      2016,
      7016
    ],
    [
      2099,
      7099
    ],
    [
      2304,
      7304
    ],
    [
      2406,
      7406
    ],
    [
      2409,
      7409
    ],
    [
      2564,
      7564
    ],
    [
      2725,
      7725
    ],
    [
      2731,
      7731
    ],
    [
      2794,
      7794
    ],
    [
      2795,
      7795
    ],
    [
      2874,
      7874
    ],
    [
      3069,
      8069
    ],
    [
      3087,
      8087
    ],
    [
      3156,
      8156
    ],
    [
      3232,
      8232
    ],
    [
      3271,
      8271
    ],
    [
      3783,
      8783
    ],
    [
      3838,
      8838
    ],
    [
      3980,
      8980
    ],
    [
      3998,
      8998
    ],
    [
      4021,
      9021
    ],
    [
      4076,
      9076
    ],
    [
      4084,
      9084
    ],
    [
      4109,
      9109
    ],
    [
      4157,
      9157
    ],
    [
      4395,
      9395
    ],
    [
      4437,
      9437
    ],
    [
      4734,
      9734
    ],
    [
      4760,
      9760
    ],
    [
      4792,
      9792
    ],
    [
      4876,
      9876
    ],
    [
      4904,
      9904
    ],
    [
      4975,
      9975
    ]
  ]
}