{
  "n_true_positives": 12,
  "n_positives": 12,
  "total_time": 140.0606188774109,
  "date": "2025-01-25T19:11:15.734042",
  "backend": "BruteForce",
  "n_bins": 0,
  "eps": 12.5,
  "args": {
    "csvpath": [
      "../data/RobustBench/predictions/imagenet3dcc-AlexNet/vanilla.csv",
      "../data/RobustBench/predictions/imagenet3dcc-AlexNet/xy_motion_blur-2.csv"
    ],
    "eps": 12.5,
    "n_bins": 0,
    "n_examples": -1,
    "out_path": "../results/semantic//results/imagenet3dcc-AlexNet/imagenet3dcc-AlexNet-L2-12.5-xy_motion_blur-2.json",
    "full_output": false,
    "verbose": false,
    "randomize_order": false,
    "backend": "bf",
    "blind_cols": null,
    "pred": "pred",
    "metric": "L2"
  },
  "backend_meta": {
    "epsilon": 12.5,
    "decision_col": "pred",
    "metric": "Linf",
    "is_exact": true,
    "is_sound": true,
    "is_complete": true
  },
  "positives": [
    [
      303,
      5303
    ],
    [
      1121,
      6121
    ],
    [
      1231,
      6231
    ],
    [
      1630,
      6630
    ],
    [
      1842,
      6842
    ],
    [
      1936,
      6936
    ],
    [
      2133,
      7133
    ],
    [
      2460,
      7460
    ],
    [
      3499,
      8499
    ],
    [
      3664,
      8664
    ],
    [
      4565,
      9565
    ],
    [
      4626,
      9626
    ]
  ]
}