{
  "n_true_positives": 100,
  "n_positives": 100,
  "total_time": 117.54317355155945,
  "date": "2025-01-25T18:55:45.178199",
  "backend": "BruteForce",
  "n_bins": 0,
  "eps": 12.5,
  "args": {
    "csvpath": [
      "../data/RobustBench/predictions/imagenet3dcc-AlexNet/vanilla.csv",
      "../data/RobustBench/predictions/imagenet3dcc-AlexNet/fog_3d-1.csv"
    ],
    "eps": 12.5,
    "n_bins": 0,
    "n_examples": -1,
    "out_path": "../results/semantic//results/imagenet3dcc-AlexNet/imagenet3dcc-AlexNet-L2-12.5-fog_3d-1.json",
    "full_output": false,
    "verbose": false,
    "randomize_order": false,
    "backend": "bf",
    "blind_cols": null,
    "pred": "pred",
    "metric": "L2"
  },
  "backend_meta": {
    "epsilon": 12.5,
    "decision_col": "pred",
    "metric": "Linf",
    "is_exact": true,
    "is_sound": true,
    "is_complete": true
  },
  "positives": [
    [
      198,
      5198
    ],
    [
      272,
      5272
    ],
    [
      386,
      5386
    ],
    [
      456,
      5456
    ],
    [
      470,
      5470
    ],
    [
      504,
      5504
    ],
    [
      569,
      5569
    ],
    [
      607,
      5607
    ],
    [
      673,
      5673
    ],
    [
      677,
      5677
    ],
    [
      682,
      5682
    ],
    [
      745,
      5745
    ],
    [
      765,
      5765
    ],
    [
      783,
      5783
    ],
    [
      909,
      5909
    ],
    [
      970,
      5970
    ],
    [
      1010,
      6010
    ],
    [
      1038,
      6038
    ],
    [
      1150,
      6150
    ],
    [
      1182,
      6182
    ],
    [
      1232,
      6232
    ],
    [
      1258,
      6258
    ],
    [
      1334,
      6334
    ],
    [
      1373,
      6373
    ],
    [
      1427,
      6427
    ],
    [
      1458,
      6458
    ],
    [
      1564,
      6564
    ],
    [
      1646,
      6646
    ],
    [
      1708,
      6708
    ],
    [
      1754,
      6754
    ],
    [
      1793,
      6793
    ],
    [
      1860,
      6860
    ],
    [
      1889,
      6889
    ],
    [
      1984,
      6984
    ],
    [
      1986,
      6986
    ],
    [
      2066,
      7066
    ],
    [
      2129,
      7129
    ],
    [
      2242,
      7242
    ],
    [
      2331,
      7331
    ],
    [
      2344,
      7344
    ],
    [
      2357,
      7357
    ],
    [
      2381,
      7381
    ],
    [
      2439,
      7439
    ],
    [
      2448,
      7448
    ],
    [
      2460,
      7460
    ],
    [
      2483,
      7483
    ],
    [
      2512,
      7512
    ],
    [
      2618,
      7618
    ],
    [
      2633,
      7633
    ],
    [
      2712,
      7712
    ],
    [
      2722,
      7722
    ],
    [
      2736,
      7736
    ],
    [
      2744,
      7744
    ],
    [
      2765,
      7765
    ],
    [
      2814,
      7814
    ],
    [
      2912,
      7912
    ],
    [
      2931,
      7931
    ],
    [
      2950,
      7950
    ],
    [
      2999,
      7999
    ],
    [
      3012,
      8012
    ],
    [
      3068,
      8068
    ],
    [
      3071,
      8071
    ],
    [
      3074,
      8074
    ],
    [
      3106,
      8106
    ],
    [
      3145,
      8145
    ],
    [
      3264,
      8264
    ],
    [
      3289,
      8289
    ],
    [
      3299,
      8299
    ],
    [
      3360,
      8360
    ],
    [
      3416,
      8416
    ],
    [
      3427,
      8427
    ],
    [
      3499,
      8499
    ],
    [
      3510,
      8510
    ],
    [
      3518,
      8518
    ],
    [
      3542,
      8542
    ],
    [
      3586,
      8586
    ],
    [
      3650,
      8650
    ],
    [
      3710,
      8710
    ],
    [
      3714,
      8714
    ],
    [
      3739,
      8739
    ],
    [
      3884,
      8884
    ],
    [
      3918,
      8918
    ],
    [
      3940,
      8940
    ],
    [
      3992,
      8992
    ],
    [
      4049,
      9049
    ],
    [
      4066,
      9066
    ],
    [
      4086,
      9086
    ],
    [
      4102,
      9102
    ],
    [
      4260,
      9260
    ],
    [
      4350,
      9350
    ],
    [
      4446,
      9446
    ],
    [
      4495,
      9495
    ],
    [
      4555,
      9555
    ],
    [
      4653,
      9653
    ],
    [
      4660,
      9660
    ],
    [
      4667,
      9667
    ],
    [
      4802,
      9802
    ],
    [
      4860,
      9860
    ],
    [
      4872,
      9872
    ],
    [
      4936,
      9936
    ]
  ]
}