{
  "n_true_positives": 98,
  "n_positives": 98,
  "total_time": 117.0964937210083,
  "date": "2025-01-25T19:00:46.886972",
  "backend": "BruteForce",
  "n_bins": 0,
  "eps": 12.5,
  "args": {
    "csvpath": [
      "../data/RobustBench/predictions/imagenet3dcc-AlexNet/vanilla.csv",
      "../data/RobustBench/predictions/imagenet3dcc-AlexNet/flash-1.csv"
    ],
    "eps": 12.5,
    "n_bins": 0,
    "n_examples": -1,
    "out_path": "../results/semantic//results/imagenet3dcc-AlexNet/imagenet3dcc-AlexNet-L2-12.5-flash-1.json",
    "full_output": false,
    "verbose": false,
    "randomize_order": false,
    "backend": "bf",
    "blind_cols": null,
    "pred": "pred",
    "metric": "L2"
  },
  "backend_meta": {
    "epsilon": 12.5,
    "decision_col": "pred",
    "metric": "Linf",
    "is_exact": true,
    "is_sound": true,
    "is_complete": true
  },
  "positives": [
    [
      23,
      5023
    ],
    [
      85,
      5085
    ],
    [
      137,
      5137
    ],
    [
      145,
      5145
    ],
    [
      264,
      5264
    ],
    [
      278,
      5278
    ],
    [
      299,
      5299
    ],
    [
      350,
      5350
    ],
    [
      489,
      5489
    ],
    [
      531,
      5531
    ],
    [
      600,
      5600
    ],
    [
      602,
      5602
    ],
    [
      660,
      5660
    ],
    [
      698,
      5698
    ],
    [
      754,
      5754
    ],
    [
      867,
      5867
    ],
    [
      961,
      5961
    ],
    [
      1001,
      6001
    ],
    [
      1018,
      6018
    ],
    [
      1035,
      6035
    ],
    [
      1091,
      6091
    ],
    [
      1114,
      6114
    ],
    [
      1193,
      6193
    ],
    [
      1247,
      6247
    ],
    [
      1258,
      6258
    ],
    [
      1293,
      6293
    ],
    [
      1298,
      6298
    ],
    [
      1432,
      6432
    ],
    [
      1562,
      6562
    ],
    [
      1595,
      6595
    ],
    [
      1645,
      6645
    ],
    [
      1687,
      6687
    ],
    [
      1718,
      6718
    ],
    [
      1719,
      6719
    ],
    [
      1720,
      6720
    ],
    [
      1721,
      6721
    ],
    [
      1727,
      6727
    ],
    [
      1741,
      6741
    ],
    [
      1743,
      6743
    ],
    [
      1762,
      6762
    ],
    [
      1821,
      6821
    ],
    [
      1906,
      6906
    ],
    [
      1950,
      6950
    ],
    [
      1974,
      6974
    ],
    [
      2016,
      7016
    ],
    [
      2099,
      7099
    ],
    [
      2135,
      7135
    ],
    [
      2217,
      7217
    ],
    [
      2263,
      7263
    ],
    [
      2304,
      7304
    ],
    [
      2406,
      7406
    ],
    [
      2409,
      7409
    ],
    [
      2564,
      7564
    ],
    [
      2725,
      7725
    ],
    [
      2731,
      7731
    ],
    [
      2794,
      7794
    ],
    [
      2803,
      7803
    ],
    [
      2836,
      7836
    ],
    [
      2838,
      7838
    ],
    [
      2874,
      7874
    ],
    [
      2878,
      7878
    ],
    [
      3069,
      8069
    ],
    [
      3087,
      8087
    ],
    [
      3199,
      8199
    ],
    [
      3219,
      8219
    ],
    [
      3232,
      8232
    ],
    [
      3250,
      8250
    ],
    [
      3258,
      8258
    ],
    [
      3271,
      8271
    ],
    [
      3289,
      8289
    ],
    [
      3290,
      8290
    ],
    [
      3342,
      8342
    ],
    [
      3414,
      8414
    ],
    [
      3451,
      8451
    ],
    [
      3497,
      8497
    ],
    [
      3502,
      8502
    ],
    [
      3580,
      8580
    ],
    [
      3783,
      8783
    ],
    [
      3818,
      8818
    ],
    [
      3838,
      8838
    ],
    [
      3850,
      8850
    ],
    [
      3866,
      8866
    ],
    [
      3870,
      8870
    ],
    [
      3980,
      8980
    ],
    [
      3998,
      8998
    ],
    [
      4084,
      9084
    ],
    [
      4109,
      9109
    ],
    [
      4157,
      9157
    ],
    [
      4361,
      9361
    ],
    [
      4395,
      9395
    ],
    [
      4437,
      9437
    ],
    [
      4461,
      9461
    ],
    [
      4734,
      9734
    ],
    [
      4792,
      9792
    ],
    [
      4860,
      9860
    ],
    [
      4876,
      9876
    ],
    [
      4904,
      9904
    ],
    [
      4975,
      9975
    ]
  ]
}