{
  "n_true_positives": 61,
  "n_positives": 61,
  "total_time": 125.6254768371582,
  "date": "2025-01-25T19:11:01.224467",
  "backend": "BruteForce",
  "n_bins": 0,
  "eps": 12.5,
  "args": {
    "csvpath": [
      "../data/RobustBench/predictions/imagenet3dcc-AlexNet/vanilla.csv",
      "../data/RobustBench/predictions/imagenet3dcc-AlexNet/far_focus-5.csv"
    ],
    "eps": 12.5,
    "n_bins": 0,
    "n_examples": -1,
    "out_path": "../results/semantic//results/imagenet3dcc-AlexNet/imagenet3dcc-AlexNet-L2-12.5-far_focus-5.json",
    "full_output": false,
    "verbose": false,
    "randomize_order": false,
    "backend": "bf",
    "blind_cols": null,
    "pred": "pred",
    "metric": "L2"
  },
  "backend_meta": {
    "epsilon": 12.5,
    "decision_col": "pred",
    "metric": "Linf",
    "is_exact": true,
    "is_sound": true,
    "is_complete": true
  },
  "positives": [
    [
      19,
      5019
    ],
    [
      120,
      5120
    ],
    [
      144,
      5144
    ],
    [
      192,
      5192
    ],
    [
      263,
      5263
    ],
    [
      299,
      5299
    ],
    [
      329,
      5329
    ],
    [
      370,
      5370
    ],
    [
      421,
      5421
    ],
    [
      433,
      5433
    ],
    [
      501,
      5501
    ],
    [
      539,
      5539
    ],
    [
      544,
      5544
    ],
    [
      736,
      5736
    ],
    [
      787,
      5787
    ],
    [
      1100,
      6100
    ],
    [
      1114,
      6114
    ],
    [
      1285,
      6285
    ],
    [
      1702,
      6702
    ],
    [
      1730,
      6730
    ],
    [
      1742,
      6742
    ],
    [
      1812,
      6812
    ],
    [
      1857,
      6857
    ],
    [
      1879,
      6879
    ],
    [
      2022,
      7022
    ],
    [
      2278,
      7278
    ],
    [
      2292,
      7292
    ],
    [
      2307,
      7307
    ],
    [
      2328,
      7328
    ],
    [
      2387,
      7387
    ],
    [
      2409,
      7409
    ],
    [
      2410,
      7410
    ],
    [
      2430,
      7430
    ],
    [
      2452,
      7452
    ],
    [
      2481,
      7481
    ],
    [
      2545,
      7545
    ],
    [
      2556,
      7556
    ],
    [
      2623,
      7623
    ],
    [
      2650,
      7650
    ],
    [
      2725,
      7725
    ],
    [
      2794,
      7794
    ],
    [
      2807,
      7807
    ],
    [
      2907,
      7907
    ],
    [
      3053,
      8053
    ],
    [
      3060,
      8060
    ],
    [
      3188,
      8188
    ],
    [
      3266,
      8266
    ],
    [
      3271,
      8271
    ],
    [
      3451,
      8451
    ],
    [
      3484,
      8484
    ],
    [
      3745,
      8745
    ],
    [
      3825,
      8825
    ],
    [
      3943,
      8943
    ],
    [
      3945,
      8945
    ],
    [
      4162,
      9162
    ],
    [
      4323,
      9323
    ],
    [
      4370,
      9370
    ],
    [
      4441,
      9441
    ],
    [
      4614,
      9614
    ],
    [
      4660,
      9660
    ],
    [
      4806,
      9806
    ]
  ]
}