{
  "n_true_positives": 1010,
  "n_positives": 1010,
  "total_time": 131.10680556297302,
  "date": "2025-01-25T18:58:29.996640",
  "backend": "BruteForce",
  "n_bins": 0,
  "eps": 12.5,
  "args": {
    "csvpath": [
      "../data/RobustBench/predictions/imagenet3dcc-AlexNet/vanilla.csv",
      "../data/RobustBench/predictions/imagenet3dcc-AlexNet/bit_error-1.csv"
    ],
    "eps": 12.5,
    "n_bins": 0,
    "n_examples": -1,
    "out_path": "../results/semantic//results/imagenet3dcc-AlexNet/imagenet3dcc-AlexNet-L2-12.5-bit_error-1.json",
    "full_output": false,
    "verbose": false,
    "randomize_order": false,
    "backend": "bf",
    "blind_cols": null,
    "pred": "pred",
    "metric": "L2"
  },
  "backend_meta": {
    "epsilon": 12.5,
    "decision_col": "pred",
    "metric": "Linf",
    "is_exact": true,
    "is_sound": true,
    "is_complete": true
  },
  "positives": [
    [
      3,
      5003
    ],
    [
      4,
      5004
    ],
    [
      15,
      5015
    ],
    [
      24,
      5024
    ],
    [
      30,
      5030
    ],
    [
      49,
      5049
    ],
    [
      55,
      5055
    ],
    [
      63,
      5063
    ],
    [
      65,
      5065
    ],
    [
      69,
      5069
    ],
    [
      73,
      5073
    ],
    [
      76,
      5076
    ],
    [
      78,
      5078
    ],
    [
      86,
      5086
    ],
    [
      89,
      5089
    ],
    [
      98,
      5098
    ],
    [
      104,
      5104
    ],
    [
      106,
      5106
    ],
    [
      112,
      5112
    ],
    [
      117,
      5117
    ],
    [
      121,
      5121
    ],
    [
      125,
      5125
    ],
    [
      130,
      5130
    ],
    [
      133,
      5133
    ],
    [
      142,
      5142
    ],
    [
      144,
      5144
    ],
    [
      151,
      5151
    ],
    [
      165,
      5165
    ],
    [
      166,
      5166
    ],
    [
      169,
      5169
    ],
    [
      174,
      5174
    ],
    [
      177,
      5177
    ],
    [
      182,
      5182
    ],
    [
      192,
      5192
    ],
    [
      195,
      5195
    ],
    [
      209,
      5209
    ],
    [
      216,
      5216
    ],
    [
      217,
      5217
    ],
    [
      221,
      5221
    ],
    [
      224,
      5224
    ],
    [
      235,
      5235
    ],
    [
      239,
      5239
    ],
    [
      241,
      5241
    ],
    [
      252,
      5252
    ],
    [
      256,
      5256
    ],
    [
      262,
      5262
    ],
    [
      264,
      5264
    ],
    [
      272,
      5272
    ],
    [
      286,
      5286
    ],
    [
      302,
      5302
    ],
    [
      307,
      5307
    ],
    [
      310,
      5310
    ],
    [
      318,
      5318
    ],
    [
      327,
      5327
    ],
    [
      328,
      5328
    ],
    [
      337,
      5337
    ],
    [
      339,
      5339
    ],
    [
      342,
      5342
    ],
    [
      347,
      5347
    ],
    [
      350,
      5350
    ],
    [
      361,
      5361
    ],
    [
      370,
      5370
    ],
    [
      388,
      5388
    ],
    [
      398,
      5398
    ],
    [
      412,
      5412
    ],
    [
      417,
      5417
    ],
    [
      419,
      5419
    ],
    [
      421,
      5421
    ],
    [
      422,
      5422
    ],
    [
      429,
      5429
    ],
    [
      430,
      5430
    ],
    [
      432,
      5432
    ],
    [
      439,
      5439
    ],
    [
      442,
      5442
    ],
    [
      443,
      5443
    ],
    [
      451,
      5451
    ],
    [
      453,
      5453
    ],
    [
      456,
      5456
    ],
    [
      458,
      5458
    ],
    [
      459,
      5459
    ],
    [
      464,
      5464
    ],
    [
      468,
      5468
    ],
    [
      475,
      5475
    ],
    [
      479,
      5479
    ],
    [
      488,
      5488
    ],
    [
      489,
      5489
    ],
    [
      494,
      5494
    ],
    [
      498,
      5498
    ],
    [
      504,
      5504
    ],
    [
      508,
      5508
    ],
    [
      510,
      5510
    ],
    [
      513,
      5513
    ],
    [
      516,
      5516
    ],
    [
      521,
      5521
    ],
    [
      522,
      5522
    ],
    [
      528,
      5528
    ],
    [
      531,
      5531
    ],
    [
      541,
      5541
    ],
    [
      543,
      5543
    ],
    [
      558,
      5558
    ],
    [
      564,
      5564
    ],
    [
      568,
      5568
    ],
    [
      569,
      5569
    ],
    [
      580,
      5580
    ],
    [
      581,
      5581
    ],
    [
      582,
      5582
    ],
    [
      583,
      5583
    ],
    [
      585,
      5585
    ],
    [
      596,
      5596
    ],
    [
      597,
      5597
    ],
    [
      600,
      5600
    ],
    [
      608,
      5608
    ],
    [
      610,
      5610
    ],
    [
      622,
      5622
    ],
    [
      630,
      5630
    ],
    [
      637,
      5637
    ],
    [
      640,
      5640
    ],
    [
      641,
      5641
    ],
    [
      644,
      5644
    ],
    [
      652,
      5652
    ],
    [
      657,
      5657
    ],
    [
      660,
      5660
    ],
    [
      664,
      5664
    ],
    [
      665,
      5665
    ],
    [
      673,
      5673
    ],
    [
      674,
      5674
    ],
    [
      678,
      5678
    ],
    [
      679,
      5679
    ],
    [
      684,
      5684
    ],
    [
      686,
      5686
    ],
    [
      690,
      5690
    ],
    [
      691,
      5691
    ],
    [
      695,
      5695
    ],
    [
      696,
      5696
    ],
    [
      711,
      5711
    ],
    [
      712,
      5712
    ],
    [
      714,
      5714
    ],
    [
      715,
      5715
    ],
    [
      716,
      5716
    ],
    [
      717,
      5717
    ],
    [
      736,
      5736
    ],
    [
      738,
      5738
    ],
    [
      740,
      5740
    ],
    [
      741,
      5741
    ],
    [
      745,
      5745
    ],
    [
      751,
      5751
    ],
    [
      754,
      5754
    ],
    [
      758,
      5758
    ],
    [
      759,
      5759
    ],
    [
      762,
      5762
    ],
    [
      765,
      5765
    ],
    [
      769,
      5769
    ],
    [
      773,
      5773
    ],
    [
      775,
      5775
    ],
    [
      784,
      5784
    ],
    [
      785,
      5785
    ],
    [
      786,
      5786
    ],
    [
      790,
      5790
    ],
    [
      791,
      5791
    ],
    [
      795,
      5795
    ],
    [
      797,
      5797
    ],
    [
      799,
      5799
    ],
    [
      806,
      5806
    ],
    [
      816,
      5816
    ],
    [
      818,
      5818
    ],
    [
      821,
      5821
    ],
    [
      823,
      5823
    ],
    [
      825,
      5825
    ],
    [
      829,
      5829
    ],
    [
      830,
      5830
    ],
    [
      834,
      5834
    ],
    [
      841,
      5841
    ],
    [
      847,
      5847
    ],
    [
      849,
      5849
    ],
    [
      853,
      5853
    ],
    [
      860,
      5860
    ],
    [
      864,
      5864
    ],
    [
      869,
      5869
    ],
    [
      872,
      5872
    ],
    [
      880,
      5880
    ],
    [
      900,
      5900
    ],
    [
      901,
      5901
    ],
    [
      902,
      5902
    ],
    [
      906,
      5906
    ],
    [
      907,
      5907
    ],
    [
      908,
      5908
    ],
    [
      911,
      5911
    ],
    [
      912,
      5912
    ],
    [
      925,
      5925
    ],
    [
      932,
      5932
    ],
    [
      943,
      5943
    ],
    [
      948,
      5948
    ],
    [
      950,
      5950
    ],
    [
      955,
      5955
    ],
    [
      959,
      5959
    ],
    [
      961,
      5961
    ],
    [
      963,
      5963
    ],
    [
      970,
      5970
    ],
    [
      971,
      5971
    ],
    [
      977,
      5977
    ],
    [
      986,
      5986
    ],
    [
      987,
      5987
    ],
    [
      991,
      5991
    ],
    [
      998,
      5998
    ],
    [
      1007,
      6007
    ],
    [
      1018,
      6018
    ],
    [
      1021,
      6021
    ],
    [
      1032,
      6032
    ],
    [
      1035,
      6035
    ],
    [
      1037,
      6037
    ],
    [
      1042,
      6042
    ],
    [
      1043,
      6043
    ],
    [
      1046,
      6046
    ],
    [
      1055,
      6055
    ],
    [
      1060,
      6060
    ],
    [
      1072,
      6072
    ],
    [
      1078,
      6078
    ],
    [
      1083,
      6083
    ],
    [
      1084,
      6084
    ],
    [
      1088,
      6088
    ],
    [
      1089,
      6089
    ],
    [
      1090,
      6090
    ],
    [
      1093,
      6093
    ],
    [
      1096,
      6096
    ],
    [
      1100,
      6100
    ],
    [
      1110,
      6110
    ],
    [
      1112,
      6112
    ],
    [
      1114,
      6114
    ],
    [
      1115,
      6115
    ],
    [
      1121,
      6121
    ],
    [
      1123,
      6123
    ],
    [
      1125,
      6125
    ],
    [
      1141,
      6141
    ],
    [
      1145,
      6145
    ],
    [
      1146,
      6146
    ],
    [
      1147,
      6147
    ],
    [
      1150,
      6150
    ],
    [
      1159,
      6159
    ],
    [
      1162,
      6162
    ],
    [
      1163,
      6163
    ],
    [
      1174,
      6174
    ],
    [
      1180,
      6180
    ],
    [
      1182,
      6182
    ],
    [
      1185,
      6185
    ],
    [
      1187,
      6187
    ],
    [
      1189,
      6189
    ],
    [
      1192,
      6192
    ],
    [
      1198,
      6198
    ],
    [
      1208,
      6208
    ],
    [
      1210,
      6210
    ],
    [
      1211,
      6211
    ],
    [
      1215,
      6215
    ],
    [
      1219,
      6219
    ],
    [
      1223,
      6223
    ],
    [
      1229,
      6229
    ],
    [
      1235,
      6235
    ],
    [
      1247,
      6247
    ],
    [
      1248,
      6248
    ],
    [
      1257,
      6257
    ],
    [
      1258,
      6258
    ],
    [
      1266,
      6266
    ],
    [
      1269,
      6269
    ],
    [
      1278,
      6278
    ],
    [
      1279,
      6279
    ],
    [
      1280,
      6280
    ],
    [
      1287,
      6287
    ],
    [
      1290,
      6290
    ],
    [
      1293,
      6293
    ],
    [
      1294,
      6294
    ],
    [
      1297,
      6297
    ],
    [
      1298,
      6298
    ],
    [
      1304,
      6304
    ],
    [
      1305,
      6305
    ],
    [
      1309,
      6309
    ],
    [
      1311,
      6311
    ],
    [
      1317,
      6317
    ],
    [
      1325,
      6325
    ],
    [
      1327,
      6327
    ],
    [
      1330,
      6330
    ],
    [
      1334,
      6334
    ],
    [
      1342,
      6342
    ],
    [
      1345,
      6345
    ],
    [
      1350,
      6350
    ],
    [
      1370,
      6370
    ],
    [
      1371,
      6371
    ],
    [
      1383,
      6383
    ],
    [
      1389,
      6389
    ],
    [
      1390,
      6390
    ],
    [
      1405,
      6405
    ],
    [
      1411,
      6411
    ],
    [
      1412,
      6412
    ],
    [
      1424,
      6424
    ],
    [
      1427,
      6427
    ],
    [
      1430,
      6430
    ],
    [
      1445,
      6445
    ],
    [
      1446,
      6446
    ],
    [
      1448,
      6448
    ],
    [
      1449,
      6449
    ],
    [
      1452,
      6452
    ],
    [
      1454,
      6454
    ],
    [
      1458,
      6458
    ],
    [
      1461,
      6461
    ],
    [
      1472,
      6472
    ],
    [
      1483,
      6483
    ],
    [
      1487,
      6487
    ],
    [
      1488,
      6488
    ],
    [
      1494,
      6494
    ],
    [
      1500,
      6500
    ],
    [
      1505,
      6505
    ],
    [
      1506,
      6506
    ],
    [
      1511,
      6511
    ],
    [
      1512,
      6512
    ],
    [
      1513,
      6513
    ],
    [
      1517,
      6517
    ],
    [
      1519,
      6519
    ],
    [
      1538,
      6538
    ],
    [
      1549,
      6549
    ],
    [
      1552,
      6552
    ],
    [
      1556,
      6556
    ],
    [
      1557,
      6557
    ],
    [
      1565,
      6565
    ],
    [
      1566,
      6566
    ],
    [
      1567,
      6567
    ],
    [
      1577,
      6577
    ],
    [
      1586,
      6586
    ],
    [
      1587,
      6587
    ],
    [
      1612,
      6612
    ],
    [
      1614,
      6614
    ],
    [
      1615,
      6615
    ],
    [
      1618,
      6618
    ],
    [
      1619,
      6619
    ],
    [
      1623,
      6623
    ],
    [
      1624,
      6624
    ],
    [
      1644,
      6644
    ],
    [
      1645,
      6645
    ],
    [
      1648,
      6648
    ],
    [
      1665,
      6665
    ],
    [
      1685,
      6685
    ],
    [
      1695,
      6695
    ],
    [
      1698,
      6698
    ],
    [
      1706,
      6706
    ],
    [
      1708,
      6708
    ],
    [
      1715,
      6715
    ],
    [
      1718,
      6718
    ],
    [
      1720,
      6720
    ],
    [
      1723,
      6723
    ],
    [
      1725,
      6725
    ],
    [
      1727,
      6727
    ],
    [
      1735,
      6735
    ],
    [
      1736,
      6736
    ],
    [
      1738,
      6738
    ],
    [
      1742,
      6742
    ],
    [
      1745,
      6745
    ],
    [
      1746,
      6746
    ],
    [
      1751,
      6751
    ],
    [
      1765,
      6765
    ],
    [
      1771,
      6771
    ],
    [
      1773,
      6773
    ],
    [
      1778,
      6778
    ],
    [
      1781,
      6781
    ],
    [
      1786,
      6786
    ],
    [
      1787,
      6787
    ],
    [
      1794,
      6794
    ],
    [
      1795,
      6795
    ],
    [
      1810,
      6810
    ],
    [
      1813,
      6813
    ],
    [
      1816,
      6816
    ],
    [
      1828,
      6828
    ],
    [
      1830,
      6830
    ],
    [
      1833,
      6833
    ],
    [
      1834,
      6834
    ],
    [
      1835,
      6835
    ],
    [
      1840,
      6840
    ],
    [
      1841,
      6841
    ],
    [
      1845,
      6845
    ],
    [
      1850,
      6850
    ],
    [
      1856,
      6856
    ],
    [
      1858,
      6858
    ],
    [
      1864,
      6864
    ],
    [
      1869,
      6869
    ],
    [
      1872,
      6872
    ],
    [
      1874,
      6874
    ],
    [
      1876,
      6876
    ],
    [
      1878,
      6878
    ],
    [
      1881,
      6881
    ],
    [
      1885,
      6885
    ],
    [
      1887,
      6887
    ],
    [
      1894,
      6894
    ],
    [
      1897,
      6897
    ],
    [
      1898,
      6898
    ],
    [
      1903,
      6903
    ],
    [
      1904,
      6904
    ],
    [
      1905,
      6905
    ],
    [
      1906,
      6906
    ],
    [
      1912,
      6912
    ],
    [
      1916,
      6916
    ],
    [
      1920,
      6920
    ],
    [
      1921,
      6921
    ],
    [
      1922,
      6922
    ],
    [
      1923,
      6923
    ],
    [
      1926,
      6926
    ],
    [
      1931,
      6931
    ],
    [
      1933,
      6933
    ],
    [
      1950,
      6950
    ],
    [
      1955,
      6955
    ],
    [
      1957,
      6957
    ],
    [
      1959,
      6959
    ],
    [
      1961,
      6961
    ],
    [
      1969,
      6969
    ],
    [
      1973,
      6973
    ],
    [
      1975,
      6975
    ],
    [
      1977,
      6977
    ],
    [
      1984,
      6984
    ],
    [
      1985,
      6985
    ],
    [
      1986,
      6986
    ],
    [
      1992,
      6992
    ],
    [
      1997,
      6997
    ],
    [
      1998,
      6998
    ],
    [
      2006,
      7006
    ],
    [
      2010,
      7010
    ],
    [
      2011,
      7011
    ],
    [
      2013,
      7013
    ],
    [
      2019,
      7019
    ],
    [
      2025,
      7025
    ],
    [
      2030,
      7030
    ],
    [
      2040,
      7040
    ],
    [
      2049,
      7049
    ],
    [
      2064,
      7064
    ],
    [
      2071,
      7071
    ],
    [
      2074,
      7074
    ],
    [
      2080,
      7080
    ],
    [
      2089,
      7089
    ],
    [
      2090,
      7090
    ],
    [
      2092,
      7092
    ],
    [
      2099,
      7099
    ],
    [
      2116,
      7116
    ],
    [
      2122,
      7122
    ],
    [
      2127,
      7127
    ],
    [
      2147,
      7147
    ],
    [
      2148,
      7148
    ],
    [
      2149,
      7149
    ],
    [
      2152,
      7152
    ],
    [
      2155,
      7155
    ],
    [
      2157,
      7157
    ],
    [
      2159,
      7159
    ],
    [
      2170,
      7170
    ],
    [
      2173,
      7173
    ],
    [
      2193,
      7193
    ],
    [
      2202,
      7202
    ],
    [
      2209,
      7209
    ],
    [
      2211,
      7211
    ],
    [
      2212,
      7212
    ],
    [
      2216,
      7216
    ],
    [
      2217,
      7217
    ],
    [
      2225,
      7225
    ],
    [
      2226,
      7226
    ],
    [
      2227,
      7227
    ],
    [
      2236,
      7236
    ],
    [
      2240,
      7240
    ],
    [
      2242,
      7242
    ],
    [
      2247,
      7247
    ],
    [
      2248,
      7248
    ],
    [
      2261,
      7261
    ],
    [
      2262,
      7262
    ],
    [
      2268,
      7268
    ],
    [
      2276,
      7276
    ],
    [
      2289,
      7289
    ],
    [
      2292,
      7292
    ],
    [
      2293,
      7293
    ],
    [
      2296,
      7296
    ],
    [
      2303,
      7303
    ],
    [
      2305,
      7305
    ],
    [
      2309,
      7309
    ],
    [
      2311,
      7311
    ],
    [
      2312,
      7312
    ],
    [
      2313,
      7313
    ],
    [
      2314,
      7314
    ],
    [
      2317,
      7317
    ],
    [
      2325,
      7325
    ],
    [
      2331,
      7331
    ],
    [
      2354,
      7354
    ],
    [
      2355,
      7355
    ],
    [
      2356,
      7356
    ],
    [
      2361,
      7361
    ],
    [
      2363,
      7363
    ],
    [
      2366,
      7366
    ],
    [
      2367,
      7367
    ],
    [
      2376,
      7376
    ],
    [
      2382,
      7382
    ],
    [
      2383,
      7383
    ],
    [
      2387,
      7387
    ],
    [
      2390,
      7390
    ],
    [
      2392,
      7392
    ],
    [
      2398,
      7398
    ],
    [
      2400,
      7400
    ],
    [
      2404,
      7404
    ],
    [
      2405,
      7405
    ],
    [
      2406,
      7406
    ],
    [
      2409,
      7409
    ],
    [
      2420,
      7420
    ],
    [
      2427,
      7427
    ],
    [
      2429,
      7429
    ],
    [
      2433,
      7433
    ],
    [
      2442,
      7442
    ],
    [
      2444,
      7444
    ],
    [
      2458,
      7458
    ],
    [
      2461,
      7461
    ],
    [
      2462,
      7462
    ],
    [
      2464,
      7464
    ],
    [
      2468,
      7468
    ],
    [
      2470,
      7470
    ],
    [
      2492,
      7492
    ],
    [
      2493,
      7493
    ],
    [
      2496,
      7496
    ],
    [
      2500,
      7500
    ],
    [
      2504,
      7504
    ],
    [
      2505,
      7505
    ],
    [
      2507,
      7507
    ],
    [
      2516,
      7516
    ],
    [
      2521,
      7521
    ],
    [
      2524,
      7524
    ],
    [
      2526,
      7526
    ],
    [
      2528,
      7528
    ],
    [
      2529,
      7529
    ],
    [
      2536,
      7536
    ],
    [
      2544,
      7544
    ],
    [
      2548,
      7548
    ],
    [
      2552,
      7552
    ],
    [
      2558,
      7558
    ],
    [
      2563,
      7563
    ],
    [
      2565,
      7565
    ],
    [
      2572,
      7572
    ],
    [
      2575,
      7575
    ],
    [
      2581,
      7581
    ],
    [
      2583,
      7583
    ],
    [
      2584,
      7584
    ],
    [
      2588,
      7588
    ],
    [
      2589,
      7589
    ],
    [
      2604,
      7604
    ],
    [
      2605,
      7605
    ],
    [
      2610,
      7610
    ],
    [
      2617,
      7617
    ],
    [
      2622,
      7622
    ],
    [
      2627,
      7627
    ],
    [
      2633,
      7633
    ],
    [
      2635,
      7635
    ],
    [
      2637,
      7637
    ],
    [
      2646,
      7646
    ],
    [
      2652,
      7652
    ],
    [
      2664,
      7664
    ],
    [
      2671,
      7671
    ],
    [
      2675,
      7675
    ],
    [
      2676,
      7676
    ],
    [
      2678,
      7678
    ],
    [
      2681,
      7681
    ],
    [
      2685,
      7685
    ],
    [
      2689,
      7689
    ],
    [
      2691,
      7691
    ],
    [
      2701,
      7701
    ],
    [
      2702,
      7702
    ],
    [
      2708,
      7708
    ],
    [
      2709,
      7709
    ],
    [
      2711,
      7711
    ],
    [
      2717,
      7717
    ],
    [
      2722,
      7722
    ],
    [
      2731,
      7731
    ],
    [
      2744,
      7744
    ],
    [
      2749,
      7749
    ],
    [
      2750,
      7750
    ],
    [
      2751,
      7751
    ],
    [
      2755,
      7755
    ],
    [
      2774,
      7774
    ],
    [
      2778,
      7778
    ],
    [
      2788,
      7788
    ],
    [
      2793,
      7793
    ],
    [
      2794,
      7794
    ],
    [
      2795,
      7795
    ],
    [
      2797,
      7797
    ],
    [
      2807,
      7807
    ],
    [
      2827,
      7827
    ],
    [
      2831,
      7831
    ],
    [
      2838,
      7838
    ],
    [
      2842,
      7842
    ],
    [
      2843,
      7843
    ],
    [
      2847,
      7847
    ],
    [
      2849,
      7849
    ],
    [
      2852,
      7852
    ],
    [
      2853,
      7853
    ],
    [
      2858,
      7858
    ],
    [
      2866,
      7866
    ],
    [
      2877,
      7877
    ],
    [
      2878,
      7878
    ],
    [
      2879,
      7879
    ],
    [
      2880,
      7880
    ],
    [
      2895,
      7895
    ],
    [
      2905,
      7905
    ],
    [
      2907,
      7907
    ],
    [
      2909,
      7909
    ],
    [
      2915,
      7915
    ],
    [
      2916,
      7916
    ],
    [
      2924,
      7924
    ],
    [
      2956,
      7956
    ],
    [
      2959,
      7959
    ],
    [
      2960,
      7960
    ],
    [
      2965,
      7965
    ],
    [
      2970,
      7970
    ],
    [
      2971,
      7971
    ],
    [
      2978,
      7978
    ],
    [
      2979,
      7979
    ],
    [
      2985,
      7985
    ],
    [
      2986,
      7986
    ],
    [
      2987,
      7987
    ],
    [
      2991,
      7991
    ],
    [
      2992,
      7992
    ],
    [
      2993,
      7993
    ],
    [
      2999,
      7999
    ],
    [
      3004,
      8004
    ],
    [
      3005,
      8005
    ],
    [
      3011,
      8011
    ],
    [
      3012,
      8012
    ],
    [
      3015,
      8015
    ],
    [
      3017,
      8017
    ],
    [
      3035,
      8035
    ],
    [
      3038,
      8038
    ],
    [
      3041,
      8041
    ],
    [
      3044,
      8044
    ],
    [
      3045,
      8045
    ],
    [
      3048,
      8048
    ],
    [
      3055,
      8055
    ],
    [
      3065,
      8065
    ],
    [
      3066,
      8066
    ],
    [
      3067,
      8067
    ],
    [
      3071,
      8071
    ],
    [
      3084,
      8084
    ],
    [
      3103,
      8103
    ],
    [
      3106,
      8106
    ],
    [
      3109,
      8109
    ],
    [
      3111,
      8111
    ],
    [
      3116,
      8116
    ],
    [
      3118,
      8118
    ],
    [
      3119,
      8119
    ],
    [
      3120,
      8120
    ],
    [
      3138,
      8138
    ],
    [
      3147,
      8147
    ],
    [
      3148,
      8148
    ],
    [
      3178,
      8178
    ],
    [
      3191,
      8191
    ],
    [
      3196,
      8196
    ],
    [
      3199,
      8199
    ],
    [
      3201,
      8201
    ],
    [
      3202,
      8202
    ],
    [
      3205,
      8205
    ],
    [
      3210,
      8210
    ],
    [
      3212,
      8212
    ],
    [
      3213,
      8213
    ],
    [
      3217,
      8217
    ],
    [
      3221,
      8221
    ],
    [
      3223,
      8223
    ],
    [
      3229,
      8229
    ],
    [
      3231,
      8231
    ],
    [
      3236,
      8236
    ],
    [
      3244,
      8244
    ],
    [
      3246,
      8246
    ],
    [
      3253,
      8253
    ],
    [
      3254,
      8254
    ],
    [
      3256,
      8256
    ],
    [
      3260,
      8260
    ],
    [
      3265,
      8265
    ],
    [
      3271,
      8271
    ],
    [
      3272,
      8272
    ],
    [
      3275,
      8275
    ],
    [
      3278,
      8278
    ],
    [
      3287,
      8287
    ],
    [
      3289,
      8289
    ],
    [
      3290,
      8290
    ],
    [
      3291,
      8291
    ],
    [
      3292,
      8292
    ],
    [
      3306,
      8306
    ],
    [
      3311,
      8311
    ],
    [
      3313,
      8313
    ],
    [
      3317,
      8317
    ],
    [
      3318,
      8318
    ],
    [
      3322,
      8322
    ],
    [
      3324,
      8324
    ],
    [
      3325,
      8325
    ],
    [
      3327,
      8327
    ],
    [
      3329,
      8329
    ],
    [
      3330,
      8330
    ],
    [
      3331,
      8331
    ],
    [
      3340,
      8340
    ],
    [
      3346,
      8346
    ],
    [
      3355,
      8355
    ],
    [
      3358,
      8358
    ],
    [
      3366,
      8366
    ],
    [
      3373,
      8373
    ],
    [
      3378,
      8378
    ],
    [
      3389,
      8389
    ],
    [
      3397,
      8397
    ],
    [
      3400,
      8400
    ],
    [
      3401,
      8401
    ],
    [
      3406,
      8406
    ],
    [
      3407,
      8407
    ],
    [
      3414,
      8414
    ],
    [
      3418,
      8418
    ],
    [
      3422,
      8422
    ],
    [
      3424,
      8424
    ],
    [
      3426,
      8426
    ],
    [
      3435,
      8435
    ],
    [
      3437,
      8437
    ],
    [
      3438,
      8438
    ],
    [
      3439,
      8439
    ],
    [
      3451,
      8451
    ],
    [
      3458,
      8458
    ],
    [
      3475,
      8475
    ],
    [
      3477,
      8477
    ],
    [
      3478,
      8478
    ],
    [
      3479,
      8479
    ],
    [
      3482,
      8482
    ],
    [
      3489,
      8489
    ],
    [
      3492,
      8492
    ],
    [
      3493,
      8493
    ],
    [
      3496,
      8496
    ],
    [
      3499,
      8499
    ],
    [
      3500,
      8500
    ],
    [
      3508,
      8508
    ],
    [
      3512,
      8512
    ],
    [
      3520,
      8520
    ],
    [
      3522,
      8522
    ],
    [
      3530,
      8530
    ],
    [
      3531,
      8531
    ],
    [
      3532,
      8532
    ],
    [
      3533,
      8533
    ],
    [
      3535,
      8535
    ],
    [
      3536,
      8536
    ],
    [
      3539,
      8539
    ],
    [
      3545,
      8545
    ],
    [
      3550,
      8550
    ],
    [
      3554,
      8554
    ],
    [
      3574,
      8574
    ],
    [
      3578,
      8578
    ],
    [
      3580,
      8580
    ],
    [
      3581,
      8581
    ],
    [
      3582,
      8582
    ],
    [
      3585,
      8585
    ],
    [
      3587,
      8587
    ],
    [
      3593,
      8593
    ],
    [
      3603,
      8603
    ],
    [
      3625,
      8625
    ],
    [
      3626,
      8626
    ],
    [
      3633,
      8633
    ],
    [
      3641,
      8641
    ],
    [
      3646,
      8646
    ],
    [
      3649,
      8649
    ],
    [
      3651,
      8651
    ],
    [
      3666,
      8666
    ],
    [
      3667,
      8667
    ],
    [
      3669,
      8669
    ],
    [
      3677,
      8677
    ],
    [
      3681,
      8681
    ],
    [
      3682,
      8682
    ],
    [
      3695,
      8695
    ],
    [
      3696,
      8696
    ],
    [
      3703,
      8703
    ],
    [
      3704,
      8704
    ],
    [
      3708,
      8708
    ],
    [
      3710,
      8710
    ],
    [
      3711,
      8711
    ],
    [
      3714,
      8714
    ],
    [
      3718,
      8718
    ],
    [
      3724,
      8724
    ],
    [
      3727,
      8727
    ],
    [
      3734,
      8734
    ],
    [
      3737,
      8737
    ],
    [
      3744,
      8744
    ],
    [
      3750,
      8750
    ],
    [
      3753,
      8753
    ],
    [
      3760,
      8760
    ],
    [
      3762,
      8762
    ],
    [
      3764,
      8764
    ],
    [
      3767,
      8767
    ],
    [
      3768,
      8768
    ],
    [
      3777,
      8777
    ],
    [
      3778,
      8778
    ],
    [
      3783,
      8783
    ],
    [
      3787,
      8787
    ],
    [
      3795,
      8795
    ],
    [
      3796,
      8796
    ],
    [
      3799,
      8799
    ],
    [
      3800,
      8800
    ],
    [
      3802,
      8802
    ],
    [
      3807,
      8807
    ],
    [
      3814,
      8814
    ],
    [
      3818,
      8818
    ],
    [
      3824,
      8824
    ],
    [
      3829,
      8829
    ],
    [
      3834,
      8834
    ],
    [
      3836,
      8836
    ],
    [
      3841,
      8841
    ],
    [
      3842,
      8842
    ],
    [
      3850,
      8850
    ],
    [
      3866,
      8866
    ],
    [
      3874,
      8874
    ],
    [
      3880,
      8880
    ],
    [
      3883,
      8883
    ],
    [
      3884,
      8884
    ],
    [
      3886,
      8886
    ],
    [
      3887,
      8887
    ],
    [
      3889,
      8889
    ],
    [
      3892,
      8892
    ],
    [
      3895,
      8895
    ],
    [
      3907,
      8907
    ],
    [
      3908,
      8908
    ],
    [
      3910,
      8910
    ],
    [
      3914,
      8914
    ],
    [
      3918,
      8918
    ],
    [
      3919,
      8919
    ],
    [
      3928,
      8928
    ],
    [
      3941,
      8941
    ],
    [
      3944,
      8944
    ],
    [
      3945,
      8945
    ],
    [
      3947,
      8947
    ],
    [
      3970,
      8970
    ],
    [
      3971,
      8971
    ],
    [
      3972,
      8972
    ],
    [
      3973,
      8973
    ],
    [
      3981,
      8981
    ],
    [
      3993,
      8993
    ],
    [
      3996,
      8996
    ],
    [
      3997,
      8997
    ],
    [
      3998,
      8998
    ],
    [
      4001,
      9001
    ],
    [
      4002,
      9002
    ],
    [
      4007,
      9007
    ],
    [
      4012,
      9012
    ],
    [
      4013,
      9013
    ],
    [
      4014,
      9014
    ],
    [
      4015,
      9015
    ],
    [
      4016,
      9016
    ],
    [
      4017,
      9017
    ],
    [
      4020,
      9020
    ],
    [
      4021,
      9021
    ],
    [
      4025,
      9025
    ],
    [
      4032,
      9032
    ],
    [
      4034,
      9034
    ],
    [
      4037,
      9037
    ],
    [
      4046,
      9046
    ],
    [
      4048,
      9048
    ],
    [
      4049,
      9049
    ],
    [
      4059,
      9059
    ],
    [
      4068,
      9068
    ],
    [
      4075,
      9075
    ],
    [
      4077,
      9077
    ],
    [
      4082,
      9082
    ],
    [
      4086,
      9086
    ],
    [
      4092,
      9092
    ],
    [
      4108,
      9108
    ],
    [
      4109,
      9109
    ],
    [
      4111,
      9111
    ],
    [
      4112,
      9112
    ],
    [
      4128,
      9128
    ],
    [
      4129,
      9129
    ],
    [
      4135,
      9135
    ],
    [
      4136,
      9136
    ],
    [
      4145,
      9145
    ],
    [
      4146,
      9146
    ],
    [
      4161,
      9161
    ],
    [
      4162,
      9162
    ],
    [
      4163,
      9163
    ],
    [
      4167,
      9167
    ],
    [
      4171,
      9171
    ],
    [
      4176,
      9176
    ],
    [
      4179,
      9179
    ],
    [
      4182,
      9182
    ],
    [
      4187,
      9187
    ],
    [
      4190,
      9190
    ],
    [
      4192,
      9192
    ],
    [
      4194,
      9194
    ],
    [
      4207,
      9207
    ],
    [
      4210,
      9210
    ],
    [
      4216,
      9216
    ],
    [
      4224,
      9224
    ],
    [
      4238,
      9238
    ],
    [
      4240,
      9240
    ],
    [
      4251,
      9251
    ],
    [
      4255,
      9255
    ],
    [
      4267,
      9267
    ],
    [
      4268,
      9268
    ],
    [
      4284,
      9284
    ],
    [
      4289,
      9289
    ],
    [
      4302,
      9302
    ],
    [
      4306,
      9306
    ],
    [
      4308,
      9308
    ],
    [
      4309,
      9309
    ],
    [
      4320,
      9320
    ],
    [
      4325,
      9325
    ],
    [
      4327,
      9327
    ],
    [
      4333,
      9333
    ],
    [
      4338,
      9338
    ],
    [
      4340,
      9340
    ],
    [
      4344,
      9344
    ],
    [
      4348,
      9348
    ],
    [
      4351,
      9351
    ],
    [
      4362,
      9362
    ],
    [
      4363,
      9363
    ],
    [
      4366,
      9366
    ],
    [
      4369,
      9369
    ],
    [
      4371,
      9371
    ],
    [
      4374,
      9374
    ],
    [
      4379,
      9379
    ],
    [
      4380,
      9380
    ],
    [
      4391,
      9391
    ],
    [
      4395,
      9395
    ],
    [
      4403,
      9403
    ],
    [
      4406,
      9406
    ],
    [
      4410,
      9410
    ],
    [
      4417,
      9417
    ],
    [
      4418,
      9418
    ],
    [
      4430,
      9430
    ],
    [
      4440,
      9440
    ],
    [
      4450,
      9450
    ],
    [
      4455,
      9455
    ],
    [
      4468,
      9468
    ],
    [
      4492,
      9492
    ],
    [
      4493,
      9493
    ],
    [
      4507,
      9507
    ],
    [
      4509,
      9509
    ],
    [
      4510,
      9510
    ],
    [
      4512,
      9512
    ],
    [
      4519,
      9519
    ],
    [
      4523,
      9523
    ],
    [
      4525,
      9525
    ],
    [
      4527,
      9527
    ],
    [
      4528,
      9528
    ],
    [
      4529,
      9529
    ],
    [
      4530,
      9530
    ],
    [
      4539,
      9539
    ],
    [
      4544,
      9544
    ],
    [
      4547,
      9547
    ],
    [
      4558,
      9558
    ],
    [
      4566,
      9566
    ],
    [
      4582,
      9582
    ],
    [
      4584,
      9584
    ],
    [
      4587,
      9587
    ],
    [
      4588,
      9588
    ],
    [
      4596,
      9596
    ],
    [
      4601,
      9601
    ],
    [
      4606,
      9606
    ],
    [
      4618,
      9618
    ],
    [
      4621,
      9621
    ],
    [
      4632,
      9632
    ],
    [
      4641,
      9641
    ],
    [
      4647,
      9647
    ],
    [
      4648,
      9648
    ],
    [
      4653,
      9653
    ],
    [
      4654,
      9654
    ],
    [
      4660,
      9660
    ],
    [
      4663,
      9663
    ],
    [
      4682,
      9682
    ],
    [
      4683,
      9683
    ],
    [
      4692,
      9692
    ],
    [
      4694,
      9694
    ],
    [
      4697,
      9697
    ],
    [
      4703,
      9703
    ],
    [
      4705,
      9705
    ],
    [
      4712,
      9712
    ],
    [
      4717,
      9717
    ],
    [
      4721,
      9721
    ],
    [
      4733,
      9733
    ],
    [
      4746,
      9746
    ],
    [
      4751,
      9751
    ],
    [
      4758,
      9758
    ],
    [
      4766,
      9766
    ],
    [
      4768,
      9768
    ],
    [
      4769,
      9769
    ],
    [
      4781,
      9781
    ],
    [
      4790,
      9790
    ],
    [
      4791,
      9791
    ],
    [
      4794,
      9794
    ],
    [
      4796,
      9796
    ],
    [
      4802,
      9802
    ],
    [
      4811,
      9811
    ],
    [
      4828,
      9828
    ],
    [
      4829,
      9829
    ],
    [
      4831,
      9831
    ],
    [
      4835,
      9835
    ],
    [
      4840,
      9840
    ],
    [
      4851,
      9851
    ],
    [
      4855,
      9855
    ],
    [
      4856,
      9856
    ],
    [
      4864,
      9864
    ],
    [
      4866,
      9866
    ],
    [
      4873,
      9873
    ],
    [
      4880,
      9880
    ],
    [
      4891,
      9891
    ],
    [
      4922,
      9922
    ],
    [
      4925,
      9925
    ],
    [
      4926,
      9926
    ],
    [
      4927,
      9927
    ],
    [
      4931,
      9931
    ],
    [
      4936,
      9936
    ],
    [
      4937,
      9937
    ],
    [
      4944,
      9944
    ],
    [
      4952,
      9952
    ],
    [
      4969,
      9969
    ],
    [
      4975,
      9975
    ],
    [
      4984,
      9984
    ],
    [
      4988,
      9988
    ],
    [
      4991,
      9991
    ],
    [
      4992,
      9992
    ],
    [
      4997,
      9997
    ]
  ]
}