{
  "n_true_positives": 136,
  "n_positives": 136,
  "total_time": 125.70586442947388,
  "date": "2025-01-25T19:05:59.206095",
  "backend": "BruteForce",
  "n_bins": 0,
  "eps": 12.5,
  "args": {
    "csvpath": [
      "../data/RobustBench/predictions/imagenet3dcc-AlexNet/vanilla.csv",
      "../data/RobustBench/predictions/imagenet3dcc-AlexNet/bit_error-4.csv"
    ],
    "eps": 12.5,
    "n_bins": 0,
    "n_examples": -1,
    "out_path": "../results/semantic//results/imagenet3dcc-AlexNet/imagenet3dcc-AlexNet-L2-12.5-bit_error-4.json",
    "full_output": false,
    "verbose": false,
    "randomize_order": false,
    "backend": "bf",
    "blind_cols": null,
    "pred": "pred",
    "metric": "L2"
  },
  "backend_meta": {
    "epsilon": 12.5,
    "decision_col": "pred",
    "metric": "Linf",
    "is_exact": true,
    "is_sound": true,
    "is_complete": true
  },
  "positives": [
    [
      24,
      5024
    ],
    [
      98,
      5098
    ],
    [
      262,
      5262
    ],
    [
      339,
      5339
    ],
    [
      421,
      5421
    ],
    [
      453,
      5453
    ],
    [
      459,
      5459
    ],
    [
      488,
      5488
    ],
    [
      521,
      5521
    ],
    [
      528,
      5528
    ],
    [
      569,
      5569
    ],
    [
      583,
      5583
    ],
    [
      608,
      5608
    ],
    [
      673,
      5673
    ],
    [
      736,
      5736
    ],
    [
      806,
      5806
    ],
    [
      821,
      5821
    ],
    [
      829,
      5829
    ],
    [
      834,
      5834
    ],
    [
      908,
      5908
    ],
    [
      971,
      5971
    ],
    [
      1042,
      6042
    ],
    [
      1055,
      6055
    ],
    [
      1163,
      6163
    ],
    [
      1229,
      6229
    ],
    [
      1248,
      6248
    ],
    [
      1278,
      6278
    ],
    [
      1287,
      6287
    ],
    [
      1298,
      6298
    ],
    [
      1325,
      6325
    ],
    [
      1424,
      6424
    ],
    [
      1449,
      6449
    ],
    [
      1483,
      6483
    ],
    [
      1506,
      6506
    ],
    [
      1565,
      6565
    ],
    [
      1618,
      6618
    ],
    [
      1619,
      6619
    ],
    [
      1623,
      6623
    ],
    [
      1715,
      6715
    ],
    [
      1723,
      6723
    ],
    [
      1727,
      6727
    ],
    [
      1742,
      6742
    ],
    [
      1751,
      6751
    ],
    [
      1773,
      6773
    ],
    [
      1840,
      6840
    ],
    [
      1850,
      6850
    ],
    [
      1876,
      6876
    ],
    [
      1926,
      6926
    ],
    [
      1957,
      6957
    ],
    [
      1986,
      6986
    ],
    [
      2127,
      7127
    ],
    [
      2149,
      7149
    ],
    [
      2216,
      7216
    ],
    [
      2247,
      7247
    ],
    [
      2293,
      7293
    ],
    [
      2331,
      7331
    ],
    [
      2367,
      7367
    ],
    [
      2373,
      7373
    ],
    [
      2448,
      7448
    ],
    [
      2581,
      7581
    ],
    [
      2584,
      7584
    ],
    [
      2604,
      7604
    ],
    [
      2646,
      7646
    ],
    [
      2685,
      7685
    ],
    [
      2793,
      7793
    ],
    [
      2795,
      7795
    ],
    [
      2838,
      7838
    ],
    [
      2970,
      7970
    ],
    [
      2992,
      7992
    ],
    [
      3015,
      8015
    ],
    [
      3045,
      8045
    ],
    [
      3106,
      8106
    ],
    [
      3178,
      8178
    ],
    [
      3260,
      8260
    ],
    [
      3292,
      8292
    ],
    [
      3346,
      8346
    ],
    [
      3401,
      8401
    ],
    [
      3414,
      8414
    ],
    [
      3422,
      8422
    ],
    [
      3451,
      8451
    ],
    [
      3458,
      8458
    ],
    [
      3499,
      8499
    ],
    [
      3502,
      8502
    ],
    [
      3508,
      8508
    ],
    [
      3512,
      8512
    ],
    [
      3533,
      8533
    ],
    [
      3574,
      8574
    ],
    [
      3587,
      8587
    ],
    [
      3626,
      8626
    ],
    [
      3711,
      8711
    ],
    [
      3734,
      8734
    ],
    [
      3737,
      8737
    ],
    [
      3755,
      8755
    ],
    [
      3760,
      8760
    ],
    [
      3814,
      8814
    ],
    [
      3836,
      8836
    ],
    [
      3841,
      8841
    ],
    [
      3866,
      8866
    ],
    [
      3886,
      8886
    ],
    [
      3887,
      8887
    ],
    [
      3907,
      8907
    ],
    [
      3908,
      8908
    ],
    [
      3972,
      8972
    ],
    [
      3993,
      8993
    ],
    [
      4032,
      9032
    ],
    [
      4077,
      9077
    ],
    [
      4082,
      9082
    ],
    [
      4112,
      9112
    ],
    [
      4136,
      9136
    ],
    [
      4167,
      9167
    ],
    [
      4171,
      9171
    ],
    [
      4176,
      9176
    ],
    [
      4182,
      9182
    ],
    [
      4190,
      9190
    ],
    [
      4192,
      9192
    ],
    [
      4309,
      9309
    ],
    [
      4325,
      9325
    ],
    [
      4333,
      9333
    ],
    [
      4351,
      9351
    ],
    [
      4369,
      9369
    ],
    [
      4374,
      9374
    ],
    [
      4391,
      9391
    ],
    [
      4395,
      9395
    ],
    [
      4417,
      9417
    ],
    [
      4450,
      9450
    ],
    [
      4507,
      9507
    ],
    [
      4508,
      9508
    ],
    [
      4523,
      9523
    ],
    [
      4528,
      9528
    ],
    [
      4561,
      9561
    ],
    [
      4587,
      9587
    ],
    [
      4683,
      9683
    ],
    [
      4791,
      9791
    ],
    [
      4811,
      9811
    ],
    [
      4840,
      9840
    ],
    [
      4984,
      9984
    ]
  ]
}