{
  "n_true_positives": 149,
  "n_positives": 149,
  "total_time": 131.08543038368225,
  "date": "2025-01-25T19:08:35.668699",
  "backend": "BruteForce",
  "n_bins": 0,
  "eps": 12.5,
  "args": {
    "csvpath": [
      "../data/RobustBench/predictions/imagenet3dcc-AlexNet/vanilla.csv",
      "../data/RobustBench/predictions/imagenet3dcc-AlexNet/near_focus-1.csv"
    ],
    "eps": 12.5,
    "n_bins": 0,
    "n_examples": -1,
    "out_path": "../results/semantic//results/imagenet3dcc-AlexNet/imagenet3dcc-AlexNet-L2-12.5-near_focus-1.json",
    "full_output": false,
    "verbose": false,
    "randomize_order": false,
    "backend": "bf",
    "blind_cols": null,
    "pred": "pred",
    "metric": "L2"
  },
  "backend_meta": {
    "epsilon": 12.5,
    "decision_col": "pred",
    "metric": "Linf",
    "is_exact": true,
    "is_sound": true,
    "is_complete": true
  },
  "positives": [
    [
      18,
      5018
    ],
    [
      19,
      5019
    ],
    [
      120,
      5120
    ],
    [
      125,
      5125
    ],
    [
      144,
      5144
    ],
    [
      192,
      5192
    ],
    [
      222,
      5222
    ],
    [
      235,
      5235
    ],
    [
      300,
      5300
    ],
    [
      337,
      5337
    ],
    [
      399,
      5399
    ],
    [
      421,
      5421
    ],
    [
      432,
      5432
    ],
    [
      488,
      5488
    ],
    [
      501,
      5501
    ],
    [
      544,
      5544
    ],
    [
      552,
      5552
    ],
    [
      610,
      5610
    ],
    [
      625,
      5625
    ],
    [
      626,
      5626
    ],
    [
      649,
      5649
    ],
    [
      657,
      5657
    ],
    [
      673,
      5673
    ],
    [
      713,
      5713
    ],
    [
      755,
      5755
    ],
    [
      773,
      5773
    ],
    [
      787,
      5787
    ],
    [
      971,
      5971
    ],
    [
      1084,
      6084
    ],
    [
      1100,
      6100
    ],
    [
      1114,
      6114
    ],
    [
      1204,
      6204
    ],
    [
      1285,
      6285
    ],
    [
      1427,
      6427
    ],
    [
      1518,
      6518
    ],
    [
      1556,
      6556
    ],
    [
      1730,
      6730
    ],
    [
      1742,
      6742
    ],
    [
      1762,
      6762
    ],
    [
      1809,
      6809
    ],
    [
      1812,
      6812
    ],
    [
      1833,
      6833
    ],
    [
      1857,
      6857
    ],
    [
      1879,
      6879
    ],
    [
      1898,
      6898
    ],
    [
      1934,
      6934
    ],
    [
      1948,
      6948
    ],
    [
      1953,
      6953
    ],
    [
      1968,
      6968
    ],
    [
      2022,
      7022
    ],
    [
      2062,
      7062
    ],
    [
      2066,
      7066
    ],
    [
      2072,
      7072
    ],
    [
      2122,
      7122
    ],
    [
      2156,
      7156
    ],
    [
      2158,
      7158
    ],
    [
      2179,
      7179
    ],
    [
      2221,
      7221
    ],
    [
      2226,
      7226
    ],
    [
      2228,
      7228
    ],
    [
      2245,
      7245
    ],
    [
      2274,
      7274
    ],
    [
      2285,
      7285
    ],
    [
      2307,
      7307
    ],
    [
      2328,
      7328
    ],
    [
      2409,
      7409
    ],
    [
      2430,
      7430
    ],
    [
      2452,
      7452
    ],
    [
      2476,
      7476
    ],
    [
      2481,
      7481
    ],
    [
      2483,
      7483
    ],
    [
      2500,
      7500
    ],
    [
      2513,
      7513
    ],
    [
      2531,
      7531
    ],
    [
      2556,
      7556
    ],
    [
      2596,
      7596
    ],
    [
      2623,
      7623
    ],
    [
      2639,
      7639
    ],
    [
      2650,
      7650
    ],
    [
      2722,
      7722
    ],
    [
      2725,
      7725
    ],
    [
      2794,
      7794
    ],
    [
      2841,
      7841
    ],
    [
      2853,
      7853
    ],
    [
      2895,
      7895
    ],
    [
      2911,
      7911
    ],
    [
      2958,
      7958
    ],
    [
      3034,
      8034
    ],
    [
      3039,
      8039
    ],
    [
      3053,
      8053
    ],
    [
      3067,
      8067
    ],
    [
      3068,
      8068
    ],
    [
      3071,
      8071
    ],
    [
      3111,
      8111
    ],
    [
      3151,
      8151
    ],
    [
      3159,
      8159
    ],
    [
      3188,
      8188
    ],
    [
      3199,
      8199
    ],
    [
      3221,
      8221
    ],
    [
      3247,
      8247
    ],
    [
      3372,
      8372
    ],
    [
      3427,
      8427
    ],
    [
      3438,
      8438
    ],
    [
      3444,
      8444
    ],
    [
      3451,
      8451
    ],
    [
      3479,
      8479
    ],
    [
      3519,
      8519
    ],
    [
      3581,
      8581
    ],
    [
      3684,
      8684
    ],
    [
      3690,
      8690
    ],
    [
      3714,
      8714
    ],
    [
      3745,
      8745
    ],
    [
      3760,
      8760
    ],
    [
      3777,
      8777
    ],
    [
      3778,
      8778
    ],
    [
      3784,
      8784
    ],
    [
      3823,
      8823
    ],
    [
      3825,
      8825
    ],
    [
      3838,
      8838
    ],
    [
      3857,
      8857
    ],
    [
      3866,
      8866
    ],
    [
      3883,
      8883
    ],
    [
      3893,
      8893
    ],
    [
      3923,
      8923
    ],
    [
      3932,
      8932
    ],
    [
      3943,
      8943
    ],
    [
      3945,
      8945
    ],
    [
      3955,
      8955
    ],
    [
      3997,
      8997
    ],
    [
      4019,
      9019
    ],
    [
      4146,
      9146
    ],
    [
      4285,
      9285
    ],
    [
      4298,
      9298
    ],
    [
      4323,
      9323
    ],
    [
      4359,
      9359
    ],
    [
      4386,
      9386
    ],
    [
      4441,
      9441
    ],
    [
      4466,
      9466
    ],
    [
      4522,
      9522
    ],
    [
      4660,
      9660
    ],
    [
      4718,
      9718
    ],
    [
      4748,
      9748
    ],
    [
      4781,
      9781
    ],
    [
      4806,
      9806
    ],
    [
      4824,
      9824
    ],
    [
      4829,
      9829
    ],
    [
      4875,
      9875
    ],
    [
      4952,
      9952
    ],
    [
      4971,
      9971
    ]
  ]
}