{
  "n_true_positives": 66,
  "n_positives": 66,
  "total_time": 135.79161286354065,
  "date": "2025-01-25T18:56:04.475117",
  "backend": "BruteForce",
  "n_bins": 0,
  "eps": 12.5,
  "args": {
    "csvpath": [
      "../data/RobustBench/predictions/imagenet3dcc-AlexNet/vanilla.csv",
      "../data/RobustBench/predictions/imagenet3dcc-AlexNet/near_focus-3.csv"
    ],
    "eps": 12.5,
    "n_bins": 0,
    "n_examples": -1,
    "out_path": "../results/semantic//results/imagenet3dcc-AlexNet/imagenet3dcc-AlexNet-L2-12.5-near_focus-3.json",
    "full_output": false,
    "verbose": false,
    "randomize_order": false,
    "backend": "bf",
    "blind_cols": null,
    "pred": "pred",
    "metric": "L2"
  },
  "backend_meta": {
    "epsilon": 12.5,
    "decision_col": "pred",
    "metric": "Linf",
    "is_exact": true,
    "is_sound": true,
    "is_complete": true
  },
  "positives": [
    [
      120,
      5120
    ],
    [
      125,
      5125
    ],
    [
      144,
      5144
    ],
    [
      192,
      5192
    ],
    [
      243,
      5243
    ],
    [
      300,
      5300
    ],
    [
      337,
      5337
    ],
    [
      432,
      5432
    ],
    [
      501,
      5501
    ],
    [
      597,
      5597
    ],
    [
      649,
      5649
    ],
    [
      698,
      5698
    ],
    [
      713,
      5713
    ],
    [
      787,
      5787
    ],
    [
      927,
      5927
    ],
    [
      970,
      5970
    ],
    [
      1100,
      6100
    ],
    [
      1204,
      6204
    ],
    [
      1285,
      6285
    ],
    [
      1427,
      6427
    ],
    [
      1809,
      6809
    ],
    [
      1812,
      6812
    ],
    [
      1857,
      6857
    ],
    [
      1879,
      6879
    ],
    [
      2066,
      7066
    ],
    [
      2099,
      7099
    ],
    [
      2189,
      7189
    ],
    [
      2221,
      7221
    ],
    [
      2301,
      7301
    ],
    [
      2307,
      7307
    ],
    [
      2344,
      7344
    ],
    [
      2351,
      7351
    ],
    [
      2411,
      7411
    ],
    [
      2430,
      7430
    ],
    [
      2449,
      7449
    ],
    [
      2596,
      7596
    ],
    [
      2623,
      7623
    ],
    [
      2650,
      7650
    ],
    [
      2722,
      7722
    ],
    [
      2794,
      7794
    ],
    [
      2841,
      7841
    ],
    [
      3068,
      8068
    ],
    [
      3106,
      8106
    ],
    [
      3159,
      8159
    ],
    [
      3199,
      8199
    ],
    [
      3372,
      8372
    ],
    [
      3451,
      8451
    ],
    [
      3684,
      8684
    ],
    [
      3760,
      8760
    ],
    [
      3784,
      8784
    ],
    [
      3825,
      8825
    ],
    [
      3837,
      8837
    ],
    [
      3866,
      8866
    ],
    [
      3917,
      8917
    ],
    [
      3932,
      8932
    ],
    [
      4146,
      9146
    ],
    [
      4345,
      9345
    ],
    [
      4504,
      9504
    ],
    [
      4557,
      9557
    ],
    [
      4614,
      9614
    ],
    [
      4660,
      9660
    ],
    [
      4718,
      9718
    ],
    [
      4731,
      9731
    ],
    [
      4781,
      9781
    ],
    [
      4856,
      9856
    ],
    [
      4978,
      9978
    ]
  ]
}