{
  "n_true_positives": 86,
  "n_positives": 86,
  "total_time": 124.38820838928223,
  "date": "2025-01-25T19:15:32.864131",
  "backend": "BruteForce",
  "n_bins": 0,
  "eps": 12.5,
  "args": {
    "csvpath": [
      "../data/RobustBench/predictions/imagenet3dcc-AlexNet/vanilla.csv",
      "../data/RobustBench/predictions/imagenet3dcc-AlexNet/far_focus-4.csv"
    ],
    "eps": 12.5,
    "n_bins": 0,
    "n_examples": -1,
    "out_path": "../results/semantic//results/imagenet3dcc-AlexNet/imagenet3dcc-AlexNet-L2-12.5-far_focus-4.json",
    "full_output": false,
    "verbose": false,
    "randomize_order": false,
    "backend": "bf",
    "blind_cols": null,
    "pred": "pred",
    "metric": "L2"
  },
  "backend_meta": {
    "epsilon": 12.5,
    "decision_col": "pred",
    "metric": "Linf",
    "is_exact": true,
    "is_sound": true,
    "is_complete": true
  },
  "positives": [
    [
      19,
      5019
    ],
    [
      22,
      5022
    ],
    [
      120,
      5120
    ],
    [
      143,
      5143
    ],
    [
      144,
      5144
    ],
    [
      192,
      5192
    ],
    [
      263,
      5263
    ],
    [
      299,
      5299
    ],
    [
      329,
      5329
    ],
    [
      370,
      5370
    ],
    [
      501,
      5501
    ],
    [
      544,
      5544
    ],
    [
      649,
      5649
    ],
    [
      736,
      5736
    ],
    [
      755,
      5755
    ],
    [
      787,
      5787
    ],
    [
      969,
      5969
    ],
    [
      1035,
      6035
    ],
    [
      1100,
      6100
    ],
    [
      1114,
      6114
    ],
    [
      1179,
      6179
    ],
    [
      1285,
      6285
    ],
    [
      1363,
      6363
    ],
    [
      1587,
      6587
    ],
    [
      1591,
      6591
    ],
    [
      1699,
      6699
    ],
    [
      1702,
      6702
    ],
    [
      1730,
      6730
    ],
    [
      1742,
      6742
    ],
    [
      1754,
      6754
    ],
    [
      1776,
      6776
    ],
    [
      1788,
      6788
    ],
    [
      1812,
      6812
    ],
    [
      1857,
      6857
    ],
    [
      1879,
      6879
    ],
    [
      1988,
      6988
    ],
    [
      2022,
      7022
    ],
    [
      2278,
      7278
    ],
    [
      2292,
      7292
    ],
    [
      2307,
      7307
    ],
    [
      2328,
      7328
    ],
    [
      2350,
      7350
    ],
    [
      2367,
      7367
    ],
    [
      2387,
      7387
    ],
    [
      2409,
      7409
    ],
    [
      2410,
      7410
    ],
    [
      2430,
      7430
    ],
    [
      2452,
      7452
    ],
    [
      2481,
      7481
    ],
    [
      2556,
      7556
    ],
    [
      2570,
      7570
    ],
    [
      2571,
      7571
    ],
    [
      2623,
      7623
    ],
    [
      2650,
      7650
    ],
    [
      2653,
      7653
    ],
    [
      2807,
      7807
    ],
    [
      2849,
      7849
    ],
    [
      2907,
      7907
    ],
    [
      3053,
      8053
    ],
    [
      3087,
      8087
    ],
    [
      3151,
      8151
    ],
    [
      3188,
      8188
    ],
    [
      3266,
      8266
    ],
    [
      3271,
      8271
    ],
    [
      3451,
      8451
    ],
    [
      3484,
      8484
    ],
    [
      3519,
      8519
    ],
    [
      3586,
      8586
    ],
    [
      3676,
      8676
    ],
    [
      3745,
      8745
    ],
    [
      3825,
      8825
    ],
    [
      3945,
      8945
    ],
    [
      4013,
      9013
    ],
    [
      4073,
      9073
    ],
    [
      4153,
      9153
    ],
    [
      4162,
      9162
    ],
    [
      4190,
      9190
    ],
    [
      4323,
      9323
    ],
    [
      4386,
      9386
    ],
    [
      4395,
      9395
    ],
    [
      4436,
      9436
    ],
    [
      4441,
      9441
    ],
    [
      4561,
      9561
    ],
    [
      4614,
      9614
    ],
    [
      4660,
      9660
    ],
    [
      4806,
      9806
    ]
  ]
}