{
  "n_true_positives": 130,
  "n_positives": 130,
  "total_time": 128.03728675842285,
  "date": "2025-01-25T19:00:58.549543",
  "backend": "BruteForce",
  "n_bins": 0,
  "eps": 12.5,
  "args": {
    "csvpath": [
      "../data/RobustBench/predictions/imagenet3dcc-AlexNet/vanilla.csv",
      "../data/RobustBench/predictions/imagenet3dcc-AlexNet/color_quant-3.csv"
    ],
    "eps": 12.5,
    "n_bins": 0,
    "n_examples": -1,
    "out_path": "../results/semantic//results/imagenet3dcc-AlexNet/imagenet3dcc-AlexNet-L2-12.5-color_quant-3.json",
    "full_output": false,
    "verbose": false,
    "randomize_order": false,
    "backend": "bf",
    "blind_cols": null,
    "pred": "pred",
    "metric": "L2"
  },
  "backend_meta": {
    "epsilon": 12.5,
    "decision_col": "pred",
    "metric": "Linf",
    "is_exact": true,
    "is_sound": true,
    "is_complete": true
  },
  "positives": [
    [
      49,
      5049
    ],
    [
      82,
      5082
    ],
    [
      85,
      5085
    ],
    [
      146,
      5146
    ],
    [
      192,
      5192
    ],
    [
      198,
      5198
    ],
    [
      228,
      5228
    ],
    [
      299,
      5299
    ],
    [
      312,
      5312
    ],
    [
      339,
      5339
    ],
    [
      362,
      5362
    ],
    [
      456,
      5456
    ],
    [
      467,
      5467
    ],
    [
      581,
      5581
    ],
    [
      600,
      5600
    ],
    [
      660,
      5660
    ],
    [
      686,
      5686
    ],
    [
      690,
      5690
    ],
    [
      725,
      5725
    ],
    [
      743,
      5743
    ],
    [
      799,
      5799
    ],
    [
      896,
      5896
    ],
    [
      907,
      5907
    ],
    [
      1100,
      6100
    ],
    [
      1112,
      6112
    ],
    [
      1121,
      6121
    ],
    [
      1152,
      6152
    ],
    [
      1157,
      6157
    ],
    [
      1196,
      6196
    ],
    [
      1221,
      6221
    ],
    [
      1277,
      6277
    ],
    [
      1292,
      6292
    ],
    [
      1331,
      6331
    ],
    [
      1426,
      6426
    ],
    [
      1427,
      6427
    ],
    [
      1457,
      6457
    ],
    [
      1458,
      6458
    ],
    [
      1532,
      6532
    ],
    [
      1587,
      6587
    ],
    [
      1612,
      6612
    ],
    [
      1652,
      6652
    ],
    [
      1744,
      6744
    ],
    [
      1844,
      6844
    ],
    [
      1877,
      6877
    ],
    [
      1921,
      6921
    ],
    [
      2135,
      7135
    ],
    [
      2161,
      7161
    ],
    [
      2166,
      7166
    ],
    [
      2183,
      7183
    ],
    [
      2203,
      7203
    ],
    [
      2235,
      7235
    ],
    [
      2263,
      7263
    ],
    [
      2307,
      7307
    ],
    [
      2335,
      7335
    ],
    [
      2346,
      7346
    ],
    [
      2391,
      7391
    ],
    [
      2439,
      7439
    ],
    [
      2470,
      7470
    ],
    [
      2476,
      7476
    ],
    [
      2481,
      7481
    ],
    [
      2538,
      7538
    ],
    [
      2607,
      7607
    ],
    [
      2618,
      7618
    ],
    [
      2636,
      7636
    ],
    [
      2722,
      7722
    ],
    [
      2744,
      7744
    ],
    [
      2794,
      7794
    ],
    [
      2836,
      7836
    ],
    [
      2851,
      7851
    ],
    [
      2874,
      7874
    ],
    [
      2878,
      7878
    ],
    [
      2921,
      7921
    ],
    [
      2929,
      7929
    ],
    [
      2931,
      7931
    ],
    [
      2990,
      7990
    ],
    [
      3067,
      8067
    ],
    [
      3110,
      8110
    ],
    [
      3164,
      8164
    ],
    [
      3167,
      8167
    ],
    [
      3210,
      8210
    ],
    [
      3214,
      8214
    ],
    [
      3234,
      8234
    ],
    [
      3238,
      8238
    ],
    [
      3286,
      8286
    ],
    [
      3312,
      8312
    ],
    [
      3383,
      8383
    ],
    [
      3491,
      8491
    ],
    [
      3500,
      8500
    ],
    [
      3613,
      8613
    ],
    [
      3739,
      8739
    ],
    [
      3743,
      8743
    ],
    [
      3752,
      8752
    ],
    [
      3784,
      8784
    ],
    [
      3818,
      8818
    ],
    [
      3867,
      8867
    ],
    [
      3898,
      8898
    ],
    [
      3908,
      8908
    ],
    [
      3910,
      8910
    ],
    [
      3931,
      8931
    ],
    [
      3936,
      8936
    ],
    [
      4014,
      9014
    ],
    [
      4020,
      9020
    ],
    [
      4050,
      9050
    ],
    [
      4063,
      9063
    ],
    [
      4142,
      9142
    ],
    [
      4157,
      9157
    ],
    [
      4172,
      9172
    ],
    [
      4174,
      9174
    ],
    [
      4216,
      9216
    ],
    [
      4233,
      9233
    ],
    [
      4307,
      9307
    ],
    [
      4309,
      9309
    ],
    [
      4311,
      9311
    ],
    [
      4323,
      9323
    ],
    [
      4343,
      9343
    ],
    [
      4349,
      9349
    ],
    [
      4363,
      9363
    ],
    [
      4385,
      9385
    ],
    [
      4437,
      9437
    ],
    [
      4446,
      9446
    ],
    [
      4522,
      9522
    ],
    [
      4560,
      9560
    ],
    [
      4562,
      9562
    ],
    [
      4667,
      9667
    ],
    [
      4732,
      9732
    ],
    [
      4774,
      9774
    ],
    [
      4802,
      9802
    ],
    [
      4844,
      9844
    ],
    [
      4860,
      9860
    ],
    [
      4993,
      9993
    ]
  ]
}