{
  "n_true_positives": 420,
  "n_positives": 420,
  "total_time": 118.13836622238159,
  "date": "2025-01-25T18:53:17.723615",
  "backend": "BruteForce",
  "n_bins": 0,
  "eps": 12.5,
  "args": {
    "csvpath": [
      "../data/RobustBench/predictions/imagenet3dcc-AlexNet/vanilla.csv",
      "../data/RobustBench/predictions/imagenet3dcc-AlexNet/color_quant-2.csv"
    ],
    "eps": 12.5,
    "n_bins": 0,
    "n_examples": -1,
    "out_path": "../results/semantic//results/imagenet3dcc-AlexNet/imagenet3dcc-AlexNet-L2-12.5-color_quant-2.json",
    "full_output": false,
    "verbose": false,
    "randomize_order": false,
    "backend": "bf",
    "blind_cols": null,
    "pred": "pred",
    "metric": "L2"
  },
  "backend_meta": {
    "epsilon": 12.5,
    "decision_col": "pred",
    "metric": "Linf",
    "is_exact": true,
    "is_sound": true,
    "is_complete": true
  },
  "positives": [
    [
      3,
      5003
    ],
    [
      15,
      5015
    ],
    [
      18,
      5018
    ],
    [
      30,
      5030
    ],
    [
      32,
      5032
    ],
    [
      49,
      5049
    ],
    [
      82,
      5082
    ],
    [
      89,
      5089
    ],
    [
      94,
      5094
    ],
    [
      141,
      5141
    ],
    [
      144,
      5144
    ],
    [
      146,
      5146
    ],
    [
      148,
      5148
    ],
    [
      186,
      5186
    ],
    [
      190,
      5190
    ],
    [
      192,
      5192
    ],
    [
      202,
      5202
    ],
    [
      207,
      5207
    ],
    [
      226,
      5226
    ],
    [
      234,
      5234
    ],
    [
      235,
      5235
    ],
    [
      243,
      5243
    ],
    [
      249,
      5249
    ],
    [
      264,
      5264
    ],
    [
      270,
      5270
    ],
    [
      291,
      5291
    ],
    [
      299,
      5299
    ],
    [
      300,
      5300
    ],
    [
      313,
      5313
    ],
    [
      315,
      5315
    ],
    [
      335,
      5335
    ],
    [
      340,
      5340
    ],
    [
      350,
      5350
    ],
    [
      362,
      5362
    ],
    [
      369,
      5369
    ],
    [
      370,
      5370
    ],
    [
      376,
      5376
    ],
    [
      383,
      5383
    ],
    [
      386,
      5386
    ],
    [
      399,
      5399
    ],
    [
      432,
      5432
    ],
    [
      465,
      5465
    ],
    [
      479,
      5479
    ],
    [
      480,
      5480
    ],
    [
      483,
      5483
    ],
    [
      494,
      5494
    ],
    [
      498,
      5498
    ],
    [
      515,
      5515
    ],
    [
      521,
      5521
    ],
    [
      526,
      5526
    ],
    [
      532,
      5532
    ],
    [
      548,
      5548
    ],
    [
      568,
      5568
    ],
    [
      585,
      5585
    ],
    [
      589,
      5589
    ],
    [
      607,
      5607
    ],
    [
      608,
      5608
    ],
    [
      626,
      5626
    ],
    [
      644,
      5644
    ],
    [
      660,
      5660
    ],
    [
      686,
      5686
    ],
    [
      690,
      5690
    ],
    [
      704,
      5704
    ],
    [
      725,
      5725
    ],
    [
      738,
      5738
    ],
    [
      752,
      5752
    ],
    [
      771,
      5771
    ],
    [
      773,
      5773
    ],
    [
      787,
      5787
    ],
    [
      794,
      5794
    ],
    [
      811,
      5811
    ],
    [
      813,
      5813
    ],
    [
      819,
      5819
    ],
    [
      834,
      5834
    ],
    [
      843,
      5843
    ],
    [
      862,
      5862
    ],
    [
      900,
      5900
    ],
    [
      918,
      5918
    ],
    [
      920,
      5920
    ],
    [
      932,
      5932
    ],
    [
      956,
      5956
    ],
    [
      966,
      5966
    ],
    [
      970,
      5970
    ],
    [
      1004,
      6004
    ],
    [
      1010,
      6010
    ],
    [
      1035,
      6035
    ],
    [
      1042,
      6042
    ],
    [
      1066,
      6066
    ],
    [
      1082,
      6082
    ],
    [
      1083,
      6083
    ],
    [
      1084,
      6084
    ],
    [
      1100,
      6100
    ],
    [
      1111,
      6111
    ],
    [
      1125,
      6125
    ],
    [
      1146,
      6146
    ],
    [
      1151,
      6151
    ],
    [
      1162,
      6162
    ],
    [
      1164,
      6164
    ],
    [
      1185,
      6185
    ],
    [
      1193,
      6193
    ],
    [
      1205,
      6205
    ],
    [
      1215,
      6215
    ],
    [
      1220,
      6220
    ],
    [
      1221,
      6221
    ],
    [
      1232,
      6232
    ],
    [
      1254,
      6254
    ],
    [
      1268,
      6268
    ],
    [
      1277,
      6277
    ],
    [
      1285,
      6285
    ],
    [
      1292,
      6292
    ],
    [
      1304,
      6304
    ],
    [
      1334,
      6334
    ],
    [
      1363,
      6363
    ],
    [
      1373,
      6373
    ],
    [
      1378,
      6378
    ],
    [
      1388,
      6388
    ],
    [
      1426,
      6426
    ],
    [
      1427,
      6427
    ],
    [
      1434,
      6434
    ],
    [
      1448,
      6448
    ],
    [
      1475,
      6475
    ],
    [
      1490,
      6490
    ],
    [
      1501,
      6501
    ],
    [
      1556,
      6556
    ],
    [
      1586,
      6586
    ],
    [
      1587,
      6587
    ],
    [
      1612,
      6612
    ],
    [
      1614,
      6614
    ],
    [
      1622,
      6622
    ],
    [
      1624,
      6624
    ],
    [
      1638,
      6638
    ],
    [
      1643,
      6643
    ],
    [
      1664,
      6664
    ],
    [
      1702,
      6702
    ],
    [
      1708,
      6708
    ],
    [
      1738,
      6738
    ],
    [
      1744,
      6744
    ],
    [
      1751,
      6751
    ],
    [
      1754,
      6754
    ],
    [
      1799,
      6799
    ],
    [
      1812,
      6812
    ],
    [
      1816,
      6816
    ],
    [
      1824,
      6824
    ],
    [
      1832,
      6832
    ],
    [
      1841,
      6841
    ],
    [
      1842,
      6842
    ],
    [
      1849,
      6849
    ],
    [
      1856,
      6856
    ],
    [
      1860,
      6860
    ],
    [
      1877,
      6877
    ],
    [
      1879,
      6879
    ],
    [
      1885,
      6885
    ],
    [
      1887,
      6887
    ],
    [
      1897,
      6897
    ],
    [
      1898,
      6898
    ],
    [
      1920,
      6920
    ],
    [
      1935,
      6935
    ],
    [
      1953,
      6953
    ],
    [
      1973,
      6973
    ],
    [
      1984,
      6984
    ],
    [
      1985,
      6985
    ],
    [
      1986,
      6986
    ],
    [
      1998,
      6998
    ],
    [
      2011,
      7011
    ],
    [
      2019,
      7019
    ],
    [
      2022,
      7022
    ],
    [
      2027,
      7027
    ],
    [
      2035,
      7035
    ],
    [
      2044,
      7044
    ],
    [
      2066,
      7066
    ],
    [
      2074,
      7074
    ],
    [
      2109,
      7109
    ],
    [
      2129,
      7129
    ],
    [
      2135,
      7135
    ],
    [
      2144,
      7144
    ],
    [
      2146,
      7146
    ],
    [
      2152,
      7152
    ],
    [
      2155,
      7155
    ],
    [
      2156,
      7156
    ],
    [
      2158,
      7158
    ],
    [
      2159,
      7159
    ],
    [
      2161,
      7161
    ],
    [
      2166,
      7166
    ],
    [
      2170,
      7170
    ],
    [
      2171,
      7171
    ],
    [
      2190,
      7190
    ],
    [
      2202,
      7202
    ],
    [
      2212,
      7212
    ],
    [
      2221,
      7221
    ],
    [
      2229,
      7229
    ],
    [
      2235,
      7235
    ],
    [
      2256,
      7256
    ],
    [
      2263,
      7263
    ],
    [
      2266,
      7266
    ],
    [
      2277,
      7277
    ],
    [
      2281,
      7281
    ],
    [
      2292,
      7292
    ],
    [
      2293,
      7293
    ],
    [
      2301,
      7301
    ],
    [
      2306,
      7306
    ],
    [
      2310,
      7310
    ],
    [
      2320,
      7320
    ],
    [
      2329,
      7329
    ],
    [
      2335,
      7335
    ],
    [
      2346,
      7346
    ],
    [
      2347,
      7347
    ],
    [
      2351,
      7351
    ],
    [
      2352,
      7352
    ],
    [
      2356,
      7356
    ],
    [
      2357,
      7357
    ],
    [
      2365,
      7365
    ],
    [
      2387,
      7387
    ],
    [
      2401,
      7401
    ],
    [
      2406,
      7406
    ],
    [
      2432,
      7432
    ],
    [
      2439,
      7439
    ],
    [
      2453,
      7453
    ],
    [
      2454,
      7454
    ],
    [
      2476,
      7476
    ],
    [
      2478,
      7478
    ],
    [
      2481,
      7481
    ],
    [
      2483,
      7483
    ],
    [
      2506,
      7506
    ],
    [
      2523,
      7523
    ],
    [
      2538,
      7538
    ],
    [
      2548,
      7548
    ],
    [
      2554,
      7554
    ],
    [
      2558,
      7558
    ],
    [
      2569,
      7569
    ],
    [
      2571,
      7571
    ],
    [
      2575,
      7575
    ],
    [
      2607,
      7607
    ],
    [
      2618,
      7618
    ],
    [
      2635,
      7635
    ],
    [
      2646,
      7646
    ],
    [
      2692,
      7692
    ],
    [
      2703,
      7703
    ],
    [
      2712,
      7712
    ],
    [
      2756,
      7756
    ],
    [
      2765,
      7765
    ],
    [
      2767,
      7767
    ],
    [
      2829,
      7829
    ],
    [
      2851,
      7851
    ],
    [
      2855,
      7855
    ],
    [
      2865,
      7865
    ],
    [
      2878,
      7878
    ],
    [
      2879,
      7879
    ],
    [
      2888,
      7888
    ],
    [
      2903,
      7903
    ],
    [
      2904,
      7904
    ],
    [
      2912,
      7912
    ],
    [
      2929,
      7929
    ],
    [
      2931,
      7931
    ],
    [
      2940,
      7940
    ],
    [
      2958,
      7958
    ],
    [
      2965,
      7965
    ],
    [
      2980,
      7980
    ],
    [
      2981,
      7981
    ],
    [
      3005,
      8005
    ],
    [
      3012,
      8012
    ],
    [
      3044,
      8044
    ],
    [
      3053,
      8053
    ],
    [
      3056,
      8056
    ],
    [
      3067,
      8067
    ],
    [
      3068,
      8068
    ],
    [
      3077,
      8077
    ],
    [
      3080,
      8080
    ],
    [
      3087,
      8087
    ],
    [
      3091,
      8091
    ],
    [
      3102,
      8102
    ],
    [
      3145,
      8145
    ],
    [
      3148,
      8148
    ],
    [
      3164,
      8164
    ],
    [
      3178,
      8178
    ],
    [
      3196,
      8196
    ],
    [
      3238,
      8238
    ],
    [
      3242,
      8242
    ],
    [
      3244,
      8244
    ],
    [
      3250,
      8250
    ],
    [
      3292,
      8292
    ],
    [
      3298,
      8298
    ],
    [
      3353,
      8353
    ],
    [
      3360,
      8360
    ],
    [
      3383,
      8383
    ],
    [
      3401,
      8401
    ],
    [
      3406,
      8406
    ],
    [
      3409,
      8409
    ],
    [
      3416,
      8416
    ],
    [
      3423,
      8423
    ],
    [
      3437,
      8437
    ],
    [
      3442,
      8442
    ],
    [
      3458,
      8458
    ],
    [
      3491,
      8491
    ],
    [
      3499,
      8499
    ],
    [
      3500,
      8500
    ],
    [
      3502,
      8502
    ],
    [
      3516,
      8516
    ],
    [
      3522,
      8522
    ],
    [
      3526,
      8526
    ],
    [
      3528,
      8528
    ],
    [
      3549,
      8549
    ],
    [
      3562,
      8562
    ],
    [
      3569,
      8569
    ],
    [
      3577,
      8577
    ],
    [
      3580,
      8580
    ],
    [
      3588,
      8588
    ],
    [
      3602,
      8602
    ],
    [
      3606,
      8606
    ],
    [
      3626,
      8626
    ],
    [
      3633,
      8633
    ],
    [
      3654,
      8654
    ],
    [
      3655,
      8655
    ],
    [
      3666,
      8666
    ],
    [
      3701,
      8701
    ],
    [
      3711,
      8711
    ],
    [
      3732,
      8732
    ],
    [
      3739,
      8739
    ],
    [
      3743,
      8743
    ],
    [
      3750,
      8750
    ],
    [
      3764,
      8764
    ],
    [
      3772,
      8772
    ],
    [
      3778,
      8778
    ],
    [
      3784,
      8784
    ],
    [
      3795,
      8795
    ],
    [
      3801,
      8801
    ],
    [
      3818,
      8818
    ],
    [
      3822,
      8822
    ],
    [
      3823,
      8823
    ],
    [
      3834,
      8834
    ],
    [
      3840,
      8840
    ],
    [
      3867,
      8867
    ],
    [
      3905,
      8905
    ],
    [
      3908,
      8908
    ],
    [
      3910,
      8910
    ],
    [
      3927,
      8927
    ],
    [
      3932,
      8932
    ],
    [
      3939,
      8939
    ],
    [
      3944,
      8944
    ],
    [
      3945,
      8945
    ],
    [
      3966,
      8966
    ],
    [
      3974,
      8974
    ],
    [
      3981,
      8981
    ],
    [
      3992,
      8992
    ],
    [
      3993,
      8993
    ],
    [
      4001,
      9001
    ],
    [
      4020,
      9020
    ],
    [
      4043,
      9043
    ],
    [
      4050,
      9050
    ],
    [
      4054,
      9054
    ],
    [
      4063,
      9063
    ],
    [
      4078,
      9078
    ],
    [
      4131,
      9131
    ],
    [
      4149,
      9149
    ],
    [
      4153,
      9153
    ],
    [
      4161,
      9161
    ],
    [
      4172,
      9172
    ],
    [
      4174,
      9174
    ],
    [
      4219,
      9219
    ],
    [
      4252,
      9252
    ],
    [
      4270,
      9270
    ],
    [
      4272,
      9272
    ],
    [
      4279,
      9279
    ],
    [
      4282,
      9282
    ],
    [
      4285,
      9285
    ],
    [
      4302,
      9302
    ],
    [
      4309,
      9309
    ],
    [
      4311,
      9311
    ],
    [
      4313,
      9313
    ],
    [
      4338,
      9338
    ],
    [
      4349,
      9349
    ],
    [
      4350,
      9350
    ],
    [
      4363,
      9363
    ],
    [
      4385,
      9385
    ],
    [
      4395,
      9395
    ],
    [
      4403,
      9403
    ],
    [
      4417,
      9417
    ],
    [
      4441,
      9441
    ],
    [
      4442,
      9442
    ],
    [
      4451,
      9451
    ],
    [
      4461,
      9461
    ],
    [
      4468,
      9468
    ],
    [
      4482,
      9482
    ],
    [
      4497,
      9497
    ],
    [
      4522,
      9522
    ],
    [
      4543,
      9543
    ],
    [
      4547,
      9547
    ],
    [
      4552,
      9552
    ],
    [
      4560,
      9560
    ],
    [
      4573,
      9573
    ],
    [
      4620,
      9620
    ],
    [
      4625,
      9625
    ],
    [
      4627,
      9627
    ],
    [
      4635,
      9635
    ],
    [
      4642,
      9642
    ],
    [
      4643,
      9643
    ],
    [
      4660,
      9660
    ],
    [
      4662,
      9662
    ],
    [
      4667,
      9667
    ],
    [
      4672,
      9672
    ],
    [
      4718,
      9718
    ],
    [
      4732,
      9732
    ],
    [
      4733,
      9733
    ],
    [
      4737,
      9737
    ],
    [
      4741,
      9741
    ],
    [
      4787,
      9787
    ],
    [
      4796,
      9796
    ],
    [
      4802,
      9802
    ],
    [
      4807,
      9807
    ],
    [
      4824,
      9824
    ],
    [
      4829,
      9829
    ],
    [
      4835,
      9835
    ],
    [
      4844,
      9844
    ],
    [
      4856,
      9856
    ],
    [
      4872,
      9872
    ],
    [
      4925,
      9925
    ],
    [
      4956,
      9956
    ],
    [
      4958,
      9958
    ],
    [
      4975,
      9975
    ],
    [
      4990,
      9990
    ],
    [
      4992,
      9992
    ]
  ]
}