{
  "n_true_positives": 112,
  "n_positives": 112,
  "total_time": 146.84755039215088,
  "date": "2025-01-25T19:16:25.616474",
  "backend": "BruteForce",
  "n_bins": 0,
  "eps": 12.5,
  "args": {
    "csvpath": [
      "../data/RobustBench/predictions/imagenet3dcc-AlexNet/vanilla.csv",
      "../data/RobustBench/predictions/imagenet3dcc-AlexNet/far_focus-3.csv"
    ],
    "eps": 12.5,
    "n_bins": 0,
    "n_examples": -1,
    "out_path": "../results/semantic//results/imagenet3dcc-AlexNet/imagenet3dcc-AlexNet-L2-12.5-far_focus-3.json",
    "full_output": false,
    "verbose": false,
    "randomize_order": false,
    "backend": "bf",
    "blind_cols": null,
    "pred": "pred",
    "metric": "L2"
  },
  "backend_meta": {
    "epsilon": 12.5,
    "decision_col": "pred",
    "metric": "Linf",
    "is_exact": true,
    "is_sound": true,
    "is_complete": true
  },
  "positives": [
    [
      19,
      5019
    ],
    [
      120,
      5120
    ],
    [
      125,
      5125
    ],
    [
      144,
      5144
    ],
    [
      192,
      5192
    ],
    [
      299,
      5299
    ],
    [
      331,
      5331
    ],
    [
      370,
      5370
    ],
    [
      501,
      5501
    ],
    [
      544,
      5544
    ],
    [
      585,
      5585
    ],
    [
      649,
      5649
    ],
    [
      736,
      5736
    ],
    [
      754,
      5754
    ],
    [
      755,
      5755
    ],
    [
      787,
      5787
    ],
    [
      867,
      5867
    ],
    [
      879,
      5879
    ],
    [
      900,
      5900
    ],
    [
      932,
      5932
    ],
    [
      1032,
      6032
    ],
    [
      1035,
      6035
    ],
    [
      1100,
      6100
    ],
    [
      1114,
      6114
    ],
    [
      1179,
      6179
    ],
    [
      1182,
      6182
    ],
    [
      1219,
      6219
    ],
    [
      1285,
      6285
    ],
    [
      1292,
      6292
    ],
    [
      1305,
      6305
    ],
    [
      1363,
      6363
    ],
    [
      1587,
      6587
    ],
    [
      1702,
      6702
    ],
    [
      1720,
      6720
    ],
    [
      1730,
      6730
    ],
    [
      1742,
      6742
    ],
    [
      1751,
      6751
    ],
    [
      1754,
      6754
    ],
    [
      1762,
      6762
    ],
    [
      1776,
      6776
    ],
    [
      1812,
      6812
    ],
    [
      1857,
      6857
    ],
    [
      1879,
      6879
    ],
    [
      1887,
      6887
    ],
    [
      1968,
      6968
    ],
    [
      1988,
      6988
    ],
    [
      2022,
      7022
    ],
    [
      2168,
      7168
    ],
    [
      2170,
      7170
    ],
    [
      2292,
      7292
    ],
    [
      2307,
      7307
    ],
    [
      2311,
      7311
    ],
    [
      2319,
      7319
    ],
    [
      2328,
      7328
    ],
    [
      2344,
      7344
    ],
    [
      2350,
      7350
    ],
    [
      2367,
      7367
    ],
    [
      2387,
      7387
    ],
    [
      2402,
      7402
    ],
    [
      2409,
      7409
    ],
    [
      2410,
      7410
    ],
    [
      2430,
      7430
    ],
    [
      2452,
      7452
    ],
    [
      2476,
      7476
    ],
    [
      2481,
      7481
    ],
    [
      2556,
      7556
    ],
    [
      2570,
      7570
    ],
    [
      2571,
      7571
    ],
    [
      2623,
      7623
    ],
    [
      2637,
      7637
    ],
    [
      2650,
      7650
    ],
    [
      2653,
      7653
    ],
    [
      2744,
      7744
    ],
    [
      2807,
      7807
    ],
    [
      2841,
      7841
    ],
    [
      2849,
      7849
    ],
    [
      2895,
      7895
    ],
    [
      2907,
      7907
    ],
    [
      2978,
      7978
    ],
    [
      3042,
      8042
    ],
    [
      3053,
      8053
    ],
    [
      3087,
      8087
    ],
    [
      3151,
      8151
    ],
    [
      3188,
      8188
    ],
    [
      3266,
      8266
    ],
    [
      3271,
      8271
    ],
    [
      3419,
      8419
    ],
    [
      3451,
      8451
    ],
    [
      3502,
      8502
    ],
    [
      3586,
      8586
    ],
    [
      3606,
      8606
    ],
    [
      3676,
      8676
    ],
    [
      3718,
      8718
    ],
    [
      3745,
      8745
    ],
    [
      3783,
      8783
    ],
    [
      3825,
      8825
    ],
    [
      3841,
      8841
    ],
    [
      3866,
      8866
    ],
    [
      3945,
      8945
    ],
    [
      4013,
      9013
    ],
    [
      4190,
      9190
    ],
    [
      4284,
      9284
    ],
    [
      4386,
      9386
    ],
    [
      4395,
      9395
    ],
    [
      4436,
      9436
    ],
    [
      4441,
      9441
    ],
    [
      4451,
      9451
    ],
    [
      4466,
      9466
    ],
    [
      4649,
      9649
    ],
    [
      4660,
      9660
    ],
    [
      4806,
      9806
    ],
    [
      4843,
      9843
    ]
  ]
}