{
  "n_true_positives": 915,
  "n_positives": 915,
  "total_time": 140.47928595542908,
  "date": "2025-01-25T19:08:45.034715",
  "backend": "BruteForce",
  "n_bins": 0,
  "eps": 12.5,
  "args": {
    "csvpath": [
      "../data/RobustBench/predictions/imagenet3dcc-AlexNet/vanilla.csv",
      "../data/RobustBench/predictions/imagenet3dcc-AlexNet/fog_3d-4.csv"
    ],
    "eps": 12.5,
    "n_bins": 0,
    "n_examples": -1,
    "out_path": "../results/semantic//results/imagenet3dcc-AlexNet/imagenet3dcc-AlexNet-L2-12.5-fog_3d-4.json",
    "full_output": false,
    "verbose": false,
    "randomize_order": false,
    "backend": "bf",
    "blind_cols": null,
    "pred": "pred",
    "metric": "L2"
  },
  "backend_meta": {
    "epsilon": 12.5,
    "decision_col": "pred",
    "metric": "Linf",
    "is_exact": true,
    "is_sound": true,
    "is_complete": true
  },
  "positives": [
    [
      165,
      5165
    ],
    [
      1889,
      6889
    ],
    [
      2261,
      7261
    ],
    [
      2736,
      7736
    ],
    [
      3068,
      8068
    ],
    [
      4046,
      9046
    ],
    [
      4086,
      9086
    ],
    [
      4660,
      9660
    ],
    [
      4774,
      9774
    ],
    [
      5001,
      5143
    ],
    [
      5001,
      5509
    ],
    [
      5001,
      6833
    ],
    [
      5001,
      8232
    ],
    [
      5001,
      9070
    ],
    [
      5010,
      9163
    ],
    [
      5019,
      8141
    ],
    [
      5019,
      8437
    ],
    [
      5025,
      5969
    ],
    [
      5025,
      6357
    ],
    [
      5038,
      5398
    ],
    [
      5040,
      5043
    ],
    [
      5040,
      5678
    ],
    [
      5040,
      7643
    ],
    [
      5040,
      9153
    ],
    [
      5040,
      9876
    ],
    [
      5043,
      6577
    ],
    [
      5043,
      6744
    ],
    [
      5043,
      7102
    ],
    [
      5046,
      7409
    ],
    [
      5046,
      7890
    ],
    [
      5049,
      5489
    ],
    [
      5049,
      8617
    ],
    [
      5052,
      6186
    ],
    [
      5052,
      6425
    ],
    [
      5052,
      7091
    ],
    [
      5052,
      8153
    ],
    [
      5052,
      8507
    ],
    [
      5052,
      9130
    ],
    [
      5073,
      5217
    ],
    [
      5082,
      5415
    ],
    [
      5082,
      7978
    ],
    [
      5083,
      5302
    ],
    [
      5110,
      5241
    ],
    [
      5110,
      6056
    ],
    [
      5120,
      5194
    ],
    [
      5120,
      5411
    ],
    [
      5120,
      5795
    ],
    [
      5120,
      5824
    ],
    [
      5120,
      6699
    ],
    [
      5120,
      6861
    ],
    [
      5120,
      7019
    ],
    [
      5120,
      9419
    ],
    [
      5125,
      5882
    ],
    [
      5141,
      5210
    ],
    [
      5141,
      5419
    ],
    [
      5141,
      6371
    ],
    [
      5141,
      6401
    ],
    [
      5143,
      8232
    ],
    [
      5143,
      9020
    ],
    [
      5145,
      5856
    ],
    [
      5145,
      9287
    ],
    [
      5155,
      6577
    ],
    [
      5155,
      6744
    ],
    [
      5155,
      7102
    ],
    [
      5160,
      8357
    ],
    [
      5164,
      6651
    ],
    [
      5164,
      7556
    ],
    [
      5164,
      8111
    ],
    [
      5164,
      9445
    ],
    [
      5176,
      8596
    ],
    [
      5194,
      5248
    ],
    [
      5194,
      5566
    ],
    [
      5194,
      6191
    ],
    [
      5194,
      6699
    ],
    [
      5194,
      7019
    ],
    [
      5210,
      9109
    ],
    [
      5211,
      7102
    ],
    [
      5211,
      7938
    ],
    [
      5211,
      8045
    ],
    [
      5217,
      9923
    ],
    [
      5231,
      5304
    ],
    [
      5231,
      5372
    ],
    [
      5231,
      6181
    ],
    [
      5231,
      9878
    ],
    [
      5233,
      6059
    ],
    [
      5233,
      6092
    ],
    [
      5233,
      7181
    ],
    [
      5233,
      7571
    ],
    [
      5233,
      8513
    ],
    [
      5235,
      5857
    ],
    [
      5235,
      6707
    ],
    [
      5235,
      7725
    ],
    [
      5235,
      7908
    ],
    [
      5235,
      9741
    ],
    [
      5235,
      9778
    ],
    [
      5241,
      6787
    ],
    [
      5248,
      5824
    ],
    [
      5248,
      6003
    ],
    [
      5248,
      6191
    ],
    [
      5248,
      6495
    ],
    [
      5248,
      6699
    ],
    [
      5248,
      6906
    ],
    [
      5248,
      7019
    ],
    [
      5248,
      7452
    ],
    [
      5248,
      7573
    ],
    [
      5248,
      8020
    ],
    [
      5248,
      8382
    ],
    [
      5248,
      8968
    ],
    [
      5248,
      9497
    ],
    [
      5248,
      9867
    ],
    [
      5248,
      9978
    ],
    [
      5257,
      6379
    ],
    [
      5257,
      6665
    ],
    [
      5257,
      9244
    ],
    [
      5279,
      7025
    ],
    [
      5279,
      9020
    ],
    [
      5288,
      6542
    ],
    [
      5288,
      7406
    ],
    [
      5294,
      5361
    ],
    [
      5294,
      5846
    ],
    [
      5294,
      5963
    ],
    [
      5294,
      5985
    ],
    [
      5294,
      7309
    ],
    [
      5294,
      7490
    ],
    [
      5294,
      8471
    ],
    [
      5294,
      9135
    ],
    [
      5294,
      9386
    ],
    [
      5299,
      7878
    ],
    [
      5299,
      8126
    ],
    [
      5302,
      5750
    ],
    [
      5302,
      7725
    ],
    [
      5302,
      9385
    ],
    [
      5304,
      5483
    ],
    [
      5304,
      5954
    ],
    [
      5304,
      7743
    ],
    [
      5304,
      8070
    ],
    [
      5304,
      8698
    ],
    [
      5304,
      8943
    ],
    [
      5304,
      9429
    ],
    [
      5304,
      9458
    ],
    [
      5305,
      6665
    ],
    [
      5322,
      9465
    ],
    [
      5344,
      5565
    ],
    [
      5344,
      6833
    ],
    [
      5361,
      6229
    ],
    [
      5372,
      5483
    ],
    [
      5372,
      5791
    ],
    [
      5372,
      5954
    ],
    [
      5372,
      7743
    ],
    [
      5372,
      8070
    ],
    [
      5372,
      8943
    ],
    [
      5372,
      9429
    ],
    [
      5374,
      5415
    ],
    [
      5374,
      5787
    ],
    [
      5374,
      5833
    ],
    [
      5374,
      6762
    ],
    [
      5374,
      6812
    ],
    [
      5374,
      7874
    ],
    [
      5374,
      7934
    ],
    [
      5374,
      8043
    ],
    [
      5374,
      9374
    ],
    [
      5381,
      5766
    ],
    [
      5381,
      7413
    ],
    [
      5381,
      7476
    ],
    [
      5381,
      7615
    ],
    [
      5396,
      5916
    ],
    [
      5396,
      6059
    ],
    [
      5396,
      6092
    ],
    [
      5396,
      6384
    ],
    [
      5396,
      7181
    ],
    [
      5396,
      7341
    ],
    [
      5396,
      7571
    ],
    [
      5396,
      8513
    ],
    [
      5398,
      8800
    ],
    [
      5398,
      9109
    ],
    [
      5398,
      9381
    ],
    [
      5398,
      9702
    ],
    [
      5398,
      9806
    ],
    [
      5411,
      6699
    ],
    [
      5411,
      7019
    ],
    [
      5415,
      6762
    ],
    [
      5415,
      6812
    ],
    [
      5415,
      7731
    ],
    [
      5419,
      9109
    ],
    [
      5419,
      9702
    ],
    [
      5431,
      8172
    ],
    [
      5432,
      6577
    ],
    [
      5432,
      7102
    ],
    [
      5432,
      8045
    ],
    [
      5432,
      9513
    ],
    [
      5448,
      5766
    ],
    [
      5448,
      7476
    ],
    [
      5448,
      7615
    ],
    [
      5471,
      5961
    ],
    [
      5471,
      7121
    ],
    [
      5480,
      5858
    ],
    [
      5483,
      5642
    ],
    [
      5483,
      6181
    ],
    [
      5483,
      6186
    ],
    [
      5483,
      6209
    ],
    [
      5483,
      6425
    ],
    [
      5483,
      6465
    ],
    [
      5483,
      6696
    ],
    [
      5483,
      7250
    ],
    [
      5483,
      9072
    ],
    [
      5483,
      9878
    ],
    [
      5490,
      8342
    ],
    [
      5490,
      8447
    ],
    [
      5501,
      7697
    ],
    [
      5509,
      9020
    ],
    [
      5535,
      6542
    ],
    [
      5535,
      6753
    ],
    [
      5539,
      5813
    ],
    [
      5539,
      6136
    ],
    [
      5539,
      9755
    ],
    [
      5557,
      5813
    ],
    [
      5557,
      9755
    ],
    [
      5566,
      5824
    ],
    [
      5566,
      5892
    ],
    [
      5566,
      6003
    ],
    [
      5566,
      6191
    ],
    [
      5566,
      6495
    ],
    [
      5566,
      6906
    ],
    [
      5566,
      7019
    ],
    [
      5566,
      7452
    ],
    [
      5566,
      7573
    ],
    [
      5566,
      8382
    ],
    [
      5566,
      8968
    ],
    [
      5566,
      9328
    ],
    [
      5566,
      9423
    ],
    [
      5566,
      9497
    ],
    [
      5566,
      9669
    ],
    [
      5566,
      9867
    ],
    [
      5566,
      9978
    ],
    [
      5585,
      7096
    ],
    [
      5605,
      6577
    ],
    [
      5605,
      7938
    ],
    [
      5605,
      9513
    ],
    [
      5632,
      8412
    ],
    [
      5632,
      8507
    ],
    [
      5632,
      8752
    ],
    [
      5640,
      6542
    ],
    [
      5640,
      6753
    ],
    [
      5640,
      8056
    ],
    [
      5640,
      8566
    ],
    [
      5642,
      6186
    ],
    [
      5642,
      6209
    ],
    [
      5642,
      6410
    ],
    [
      5642,
      6425
    ],
    [
      5642,
      7250
    ],
    [
      5642,
      8070
    ],
    [
      5642,
      8153
    ],
    [
      5642,
      8507
    ],
    [
      5642,
      9130
    ],
    [
      5660,
      7626
    ],
    [
      5660,
      8870
    ],
    [
      5660,
      9553
    ],
    [
      5660,
      9895
    ],
    [
      5669,
      7409
    ],
    [
      5669,
      7890
    ],
    [
      5669,
      8590
    ],
    [
      5669,
      9020
    ],
    [
      5683,
      9952
    ],
    [
      5690,
      5813
    ],
    [
      5690,
      9755
    ],
    [
      5698,
      7587
    ],
    [
      5698,
      7855
    ],
    [
      5705,
      5898
    ],
    [
      5705,
      6114
    ],
    [
      5705,
      6591
    ],
    [
      5705,
      7626
    ],
    [
      5705,
      8401
    ],
    [
      5705,
      8870
    ],
    [
      5705,
      8881
    ],
    [
      5705,
      9895
    ],
    [
      5710,
      7938
    ],
    [
      5710,
      8045
    ],
    [
      5715,
      5882
    ],
    [
      5722,
      7025
    ],
    [
      5722,
      9020
    ],
    [
      5725,
      9130
    ],
    [
      5732,
      7855
    ],
    [
      5746,
      6084
    ],
    [
      5746,
      7281
    ],
    [
      5746,
      7472
    ],
    [
      5746,
      9465
    ],
    [
      5750,
      7938
    ],
    [
      5750,
      8025
    ],
    [
      5750,
      8045
    ],
    [
      5751,
      5959
    ],
    [
      5751,
      7847
    ],
    [
      5751,
      8502
    ],
    [
      5751,
      8547
    ],
    [
      5766,
      7606
    ],
    [
      5766,
      7615
    ],
    [
      5766,
      9325
    ],
    [
      5787,
      5833
    ],
    [
      5787,
      6001
    ],
    [
      5787,
      7811
    ],
    [
      5787,
      8043
    ],
    [
      5787,
      8172
    ],
    [
      5791,
      6465
    ],
    [
      5791,
      6934
    ],
    [
      5791,
      9760
    ],
    [
      5791,
      9878
    ],
    [
      5795,
      6191
    ],
    [
      5795,
      7019
    ],
    [
      5801,
      6677
    ],
    [
      5810,
      7309
    ],
    [
      5810,
      7490
    ],
    [
      5810,
      7841
    ],
    [
      5810,
      8471
    ],
    [
      5813,
      6227
    ],
    [
      5813,
      6925
    ],
    [
      5813,
      7445
    ],
    [
      5813,
      7973
    ],
    [
      5813,
      9649
    ],
    [
      5813,
      9926
    ],
    [
      5824,
      6699
    ],
    [
      5824,
      7019
    ],
    [
      5826,
      8617
    ],
    [
      5826,
      9904
    ],
    [
      5833,
      6001
    ],
    [
      5833,
      6297
    ],
    [
      5833,
      7874
    ],
    [
      5833,
      7934
    ],
    [
      5833,
      9374
    ],
    [
      5833,
      9859
    ],
    [
      5846,
      6229
    ],
    [
      5846,
      7811
    ],
    [
      5856,
      6422
    ],
    [
      5856,
      8441
    ],
    [
      5856,
      9074
    ],
    [
      5857,
      7908
    ],
    [
      5861,
      9109
    ],
    [
      5867,
      5969
    ],
    [
      5867,
      6737
    ],
    [
      5873,
      6325
    ],
    [
      5881,
      8932
    ],
    [
      5881,
      9618
    ],
    [
      5882,
      7650
    ],
    [
      5882,
      9181
    ],
    [
      5882,
      9830
    ],
    [
      5892,
      6191
    ],
    [
      5892,
      6920
    ],
    [
      5892,
      7019
    ],
    [
      5898,
      7626
    ],
    [
      5898,
      8112
    ],
    [
      5898,
      8870
    ],
    [
      5911,
      6514
    ],
    [
      5911,
      8175
    ],
    [
      5916,
      6059
    ],
    [
      5916,
      6384
    ],
    [
      5916,
      7181
    ],
    [
      5916,
      7571
    ],
    [
      5916,
      7907
    ],
    [
      5916,
      8390
    ],
    [
      5916,
      8513
    ],
    [
      5916,
      8526
    ],
    [
      5916,
      9734
    ],
    [
      5921,
      8412
    ],
    [
      5921,
      8507
    ],
    [
      5921,
      8752
    ],
    [
      5934,
      6223
    ],
    [
      5943,
      7847
    ],
    [
      5943,
      8502
    ],
    [
      5943,
      8547
    ],
    [
      5954,
      6181
    ],
    [
      5954,
      6465
    ],
    [
      5954,
      6934
    ],
    [
      5954,
      9878
    ],
    [
      5955,
      7556
    ],
    [
      5959,
      9686
    ],
    [
      5961,
      7121
    ],
    [
      5961,
      7496
    ],
    [
      5965,
      7480
    ],
    [
      5965,
      8596
    ],
    [
      5965,
      9150
    ],
    [
      5969,
      6737
    ],
    [
      5969,
      6827
    ],
    [
      5969,
      7298
    ],
    [
      5969,
      8674
    ],
    [
      5981,
      7406
    ],
    [
      5991,
      6481
    ],
    [
      5991,
      6577
    ],
    [
      5991,
      7141
    ],
    [
      5991,
      7921
    ],
    [
      5991,
      9513
    ],
    [
      6001,
      6297
    ],
    [
      6001,
      7874
    ],
    [
      6001,
      7934
    ],
    [
      6001,
      8043
    ],
    [
      6001,
      9374
    ],
    [
      6001,
      9859
    ],
    [
      6003,
      6191
    ],
    [
      6003,
      7019
    ],
    [
      6026,
      6737
    ],
    [
      6026,
      7342
    ],
    [
      6026,
      9856
    ],
    [
      6031,
      7878
    ],
    [
      6031,
      8126
    ],
    [
      6031,
      8963
    ],
    [
      6056,
      6136
    ],
    [
      6056,
      8451
    ],
    [
      6056,
      9016
    ],
    [
      6059,
      6092
    ],
    [
      6073,
      8239
    ],
    [
      6084,
      7281
    ],
    [
      6084,
      7472
    ],
    [
      6084,
      8097
    ],
    [
      6084,
      8100
    ],
    [
      6091,
      6379
    ],
    [
      6091,
      6665
    ],
    [
      6092,
      6384
    ],
    [
      6092,
      7181
    ],
    [
      6092,
      7571
    ],
    [
      6092,
      8513
    ],
    [
      6092,
      8526
    ],
    [
      6092,
      8863
    ],
    [
      6092,
      9734
    ],
    [
      6099,
      6191
    ],
    [
      6099,
      7019
    ],
    [
      6099,
      8357
    ],
    [
      6100,
      6406
    ],
    [
      6100,
      9247
    ],
    [
      6114,
      7626
    ],
    [
      6114,
      8112
    ],
    [
      6114,
      8870
    ],
    [
      6114,
      9553
    ],
    [
      6114,
      9895
    ],
    [
      6136,
      6227
    ],
    [
      6136,
      6925
    ],
    [
      6136,
      7410
    ],
    [
      6136,
      9926
    ],
    [
      6181,
      7743
    ],
    [
      6181,
      8070
    ],
    [
      6181,
      8698
    ],
    [
      6181,
      8943
    ],
    [
      6181,
      9429
    ],
    [
      6186,
      6410
    ],
    [
      6186,
      6696
    ],
    [
      6186,
      7580
    ],
    [
      6186,
      9072
    ],
    [
      6191,
      6906
    ],
    [
      6191,
      6920
    ],
    [
      6191,
      8968
    ],
    [
      6191,
      9978
    ],
    [
      6193,
      8533
    ],
    [
      6195,
      9542
    ],
    [
      6196,
      7615
    ],
    [
      6196,
      9325
    ],
    [
      6209,
      6410
    ],
    [
      6209,
      6696
    ],
    [
      6209,
      7580
    ],
    [
      6209,
      7743
    ],
    [
      6209,
      8070
    ],
    [
      6209,
      9072
    ],
    [
      6209,
      9429
    ],
    [
      6209,
      9458
    ],
    [
      6222,
      8998
    ],
    [
      6223,
      6677
    ],
    [
      6227,
      6273
    ],
    [
      6227,
      9016
    ],
    [
      6227,
      9755
    ],
    [
      6229,
      9386
    ],
    [
      6253,
      9973
    ],
    [
      6260,
      6514
    ],
    [
      6260,
      7122
    ],
    [
      6260,
      8175
    ],
    [
      6272,
      8533
    ],
    [
      6273,
      6925
    ],
    [
      6273,
      7445
    ],
    [
      6273,
      7973
    ],
    [
      6273,
      8881
    ],
    [
      6273,
      9926
    ],
    [
      6290,
      6577
    ],
    [
      6295,
      6325
    ],
    [
      6297,
      8043
    ],
    [
      6325,
      8085
    ],
    [
      6325,
      8551
    ],
    [
      6357,
      6827
    ],
    [
      6357,
      7054
    ],
    [
      6357,
      7235
    ],
    [
      6357,
      7378
    ],
    [
      6360,
      6946
    ],
    [
      6360,
      8183
    ],
    [
      6360,
      8188
    ],
    [
      6360,
      8900
    ],
    [
      6360,
      9375
    ],
    [
      6371,
      9109
    ],
    [
      6379,
      6665
    ],
    [
      6379,
      7836
    ],
    [
      6379,
      9185
    ],
    [
      6379,
      9244
    ],
    [
      6384,
      7341
    ],
    [
      6384,
      9734
    ],
    [
      6398,
      8596
    ],
    [
      6406,
      9247
    ],
    [
      6410,
      6425
    ],
    [
      6410,
      6696
    ],
    [
      6410,
      7091
    ],
    [
      6410,
      7250
    ],
    [
      6410,
      7580
    ],
    [
      6410,
      8153
    ],
    [
      6410,
      8470
    ],
    [
      6410,
      8507
    ],
    [
      6410,
      9072
    ],
    [
      6410,
      9130
    ],
    [
      6422,
      9287
    ],
    [
      6425,
      6696
    ],
    [
      6425,
      7093
    ],
    [
      6425,
      7580
    ],
    [
      6425,
      9072
    ],
    [
      6453,
      6591
    ],
    [
      6453,
      7626
    ],
    [
      6453,
      8401
    ],
    [
      6453,
      8870
    ],
    [
      6453,
      8881
    ],
    [
      6453,
      9895
    ],
    [
      6465,
      7743
    ],
    [
      6465,
      8070
    ],
    [
      6465,
      9429
    ],
    [
      6481,
      6685
    ],
    [
      6481,
      7141
    ],
    [
      6481,
      7764
    ],
    [
      6481,
      7921
    ],
    [
      6481,
      8758
    ],
    [
      6481,
      8825
    ],
    [
      6495,
      6699
    ],
    [
      6495,
      6920
    ],
    [
      6508,
      6934
    ],
    [
      6508,
      7091
    ],
    [
      6508,
      8153
    ],
    [
      6508,
      8470
    ],
    [
      6514,
      7882
    ],
    [
      6514,
      8156
    ],
    [
      6528,
      7235
    ],
    [
      6528,
      7596
    ],
    [
      6542,
      6753
    ],
    [
      6542,
      7207
    ],
    [
      6542,
      7229
    ],
    [
      6542,
      7328
    ],
    [
      6542,
      8056
    ],
    [
      6542,
      8250
    ],
    [
      6542,
      8566
    ],
    [
      6542,
      9625
    ],
    [
      6542,
      9846
    ],
    [
      6542,
      9904
    ],
    [
      6542,
      9920
    ],
    [
      6562,
      7141
    ],
    [
      6562,
      7921
    ],
    [
      6577,
      6685
    ],
    [
      6577,
      6857
    ],
    [
      6577,
      7643
    ],
    [
      6577,
      7727
    ],
    [
      6577,
      7764
    ],
    [
      6577,
      7892
    ],
    [
      6577,
      7957
    ],
    [
      6577,
      8258
    ],
    [
      6577,
      8474
    ],
    [
      6577,
      8825
    ],
    [
      6577,
      9153
    ],
    [
      6577,
      9817
    ],
    [
      6577,
      9876
    ],
    [
      6589,
      8669
    ],
    [
      6591,
      7055
    ],
    [
      6591,
      8112
    ],
    [
      6591,
      9093
    ],
    [
      6595,
      9740
    ],
    [
      6615,
      7025
    ],
    [
      6628,
      9856
    ],
    [
      6651,
      8853
    ],
    [
      6651,
      9035
    ],
    [
      6665,
      7351
    ],
    [
      6665,
      7836
    ],
    [
      6665,
      8247
    ],
    [
      6665,
      8452
    ],
    [
      6665,
      9185
    ],
    [
      6675,
      6677
    ],
    [
      6685,
      7102
    ],
    [
      6696,
      6934
    ],
    [
      6696,
      7091
    ],
    [
      6696,
      7250
    ],
    [
      6696,
      7743
    ],
    [
      6696,
      8153
    ],
    [
      6696,
      8470
    ],
    [
      6696,
      8507
    ],
    [
      6696,
      9130
    ],
    [
      6707,
      7908
    ],
    [
      6737,
      8908
    ],
    [
      6737,
      9084
    ],
    [
      6737,
      9504
    ],
    [
      6737,
      9856
    ],
    [
      6742,
      9465
    ],
    [
      6744,
      6857
    ],
    [
      6744,
      7643
    ],
    [
      6744,
      9153
    ],
    [
      6744,
      9817
    ],
    [
      6744,
      9876
    ],
    [
      6748,
      8963
    ],
    [
      6753,
      7229
    ],
    [
      6753,
      8250
    ],
    [
      6753,
      8617
    ],
    [
      6753,
      9625
    ],
    [
      6753,
      9846
    ],
    [
      6753,
      9904
    ],
    [
      6753,
      9920
    ],
    [
      6758,
      9973
    ],
    [
      6779,
      8313
    ],
    [
      6779,
      8533
    ],
    [
      6782,
      6848
    ],
    [
      6790,
      8412
    ],
    [
      6814,
      7409
    ],
    [
      6821,
      7978
    ],
    [
      6822,
      8515
    ],
    [
      6833,
      8232
    ],
    [
      6833,
      9020
    ],
    [
      6857,
      7102
    ],
    [
      6878,
      7938
    ],
    [
      6878,
      8045
    ],
    [
      6892,
      9063
    ],
    [
      6899,
      8502
    ],
    [
      6906,
      6920
    ],
    [
      6906,
      7019
    ],
    [
      6920,
      7907
    ],
    [
      6920,
      8382
    ],
    [
      6920,
      8441
    ],
    [
      6920,
      8968
    ],
    [
      6920,
      9423
    ],
    [
      6920,
      9669
    ],
    [
      6920,
      9978
    ],
    [
      6925,
      9016
    ],
    [
      6925,
      9755
    ],
    [
      6934,
      7743
    ],
    [
      6934,
      8070
    ],
    [
      6934,
      9072
    ],
    [
      6934,
      9429
    ],
    [
      6942,
      8141
    ],
    [
      6942,
      9381
    ],
    [
      6946,
      8069
    ],
    [
      6950,
      7955
    ],
    [
      6974,
      7878
    ],
    [
      6974,
      8126
    ],
    [
      6974,
      8963
    ],
    [
      7008,
      8853
    ],
    [
      7019,
      8968
    ],
    [
      7019,
      9419
    ],
    [
      7019,
      9978
    ],
    [
      7025,
      7564
    ],
    [
      7091,
      7093
    ],
    [
      7091,
      8428
    ],
    [
      7091,
      9072
    ],
    [
      7093,
      8153
    ],
    [
      7093,
      8507
    ],
    [
      7093,
      9130
    ],
    [
      7102,
      7643
    ],
    [
      7102,
      7764
    ],
    [
      7102,
      7892
    ],
    [
      7102,
      8258
    ],
    [
      7102,
      9153
    ],
    [
      7102,
      9385
    ],
    [
      7102,
      9817
    ],
    [
      7102,
      9876
    ],
    [
      7122,
      9569
    ],
    [
      7122,
      9993
    ],
    [
      7141,
      7481
    ],
    [
      7141,
      8758
    ],
    [
      7141,
      8825
    ],
    [
      7147,
      7847
    ],
    [
      7147,
      8502
    ],
    [
      7147,
      8547
    ],
    [
      7155,
      8398
    ],
    [
      7155,
      8731
    ],
    [
      7181,
      7341
    ],
    [
      7207,
      7406
    ],
    [
      7241,
      8111
    ],
    [
      7241,
      9035
    ],
    [
      7250,
      7580
    ],
    [
      7250,
      7743
    ],
    [
      7250,
      8070
    ],
    [
      7250,
      9072
    ],
    [
      7278,
      7587
    ],
    [
      7278,
      7855
    ],
    [
      7292,
      7955
    ],
    [
      7304,
      8412
    ],
    [
      7304,
      8752
    ],
    [
      7307,
      8066
    ],
    [
      7309,
      7841
    ],
    [
      7336,
      9553
    ],
    [
      7341,
      7571
    ],
    [
      7341,
      7573
    ],
    [
      7341,
      8382
    ],
    [
      7341,
      8513
    ],
    [
      7341,
      8526
    ],
    [
      7341,
      8863
    ],
    [
      7341,
      9497
    ],
    [
      7341,
      9734
    ],
    [
      7341,
      9867
    ],
    [
      7406,
      8566
    ],
    [
      7406,
      9846
    ],
    [
      7409,
      7995
    ],
    [
      7409,
      8515
    ],
    [
      7409,
      8553
    ],
    [
      7409,
      8800
    ],
    [
      7409,
      9654
    ],
    [
      7413,
      8962
    ],
    [
      7413,
      9325
    ],
    [
      7434,
      7697
    ],
    [
      7445,
      9755
    ],
    [
      7449,
      8175
    ],
    [
      7465,
      9247
    ],
    [
      7472,
      9465
    ],
    [
      7476,
      7606
    ],
    [
      7476,
      7615
    ],
    [
      7476,
      9325
    ],
    [
      7481,
      7921
    ],
    [
      7490,
      7841
    ],
    [
      7556,
      9035
    ],
    [
      7556,
      9279
    ],
    [
      7571,
      9734
    ],
    [
      7576,
      8066
    ],
    [
      7580,
      8507
    ],
    [
      7580,
      9130
    ],
    [
      7587,
      7596
    ],
    [
      7596,
      7855
    ],
    [
      7606,
      7615
    ],
    [
      7615,
      9325
    ],
    [
      7626,
      8112
    ],
    [
      7626,
      8401
    ],
    [
      7626,
      8451
    ],
    [
      7626,
      8646
    ],
    [
      7626,
      8870
    ],
    [
      7626,
      9016
    ],
    [
      7626,
      9553
    ],
    [
      7669,
      8800
    ],
    [
      7669,
      8956
    ],
    [
      7669,
      9109
    ],
    [
      7708,
      9952
    ],
    [
      7719,
      8956
    ],
    [
      7725,
      7908
    ],
    [
      7725,
      7938
    ],
    [
      7725,
      8025
    ],
    [
      7725,
      8045
    ],
    [
      7725,
      9259
    ],
    [
      7731,
      7978
    ],
    [
      7743,
      9072
    ],
    [
      7743,
      9878
    ],
    [
      7757,
      7811
    ],
    [
      7757,
      8172
    ],
    [
      7764,
      9513
    ],
    [
      7808,
      8752
    ],
    [
      7811,
      8172
    ],
    [
      7811,
      9374
    ],
    [
      7811,
      9859
    ],
    [
      7836,
      9244
    ],
    [
      7841,
      8148
    ],
    [
      7843,
      8244
    ],
    [
      7843,
      8912
    ],
    [
      7847,
      9163
    ],
    [
      7847,
      9173
    ],
    [
      7874,
      8043
    ],
    [
      7874,
      8172
    ],
    [
      7878,
      8034
    ],
    [
      7878,
      8126
    ],
    [
      7878,
      8838
    ],
    [
      7878,
      8963
    ],
    [
      7882,
      8175
    ],
    [
      7890,
      7995
    ],
    [
      7890,
      8553
    ],
    [
      7890,
      9654
    ],
    [
      7892,
      7938
    ],
    [
      7892,
      8045
    ],
    [
      7907,
      9973
    ],
    [
      7908,
      9259
    ],
    [
      7908,
      9741
    ],
    [
      7908,
      9778
    ],
    [
      7921,
      8758
    ],
    [
      7921,
      8825
    ],
    [
      7934,
      8043
    ],
    [
      7934,
      8172
    ],
    [
      7938,
      8258
    ],
    [
      7938,
      9092
    ],
    [
      7938,
      9778
    ],
    [
      7973,
      9755
    ],
    [
      7978,
      7981
    ],
    [
      7978,
      9141
    ],
    [
      7978,
      9171
    ],
    [
      8034,
      8126
    ],
    [
      8043,
      8172
    ],
    [
      8043,
      9374
    ],
    [
      8043,
      9859
    ],
    [
      8045,
      8258
    ],
    [
      8045,
      9092
    ],
    [
      8045,
      9385
    ],
    [
      8056,
      8566
    ],
    [
      8056,
      9625
    ],
    [
      8056,
      9846
    ],
    [
      8056,
      9920
    ],
    [
      8069,
      8183
    ],
    [
      8069,
      8188
    ],
    [
      8069,
      8900
    ],
    [
      8069,
      9375
    ],
    [
      8069,
      9863
    ],
    [
      8070,
      9072
    ],
    [
      8070,
      9878
    ],
    [
      8089,
      9504
    ],
    [
      8111,
      8853
    ],
    [
      8111,
      9035
    ],
    [
      8112,
      8401
    ],
    [
      8112,
      8870
    ],
    [
      8112,
      8881
    ],
    [
      8112,
      9895
    ],
    [
      8126,
      8838
    ],
    [
      8126,
      8963
    ],
    [
      8141,
      9381
    ],
    [
      8141,
      9702
    ],
    [
      8141,
      9806
    ],
    [
      8151,
      8175
    ],
    [
      8153,
      9072
    ],
    [
      8156,
      8175
    ],
    [
      8172,
      9374
    ],
    [
      8172,
      9859
    ],
    [
      8175,
      8402
    ],
    [
      8175,
      8536
    ],
    [
      8175,
      9569
    ],
    [
      8175,
      9993
    ],
    [
      8176,
      8357
    ],
    [
      8183,
      8313
    ],
    [
      8188,
      8313
    ],
    [
      8232,
      9020
    ],
    [
      8232,
      9070
    ],
    [
      8242,
      9618
    ],
    [
      8244,
      8897
    ],
    [
      8244,
      8928
    ],
    [
      8244,
      9830
    ],
    [
      8271,
      8372
    ],
    [
      8313,
      8900
    ],
    [
      8313,
      9375
    ],
    [
      8342,
      8447
    ],
    [
      8342,
      9235
    ],
    [
      8342,
      9725
    ],
    [
      8369,
      9542
    ],
    [
      8372,
      9686
    ],
    [
      8390,
      9973
    ],
    [
      8401,
      8870
    ],
    [
      8401,
      9016
    ],
    [
      8401,
      9093
    ],
    [
      8401,
      9895
    ],
    [
      8428,
      9130
    ],
    [
      8441,
      9287
    ],
    [
      8441,
      9973
    ],
    [
      8447,
      9725
    ],
    [
      8447,
      9731
    ],
    [
      8451,
      8870
    ],
    [
      8451,
      9895
    ],
    [
      8470,
      9072
    ],
    [
      8474,
      9513
    ],
    [
      8502,
      9173
    ],
    [
      8507,
      9072
    ],
    [
      8513,
      9973
    ],
    [
      8515,
      8956
    ],
    [
      8526,
      9734
    ],
    [
      8547,
      9173
    ],
    [
      8547,
      9686
    ],
    [
      8553,
      9020
    ],
    [
      8566,
      9846
    ],
    [
      8596,
      8646
    ],
    [
      8596,
      9804
    ],
    [
      8642,
      9953
    ],
    [
      8646,
      8870
    ],
    [
      8646,
      9150
    ],
    [
      8646,
      9553
    ],
    [
      8646,
      9895
    ],
    [
      8669,
      9542
    ],
    [
      8698,
      9878
    ],
    [
      8800,
      8956
    ],
    [
      8825,
      9513
    ],
    [
      8853,
      9035
    ],
    [
      8870,
      9016
    ],
    [
      8870,
      9708
    ],
    [
      8870,
      9895
    ],
    [
      8881,
      9016
    ],
    [
      8881,
      9093
    ],
    [
      8897,
      8912
    ],
    [
      8912,
      8928
    ],
    [
      8912,
      9181
    ],
    [
      8912,
      9830
    ],
    [
      8943,
      9878
    ],
    [
      8956,
      9109
    ],
    [
      8962,
      9247
    ],
    [
      8962,
      9437
    ],
    [
      9016,
      9895
    ],
    [
      9016,
      9926
    ],
    [
      9020,
      9070
    ],
    [
      9020,
      9235
    ],
    [
      9072,
      9130
    ],
    [
      9074,
      9287
    ],
    [
      9092,
      9259
    ],
    [
      9109,
      9702
    ],
    [
      9150,
      9708
    ],
    [
      9247,
      9574
    ],
    [
      9259,
      9778
    ],
    [
      9381,
      9702
    ],
    [
      9381,
      9806
    ],
    [
      9429,
      9878
    ],
    [
      9458,
      9878
    ],
    [
      9491,
      9760
    ],
    [
      9531,
      9686
    ],
    [
      9553,
      9804
    ],
    [
      9618,
      9721
    ],
    [
      9618,
      9953
    ],
    [
      9649,
      9755
    ],
    [
      9669,
      9973
    ],
    [
      9702,
      9728
    ],
    [
      9755,
      9926
    ]
  ]
}