{
  "n_true_positives": 531,
  "n_positives": 531,
  "total_time": 128.57223773002625,
  "date": "2025-01-25T19:21:10.600198",
  "backend": "BruteForce",
  "n_bins": 0,
  "eps": 12.5,
  "args": {
    "csvpath": [
      "../data/RobustBench/predictions/imagenet3dcc-AlexNet/vanilla.csv",
      "../data/RobustBench/predictions/imagenet3dcc-AlexNet/color_quant-1.csv"
    ],
    "eps": 12.5,
    "n_bins": 0,
    "n_examples": -1,
    "out_path": "../results/semantic//results/imagenet3dcc-AlexNet/imagenet3dcc-AlexNet-L2-12.5-color_quant-1.json",
    "full_output": false,
    "verbose": false,
    "randomize_order": false,
    "backend": "bf",
    "blind_cols": null,
    "pred": "pred",
    "metric": "L2"
  },
  "backend_meta": {
    "epsilon": 12.5,
    "decision_col": "pred",
    "metric": "Linf",
    "is_exact": true,
    "is_sound": true,
    "is_complete": true
  },
  "positives": [
    [
      3,
      5003
    ],
    [
      15,
      5015
    ],
    [
      18,
      5018
    ],
    [
      19,
      5019
    ],
    [
      30,
      5030
    ],
    [
      61,
      5061
    ],
    [
      64,
      5064
    ],
    [
      89,
      5089
    ],
    [
      94,
      5094
    ],
    [
      120,
      5120
    ],
    [
      125,
      5125
    ],
    [
      141,
      5141
    ],
    [
      144,
      5144
    ],
    [
      146,
      5146
    ],
    [
      148,
      5148
    ],
    [
      152,
      5152
    ],
    [
      161,
      5161
    ],
    [
      167,
      5167
    ],
    [
      186,
      5186
    ],
    [
      192,
      5192
    ],
    [
      203,
      5203
    ],
    [
      211,
      5211
    ],
    [
      234,
      5234
    ],
    [
      243,
      5243
    ],
    [
      264,
      5264
    ],
    [
      271,
      5271
    ],
    [
      300,
      5300
    ],
    [
      313,
      5313
    ],
    [
      340,
      5340
    ],
    [
      359,
      5359
    ],
    [
      362,
      5362
    ],
    [
      369,
      5369
    ],
    [
      370,
      5370
    ],
    [
      376,
      5376
    ],
    [
      386,
      5386
    ],
    [
      399,
      5399
    ],
    [
      421,
      5421
    ],
    [
      432,
      5432
    ],
    [
      465,
      5465
    ],
    [
      474,
      5474
    ],
    [
      479,
      5479
    ],
    [
      480,
      5480
    ],
    [
      488,
      5488
    ],
    [
      494,
      5494
    ],
    [
      496,
      5496
    ],
    [
      498,
      5498
    ],
    [
      521,
      5521
    ],
    [
      526,
      5526
    ],
    [
      532,
      5532
    ],
    [
      543,
      5543
    ],
    [
      547,
      5547
    ],
    [
      548,
      5548
    ],
    [
      558,
      5558
    ],
    [
      568,
      5568
    ],
    [
      580,
      5580
    ],
    [
      585,
      5585
    ],
    [
      602,
      5602
    ],
    [
      607,
      5607
    ],
    [
      608,
      5608
    ],
    [
      626,
      5626
    ],
    [
      644,
      5644
    ],
    [
      649,
      5649
    ],
    [
      655,
      5655
    ],
    [
      668,
      5668
    ],
    [
      690,
      5690
    ],
    [
      718,
      5718
    ],
    [
      725,
      5725
    ],
    [
      738,
      5738
    ],
    [
      752,
      5752
    ],
    [
      754,
      5754
    ],
    [
      758,
      5758
    ],
    [
      765,
      5765
    ],
    [
      773,
      5773
    ],
    [
      787,
      5787
    ],
    [
      819,
      5819
    ],
    [
      834,
      5834
    ],
    [
      849,
      5849
    ],
    [
      866,
      5866
    ],
    [
      876,
      5876
    ],
    [
      880,
      5880
    ],
    [
      917,
      5917
    ],
    [
      918,
      5918
    ],
    [
      920,
      5920
    ],
    [
      932,
      5932
    ],
    [
      938,
      5938
    ],
    [
      954,
      5954
    ],
    [
      956,
      5956
    ],
    [
      966,
      5966
    ],
    [
      1006,
      6006
    ],
    [
      1010,
      6010
    ],
    [
      1015,
      6015
    ],
    [
      1018,
      6018
    ],
    [
      1026,
      6026
    ],
    [
      1034,
      6034
    ],
    [
      1035,
      6035
    ],
    [
      1042,
      6042
    ],
    [
      1054,
      6054
    ],
    [
      1066,
      6066
    ],
    [
      1082,
      6082
    ],
    [
      1083,
      6083
    ],
    [
      1084,
      6084
    ],
    [
      1100,
      6100
    ],
    [
      1125,
      6125
    ],
    [
      1159,
      6159
    ],
    [
      1160,
      6160
    ],
    [
      1162,
      6162
    ],
    [
      1163,
      6163
    ],
    [
      1164,
      6164
    ],
    [
      1182,
      6182
    ],
    [
      1185,
      6185
    ],
    [
      1188,
      6188
    ],
    [
      1192,
      6192
    ],
    [
      1198,
      6198
    ],
    [
      1205,
      6205
    ],
    [
      1215,
      6215
    ],
    [
      1220,
      6220
    ],
    [
      1221,
      6221
    ],
    [
      1231,
      6231
    ],
    [
      1232,
      6232
    ],
    [
      1242,
      6242
    ],
    [
      1254,
      6254
    ],
    [
      1268,
      6268
    ],
    [
      1277,
      6277
    ],
    [
      1292,
      6292
    ],
    [
      1303,
      6303
    ],
    [
      1306,
      6306
    ],
    [
      1317,
      6317
    ],
    [
      1320,
      6320
    ],
    [
      1321,
      6321
    ],
    [
      1326,
      6326
    ],
    [
      1334,
      6334
    ],
    [
      1335,
      6335
    ],
    [
      1373,
      6373
    ],
    [
      1378,
      6378
    ],
    [
      1388,
      6388
    ],
    [
      1413,
      6413
    ],
    [
      1427,
      6427
    ],
    [
      1434,
      6434
    ],
    [
      1440,
      6440
    ],
    [
      1446,
      6446
    ],
    [
      1448,
      6448
    ],
    [
      1462,
      6462
    ],
    [
      1475,
      6475
    ],
    [
      1501,
      6501
    ],
    [
      1502,
      6502
    ],
    [
      1506,
      6506
    ],
    [
      1510,
      6510
    ],
    [
      1519,
      6519
    ],
    [
      1534,
      6534
    ],
    [
      1552,
      6552
    ],
    [
      1553,
      6553
    ],
    [
      1556,
      6556
    ],
    [
      1563,
      6563
    ],
    [
      1580,
      6580
    ],
    [
      1612,
      6612
    ],
    [
      1614,
      6614
    ],
    [
      1621,
      6621
    ],
    [
      1628,
      6628
    ],
    [
      1638,
      6638
    ],
    [
      1643,
      6643
    ],
    [
      1646,
      6646
    ],
    [
      1708,
      6708
    ],
    [
      1709,
      6709
    ],
    [
      1722,
      6722
    ],
    [
      1734,
      6734
    ],
    [
      1735,
      6735
    ],
    [
      1738,
      6738
    ],
    [
      1742,
      6742
    ],
    [
      1751,
      6751
    ],
    [
      1754,
      6754
    ],
    [
      1762,
      6762
    ],
    [
      1772,
      6772
    ],
    [
      1774,
      6774
    ],
    [
      1793,
      6793
    ],
    [
      1795,
      6795
    ],
    [
      1809,
      6809
    ],
    [
      1812,
      6812
    ],
    [
      1816,
      6816
    ],
    [
      1824,
      6824
    ],
    [
      1830,
      6830
    ],
    [
      1835,
      6835
    ],
    [
      1836,
      6836
    ],
    [
      1841,
      6841
    ],
    [
      1842,
      6842
    ],
    [
      1844,
      6844
    ],
    [
      1849,
      6849
    ],
    [
      1856,
      6856
    ],
    [
      1860,
      6860
    ],
    [
      1872,
      6872
    ],
    [
      1877,
      6877
    ],
    [
      1884,
      6884
    ],
    [
      1887,
      6887
    ],
    [
      1889,
      6889
    ],
    [
      1892,
      6892
    ],
    [
      1897,
      6897
    ],
    [
      1898,
      6898
    ],
    [
      1904,
      6904
    ],
    [
      1912,
      6912
    ],
    [
      1919,
      6919
    ],
    [
      1920,
      6920
    ],
    [
      1921,
      6921
    ],
    [
      1923,
      6923
    ],
    [
      1938,
      6938
    ],
    [
      1973,
      6973
    ],
    [
      1974,
      6974
    ],
    [
      1984,
      6984
    ],
    [
      1986,
      6986
    ],
    [
      1988,
      6988
    ],
    [
      1998,
      6998
    ],
    [
      2011,
      7011
    ],
    [
      2019,
      7019
    ],
    [
      2022,
      7022
    ],
    [
      2028,
      7028
    ],
    [
      2035,
      7035
    ],
    [
      2036,
      7036
    ],
    [
      2062,
      7062
    ],
    [
      2072,
      7072
    ],
    [
      2074,
      7074
    ],
    [
      2109,
      7109
    ],
    [
      2128,
      7128
    ],
    [
      2132,
      7132
    ],
    [
      2137,
      7137
    ],
    [
      2144,
      7144
    ],
    [
      2152,
      7152
    ],
    [
      2158,
      7158
    ],
    [
      2159,
      7159
    ],
    [
      2161,
      7161
    ],
    [
      2170,
      7170
    ],
    [
      2171,
      7171
    ],
    [
      2179,
      7179
    ],
    [
      2192,
      7192
    ],
    [
      2211,
      7211
    ],
    [
      2236,
      7236
    ],
    [
      2256,
      7256
    ],
    [
      2263,
      7263
    ],
    [
      2266,
      7266
    ],
    [
      2277,
      7277
    ],
    [
      2278,
      7278
    ],
    [
      2281,
      7281
    ],
    [
      2296,
      7296
    ],
    [
      2310,
      7310
    ],
    [
      2316,
      7316
    ],
    [
      2318,
      7318
    ],
    [
      2319,
      7319
    ],
    [
      2328,
      7328
    ],
    [
      2329,
      7329
    ],
    [
      2330,
      7330
    ],
    [
      2332,
      7332
    ],
    [
      2346,
      7346
    ],
    [
      2347,
      7347
    ],
    [
      2351,
      7351
    ],
    [
      2352,
      7352
    ],
    [
      2356,
      7356
    ],
    [
      2365,
      7365
    ],
    [
      2370,
      7370
    ],
    [
      2372,
      7372
    ],
    [
      2387,
      7387
    ],
    [
      2388,
      7388
    ],
    [
      2391,
      7391
    ],
    [
      2406,
      7406
    ],
    [
      2409,
      7409
    ],
    [
      2417,
      7417
    ],
    [
      2427,
      7427
    ],
    [
      2432,
      7432
    ],
    [
      2439,
      7439
    ],
    [
      2453,
      7453
    ],
    [
      2455,
      7455
    ],
    [
      2468,
      7468
    ],
    [
      2481,
      7481
    ],
    [
      2483,
      7483
    ],
    [
      2488,
      7488
    ],
    [
      2506,
      7506
    ],
    [
      2512,
      7512
    ],
    [
      2516,
      7516
    ],
    [
      2523,
      7523
    ],
    [
      2531,
      7531
    ],
    [
      2538,
      7538
    ],
    [
      2548,
      7548
    ],
    [
      2564,
      7564
    ],
    [
      2569,
      7569
    ],
    [
      2571,
      7571
    ],
    [
      2572,
      7572
    ],
    [
      2589,
      7589
    ],
    [
      2607,
      7607
    ],
    [
      2618,
      7618
    ],
    [
      2623,
      7623
    ],
    [
      2628,
      7628
    ],
    [
      2637,
      7637
    ],
    [
      2640,
      7640
    ],
    [
      2645,
      7645
    ],
    [
      2646,
      7646
    ],
    [
      2650,
      7650
    ],
    [
      2657,
      7657
    ],
    [
      2658,
      7658
    ],
    [
      2670,
      7670
    ],
    [
      2687,
      7687
    ],
    [
      2692,
      7692
    ],
    [
      2703,
      7703
    ],
    [
      2712,
      7712
    ],
    [
      2720,
      7720
    ],
    [
      2742,
      7742
    ],
    [
      2756,
      7756
    ],
    [
      2765,
      7765
    ],
    [
      2775,
      7775
    ],
    [
      2784,
      7784
    ],
    [
      2799,
      7799
    ],
    [
      2807,
      7807
    ],
    [
      2865,
      7865
    ],
    [
      2870,
      7870
    ],
    [
      2876,
      7876
    ],
    [
      2878,
      7878
    ],
    [
      2879,
      7879
    ],
    [
      2885,
      7885
    ],
    [
      2888,
      7888
    ],
    [
      2903,
      7903
    ],
    [
      2917,
      7917
    ],
    [
      2929,
      7929
    ],
    [
      2931,
      7931
    ],
    [
      2935,
      7935
    ],
    [
      2940,
      7940
    ],
    [
      2946,
      7946
    ],
    [
      2956,
      7956
    ],
    [
      2958,
      7958
    ],
    [
      2968,
      7968
    ],
    [
      2992,
      7992
    ],
    [
      2999,
      7999
    ],
    [
      3003,
      8003
    ],
    [
      3005,
      8005
    ],
    [
      3012,
      8012
    ],
    [
      3044,
      8044
    ],
    [
      3053,
      8053
    ],
    [
      3067,
      8067
    ],
    [
      3068,
      8068
    ],
    [
      3080,
      8080
    ],
    [
      3081,
      8081
    ],
    [
      3084,
      8084
    ],
    [
      3087,
      8087
    ],
    [
      3091,
      8091
    ],
    [
      3093,
      8093
    ],
    [
      3102,
      8102
    ],
    [
      3148,
      8148
    ],
    [
      3159,
      8159
    ],
    [
      3164,
      8164
    ],
    [
      3170,
      8170
    ],
    [
      3188,
      8188
    ],
    [
      3199,
      8199
    ],
    [
      3204,
      8204
    ],
    [
      3207,
      8207
    ],
    [
      3225,
      8225
    ],
    [
      3233,
      8233
    ],
    [
      3242,
      8242
    ],
    [
      3244,
      8244
    ],
    [
      3250,
      8250
    ],
    [
      3267,
      8267
    ],
    [
      3270,
      8270
    ],
    [
      3273,
      8273
    ],
    [
      3286,
      8286
    ],
    [
      3292,
      8292
    ],
    [
      3298,
      8298
    ],
    [
      3299,
      8299
    ],
    [
      3353,
      8353
    ],
    [
      3354,
      8354
    ],
    [
      3360,
      8360
    ],
    [
      3372,
      8372
    ],
    [
      3378,
      8378
    ],
    [
      3383,
      8383
    ],
    [
      3416,
      8416
    ],
    [
      3418,
      8418
    ],
    [
      3419,
      8419
    ],
    [
      3421,
      8421
    ],
    [
      3442,
      8442
    ],
    [
      3451,
      8451
    ],
    [
      3453,
      8453
    ],
    [
      3458,
      8458
    ],
    [
      3473,
      8473
    ],
    [
      3479,
      8479
    ],
    [
      3483,
      8483
    ],
    [
      3491,
      8491
    ],
    [
      3496,
      8496
    ],
    [
      3499,
      8499
    ],
    [
      3502,
      8502
    ],
    [
      3516,
      8516
    ],
    [
      3519,
      8519
    ],
    [
      3522,
      8522
    ],
    [
      3529,
      8529
    ],
    [
      3539,
      8539
    ],
    [
      3549,
      8549
    ],
    [
      3562,
      8562
    ],
    [
      3571,
      8571
    ],
    [
      3588,
      8588
    ],
    [
      3593,
      8593
    ],
    [
      3606,
      8606
    ],
    [
      3621,
      8621
    ],
    [
      3633,
      8633
    ],
    [
      3635,
      8635
    ],
    [
      3654,
      8654
    ],
    [
      3655,
      8655
    ],
    [
      3666,
      8666
    ],
    [
      3675,
      8675
    ],
    [
      3676,
      8676
    ],
    [
      3690,
      8690
    ],
    [
      3701,
      8701
    ],
    [
      3711,
      8711
    ],
    [
      3718,
      8718
    ],
    [
      3732,
      8732
    ],
    [
      3743,
      8743
    ],
    [
      3750,
      8750
    ],
    [
      3772,
      8772
    ],
    [
      3777,
      8777
    ],
    [
      3793,
      8793
    ],
    [
      3796,
      8796
    ],
    [
      3802,
      8802
    ],
    [
      3803,
      8803
    ],
    [
      3818,
      8818
    ],
    [
      3822,
      8822
    ],
    [
      3823,
      8823
    ],
    [
      3825,
      8825
    ],
    [
      3834,
      8834
    ],
    [
      3836,
      8836
    ],
    [
      3840,
      8840
    ],
    [
      3849,
      8849
    ],
    [
      3883,
      8883
    ],
    [
      3893,
      8893
    ],
    [
      3898,
      8898
    ],
    [
      3905,
      8905
    ],
    [
      3908,
      8908
    ],
    [
      3910,
      8910
    ],
    [
      3927,
      8927
    ],
    [
      3930,
      8930
    ],
    [
      3932,
      8932
    ],
    [
      3945,
      8945
    ],
    [
      3966,
      8966
    ],
    [
      3967,
      8967
    ],
    [
      3974,
      8974
    ],
    [
      3981,
      8981
    ],
    [
      3992,
      8992
    ],
    [
      4006,
      9006
    ],
    [
      4020,
      9020
    ],
    [
      4032,
      9032
    ],
    [
      4050,
      9050
    ],
    [
      4063,
      9063
    ],
    [
      4078,
      9078
    ],
    [
      4101,
      9101
    ],
    [
      4109,
      9109
    ],
    [
      4118,
      9118
    ],
    [
      4131,
      9131
    ],
    [
      4153,
      9153
    ],
    [
      4171,
      9171
    ],
    [
      4172,
      9172
    ],
    [
      4174,
      9174
    ],
    [
      4182,
      9182
    ],
    [
      4219,
      9219
    ],
    [
      4222,
      9222
    ],
    [
      4259,
      9259
    ],
    [
      4269,
      9269
    ],
    [
      4272,
      9272
    ],
    [
      4282,
      9282
    ],
    [
      4288,
      9288
    ],
    [
      4298,
      9298
    ],
    [
      4300,
      9300
    ],
    [
      4302,
      9302
    ],
    [
      4309,
      9309
    ],
    [
      4313,
      9313
    ],
    [
      4350,
      9350
    ],
    [
      4363,
      9363
    ],
    [
      4370,
      9370
    ],
    [
      4377,
      9377
    ],
    [
      4386,
      9386
    ],
    [
      4395,
      9395
    ],
    [
      4403,
      9403
    ],
    [
      4441,
      9441
    ],
    [
      4447,
      9447
    ],
    [
      4451,
      9451
    ],
    [
      4461,
      9461
    ],
    [
      4468,
      9468
    ],
    [
      4497,
      9497
    ],
    [
      4517,
      9517
    ],
    [
      4525,
      9525
    ],
    [
      4527,
      9527
    ],
    [
      4528,
      9528
    ],
    [
      4560,
      9560
    ],
    [
      4565,
      9565
    ],
    [
      4568,
      9568
    ],
    [
      4573,
      9573
    ],
    [
      4575,
      9575
    ],
    [
      4618,
      9618
    ],
    [
      4620,
      9620
    ],
    [
      4621,
      9621
    ],
    [
      4625,
      9625
    ],
    [
      4626,
      9626
    ],
    [
      4632,
      9632
    ],
    [
      4635,
      9635
    ],
    [
      4641,
      9641
    ],
    [
      4643,
      9643
    ],
    [
      4660,
      9660
    ],
    [
      4662,
      9662
    ],
    [
      4663,
      9663
    ],
    [
      4667,
      9667
    ],
    [
      4672,
      9672
    ],
    [
      4695,
      9695
    ],
    [
      4704,
      9704
    ],
    [
      4715,
      9715
    ],
    [
      4718,
      9718
    ],
    [
      4724,
      9724
    ],
    [
      4736,
      9736
    ],
    [
      4737,
      9737
    ],
    [
      4738,
      9738
    ],
    [
      4740,
      9740
    ],
    [
      4745,
      9745
    ],
    [
      4746,
      9746
    ],
    [
      4763,
      9763
    ],
    [
      4772,
      9772
    ],
    [
      4781,
      9781
    ],
    [
      4796,
      9796
    ],
    [
      4802,
      9802
    ],
    [
      4807,
      9807
    ],
    [
      4816,
      9816
    ],
    [
      4820,
      9820
    ],
    [
      4829,
      9829
    ],
    [
      4835,
      9835
    ],
    [
      4844,
      9844
    ],
    [
      4897,
      9897
    ],
    [
      4898,
      9898
    ],
    [
      4925,
      9925
    ],
    [
      4947,
      9947
    ],
    [
      4952,
      9952
    ],
    [
      4958,
      9958
    ],
    [
      4972,
      9972
    ],
    [
      4984,
      9984
    ],
    [
      4986,
      9986
    ],
    [
      4990,
      9990
    ]
  ]
}