{
  "n_true_positives": 551,
  "n_positives": 551,
  "total_time": 121.82973408699036,
  "date": "2025-01-25T19:23:04.019809",
  "backend": "BruteForce",
  "n_bins": 0,
  "eps": 12.5,
  "args": {
    "csvpath": [
      "../data/RobustBench/predictions/imagenet3dcc-AlexNet/vanilla.csv",
      "../data/RobustBench/predictions/imagenet3dcc-AlexNet/h265_crf-3.csv"
    ],
    "eps": 12.5,
    "n_bins": 0,
    "n_examples": -1,
    "out_path": "../results/semantic//results/imagenet3dcc-AlexNet/imagenet3dcc-AlexNet-L2-12.5-h265_crf-3.json",
    "full_output": false,
    "verbose": false,
    "randomize_order": false,
    "backend": "bf",
    "blind_cols": null,
    "pred": "pred",
    "metric": "L2"
  },
  "backend_meta": {
    "epsilon": 12.5,
    "decision_col": "pred",
    "metric": "Linf",
    "is_exact": true,
    "is_sound": true,
    "is_complete": true
  },
  "positives": [
    [
      3,
      5003
    ],
    [
      4,
      5004
    ],
    [
      11,
      5011
    ],
    [
      24,
      5024
    ],
    [
      44,
      5044
    ],
    [
      49,
      5049
    ],
    [
      63,
      5063
    ],
    [
      69,
      5069
    ],
    [
      79,
      5079
    ],
    [
      89,
      5089
    ],
    [
      98,
      5098
    ],
    [
      110,
      5110
    ],
    [
      118,
      5118
    ],
    [
      132,
      5132
    ],
    [
      140,
      5140
    ],
    [
      142,
      5142
    ],
    [
      159,
      5159
    ],
    [
      168,
      5168
    ],
    [
      192,
      5192
    ],
    [
      209,
      5209
    ],
    [
      216,
      5216
    ],
    [
      217,
      5217
    ],
    [
      233,
      5233
    ],
    [
      239,
      5239
    ],
    [
      240,
      5240
    ],
    [
      246,
      5246
    ],
    [
      262,
      5262
    ],
    [
      264,
      5264
    ],
    [
      286,
      5286
    ],
    [
      307,
      5307
    ],
    [
      310,
      5310
    ],
    [
      320,
      5320
    ],
    [
      337,
      5337
    ],
    [
      339,
      5339
    ],
    [
      348,
      5348
    ],
    [
      350,
      5350
    ],
    [
      370,
      5370
    ],
    [
      381,
      5381
    ],
    [
      383,
      5383
    ],
    [
      384,
      5384
    ],
    [
      399,
      5399
    ],
    [
      405,
      5405
    ],
    [
      412,
      5412
    ],
    [
      419,
      5419
    ],
    [
      429,
      5429
    ],
    [
      432,
      5432
    ],
    [
      435,
      5435
    ],
    [
      440,
      5440
    ],
    [
      451,
      5451
    ],
    [
      454,
      5454
    ],
    [
      470,
      5470
    ],
    [
      481,
      5481
    ],
    [
      504,
      5504
    ],
    [
      521,
      5521
    ],
    [
      528,
      5528
    ],
    [
      530,
      5530
    ],
    [
      537,
      5537
    ],
    [
      541,
      5541
    ],
    [
      556,
      5556
    ],
    [
      568,
      5568
    ],
    [
      569,
      5569
    ],
    [
      582,
      5582
    ],
    [
      583,
      5583
    ],
    [
      584,
      5584
    ],
    [
      597,
      5597
    ],
    [
      600,
      5600
    ],
    [
      609,
      5609
    ],
    [
      639,
      5639
    ],
    [
      641,
      5641
    ],
    [
      651,
      5651
    ],
    [
      652,
      5652
    ],
    [
      660,
      5660
    ],
    [
      690,
      5690
    ],
    [
      694,
      5694
    ],
    [
      696,
      5696
    ],
    [
      733,
      5733
    ],
    [
      754,
      5754
    ],
    [
      762,
      5762
    ],
    [
      765,
      5765
    ],
    [
      771,
      5771
    ],
    [
      784,
      5784
    ],
    [
      787,
      5787
    ],
    [
      788,
      5788
    ],
    [
      797,
      5797
    ],
    [
      810,
      5810
    ],
    [
      856,
      5856
    ],
    [
      864,
      5864
    ],
    [
      871,
      5871
    ],
    [
      876,
      5876
    ],
    [
      882,
      5882
    ],
    [
      899,
      5899
    ],
    [
      900,
      5900
    ],
    [
      901,
      5901
    ],
    [
      902,
      5902
    ],
    [
      907,
      5907
    ],
    [
      908,
      5908
    ],
    [
      912,
      5912
    ],
    [
      959,
      5959
    ],
    [
      961,
      5961
    ],
    [
      970,
      5970
    ],
    [
      998,
      5998
    ],
    [
      1021,
      6021
    ],
    [
      1022,
      6022
    ],
    [
      1032,
      6032
    ],
    [
      1051,
      6051
    ],
    [
      1055,
      6055
    ],
    [
      1062,
      6062
    ],
    [
      1078,
      6078
    ],
    [
      1084,
      6084
    ],
    [
      1086,
      6086
    ],
    [
      1088,
      6088
    ],
    [
      1090,
      6090
    ],
    [
      1099,
      6099
    ],
    [
      1121,
      6121
    ],
    [
      1122,
      6122
    ],
    [
      1146,
      6146
    ],
    [
      1150,
      6150
    ],
    [
      1151,
      6151
    ],
    [
      1152,
      6152
    ],
    [
      1157,
      6157
    ],
    [
      1161,
      6161
    ],
    [
      1164,
      6164
    ],
    [
      1182,
      6182
    ],
    [
      1193,
      6193
    ],
    [
      1210,
      6210
    ],
    [
      1221,
      6221
    ],
    [
      1223,
      6223
    ],
    [
      1229,
      6229
    ],
    [
      1248,
      6248
    ],
    [
      1258,
      6258
    ],
    [
      1269,
      6269
    ],
    [
      1277,
      6277
    ],
    [
      1280,
      6280
    ],
    [
      1287,
      6287
    ],
    [
      1297,
      6297
    ],
    [
      1298,
      6298
    ],
    [
      1305,
      6305
    ],
    [
      1309,
      6309
    ],
    [
      1317,
      6317
    ],
    [
      1318,
      6318
    ],
    [
      1321,
      6321
    ],
    [
      1333,
      6333
    ],
    [
      1334,
      6334
    ],
    [
      1372,
      6372
    ],
    [
      1387,
      6387
    ],
    [
      1398,
      6398
    ],
    [
      1405,
      6405
    ],
    [
      1421,
      6421
    ],
    [
      1424,
      6424
    ],
    [
      1426,
      6426
    ],
    [
      1427,
      6427
    ],
    [
      1445,
      6445
    ],
    [
      1458,
      6458
    ],
    [
      1462,
      6462
    ],
    [
      1481,
      6481
    ],
    [
      1483,
      6483
    ],
    [
      1487,
      6487
    ],
    [
      1492,
      6492
    ],
    [
      1494,
      6494
    ],
    [
      1498,
      6498
    ],
    [
      1513,
      6513
    ],
    [
      1522,
      6522
    ],
    [
      1549,
      6549
    ],
    [
      1552,
      6552
    ],
    [
      1556,
      6556
    ],
    [
      1557,
      6557
    ],
    [
      1559,
      6559
    ],
    [
      1565,
      6565
    ],
    [
      1567,
      6567
    ],
    [
      1571,
      6571
    ],
    [
      1587,
      6587
    ],
    [
      1611,
      6611
    ],
    [
      1614,
      6614
    ],
    [
      1615,
      6615
    ],
    [
      1618,
      6618
    ],
    [
      1619,
      6619
    ],
    [
      1622,
      6622
    ],
    [
      1623,
      6623
    ],
    [
      1642,
      6642
    ],
    [
      1645,
      6645
    ],
    [
      1651,
      6651
    ],
    [
      1656,
      6656
    ],
    [
      1667,
      6667
    ],
    [
      1702,
      6702
    ],
    [
      1704,
      6704
    ],
    [
      1708,
      6708
    ],
    [
      1709,
      6709
    ],
    [
      1718,
      6718
    ],
    [
      1727,
      6727
    ],
    [
      1731,
      6731
    ],
    [
      1740,
      6740
    ],
    [
      1744,
      6744
    ],
    [
      1751,
      6751
    ],
    [
      1754,
      6754
    ],
    [
      1761,
      6761
    ],
    [
      1767,
      6767
    ],
    [
      1771,
      6771
    ],
    [
      1783,
      6783
    ],
    [
      1797,
      6797
    ],
    [
      1840,
      6840
    ],
    [
      1850,
      6850
    ],
    [
      1858,
      6858
    ],
    [
      1860,
      6860
    ],
    [
      1869,
      6869
    ],
    [
      1872,
      6872
    ],
    [
      1874,
      6874
    ],
    [
      1878,
      6878
    ],
    [
      1885,
      6885
    ],
    [
      1887,
      6887
    ],
    [
      1898,
      6898
    ],
    [
      1906,
      6906
    ],
    [
      1916,
      6916
    ],
    [
      1920,
      6920
    ],
    [
      1924,
      6924
    ],
    [
      1932,
      6932
    ],
    [
      1936,
      6936
    ],
    [
      1953,
      6953
    ],
    [
      1959,
      6959
    ],
    [
      1972,
      6972
    ],
    [
      1973,
      6973
    ],
    [
      1977,
      6977
    ],
    [
      1986,
      6986
    ],
    [
      1997,
      6997
    ],
    [
      2010,
      7010
    ],
    [
      2028,
      7028
    ],
    [
      2066,
      7066
    ],
    [
      2074,
      7074
    ],
    [
      2079,
      7079
    ],
    [
      2084,
      7084
    ],
    [
      2090,
      7090
    ],
    [
      2096,
      7096
    ],
    [
      2104,
      7104
    ],
    [
      2112,
      7112
    ],
    [
      2122,
      7122
    ],
    [
      2135,
      7135
    ],
    [
      2155,
      7155
    ],
    [
      2157,
      7157
    ],
    [
      2159,
      7159
    ],
    [
      2173,
      7173
    ],
    [
      2190,
      7190
    ],
    [
      2194,
      7194
    ],
    [
      2203,
      7203
    ],
    [
      2209,
      7209
    ],
    [
      2210,
      7210
    ],
    [
      2216,
      7216
    ],
    [
      2217,
      7217
    ],
    [
      2227,
      7227
    ],
    [
      2236,
      7236
    ],
    [
      2242,
      7242
    ],
    [
      2256,
      7256
    ],
    [
      2262,
      7262
    ],
    [
      2272,
      7272
    ],
    [
      2285,
      7285
    ],
    [
      2292,
      7292
    ],
    [
      2303,
      7303
    ],
    [
      2305,
      7305
    ],
    [
      2307,
      7307
    ],
    [
      2313,
      7313
    ],
    [
      2314,
      7314
    ],
    [
      2317,
      7317
    ],
    [
      2320,
      7320
    ],
    [
      2322,
      7322
    ],
    [
      2325,
      7325
    ],
    [
      2344,
      7344
    ],
    [
      2370,
      7370
    ],
    [
      2373,
      7373
    ],
    [
      2377,
      7377
    ],
    [
      2382,
      7382
    ],
    [
      2391,
      7391
    ],
    [
      2392,
      7392
    ],
    [
      2400,
      7400
    ],
    [
      2418,
      7418
    ],
    [
      2424,
      7424
    ],
    [
      2429,
      7429
    ],
    [
      2432,
      7432
    ],
    [
      2438,
      7438
    ],
    [
      2444,
      7444
    ],
    [
      2470,
      7470
    ],
    [
      2483,
      7483
    ],
    [
      2486,
      7486
    ],
    [
      2492,
      7492
    ],
    [
      2503,
      7503
    ],
    [
      2507,
      7507
    ],
    [
      2513,
      7513
    ],
    [
      2521,
      7521
    ],
    [
      2524,
      7524
    ],
    [
      2529,
      7529
    ],
    [
      2534,
      7534
    ],
    [
      2540,
      7540
    ],
    [
      2551,
      7551
    ],
    [
      2556,
      7556
    ],
    [
      2560,
      7560
    ],
    [
      2563,
      7563
    ],
    [
      2617,
      7617
    ],
    [
      2618,
      7618
    ],
    [
      2622,
      7622
    ],
    [
      2633,
      7633
    ],
    [
      2635,
      7635
    ],
    [
      2639,
      7639
    ],
    [
      2649,
      7649
    ],
    [
      2662,
      7662
    ],
    [
      2666,
      7666
    ],
    [
      2678,
      7678
    ],
    [
      2681,
      7681
    ],
    [
      2688,
      7688
    ],
    [
      2701,
      7701
    ],
    [
      2702,
      7702
    ],
    [
      2711,
      7711
    ],
    [
      2715,
      7715
    ],
    [
      2719,
      7719
    ],
    [
      2722,
      7722
    ],
    [
      2725,
      7725
    ],
    [
      2744,
      7744
    ],
    [
      2750,
      7750
    ],
    [
      2781,
      7781
    ],
    [
      2793,
      7793
    ],
    [
      2794,
      7794
    ],
    [
      2795,
      7795
    ],
    [
      2798,
      7798
    ],
    [
      2816,
      7816
    ],
    [
      2820,
      7820
    ],
    [
      2833,
      7833
    ],
    [
      2838,
      7838
    ],
    [
      2850,
      7850
    ],
    [
      2852,
      7852
    ],
    [
      2858,
      7858
    ],
    [
      2863,
      7863
    ],
    [
      2876,
      7876
    ],
    [
      2895,
      7895
    ],
    [
      2914,
      7914
    ],
    [
      2921,
      7921
    ],
    [
      2925,
      7925
    ],
    [
      2950,
      7950
    ],
    [
      2968,
      7968
    ],
    [
      2971,
      7971
    ],
    [
      2978,
      7978
    ],
    [
      2979,
      7979
    ],
    [
      2998,
      7998
    ],
    [
      2999,
      7999
    ],
    [
      3014,
      8014
    ],
    [
      3015,
      8015
    ],
    [
      3019,
      8019
    ],
    [
      3026,
      8026
    ],
    [
      3034,
      8034
    ],
    [
      3038,
      8038
    ],
    [
      3046,
      8046
    ],
    [
      3050,
      8050
    ],
    [
      3067,
      8067
    ],
    [
      3071,
      8071
    ],
    [
      3090,
      8090
    ],
    [
      3106,
      8106
    ],
    [
      3116,
      8116
    ],
    [
      3120,
      8120
    ],
    [
      3138,
      8138
    ],
    [
      3144,
      8144
    ],
    [
      3145,
      8145
    ],
    [
      3159,
      8159
    ],
    [
      3198,
      8198
    ],
    [
      3199,
      8199
    ],
    [
      3203,
      8203
    ],
    [
      3218,
      8218
    ],
    [
      3221,
      8221
    ],
    [
      3236,
      8236
    ],
    [
      3253,
      8253
    ],
    [
      3273,
      8273
    ],
    [
      3275,
      8275
    ],
    [
      3289,
      8289
    ],
    [
      3290,
      8290
    ],
    [
      3322,
      8322
    ],
    [
      3331,
      8331
    ],
    [
      3339,
      8339
    ],
    [
      3340,
      8340
    ],
    [
      3347,
      8347
    ],
    [
      3364,
      8364
    ],
    [
      3382,
      8382
    ],
    [
      3389,
      8389
    ],
    [
      3401,
      8401
    ],
    [
      3405,
      8405
    ],
    [
      3414,
      8414
    ],
    [
      3418,
      8418
    ],
    [
      3426,
      8426
    ],
    [
      3436,
      8436
    ],
    [
      3437,
      8437
    ],
    [
      3438,
      8438
    ],
    [
      3449,
      8449
    ],
    [
      3455,
      8455
    ],
    [
      3475,
      8475
    ],
    [
      3482,
      8482
    ],
    [
      3496,
      8496
    ],
    [
      3499,
      8499
    ],
    [
      3500,
      8500
    ],
    [
      3501,
      8501
    ],
    [
      3508,
      8508
    ],
    [
      3512,
      8512
    ],
    [
      3519,
      8519
    ],
    [
      3532,
      8532
    ],
    [
      3533,
      8533
    ],
    [
      3535,
      8535
    ],
    [
      3538,
      8538
    ],
    [
      3539,
      8539
    ],
    [
      3550,
      8550
    ],
    [
      3557,
      8557
    ],
    [
      3566,
      8566
    ],
    [
      3597,
      8597
    ],
    [
      3626,
      8626
    ],
    [
      3629,
      8629
    ],
    [
      3631,
      8631
    ],
    [
      3639,
      8639
    ],
    [
      3649,
      8649
    ],
    [
      3658,
      8658
    ],
    [
      3667,
      8667
    ],
    [
      3669,
      8669
    ],
    [
      3670,
      8670
    ],
    [
      3705,
      8705
    ],
    [
      3708,
      8708
    ],
    [
      3711,
      8711
    ],
    [
      3737,
      8737
    ],
    [
      3740,
      8740
    ],
    [
      3753,
      8753
    ],
    [
      3754,
      8754
    ],
    [
      3760,
      8760
    ],
    [
      3764,
      8764
    ],
    [
      3770,
      8770
    ],
    [
      3773,
      8773
    ],
    [
      3787,
      8787
    ],
    [
      3797,
      8797
    ],
    [
      3798,
      8798
    ],
    [
      3814,
      8814
    ],
    [
      3818,
      8818
    ],
    [
      3848,
      8848
    ],
    [
      3850,
      8850
    ],
    [
      3854,
      8854
    ],
    [
      3867,
      8867
    ],
    [
      3880,
      8880
    ],
    [
      3886,
      8886
    ],
    [
      3887,
      8887
    ],
    [
      3889,
      8889
    ],
    [
      3908,
      8908
    ],
    [
      3914,
      8914
    ],
    [
      3915,
      8915
    ],
    [
      3931,
      8931
    ],
    [
      3936,
      8936
    ],
    [
      3939,
      8939
    ],
    [
      3947,
      8947
    ],
    [
      3952,
      8952
    ],
    [
      3973,
      8973
    ],
    [
      3997,
      8997
    ],
    [
      4007,
      9007
    ],
    [
      4037,
      9037
    ],
    [
      4043,
      9043
    ],
    [
      4050,
      9050
    ],
    [
      4074,
      9074
    ],
    [
      4080,
      9080
    ],
    [
      4082,
      9082
    ],
    [
      4092,
      9092
    ],
    [
      4097,
      9097
    ],
    [
      4109,
      9109
    ],
    [
      4132,
      9132
    ],
    [
      4133,
      9133
    ],
    [
      4139,
      9139
    ],
    [
      4148,
      9148
    ],
    [
      4158,
      9158
    ],
    [
      4161,
      9161
    ],
    [
      4167,
      9167
    ],
    [
      4172,
      9172
    ],
    [
      4176,
      9176
    ],
    [
      4182,
      9182
    ],
    [
      4192,
      9192
    ],
    [
      4213,
      9213
    ],
    [
      4216,
      9216
    ],
    [
      4240,
      9240
    ],
    [
      4243,
      9243
    ],
    [
      4247,
      9247
    ],
    [
      4251,
      9251
    ],
    [
      4259,
      9259
    ],
    [
      4267,
      9267
    ],
    [
      4272,
      9272
    ],
    [
      4297,
      9297
    ],
    [
      4305,
      9305
    ],
    [
      4309,
      9309
    ],
    [
      4322,
      9322
    ],
    [
      4325,
      9325
    ],
    [
      4363,
      9363
    ],
    [
      4371,
      9371
    ],
    [
      4379,
      9379
    ],
    [
      4380,
      9380
    ],
    [
      4382,
      9382
    ],
    [
      4391,
      9391
    ],
    [
      4395,
      9395
    ],
    [
      4403,
      9403
    ],
    [
      4426,
      9426
    ],
    [
      4446,
      9446
    ],
    [
      4455,
      9455
    ],
    [
      4461,
      9461
    ],
    [
      4462,
      9462
    ],
    [
      4466,
      9466
    ],
    [
      4468,
      9468
    ],
    [
      4478,
      9478
    ],
    [
      4501,
      9501
    ],
    [
      4510,
      9510
    ],
    [
      4522,
      9522
    ],
    [
      4523,
      9523
    ],
    [
      4549,
      9549
    ],
    [
      4557,
      9557
    ],
    [
      4560,
      9560
    ],
    [
      4561,
      9561
    ],
    [
      4563,
      9563
    ],
    [
      4573,
      9573
    ],
    [
      4581,
      9581
    ],
    [
      4583,
      9583
    ],
    [
      4587,
      9587
    ],
    [
      4588,
      9588
    ],
    [
      4596,
      9596
    ],
    [
      4639,
      9639
    ],
    [
      4653,
      9653
    ],
    [
      4667,
      9667
    ],
    [
      4685,
      9685
    ],
    [
      4692,
      9692
    ],
    [
      4694,
      9694
    ],
    [
      4710,
      9710
    ],
    [
      4712,
      9712
    ],
    [
      4717,
      9717
    ],
    [
      4718,
      9718
    ],
    [
      4719,
      9719
    ],
    [
      4732,
      9732
    ],
    [
      4747,
      9747
    ],
    [
      4751,
      9751
    ],
    [
      4757,
      9757
    ],
    [
      4764,
      9764
    ],
    [
      4774,
      9774
    ],
    [
      4778,
      9778
    ],
    [
      4779,
      9779
    ],
    [
      4783,
      9783
    ],
    [
      4792,
      9792
    ],
    [
      4811,
      9811
    ],
    [
      4851,
      9851
    ],
    [
      4864,
      9864
    ],
    [
      4873,
      9873
    ],
    [
      4889,
      9889
    ],
    [
      4901,
      9901
    ],
    [
      4904,
      9904
    ],
    [
      4914,
      9914
    ],
    [
      4925,
      9925
    ],
    [
      4927,
      9927
    ],
    [
      4931,
      9931
    ],
    [
      4932,
      9932
    ],
    [
      4945,
      9945
    ],
    [
      4971,
      9971
    ],
    [
      4986,
      9986
    ],
    [
      4989,
      9989
    ],
    [
      4990,
      9990
    ]
  ]
}