{
  "n_true_positives": 276,
  "n_positives": 276,
  "total_time": 132.85196185112,
  "date": "2025-01-25T19:06:05.350931",
  "backend": "BruteForce",
  "n_bins": 0,
  "eps": 12.5,
  "args": {
    "csvpath": [
      "../data/RobustBench/predictions/imagenet3dcc-AlexNet/vanilla.csv",
      "../data/RobustBench/predictions/imagenet3dcc-AlexNet/far_focus-1.csv"
    ],
    "eps": 12.5,
    "n_bins": 0,
    "n_examples": -1,
    "out_path": "../results/semantic//results/imagenet3dcc-AlexNet/imagenet3dcc-AlexNet-L2-12.5-far_focus-1.json",
    "full_output": false,
    "verbose": false,
    "randomize_order": false,
    "backend": "bf",
    "blind_cols": null,
    "pred": "pred",
    "metric": "L2"
  },
  "backend_meta": {
    "epsilon": 12.5,
    "decision_col": "pred",
    "metric": "Linf",
    "is_exact": true,
    "is_sound": true,
    "is_complete": true
  },
  "positives": [
    [
      3,
      5003
    ],
    [
      7,
      5007
    ],
    [
      19,
      5019
    ],
    [
      30,
      5030
    ],
    [
      89,
      5089
    ],
    [
      94,
      5094
    ],
    [
      120,
      5120
    ],
    [
      125,
      5125
    ],
    [
      141,
      5141
    ],
    [
      144,
      5144
    ],
    [
      146,
      5146
    ],
    [
      148,
      5148
    ],
    [
      152,
      5152
    ],
    [
      166,
      5166
    ],
    [
      167,
      5167
    ],
    [
      186,
      5186
    ],
    [
      192,
      5192
    ],
    [
      228,
      5228
    ],
    [
      232,
      5232
    ],
    [
      300,
      5300
    ],
    [
      329,
      5329
    ],
    [
      331,
      5331
    ],
    [
      348,
      5348
    ],
    [
      350,
      5350
    ],
    [
      353,
      5353
    ],
    [
      370,
      5370
    ],
    [
      383,
      5383
    ],
    [
      399,
      5399
    ],
    [
      445,
      5445
    ],
    [
      467,
      5467
    ],
    [
      480,
      5480
    ],
    [
      498,
      5498
    ],
    [
      501,
      5501
    ],
    [
      521,
      5521
    ],
    [
      532,
      5532
    ],
    [
      544,
      5544
    ],
    [
      547,
      5547
    ],
    [
      552,
      5552
    ],
    [
      569,
      5569
    ],
    [
      582,
      5582
    ],
    [
      585,
      5585
    ],
    [
      589,
      5589
    ],
    [
      602,
      5602
    ],
    [
      607,
      5607
    ],
    [
      608,
      5608
    ],
    [
      626,
      5626
    ],
    [
      627,
      5627
    ],
    [
      649,
      5649
    ],
    [
      690,
      5690
    ],
    [
      718,
      5718
    ],
    [
      736,
      5736
    ],
    [
      751,
      5751
    ],
    [
      752,
      5752
    ],
    [
      754,
      5754
    ],
    [
      755,
      5755
    ],
    [
      787,
      5787
    ],
    [
      821,
      5821
    ],
    [
      827,
      5827
    ],
    [
      830,
      5830
    ],
    [
      867,
      5867
    ],
    [
      879,
      5879
    ],
    [
      920,
      5920
    ],
    [
      932,
      5932
    ],
    [
      996,
      5996
    ],
    [
      1007,
      6007
    ],
    [
      1016,
      6016
    ],
    [
      1026,
      6026
    ],
    [
      1032,
      6032
    ],
    [
      1035,
      6035
    ],
    [
      1066,
      6066
    ],
    [
      1084,
      6084
    ],
    [
      1100,
      6100
    ],
    [
      1114,
      6114
    ],
    [
      1135,
      6135
    ],
    [
      1162,
      6162
    ],
    [
      1175,
      6175
    ],
    [
      1179,
      6179
    ],
    [
      1198,
      6198
    ],
    [
      1229,
      6229
    ],
    [
      1232,
      6232
    ],
    [
      1266,
      6266
    ],
    [
      1268,
      6268
    ],
    [
      1285,
      6285
    ],
    [
      1292,
      6292
    ],
    [
      1304,
      6304
    ],
    [
      1334,
      6334
    ],
    [
      1335,
      6335
    ],
    [
      1345,
      6345
    ],
    [
      1363,
      6363
    ],
    [
      1374,
      6374
    ],
    [
      1497,
      6497
    ],
    [
      1506,
      6506
    ],
    [
      1552,
      6552
    ],
    [
      1556,
      6556
    ],
    [
      1557,
      6557
    ],
    [
      1564,
      6564
    ],
    [
      1586,
      6586
    ],
    [
      1587,
      6587
    ],
    [
      1588,
      6588
    ],
    [
      1702,
      6702
    ],
    [
      1727,
      6727
    ],
    [
      1730,
      6730
    ],
    [
      1738,
      6738
    ],
    [
      1742,
      6742
    ],
    [
      1751,
      6751
    ],
    [
      1754,
      6754
    ],
    [
      1762,
      6762
    ],
    [
      1772,
      6772
    ],
    [
      1809,
      6809
    ],
    [
      1812,
      6812
    ],
    [
      1824,
      6824
    ],
    [
      1834,
      6834
    ],
    [
      1835,
      6835
    ],
    [
      1857,
      6857
    ],
    [
      1879,
      6879
    ],
    [
      1883,
      6883
    ],
    [
      1887,
      6887
    ],
    [
      1898,
      6898
    ],
    [
      1968,
      6968
    ],
    [
      1986,
      6986
    ],
    [
      1988,
      6988
    ],
    [
      2022,
      7022
    ],
    [
      2051,
      7051
    ],
    [
      2062,
      7062
    ],
    [
      2066,
      7066
    ],
    [
      2128,
      7128
    ],
    [
      2137,
      7137
    ],
    [
      2149,
      7149
    ],
    [
      2158,
      7158
    ],
    [
      2159,
      7159
    ],
    [
      2170,
      7170
    ],
    [
      2175,
      7175
    ],
    [
      2179,
      7179
    ],
    [
      2226,
      7226
    ],
    [
      2242,
      7242
    ],
    [
      2263,
      7263
    ],
    [
      2281,
      7281
    ],
    [
      2292,
      7292
    ],
    [
      2295,
      7295
    ],
    [
      2307,
      7307
    ],
    [
      2319,
      7319
    ],
    [
      2328,
      7328
    ],
    [
      2346,
      7346
    ],
    [
      2367,
      7367
    ],
    [
      2372,
      7372
    ],
    [
      2387,
      7387
    ],
    [
      2388,
      7388
    ],
    [
      2402,
      7402
    ],
    [
      2406,
      7406
    ],
    [
      2409,
      7409
    ],
    [
      2410,
      7410
    ],
    [
      2414,
      7414
    ],
    [
      2417,
      7417
    ],
    [
      2430,
      7430
    ],
    [
      2452,
      7452
    ],
    [
      2472,
      7472
    ],
    [
      2476,
      7476
    ],
    [
      2481,
      7481
    ],
    [
      2531,
      7531
    ],
    [
      2537,
      7537
    ],
    [
      2538,
      7538
    ],
    [
      2551,
      7551
    ],
    [
      2556,
      7556
    ],
    [
      2564,
      7564
    ],
    [
      2569,
      7569
    ],
    [
      2570,
      7570
    ],
    [
      2571,
      7571
    ],
    [
      2589,
      7589
    ],
    [
      2596,
      7596
    ],
    [
      2607,
      7607
    ],
    [
      2623,
      7623
    ],
    [
      2628,
      7628
    ],
    [
      2637,
      7637
    ],
    [
      2646,
      7646
    ],
    [
      2650,
      7650
    ],
    [
      2653,
      7653
    ],
    [
      2657,
      7657
    ],
    [
      2744,
      7744
    ],
    [
      2772,
      7772
    ],
    [
      2841,
      7841
    ],
    [
      2849,
      7849
    ],
    [
      2879,
      7879
    ],
    [
      2895,
      7895
    ],
    [
      2907,
      7907
    ],
    [
      2935,
      7935
    ],
    [
      2958,
      7958
    ],
    [
      2978,
      7978
    ],
    [
      3005,
      8005
    ],
    [
      3039,
      8039
    ],
    [
      3053,
      8053
    ],
    [
      3087,
      8087
    ],
    [
      3091,
      8091
    ],
    [
      3110,
      8110
    ],
    [
      3151,
      8151
    ],
    [
      3159,
      8159
    ],
    [
      3170,
      8170
    ],
    [
      3188,
      8188
    ],
    [
      3242,
      8242
    ],
    [
      3244,
      8244
    ],
    [
      3250,
      8250
    ],
    [
      3266,
      8266
    ],
    [
      3271,
      8271
    ],
    [
      3368,
      8368
    ],
    [
      3419,
      8419
    ],
    [
      3451,
      8451
    ],
    [
      3473,
      8473
    ],
    [
      3491,
      8491
    ],
    [
      3502,
      8502
    ],
    [
      3519,
      8519
    ],
    [
      3522,
      8522
    ],
    [
      3528,
      8528
    ],
    [
      3676,
      8676
    ],
    [
      3690,
      8690
    ],
    [
      3701,
      8701
    ],
    [
      3718,
      8718
    ],
    [
      3732,
      8732
    ],
    [
      3745,
      8745
    ],
    [
      3777,
      8777
    ],
    [
      3781,
      8781
    ],
    [
      3818,
      8818
    ],
    [
      3823,
      8823
    ],
    [
      3825,
      8825
    ],
    [
      3834,
      8834
    ],
    [
      3841,
      8841
    ],
    [
      3850,
      8850
    ],
    [
      3864,
      8864
    ],
    [
      3866,
      8866
    ],
    [
      3893,
      8893
    ],
    [
      3895,
      8895
    ],
    [
      3908,
      8908
    ],
    [
      3941,
      8941
    ],
    [
      3945,
      8945
    ],
    [
      3981,
      8981
    ],
    [
      4020,
      9020
    ],
    [
      4022,
      9022
    ],
    [
      4050,
      9050
    ],
    [
      4109,
      9109
    ],
    [
      4118,
      9118
    ],
    [
      4153,
      9153
    ],
    [
      4190,
      9190
    ],
    [
      4272,
      9272
    ],
    [
      4285,
      9285
    ],
    [
      4300,
      9300
    ],
    [
      4313,
      9313
    ],
    [
      4320,
      9320
    ],
    [
      4350,
      9350
    ],
    [
      4385,
      9385
    ],
    [
      4436,
      9436
    ],
    [
      4441,
      9441
    ],
    [
      4447,
      9447
    ],
    [
      4451,
      9451
    ],
    [
      4466,
      9466
    ],
    [
      4468,
      9468
    ],
    [
      4482,
      9482
    ],
    [
      4484,
      9484
    ],
    [
      4509,
      9509
    ],
    [
      4517,
      9517
    ],
    [
      4525,
      9525
    ],
    [
      4543,
      9543
    ],
    [
      4562,
      9562
    ],
    [
      4565,
      9565
    ],
    [
      4573,
      9573
    ],
    [
      4575,
      9575
    ],
    [
      4649,
      9649
    ],
    [
      4660,
      9660
    ],
    [
      4688,
      9688
    ],
    [
      4713,
      9713
    ],
    [
      4772,
      9772
    ],
    [
      4781,
      9781
    ],
    [
      4787,
      9787
    ],
    [
      4806,
      9806
    ],
    [
      4829,
      9829
    ],
    [
      4860,
      9860
    ],
    [
      4919,
      9919
    ],
    [
      4952,
      9952
    ],
    [
      4990,
      9990
    ]
  ]
}