{
  "n_true_positives": 26,
  "n_positives": 26,
  "total_time": 118.29696106910706,
  "date": "2025-01-25T19:02:49.213238",
  "backend": "BruteForce",
  "n_bins": 0,
  "eps": 12.5,
  "args": {
    "csvpath": [
      "../data/RobustBench/predictions/imagenet3dcc-AlexNet/vanilla.csv",
      "../data/RobustBench/predictions/imagenet3dcc-AlexNet/near_focus-5.csv"
    ],
    "eps": 12.5,
    "n_bins": 0,
    "n_examples": -1,
    "out_path": "../results/semantic//results/imagenet3dcc-AlexNet/imagenet3dcc-AlexNet-L2-12.5-near_focus-5.json",
    "full_output": false,
    "verbose": false,
    "randomize_order": false,
    "backend": "bf",
    "blind_cols": null,
    "pred": "pred",
    "metric": "L2"
  },
  "backend_meta": {
    "epsilon": 12.5,
    "decision_col": "pred",
    "metric": "Linf",
    "is_exact": true,
    "is_sound": true,
    "is_complete": true
  },
  "positives": [
    [
      44,
      5044
    ],
    [
      120,
      5120
    ],
    [
      144,
      5144
    ],
    [
      300,
      5300
    ],
    [
      337,
      5337
    ],
    [
      501,
      5501
    ],
    [
      504,
      5504
    ],
    [
      787,
      5787
    ],
    [
      900,
      5900
    ],
    [
      1100,
      6100
    ],
    [
      1285,
      6285
    ],
    [
      1857,
      6857
    ],
    [
      2351,
      7351
    ],
    [
      2430,
      7430
    ],
    [
      2609,
      7609
    ],
    [
      2623,
      7623
    ],
    [
      2722,
      7722
    ],
    [
      2794,
      7794
    ],
    [
      2976,
      7976
    ],
    [
      3199,
      8199
    ],
    [
      3932,
      8932
    ],
    [
      3991,
      8991
    ],
    [
      4403,
      9403
    ],
    [
      4557,
      9557
    ],
    [
      4781,
      9781
    ],
    [
      4856,
      9856
    ]
  ]
}