{
  "n_true_positives": 540,
  "n_positives": 540,
  "total_time": 147.29113364219666,
  "date": "2025-01-25T19:19:27.096718",
  "backend": "BruteForce",
  "n_bins": 0,
  "eps": 12.5,
  "args": {
    "csvpath": [
      "../data/RobustBench/predictions/imagenet3dcc-AlexNet/vanilla.csv",
      "../data/RobustBench/predictions/imagenet3dcc-AlexNet/h265_abr-2.csv"
    ],
    "eps": 12.5,
    "n_bins": 0,
    "n_examples": -1,
    "out_path": "../results/semantic//results/imagenet3dcc-AlexNet/imagenet3dcc-AlexNet-L2-12.5-h265_abr-2.json",
    "full_output": false,
    "verbose": false,
    "randomize_order": false,
    "backend": "bf",
    "blind_cols": null,
    "pred": "pred",
    "metric": "L2"
  },
  "backend_meta": {
    "epsilon": 12.5,
    "decision_col": "pred",
    "metric": "Linf",
    "is_exact": true,
    "is_sound": true,
    "is_complete": true
  },
  "positives": [
    [
      3,
      5003
    ],
    [
      4,
      5004
    ],
    [
      11,
      5011
    ],
    [
      24,
      5024
    ],
    [
      44,
      5044
    ],
    [
      48,
      5048
    ],
    [
      63,
      5063
    ],
    [
      69,
      5069
    ],
    [
      79,
      5079
    ],
    [
      98,
      5098
    ],
    [
      110,
      5110
    ],
    [
      118,
      5118
    ],
    [
      132,
      5132
    ],
    [
      140,
      5140
    ],
    [
      142,
      5142
    ],
    [
      159,
      5159
    ],
    [
      165,
      5165
    ],
    [
      168,
      5168
    ],
    [
      192,
      5192
    ],
    [
      193,
      5193
    ],
    [
      198,
      5198
    ],
    [
      216,
      5216
    ],
    [
      217,
      5217
    ],
    [
      233,
      5233
    ],
    [
      239,
      5239
    ],
    [
      240,
      5240
    ],
    [
      243,
      5243
    ],
    [
      246,
      5246
    ],
    [
      252,
      5252
    ],
    [
      262,
      5262
    ],
    [
      264,
      5264
    ],
    [
      286,
      5286
    ],
    [
      310,
      5310
    ],
    [
      311,
      5311
    ],
    [
      320,
      5320
    ],
    [
      337,
      5337
    ],
    [
      339,
      5339
    ],
    [
      345,
      5345
    ],
    [
      348,
      5348
    ],
    [
      350,
      5350
    ],
    [
      358,
      5358
    ],
    [
      370,
      5370
    ],
    [
      375,
      5375
    ],
    [
      381,
      5381
    ],
    [
      383,
      5383
    ],
    [
      384,
      5384
    ],
    [
      399,
      5399
    ],
    [
      412,
      5412
    ],
    [
      419,
      5419
    ],
    [
      432,
      5432
    ],
    [
      435,
      5435
    ],
    [
      451,
      5451
    ],
    [
      452,
      5452
    ],
    [
      479,
      5479
    ],
    [
      481,
      5481
    ],
    [
      499,
      5499
    ],
    [
      504,
      5504
    ],
    [
      510,
      5510
    ],
    [
      516,
      5516
    ],
    [
      521,
      5521
    ],
    [
      528,
      5528
    ],
    [
      530,
      5530
    ],
    [
      537,
      5537
    ],
    [
      541,
      5541
    ],
    [
      556,
      5556
    ],
    [
      569,
      5569
    ],
    [
      582,
      5582
    ],
    [
      583,
      5583
    ],
    [
      584,
      5584
    ],
    [
      595,
      5595
    ],
    [
      597,
      5597
    ],
    [
      609,
      5609
    ],
    [
      639,
      5639
    ],
    [
      641,
      5641
    ],
    [
      651,
      5651
    ],
    [
      652,
      5652
    ],
    [
      660,
      5660
    ],
    [
      665,
      5665
    ],
    [
      684,
      5684
    ],
    [
      686,
      5686
    ],
    [
      690,
      5690
    ],
    [
      694,
      5694
    ],
    [
      745,
      5745
    ],
    [
      754,
      5754
    ],
    [
      765,
      5765
    ],
    [
      771,
      5771
    ],
    [
      787,
      5787
    ],
    [
      788,
      5788
    ],
    [
      799,
      5799
    ],
    [
      856,
      5856
    ],
    [
      869,
      5869
    ],
    [
      871,
      5871
    ],
    [
      876,
      5876
    ],
    [
      882,
      5882
    ],
    [
      900,
      5900
    ],
    [
      901,
      5901
    ],
    [
      907,
      5907
    ],
    [
      908,
      5908
    ],
    [
      911,
      5911
    ],
    [
      949,
      5949
    ],
    [
      961,
      5961
    ],
    [
      966,
      5966
    ],
    [
      970,
      5970
    ],
    [
      984,
      5984
    ],
    [
      1001,
      6001
    ],
    [
      1021,
      6021
    ],
    [
      1022,
      6022
    ],
    [
      1055,
      6055
    ],
    [
      1062,
      6062
    ],
    [
      1077,
      6077
    ],
    [
      1078,
      6078
    ],
    [
      1086,
      6086
    ],
    [
      1090,
      6090
    ],
    [
      1099,
      6099
    ],
    [
      1100,
      6100
    ],
    [
      1115,
      6115
    ],
    [
      1121,
      6121
    ],
    [
      1122,
      6122
    ],
    [
      1123,
      6123
    ],
    [
      1129,
      6129
    ],
    [
      1146,
      6146
    ],
    [
      1150,
      6150
    ],
    [
      1151,
      6151
    ],
    [
      1152,
      6152
    ],
    [
      1157,
      6157
    ],
    [
      1159,
      6159
    ],
    [
      1161,
      6161
    ],
    [
      1164,
      6164
    ],
    [
      1174,
      6174
    ],
    [
      1178,
      6178
    ],
    [
      1188,
      6188
    ],
    [
      1193,
      6193
    ],
    [
      1210,
      6210
    ],
    [
      1211,
      6211
    ],
    [
      1221,
      6221
    ],
    [
      1223,
      6223
    ],
    [
      1229,
      6229
    ],
    [
      1247,
      6247
    ],
    [
      1248,
      6248
    ],
    [
      1258,
      6258
    ],
    [
      1277,
      6277
    ],
    [
      1280,
      6280
    ],
    [
      1287,
      6287
    ],
    [
      1297,
      6297
    ],
    [
      1298,
      6298
    ],
    [
      1318,
      6318
    ],
    [
      1321,
      6321
    ],
    [
      1325,
      6325
    ],
    [
      1334,
      6334
    ],
    [
      1387,
      6387
    ],
    [
      1398,
      6398
    ],
    [
      1405,
      6405
    ],
    [
      1421,
      6421
    ],
    [
      1424,
      6424
    ],
    [
      1426,
      6426
    ],
    [
      1427,
      6427
    ],
    [
      1445,
      6445
    ],
    [
      1449,
      6449
    ],
    [
      1458,
      6458
    ],
    [
      1472,
      6472
    ],
    [
      1481,
      6481
    ],
    [
      1483,
      6483
    ],
    [
      1492,
      6492
    ],
    [
      1494,
      6494
    ],
    [
      1522,
      6522
    ],
    [
      1538,
      6538
    ],
    [
      1549,
      6549
    ],
    [
      1552,
      6552
    ],
    [
      1556,
      6556
    ],
    [
      1557,
      6557
    ],
    [
      1565,
      6565
    ],
    [
      1567,
      6567
    ],
    [
      1571,
      6571
    ],
    [
      1587,
      6587
    ],
    [
      1611,
      6611
    ],
    [
      1612,
      6612
    ],
    [
      1614,
      6614
    ],
    [
      1618,
      6618
    ],
    [
      1619,
      6619
    ],
    [
      1622,
      6622
    ],
    [
      1623,
      6623
    ],
    [
      1642,
      6642
    ],
    [
      1644,
      6644
    ],
    [
      1645,
      6645
    ],
    [
      1656,
      6656
    ],
    [
      1667,
      6667
    ],
    [
      1702,
      6702
    ],
    [
      1704,
      6704
    ],
    [
      1708,
      6708
    ],
    [
      1718,
      6718
    ],
    [
      1727,
      6727
    ],
    [
      1744,
      6744
    ],
    [
      1751,
      6751
    ],
    [
      1754,
      6754
    ],
    [
      1761,
      6761
    ],
    [
      1767,
      6767
    ],
    [
      1771,
      6771
    ],
    [
      1773,
      6773
    ],
    [
      1778,
      6778
    ],
    [
      1783,
      6783
    ],
    [
      1797,
      6797
    ],
    [
      1819,
      6819
    ],
    [
      1840,
      6840
    ],
    [
      1850,
      6850
    ],
    [
      1858,
      6858
    ],
    [
      1860,
      6860
    ],
    [
      1869,
      6869
    ],
    [
      1875,
      6875
    ],
    [
      1876,
      6876
    ],
    [
      1885,
      6885
    ],
    [
      1887,
      6887
    ],
    [
      1898,
      6898
    ],
    [
      1902,
      6902
    ],
    [
      1916,
      6916
    ],
    [
      1923,
      6923
    ],
    [
      1924,
      6924
    ],
    [
      1953,
      6953
    ],
    [
      1959,
      6959
    ],
    [
      1972,
      6972
    ],
    [
      1973,
      6973
    ],
    [
      1977,
      6977
    ],
    [
      1986,
      6986
    ],
    [
      1996,
      6996
    ],
    [
      2010,
      7010
    ],
    [
      2011,
      7011
    ],
    [
      2028,
      7028
    ],
    [
      2066,
      7066
    ],
    [
      2079,
      7079
    ],
    [
      2089,
      7089
    ],
    [
      2090,
      7090
    ],
    [
      2096,
      7096
    ],
    [
      2099,
      7099
    ],
    [
      2104,
      7104
    ],
    [
      2112,
      7112
    ],
    [
      2122,
      7122
    ],
    [
      2129,
      7129
    ],
    [
      2135,
      7135
    ],
    [
      2157,
      7157
    ],
    [
      2159,
      7159
    ],
    [
      2167,
      7167
    ],
    [
      2173,
      7173
    ],
    [
      2175,
      7175
    ],
    [
      2179,
      7179
    ],
    [
      2190,
      7190
    ],
    [
      2194,
      7194
    ],
    [
      2195,
      7195
    ],
    [
      2203,
      7203
    ],
    [
      2209,
      7209
    ],
    [
      2210,
      7210
    ],
    [
      2216,
      7216
    ],
    [
      2217,
      7217
    ],
    [
      2227,
      7227
    ],
    [
      2242,
      7242
    ],
    [
      2256,
      7256
    ],
    [
      2272,
      7272
    ],
    [
      2292,
      7292
    ],
    [
      2293,
      7293
    ],
    [
      2303,
      7303
    ],
    [
      2307,
      7307
    ],
    [
      2311,
      7311
    ],
    [
      2313,
      7313
    ],
    [
      2314,
      7314
    ],
    [
      2317,
      7317
    ],
    [
      2322,
      7322
    ],
    [
      2325,
      7325
    ],
    [
      2350,
      7350
    ],
    [
      2373,
      7373
    ],
    [
      2377,
      7377
    ],
    [
      2382,
      7382
    ],
    [
      2387,
      7387
    ],
    [
      2391,
      7391
    ],
    [
      2392,
      7392
    ],
    [
      2418,
      7418
    ],
    [
      2424,
      7424
    ],
    [
      2429,
      7429
    ],
    [
      2438,
      7438
    ],
    [
      2449,
      7449
    ],
    [
      2470,
      7470
    ],
    [
      2483,
      7483
    ],
    [
      2485,
      7485
    ],
    [
      2486,
      7486
    ],
    [
      2492,
      7492
    ],
    [
      2503,
      7503
    ],
    [
      2505,
      7505
    ],
    [
      2507,
      7507
    ],
    [
      2508,
      7508
    ],
    [
      2521,
      7521
    ],
    [
      2524,
      7524
    ],
    [
      2529,
      7529
    ],
    [
      2534,
      7534
    ],
    [
      2544,
      7544
    ],
    [
      2551,
      7551
    ],
    [
      2556,
      7556
    ],
    [
      2560,
      7560
    ],
    [
      2563,
      7563
    ],
    [
      2609,
      7609
    ],
    [
      2617,
      7617
    ],
    [
      2622,
      7622
    ],
    [
      2629,
      7629
    ],
    [
      2633,
      7633
    ],
    [
      2635,
      7635
    ],
    [
      2639,
      7639
    ],
    [
      2652,
      7652
    ],
    [
      2662,
      7662
    ],
    [
      2666,
      7666
    ],
    [
      2671,
      7671
    ],
    [
      2681,
      7681
    ],
    [
      2701,
      7701
    ],
    [
      2702,
      7702
    ],
    [
      2711,
      7711
    ],
    [
      2715,
      7715
    ],
    [
      2719,
      7719
    ],
    [
      2722,
      7722
    ],
    [
      2725,
      7725
    ],
    [
      2744,
      7744
    ],
    [
      2750,
      7750
    ],
    [
      2790,
      7790
    ],
    [
      2793,
      7793
    ],
    [
      2794,
      7794
    ],
    [
      2795,
      7795
    ],
    [
      2820,
      7820
    ],
    [
      2838,
      7838
    ],
    [
      2852,
      7852
    ],
    [
      2863,
      7863
    ],
    [
      2871,
      7871
    ],
    [
      2876,
      7876
    ],
    [
      2895,
      7895
    ],
    [
      2897,
      7897
    ],
    [
      2909,
      7909
    ],
    [
      2914,
      7914
    ],
    [
      2921,
      7921
    ],
    [
      2924,
      7924
    ],
    [
      2925,
      7925
    ],
    [
      2950,
      7950
    ],
    [
      2971,
      7971
    ],
    [
      2978,
      7978
    ],
    [
      2979,
      7979
    ],
    [
      2986,
      7986
    ],
    [
      2998,
      7998
    ],
    [
      2999,
      7999
    ],
    [
      3014,
      8014
    ],
    [
      3015,
      8015
    ],
    [
      3019,
      8019
    ],
    [
      3034,
      8034
    ],
    [
      3038,
      8038
    ],
    [
      3051,
      8051
    ],
    [
      3067,
      8067
    ],
    [
      3071,
      8071
    ],
    [
      3090,
      8090
    ],
    [
      3106,
      8106
    ],
    [
      3110,
      8110
    ],
    [
      3111,
      8111
    ],
    [
      3116,
      8116
    ],
    [
      3120,
      8120
    ],
    [
      3144,
      8144
    ],
    [
      3145,
      8145
    ],
    [
      3159,
      8159
    ],
    [
      3199,
      8199
    ],
    [
      3203,
      8203
    ],
    [
      3218,
      8218
    ],
    [
      3236,
      8236
    ],
    [
      3253,
      8253
    ],
    [
      3255,
      8255
    ],
    [
      3265,
      8265
    ],
    [
      3270,
      8270
    ],
    [
      3272,
      8272
    ],
    [
      3273,
      8273
    ],
    [
      3275,
      8275
    ],
    [
      3289,
      8289
    ],
    [
      3290,
      8290
    ],
    [
      3304,
      8304
    ],
    [
      3313,
      8313
    ],
    [
      3322,
      8322
    ],
    [
      3331,
      8331
    ],
    [
      3339,
      8339
    ],
    [
      3340,
      8340
    ],
    [
      3342,
      8342
    ],
    [
      3347,
      8347
    ],
    [
      3353,
      8353
    ],
    [
      3355,
      8355
    ],
    [
      3382,
      8382
    ],
    [
      3389,
      8389
    ],
    [
      3401,
      8401
    ],
    [
      3414,
      8414
    ],
    [
      3426,
      8426
    ],
    [
      3436,
      8436
    ],
    [
      3437,
      8437
    ],
    [
      3438,
      8438
    ],
    [
      3439,
      8439
    ],
    [
      3482,
      8482
    ],
    [
      3496,
      8496
    ],
    [
      3499,
      8499
    ],
    [
      3500,
      8500
    ],
    [
      3501,
      8501
    ],
    [
      3512,
      8512
    ],
    [
      3518,
      8518
    ],
    [
      3519,
      8519
    ],
    [
      3532,
      8532
    ],
    [
      3533,
      8533
    ],
    [
      3535,
      8535
    ],
    [
      3539,
      8539
    ],
    [
      3566,
      8566
    ],
    [
      3569,
      8569
    ],
    [
      3597,
      8597
    ],
    [
      3626,
      8626
    ],
    [
      3631,
      8631
    ],
    [
      3645,
      8645
    ],
    [
      3649,
      8649
    ],
    [
      3651,
      8651
    ],
    [
      3658,
      8658
    ],
    [
      3664,
      8664
    ],
    [
      3667,
      8667
    ],
    [
      3669,
      8669
    ],
    [
      3670,
      8670
    ],
    [
      3676,
      8676
    ],
    [
      3689,
      8689
    ],
    [
      3705,
      8705
    ],
    [
      3708,
      8708
    ],
    [
      3740,
      8740
    ],
    [
      3753,
      8753
    ],
    [
      3754,
      8754
    ],
    [
      3760,
      8760
    ],
    [
      3764,
      8764
    ],
    [
      3770,
      8770
    ],
    [
      3781,
      8781
    ],
    [
      3783,
      8783
    ],
    [
      3787,
      8787
    ],
    [
      3797,
      8797
    ],
    [
      3806,
      8806
    ],
    [
      3814,
      8814
    ],
    [
      3850,
      8850
    ],
    [
      3866,
      8866
    ],
    [
      3880,
      8880
    ],
    [
      3886,
      8886
    ],
    [
      3887,
      8887
    ],
    [
      3889,
      8889
    ],
    [
      3895,
      8895
    ],
    [
      3898,
      8898
    ],
    [
      3907,
      8907
    ],
    [
      3914,
      8914
    ],
    [
      3915,
      8915
    ],
    [
      3931,
      8931
    ],
    [
      3939,
      8939
    ],
    [
      3952,
      8952
    ],
    [
      3993,
      8993
    ],
    [
      3997,
      8997
    ],
    [
      4021,
      9021
    ],
    [
      4037,
      9037
    ],
    [
      4043,
      9043
    ],
    [
      4074,
      9074
    ],
    [
      4080,
      9080
    ],
    [
      4083,
      9083
    ],
    [
      4092,
      9092
    ],
    [
      4097,
      9097
    ],
    [
      4109,
      9109
    ],
    [
      4112,
      9112
    ],
    [
      4130,
      9130
    ],
    [
      4132,
      9132
    ],
    [
      4133,
      9133
    ],
    [
      4139,
      9139
    ],
    [
      4148,
      9148
    ],
    [
      4161,
      9161
    ],
    [
      4167,
      9167
    ],
    [
      4172,
      9172
    ],
    [
      4176,
      9176
    ],
    [
      4229,
      9229
    ],
    [
      4240,
      9240
    ],
    [
      4243,
      9243
    ],
    [
      4247,
      9247
    ],
    [
      4251,
      9251
    ],
    [
      4259,
      9259
    ],
    [
      4264,
      9264
    ],
    [
      4267,
      9267
    ],
    [
      4272,
      9272
    ],
    [
      4305,
      9305
    ],
    [
      4308,
      9308
    ],
    [
      4309,
      9309
    ],
    [
      4322,
      9322
    ],
    [
      4325,
      9325
    ],
    [
      4344,
      9344
    ],
    [
      4363,
      9363
    ],
    [
      4371,
      9371
    ],
    [
      4378,
      9378
    ],
    [
      4380,
      9380
    ],
    [
      4382,
      9382
    ],
    [
      4391,
      9391
    ],
    [
      4395,
      9395
    ],
    [
      4397,
      9397
    ],
    [
      4403,
      9403
    ],
    [
      4426,
      9426
    ],
    [
      4427,
      9427
    ],
    [
      4446,
      9446
    ],
    [
      4455,
      9455
    ],
    [
      4461,
      9461
    ],
    [
      4462,
      9462
    ],
    [
      4468,
      9468
    ],
    [
      4501,
      9501
    ],
    [
      4522,
      9522
    ],
    [
      4555,
      9555
    ],
    [
      4557,
      9557
    ],
    [
      4560,
      9560
    ],
    [
      4561,
      9561
    ],
    [
      4565,
      9565
    ],
    [
      4581,
      9581
    ],
    [
      4583,
      9583
    ],
    [
      4587,
      9587
    ],
    [
      4588,
      9588
    ],
    [
      4596,
      9596
    ],
    [
      4623,
      9623
    ],
    [
      4624,
      9624
    ],
    [
      4626,
      9626
    ],
    [
      4639,
      9639
    ],
    [
      4667,
      9667
    ],
    [
      4685,
      9685
    ],
    [
      4687,
      9687
    ],
    [
      4694,
      9694
    ],
    [
      4710,
      9710
    ],
    [
      4717,
      9717
    ],
    [
      4718,
      9718
    ],
    [
      4719,
      9719
    ],
    [
      4732,
      9732
    ],
    [
      4751,
      9751
    ],
    [
      4758,
      9758
    ],
    [
      4779,
      9779
    ],
    [
      4787,
      9787
    ],
    [
      4791,
      9791
    ],
    [
      4792,
      9792
    ],
    [
      4829,
      9829
    ],
    [
      4864,
      9864
    ],
    [
      4873,
      9873
    ],
    [
      4880,
      9880
    ],
    [
      4889,
      9889
    ],
    [
      4901,
      9901
    ],
    [
      4923,
      9923
    ],
    [
      4927,
      9927
    ],
    [
      4941,
      9941
    ],
    [
      4945,
      9945
    ],
    [
      4971,
      9971
    ],
    [
      4989,
      9989
    ],
    [
      4990,
      9990
    ]
  ]
}