{
  "n_true_positives": 9,
  "n_positives": 9,
  "total_time": 120.32099509239197,
  "date": "2025-01-25T19:20:33.535133",
  "backend": "BruteForce",
  "n_bins": 0,
  "eps": 12.5,
  "args": {
    "csvpath": [
      "../data/RobustBench/predictions/imagenet3dcc-AlexNet/vanilla.csv",
      "../data/RobustBench/predictions/imagenet3dcc-AlexNet/flash-4.csv"
    ],
    "eps": 12.5,
    "n_bins": 0,
    "n_examples": -1,
    "out_path": "../results/semantic//results/imagenet3dcc-AlexNet/imagenet3dcc-AlexNet-L2-12.5-flash-4.json",
    "full_output": false,
    "verbose": false,
    "randomize_order": false,
    "backend": "bf",
    "blind_cols": null,
    "pred": "pred",
    "metric": "L2"
  },
  "backend_meta": {
    "epsilon": 12.5,
    "decision_col": "pred",
    "metric": "Linf",
    "is_exact": true,
    "is_sound": true,
    "is_complete": true
  },
  "positives": [
    [
      299,
      5299
    ],
    [
      600,
      5600
    ],
    [
      1744,
      6744
    ],
    [
      2195,
      7195
    ],
    [
      2794,
      7794
    ],
    [
      3998,
      8998
    ],
    [
      4021,
      9021
    ],
    [
      4904,
      9904
    ],
    [
      6897,
      9306
    ]
  ]
}