{
  "n_true_positives": 317,
  "n_positives": 317,
  "total_time": 117.77640843391418,
  "date": "2025-01-25T19:07:52.149582",
  "backend": "BruteForce",
  "n_bins": 0,
  "eps": 12.5,
  "args": {
    "csvpath": [
      "../data/RobustBench/predictions/imagenet3dcc-AlexNet/vanilla.csv",
      "../data/RobustBench/predictions/imagenet3dcc-AlexNet/bit_error-3.csv"
    ],
    "eps": 12.5,
    "n_bins": 0,
    "n_examples": -1,
    "out_path": "../results/semantic//results/imagenet3dcc-AlexNet/imagenet3dcc-AlexNet-L2-12.5-bit_error-3.json",
    "full_output": false,
    "verbose": false,
    "randomize_order": false,
    "backend": "bf",
    "blind_cols": null,
    "pred": "pred",
    "metric": "L2"
  },
  "backend_meta": {
    "epsilon": 12.5,
    "decision_col": "pred",
    "metric": "Linf",
    "is_exact": true,
    "is_sound": true,
    "is_complete": true
  },
  "positives": [
    [
      24,
      5024
    ],
    [
      86,
      5086
    ],
    [
      104,
      5104
    ],
    [
      137,
      5137
    ],
    [
      209,
      5209
    ],
    [
      227,
      5227
    ],
    [
      234,
      5234
    ],
    [
      241,
      5241
    ],
    [
      243,
      5243
    ],
    [
      262,
      5262
    ],
    [
      302,
      5302
    ],
    [
      320,
      5320
    ],
    [
      327,
      5327
    ],
    [
      339,
      5339
    ],
    [
      347,
      5347
    ],
    [
      356,
      5356
    ],
    [
      361,
      5361
    ],
    [
      369,
      5369
    ],
    [
      370,
      5370
    ],
    [
      375,
      5375
    ],
    [
      384,
      5384
    ],
    [
      388,
      5388
    ],
    [
      394,
      5394
    ],
    [
      421,
      5421
    ],
    [
      422,
      5422
    ],
    [
      435,
      5435
    ],
    [
      453,
      5453
    ],
    [
      458,
      5458
    ],
    [
      475,
      5475
    ],
    [
      480,
      5480
    ],
    [
      484,
      5484
    ],
    [
      498,
      5498
    ],
    [
      499,
      5499
    ],
    [
      504,
      5504
    ],
    [
      508,
      5508
    ],
    [
      528,
      5528
    ],
    [
      543,
      5543
    ],
    [
      564,
      5564
    ],
    [
      569,
      5569
    ],
    [
      608,
      5608
    ],
    [
      610,
      5610
    ],
    [
      649,
      5649
    ],
    [
      673,
      5673
    ],
    [
      686,
      5686
    ],
    [
      690,
      5690
    ],
    [
      712,
      5712
    ],
    [
      734,
      5734
    ],
    [
      762,
      5762
    ],
    [
      771,
      5771
    ],
    [
      781,
      5781
    ],
    [
      790,
      5790
    ],
    [
      795,
      5795
    ],
    [
      799,
      5799
    ],
    [
      806,
      5806
    ],
    [
      816,
      5816
    ],
    [
      821,
      5821
    ],
    [
      834,
      5834
    ],
    [
      907,
      5907
    ],
    [
      908,
      5908
    ],
    [
      943,
      5943
    ],
    [
      959,
      5959
    ],
    [
      963,
      5963
    ],
    [
      970,
      5970
    ],
    [
      971,
      5971
    ],
    [
      977,
      5977
    ],
    [
      998,
      5998
    ],
    [
      1010,
      6010
    ],
    [
      1016,
      6016
    ],
    [
      1019,
      6019
    ],
    [
      1042,
      6042
    ],
    [
      1046,
      6046
    ],
    [
      1055,
      6055
    ],
    [
      1089,
      6089
    ],
    [
      1129,
      6129
    ],
    [
      1145,
      6145
    ],
    [
      1163,
      6163
    ],
    [
      1174,
      6174
    ],
    [
      1178,
      6178
    ],
    [
      1228,
      6228
    ],
    [
      1248,
      6248
    ],
    [
      1257,
      6257
    ],
    [
      1258,
      6258
    ],
    [
      1266,
      6266
    ],
    [
      1278,
      6278
    ],
    [
      1287,
      6287
    ],
    [
      1293,
      6293
    ],
    [
      1303,
      6303
    ],
    [
      1309,
      6309
    ],
    [
      1317,
      6317
    ],
    [
      1334,
      6334
    ],
    [
      1340,
      6340
    ],
    [
      1371,
      6371
    ],
    [
      1417,
      6417
    ],
    [
      1424,
      6424
    ],
    [
      1449,
      6449
    ],
    [
      1475,
      6475
    ],
    [
      1481,
      6481
    ],
    [
      1506,
      6506
    ],
    [
      1549,
      6549
    ],
    [
      1571,
      6571
    ],
    [
      1582,
      6582
    ],
    [
      1586,
      6586
    ],
    [
      1614,
      6614
    ],
    [
      1618,
      6618
    ],
    [
      1619,
      6619
    ],
    [
      1623,
      6623
    ],
    [
      1642,
      6642
    ],
    [
      1656,
      6656
    ],
    [
      1667,
      6667
    ],
    [
      1669,
      6669
    ],
    [
      1704,
      6704
    ],
    [
      1715,
      6715
    ],
    [
      1723,
      6723
    ],
    [
      1732,
      6732
    ],
    [
      1754,
      6754
    ],
    [
      1773,
      6773
    ],
    [
      1789,
      6789
    ],
    [
      1824,
      6824
    ],
    [
      1840,
      6840
    ],
    [
      1841,
      6841
    ],
    [
      1850,
      6850
    ],
    [
      1872,
      6872
    ],
    [
      1876,
      6876
    ],
    [
      1884,
      6884
    ],
    [
      1887,
      6887
    ],
    [
      1928,
      6928
    ],
    [
      1931,
      6931
    ],
    [
      1953,
      6953
    ],
    [
      1959,
      6959
    ],
    [
      1970,
      6970
    ],
    [
      1972,
      6972
    ],
    [
      1973,
      6973
    ],
    [
      1998,
      6998
    ],
    [
      2010,
      7010
    ],
    [
      2013,
      7013
    ],
    [
      2040,
      7040
    ],
    [
      2049,
      7049
    ],
    [
      2064,
      7064
    ],
    [
      2080,
      7080
    ],
    [
      2127,
      7127
    ],
    [
      2171,
      7171
    ],
    [
      2204,
      7204
    ],
    [
      2240,
      7240
    ],
    [
      2247,
      7247
    ],
    [
      2262,
      7262
    ],
    [
      2293,
      7293
    ],
    [
      2305,
      7305
    ],
    [
      2313,
      7313
    ],
    [
      2314,
      7314
    ],
    [
      2337,
      7337
    ],
    [
      2344,
      7344
    ],
    [
      2367,
      7367
    ],
    [
      2376,
      7376
    ],
    [
      2387,
      7387
    ],
    [
      2418,
      7418
    ],
    [
      2470,
      7470
    ],
    [
      2483,
      7483
    ],
    [
      2500,
      7500
    ],
    [
      2516,
      7516
    ],
    [
      2524,
      7524
    ],
    [
      2528,
      7528
    ],
    [
      2536,
      7536
    ],
    [
      2545,
      7545
    ],
    [
      2551,
      7551
    ],
    [
      2552,
      7552
    ],
    [
      2558,
      7558
    ],
    [
      2575,
      7575
    ],
    [
      2581,
      7581
    ],
    [
      2623,
      7623
    ],
    [
      2637,
      7637
    ],
    [
      2640,
      7640
    ],
    [
      2646,
      7646
    ],
    [
      2664,
      7664
    ],
    [
      2695,
      7695
    ],
    [
      2701,
      7701
    ],
    [
      2711,
      7711
    ],
    [
      2722,
      7722
    ],
    [
      2725,
      7725
    ],
    [
      2729,
      7729
    ],
    [
      2731,
      7731
    ],
    [
      2782,
      7782
    ],
    [
      2794,
      7794
    ],
    [
      2795,
      7795
    ],
    [
      2798,
      7798
    ],
    [
      2838,
      7838
    ],
    [
      2847,
      7847
    ],
    [
      2849,
      7849
    ],
    [
      2880,
      7880
    ],
    [
      2892,
      7892
    ],
    [
      2912,
      7912
    ],
    [
      2921,
      7921
    ],
    [
      2992,
      7992
    ],
    [
      2999,
      7999
    ],
    [
      3015,
      8015
    ],
    [
      3017,
      8017
    ],
    [
      3067,
      8067
    ],
    [
      3106,
      8106
    ],
    [
      3109,
      8109
    ],
    [
      3111,
      8111
    ],
    [
      3178,
      8178
    ],
    [
      3229,
      8229
    ],
    [
      3236,
      8236
    ],
    [
      3246,
      8246
    ],
    [
      3260,
      8260
    ],
    [
      3292,
      8292
    ],
    [
      3313,
      8313
    ],
    [
      3317,
      8317
    ],
    [
      3318,
      8318
    ],
    [
      3346,
      8346
    ],
    [
      3355,
      8355
    ],
    [
      3383,
      8383
    ],
    [
      3397,
      8397
    ],
    [
      3438,
      8438
    ],
    [
      3451,
      8451
    ],
    [
      3458,
      8458
    ],
    [
      3477,
      8477
    ],
    [
      3492,
      8492
    ],
    [
      3499,
      8499
    ],
    [
      3512,
      8512
    ],
    [
      3532,
      8532
    ],
    [
      3533,
      8533
    ],
    [
      3549,
      8549
    ],
    [
      3550,
      8550
    ],
    [
      3554,
      8554
    ],
    [
      3569,
      8569
    ],
    [
      3587,
      8587
    ],
    [
      3626,
      8626
    ],
    [
      3627,
      8627
    ],
    [
      3646,
      8646
    ],
    [
      3651,
      8651
    ],
    [
      3689,
      8689
    ],
    [
      3695,
      8695
    ],
    [
      3710,
      8710
    ],
    [
      3711,
      8711
    ],
    [
      3720,
      8720
    ],
    [
      3734,
      8734
    ],
    [
      3740,
      8740
    ],
    [
      3753,
      8753
    ],
    [
      3754,
      8754
    ],
    [
      3759,
      8759
    ],
    [
      3760,
      8760
    ],
    [
      3777,
      8777
    ],
    [
      3800,
      8800
    ],
    [
      3814,
      8814
    ],
    [
      3820,
      8820
    ],
    [
      3836,
      8836
    ],
    [
      3841,
      8841
    ],
    [
      3866,
      8866
    ],
    [
      3874,
      8874
    ],
    [
      3880,
      8880
    ],
    [
      3886,
      8886
    ],
    [
      3895,
      8895
    ],
    [
      3904,
      8904
    ],
    [
      3941,
      8941
    ],
    [
      3972,
      8972
    ],
    [
      3998,
      8998
    ],
    [
      4002,
      9002
    ],
    [
      4032,
      9032
    ],
    [
      4048,
      9048
    ],
    [
      4049,
      9049
    ],
    [
      4082,
      9082
    ],
    [
      4083,
      9083
    ],
    [
      4112,
      9112
    ],
    [
      4130,
      9130
    ],
    [
      4136,
      9136
    ],
    [
      4161,
      9161
    ],
    [
      4163,
      9163
    ],
    [
      4167,
      9167
    ],
    [
      4176,
      9176
    ],
    [
      4190,
      9190
    ],
    [
      4192,
      9192
    ],
    [
      4223,
      9223
    ],
    [
      4234,
      9234
    ],
    [
      4254,
      9254
    ],
    [
      4272,
      9272
    ],
    [
      4293,
      9293
    ],
    [
      4309,
      9309
    ],
    [
      4344,
      9344
    ],
    [
      4351,
      9351
    ],
    [
      4391,
      9391
    ],
    [
      4395,
      9395
    ],
    [
      4417,
      9417
    ],
    [
      4450,
      9450
    ],
    [
      4455,
      9455
    ],
    [
      4468,
      9468
    ],
    [
      4508,
      9508
    ],
    [
      4513,
      9513
    ],
    [
      4523,
      9523
    ],
    [
      4539,
      9539
    ],
    [
      4561,
      9561
    ],
    [
      4568,
      9568
    ],
    [
      4587,
      9587
    ],
    [
      4606,
      9606
    ],
    [
      4641,
      9641
    ],
    [
      4650,
      9650
    ],
    [
      4658,
      9658
    ],
    [
      4683,
      9683
    ],
    [
      4685,
      9685
    ],
    [
      4691,
      9691
    ],
    [
      4710,
      9710
    ],
    [
      4723,
      9723
    ],
    [
      4746,
      9746
    ],
    [
      4752,
      9752
    ],
    [
      4757,
      9757
    ],
    [
      4772,
      9772
    ],
    [
      4783,
      9783
    ],
    [
      4787,
      9787
    ],
    [
      4790,
      9790
    ],
    [
      4831,
      9831
    ],
    [
      4835,
      9835
    ],
    [
      4840,
      9840
    ],
    [
      4873,
      9873
    ],
    [
      4895,
      9895
    ],
    [
      4927,
      9927
    ],
    [
      4931,
      9931
    ],
    [
      4976,
      9976
    ],
    [
      4978,
      9978
    ]
  ]
}