{
  "n_true_positives": 177,
  "n_positives": 177,
  "total_time": 143.23273301124573,
  "date": "2025-01-25T19:11:18.932009",
  "backend": "BruteForce",
  "n_bins": 0,
  "eps": 12.5,
  "args": {
    "csvpath": [
      "../data/RobustBench/predictions/imagenet3dcc-AlexNet/vanilla.csv",
      "../data/RobustBench/predictions/imagenet3dcc-AlexNet/far_focus-2.csv"
    ],
    "eps": 12.5,
    "n_bins": 0,
    "n_examples": -1,
    "out_path": "../results/semantic//results/imagenet3dcc-AlexNet/imagenet3dcc-AlexNet-L2-12.5-far_focus-2.json",
    "full_output": false,
    "verbose": false,
    "randomize_order": false,
    "backend": "bf",
    "blind_cols": null,
    "pred": "pred",
    "metric": "L2"
  },
  "backend_meta": {
    "epsilon": 12.5,
    "decision_col": "pred",
    "metric": "Linf",
    "is_exact": true,
    "is_sound": true,
    "is_complete": true
  },
  "positives": [
    [
      7,
      5007
    ],
    [
      19,
      5019
    ],
    [
      120,
      5120
    ],
    [
      125,
      5125
    ],
    [
      142,
      5142
    ],
    [
      144,
      5144
    ],
    [
      146,
      5146
    ],
    [
      148,
      5148
    ],
    [
      165,
      5165
    ],
    [
      186,
      5186
    ],
    [
      192,
      5192
    ],
    [
      300,
      5300
    ],
    [
      331,
      5331
    ],
    [
      353,
      5353
    ],
    [
      370,
      5370
    ],
    [
      383,
      5383
    ],
    [
      399,
      5399
    ],
    [
      480,
      5480
    ],
    [
      501,
      5501
    ],
    [
      544,
      5544
    ],
    [
      552,
      5552
    ],
    [
      585,
      5585
    ],
    [
      602,
      5602
    ],
    [
      607,
      5607
    ],
    [
      608,
      5608
    ],
    [
      625,
      5625
    ],
    [
      649,
      5649
    ],
    [
      690,
      5690
    ],
    [
      718,
      5718
    ],
    [
      736,
      5736
    ],
    [
      751,
      5751
    ],
    [
      754,
      5754
    ],
    [
      755,
      5755
    ],
    [
      787,
      5787
    ],
    [
      788,
      5788
    ],
    [
      806,
      5806
    ],
    [
      867,
      5867
    ],
    [
      879,
      5879
    ],
    [
      896,
      5896
    ],
    [
      932,
      5932
    ],
    [
      1026,
      6026
    ],
    [
      1032,
      6032
    ],
    [
      1035,
      6035
    ],
    [
      1084,
      6084
    ],
    [
      1100,
      6100
    ],
    [
      1114,
      6114
    ],
    [
      1179,
      6179
    ],
    [
      1185,
      6185
    ],
    [
      1219,
      6219
    ],
    [
      1229,
      6229
    ],
    [
      1232,
      6232
    ],
    [
      1263,
      6263
    ],
    [
      1266,
      6266
    ],
    [
      1285,
      6285
    ],
    [
      1292,
      6292
    ],
    [
      1305,
      6305
    ],
    [
      1334,
      6334
    ],
    [
      1363,
      6363
    ],
    [
      1552,
      6552
    ],
    [
      1556,
      6556
    ],
    [
      1587,
      6587
    ],
    [
      1645,
      6645
    ],
    [
      1665,
      6665
    ],
    [
      1702,
      6702
    ],
    [
      1730,
      6730
    ],
    [
      1741,
      6741
    ],
    [
      1742,
      6742
    ],
    [
      1751,
      6751
    ],
    [
      1754,
      6754
    ],
    [
      1762,
      6762
    ],
    [
      1776,
      6776
    ],
    [
      1812,
      6812
    ],
    [
      1857,
      6857
    ],
    [
      1879,
      6879
    ],
    [
      1887,
      6887
    ],
    [
      1968,
      6968
    ],
    [
      1988,
      6988
    ],
    [
      2022,
      7022
    ],
    [
      2039,
      7039
    ],
    [
      2132,
      7132
    ],
    [
      2137,
      7137
    ],
    [
      2170,
      7170
    ],
    [
      2179,
      7179
    ],
    [
      2245,
      7245
    ],
    [
      2263,
      7263
    ],
    [
      2281,
      7281
    ],
    [
      2292,
      7292
    ],
    [
      2307,
      7307
    ],
    [
      2311,
      7311
    ],
    [
      2319,
      7319
    ],
    [
      2328,
      7328
    ],
    [
      2367,
      7367
    ],
    [
      2387,
      7387
    ],
    [
      2402,
      7402
    ],
    [
      2409,
      7409
    ],
    [
      2410,
      7410
    ],
    [
      2430,
      7430
    ],
    [
      2452,
      7452
    ],
    [
      2476,
      7476
    ],
    [
      2481,
      7481
    ],
    [
      2501,
      7501
    ],
    [
      2556,
      7556
    ],
    [
      2564,
      7564
    ],
    [
      2570,
      7570
    ],
    [
      2571,
      7571
    ],
    [
      2589,
      7589
    ],
    [
      2596,
      7596
    ],
    [
      2623,
      7623
    ],
    [
      2628,
      7628
    ],
    [
      2637,
      7637
    ],
    [
      2650,
      7650
    ],
    [
      2653,
      7653
    ],
    [
      2739,
      7739
    ],
    [
      2744,
      7744
    ],
    [
      2798,
      7798
    ],
    [
      2830,
      7830
    ],
    [
      2838,
      7838
    ],
    [
      2841,
      7841
    ],
    [
      2849,
      7849
    ],
    [
      2878,
      7878
    ],
    [
      2879,
      7879
    ],
    [
      2895,
      7895
    ],
    [
      2907,
      7907
    ],
    [
      2978,
      7978
    ],
    [
      3053,
      8053
    ],
    [
      3077,
      8077
    ],
    [
      3087,
      8087
    ],
    [
      3151,
      8151
    ],
    [
      3188,
      8188
    ],
    [
      3242,
      8242
    ],
    [
      3244,
      8244
    ],
    [
      3250,
      8250
    ],
    [
      3266,
      8266
    ],
    [
      3271,
      8271
    ],
    [
      3414,
      8414
    ],
    [
      3419,
      8419
    ],
    [
      3437,
      8437
    ],
    [
      3451,
      8451
    ],
    [
      3502,
      8502
    ],
    [
      3519,
      8519
    ],
    [
      3528,
      8528
    ],
    [
      3580,
      8580
    ],
    [
      3676,
      8676
    ],
    [
      3718,
      8718
    ],
    [
      3732,
      8732
    ],
    [
      3745,
      8745
    ],
    [
      3814,
      8814
    ],
    [
      3818,
      8818
    ],
    [
      3825,
      8825
    ],
    [
      3841,
      8841
    ],
    [
      3866,
      8866
    ],
    [
      3908,
      8908
    ],
    [
      3915,
      8915
    ],
    [
      3917,
      8917
    ],
    [
      3945,
      8945
    ],
    [
      3970,
      8970
    ],
    [
      4022,
      9022
    ],
    [
      4109,
      9109
    ],
    [
      4153,
      9153
    ],
    [
      4190,
      9190
    ],
    [
      4313,
      9313
    ],
    [
      4320,
      9320
    ],
    [
      4322,
      9322
    ],
    [
      4356,
      9356
    ],
    [
      4370,
      9370
    ],
    [
      4436,
      9436
    ],
    [
      4441,
      9441
    ],
    [
      4451,
      9451
    ],
    [
      4461,
      9461
    ],
    [
      4466,
      9466
    ],
    [
      4518,
      9518
    ],
    [
      4543,
      9543
    ],
    [
      4565,
      9565
    ],
    [
      4649,
      9649
    ],
    [
      4660,
      9660
    ],
    [
      4806,
      9806
    ],
    [
      4937,
      9937
    ]
  ]
}