{
  "n_true_positives": 22,
  "n_positives": 22,
  "total_time": 132.98642539978027,
  "date": "2025-01-25T19:06:05.927421",
  "backend": "BruteForce",
  "n_bins": 0,
  "eps": 12.5,
  "args": {
    "csvpath": [
      "../data/RobustBench/predictions/imagenet3dcc-AlexNet/vanilla.csv",
      "../data/RobustBench/predictions/imagenet3dcc-AlexNet/h265_abr-3.csv"
    ],
    "eps": 12.5,
    "n_bins": 0,
    "n_examples": -1,
    "out_path": "../results/semantic//results/imagenet3dcc-AlexNet/imagenet3dcc-AlexNet-L2-12.5-h265_abr-3.json",
    "full_output": false,
    "verbose": false,
    "randomize_order": false,
    "backend": "bf",
    "blind_cols": null,
    "pred": "pred",
    "metric": "L2"
  },
  "backend_meta": {
    "epsilon": 12.5,
    "decision_col": "pred",
    "metric": "Linf",
    "is_exact": true,
    "is_sound": true,
    "is_complete": true
  },
  "positives": [
    [
      98,
      5098
    ],
    [
      504,
      5504
    ],
    [
      754,
      5754
    ],
    [
      970,
      5970
    ],
    [
      1258,
      6258
    ],
    [
      1421,
      6421
    ],
    [
      1445,
      6445
    ],
    [
      1727,
      6727
    ],
    [
      1770,
      6770
    ],
    [
      2373,
      7373
    ],
    [
      2418,
      7418
    ],
    [
      2701,
      7701
    ],
    [
      2794,
      7794
    ],
    [
      2892,
      7892
    ],
    [
      3426,
      8426
    ],
    [
      3631,
      8631
    ],
    [
      3760,
      8760
    ],
    [
      3848,
      8848
    ],
    [
      3896,
      8896
    ],
    [
      4167,
      9167
    ],
    [
      4305,
      9305
    ],
    [
      4382,
      9382
    ]
  ]
}