{
  "n_true_positives": 30,
  "n_positives": 30,
  "total_time": 131.2388620376587,
  "date": "2025-01-25T19:21:41.948436",
  "backend": "BruteForce",
  "n_bins": 0,
  "eps": 12.5,
  "args": {
    "csvpath": [
      "../data/RobustBench/predictions/imagenet3dcc-AlexNet/vanilla.csv",
      "../data/RobustBench/predictions/imagenet3dcc-AlexNet/h265_crf-4.csv"
    ],
    "eps": 12.5,
    "n_bins": 0,
    "n_examples": -1,
    "out_path": "../results/semantic//results/imagenet3dcc-AlexNet/imagenet3dcc-AlexNet-L2-12.5-h265_crf-4.json",
    "full_output": false,
    "verbose": false,
    "randomize_order": false,
    "backend": "bf",
    "blind_cols": null,
    "pred": "pred",
    "metric": "L2"
  },
  "backend_meta": {
    "epsilon": 12.5,
    "decision_col": "pred",
    "metric": "Linf",
    "is_exact": true,
    "is_sound": true,
    "is_complete": true
  },
  "positives": [
    [
      98,
      5098
    ],
    [
      110,
      5110
    ],
    [
      384,
      5384
    ],
    [
      504,
      5504
    ],
    [
      569,
      5569
    ],
    [
      583,
      5583
    ],
    [
      787,
      5787
    ],
    [
      856,
      5856
    ],
    [
      970,
      5970
    ],
    [
      1258,
      6258
    ],
    [
      1565,
      6565
    ],
    [
      1587,
      6587
    ],
    [
      1618,
      6618
    ],
    [
      1642,
      6642
    ],
    [
      1727,
      6727
    ],
    [
      1770,
      6770
    ],
    [
      2373,
      7373
    ],
    [
      2418,
      7418
    ],
    [
      2794,
      7794
    ],
    [
      2914,
      7914
    ],
    [
      3015,
      8015
    ],
    [
      3426,
      8426
    ],
    [
      3436,
      8436
    ],
    [
      3651,
      8651
    ],
    [
      3764,
      8764
    ],
    [
      3848,
      8848
    ],
    [
      4167,
      9167
    ],
    [
      4305,
      9305
    ],
    [
      4382,
      9382
    ],
    [
      4468,
      9468
    ]
  ]
}