{
  "n_true_positives": 2090,
  "n_positives": 2090,
  "total_time": 136.1583685874939,
  "date": "2025-01-25T19:16:45.202523",
  "backend": "BruteForce",
  "n_bins": 0,
  "eps": 12.5,
  "args": {
    "csvpath": [
      "../data/RobustBench/predictions/imagenet3dcc-AlexNet/vanilla.csv",
      "../data/RobustBench/predictions/imagenet3dcc-AlexNet/fog_3d-5.csv"
    ],
    "eps": 12.5,
    "n_bins": 0,
    "n_examples": -1,
    "out_path": "../results/semantic//results/imagenet3dcc-AlexNet/imagenet3dcc-AlexNet-L2-12.5-fog_3d-5.json",
    "full_output": false,
    "verbose": false,
    "randomize_order": false,
    "backend": "bf",
    "blind_cols": null,
    "pred": "pred",
    "metric": "L2"
  },
  "backend_meta": {
    "epsilon": 12.5,
    "decision_col": "pred",
    "metric": "Linf",
    "is_exact": true,
    "is_sound": true,
    "is_complete": true
  },
  "positives": [
    [
      1889,
      6889
    ],
    [
      2261,
      7261
    ],
    [
      4774,
      9774
    ],
    [
      5001,
      6437
    ],
    [
      5001,
      8232
    ],
    [
      5008,
      5671
    ],
    [
      5008,
      5857
    ],
    [
      5008,
      6375
    ],
    [
      5008,
      6707
    ],
    [
      5008,
      7541
    ],
    [
      5008,
      7908
    ],
    [
      5008,
      8028
    ],
    [
      5008,
      8275
    ],
    [
      5008,
      9687
    ],
    [
      5008,
      9741
    ],
    [
      5010,
      5959
    ],
    [
      5010,
      7137
    ],
    [
      5010,
      8502
    ],
    [
      5010,
      9531
    ],
    [
      5019,
      5210
    ],
    [
      5019,
      5398
    ],
    [
      5019,
      8141
    ],
    [
      5019,
      9806
    ],
    [
      5025,
      6357
    ],
    [
      5025,
      7584
    ],
    [
      5025,
      7587
    ],
    [
      5028,
      7476
    ],
    [
      5029,
      9207
    ],
    [
      5034,
      5858
    ],
    [
      5034,
      6551
    ],
    [
      5034,
      9356
    ],
    [
      5038,
      5398
    ],
    [
      5038,
      7409
    ],
    [
      5038,
      7821
    ],
    [
      5038,
      8141
    ],
    [
      5038,
      8515
    ],
    [
      5038,
      8800
    ],
    [
      5038,
      9806
    ],
    [
      5040,
      5043
    ],
    [
      5040,
      5678
    ],
    [
      5040,
      5991
    ],
    [
      5040,
      6562
    ],
    [
      5040,
      7141
    ],
    [
      5040,
      7481
    ],
    [
      5040,
      7643
    ],
    [
      5040,
      7921
    ],
    [
      5040,
      8474
    ],
    [
      5040,
      8825
    ],
    [
      5040,
      9153
    ],
    [
      5040,
      9876
    ],
    [
      5043,
      6577
    ],
    [
      5043,
      6744
    ],
    [
      5043,
      7102
    ],
    [
      5043,
      8731
    ],
    [
      5046,
      7719
    ],
    [
      5046,
      7890
    ],
    [
      5046,
      8590
    ],
    [
      5046,
      8956
    ],
    [
      5049,
      5489
    ],
    [
      5049,
      5640
    ],
    [
      5049,
      6879
    ],
    [
      5049,
      8617
    ],
    [
      5049,
      9904
    ],
    [
      5052,
      6186
    ],
    [
      5052,
      6696
    ],
    [
      5052,
      7091
    ],
    [
      5052,
      7250
    ],
    [
      5052,
      8412
    ],
    [
      5052,
      8507
    ],
    [
      5052,
      8752
    ],
    [
      5052,
      9072
    ],
    [
      5052,
      9130
    ],
    [
      5062,
      9247
    ],
    [
      5073,
      5217
    ],
    [
      5073,
      8244
    ],
    [
      5073,
      8912
    ],
    [
      5073,
      9830
    ],
    [
      5077,
      5221
    ],
    [
      5077,
      8244
    ],
    [
      5082,
      5374
    ],
    [
      5082,
      5833
    ],
    [
      5082,
      6001
    ],
    [
      5082,
      7978
    ],
    [
      5082,
      8043
    ],
    [
      5090,
      5886
    ],
    [
      5090,
      6113
    ],
    [
      5090,
      6633
    ],
    [
      5090,
      8234
    ],
    [
      5090,
      9959
    ],
    [
      5110,
      5241
    ],
    [
      5110,
      6056
    ],
    [
      5110,
      6453
    ],
    [
      5120,
      5160
    ],
    [
      5120,
      5411
    ],
    [
      5120,
      5795
    ],
    [
      5120,
      6000
    ],
    [
      5120,
      6003
    ],
    [
      5120,
      6099
    ],
    [
      5120,
      6191
    ],
    [
      5120,
      6531
    ],
    [
      5120,
      7019
    ],
    [
      5120,
      7216
    ],
    [
      5120,
      8176
    ],
    [
      5120,
      8357
    ],
    [
      5120,
      8658
    ],
    [
      5120,
      9319
    ],
    [
      5120,
      9419
    ],
    [
      5125,
      8912
    ],
    [
      5125,
      9830
    ],
    [
      5128,
      5810
    ],
    [
      5128,
      5929
    ],
    [
      5128,
      6161
    ],
    [
      5128,
      6407
    ],
    [
      5128,
      7366
    ],
    [
      5128,
      7490
    ],
    [
      5128,
      8148
    ],
    [
      5128,
      8364
    ],
    [
      5128,
      8471
    ],
    [
      5128,
      9525
    ],
    [
      5136,
      5988
    ],
    [
      5136,
      6061
    ],
    [
      5136,
      6073
    ],
    [
      5136,
      9339
    ],
    [
      5139,
      9910
    ],
    [
      5141,
      5419
    ],
    [
      5141,
      5861
    ],
    [
      5141,
      6371
    ],
    [
      5141,
      6401
    ],
    [
      5141,
      6649
    ],
    [
      5141,
      6862
    ],
    [
      5141,
      7080
    ],
    [
      5141,
      8344
    ],
    [
      5141,
      9013
    ],
    [
      5141,
      9109
    ],
    [
      5141,
      9113
    ],
    [
      5141,
      9728
    ],
    [
      5143,
      8342
    ],
    [
      5143,
      8447
    ],
    [
      5143,
      9020
    ],
    [
      5145,
      5856
    ],
    [
      5145,
      9287
    ],
    [
      5155,
      6577
    ],
    [
      5155,
      6744
    ],
    [
      5155,
      7102
    ],
    [
      5155,
      8731
    ],
    [
      5157,
      5241
    ],
    [
      5164,
      6651
    ],
    [
      5164,
      7241
    ],
    [
      5164,
      8853
    ],
    [
      5164,
      9445
    ],
    [
      5164,
      9675
    ],
    [
      5167,
      7520
    ],
    [
      5176,
      7336
    ],
    [
      5176,
      7480
    ],
    [
      5176,
      8596
    ],
    [
      5176,
      8998
    ],
    [
      5178,
      5771
    ],
    [
      5178,
      7724
    ],
    [
      5178,
      7955
    ],
    [
      5194,
      5566
    ],
    [
      5194,
      5856
    ],
    [
      5194,
      6191
    ],
    [
      5194,
      6699
    ],
    [
      5194,
      6906
    ],
    [
      5194,
      6920
    ],
    [
      5194,
      9287
    ],
    [
      5201,
      5237
    ],
    [
      5201,
      5651
    ],
    [
      5201,
      7983
    ],
    [
      5201,
      8051
    ],
    [
      5201,
      9994
    ],
    [
      5208,
      5602
    ],
    [
      5208,
      7595
    ],
    [
      5208,
      8028
    ],
    [
      5210,
      6942
    ],
    [
      5210,
      9702
    ],
    [
      5211,
      7155
    ],
    [
      5211,
      7938
    ],
    [
      5211,
      8731
    ],
    [
      5211,
      9513
    ],
    [
      5214,
      6542
    ],
    [
      5217,
      5497
    ],
    [
      5217,
      7668
    ],
    [
      5217,
      8912
    ],
    [
      5217,
      8928
    ],
    [
      5217,
      9843
    ],
    [
      5217,
      9923
    ],
    [
      5219,
      6135
    ],
    [
      5219,
      6862
    ],
    [
      5219,
      8437
    ],
    [
      5228,
      5248
    ],
    [
      5228,
      8810
    ],
    [
      5233,
      5582
    ],
    [
      5233,
      5696
    ],
    [
      5233,
      5739
    ],
    [
      5233,
      5916
    ],
    [
      5233,
      6092
    ],
    [
      5233,
      6384
    ],
    [
      5233,
      7341
    ],
    [
      5233,
      7571
    ],
    [
      5233,
      8266
    ],
    [
      5233,
      8814
    ],
    [
      5233,
      9456
    ],
    [
      5233,
      9734
    ],
    [
      5235,
      7307
    ],
    [
      5235,
      7576
    ],
    [
      5235,
      7908
    ],
    [
      5235,
      9778
    ],
    [
      5236,
      5858
    ],
    [
      5236,
      6551
    ],
    [
      5236,
      9356
    ],
    [
      5237,
      5716
    ],
    [
      5237,
      5771
    ],
    [
      5237,
      9245
    ],
    [
      5241,
      5660
    ],
    [
      5241,
      5898
    ],
    [
      5241,
      6114
    ],
    [
      5241,
      6787
    ],
    [
      5241,
      9708
    ],
    [
      5246,
      5858
    ],
    [
      5246,
      6551
    ],
    [
      5246,
      9356
    ],
    [
      5248,
      5411
    ],
    [
      5248,
      5824
    ],
    [
      5248,
      6003
    ],
    [
      5248,
      6191
    ],
    [
      5248,
      6430
    ],
    [
      5248,
      7019
    ],
    [
      5248,
      7216
    ],
    [
      5248,
      7573
    ],
    [
      5248,
      8020
    ],
    [
      5248,
      8968
    ],
    [
      5248,
      9095
    ],
    [
      5248,
      9319
    ],
    [
      5248,
      9423
    ],
    [
      5248,
      9497
    ],
    [
      5248,
      9770
    ],
    [
      5248,
      9867
    ],
    [
      5257,
      6379
    ],
    [
      5257,
      8533
    ],
    [
      5257,
      9244
    ],
    [
      5263,
      6762
    ],
    [
      5263,
      6825
    ],
    [
      5263,
      8505
    ],
    [
      5263,
      9662
    ],
    [
      5263,
      9961
    ],
    [
      5265,
      7170
    ],
    [
      5265,
      7890
    ],
    [
      5265,
      8590
    ],
    [
      5265,
      8857
    ],
    [
      5265,
      9195
    ],
    [
      5279,
      8342
    ],
    [
      5279,
      8447
    ],
    [
      5279,
      9020
    ],
    [
      5287,
      9608
    ],
    [
      5288,
      5807
    ],
    [
      5288,
      6542
    ],
    [
      5289,
      9251
    ],
    [
      5291,
      5382
    ],
    [
      5291,
      6481
    ],
    [
      5291,
      7141
    ],
    [
      5291,
      8725
    ],
    [
      5293,
      5437
    ],
    [
      5293,
      5963
    ],
    [
      5293,
      5985
    ],
    [
      5293,
      6875
    ],
    [
      5293,
      7366
    ],
    [
      5293,
      7490
    ],
    [
      5293,
      8364
    ],
    [
      5293,
      9135
    ],
    [
      5293,
      9386
    ],
    [
      5294,
      5431
    ],
    [
      5294,
      5846
    ],
    [
      5294,
      5929
    ],
    [
      5294,
      6229
    ],
    [
      5294,
      7309
    ],
    [
      5294,
      7757
    ],
    [
      5294,
      7811
    ],
    [
      5294,
      8471
    ],
    [
      5294,
      9386
    ],
    [
      5299,
      7878
    ],
    [
      5299,
      8034
    ],
    [
      5299,
      8126
    ],
    [
      5299,
      8648
    ],
    [
      5300,
      5545
    ],
    [
      5300,
      6542
    ],
    [
      5300,
      7406
    ],
    [
      5300,
      8566
    ],
    [
      5300,
      9920
    ],
    [
      5302,
      7908
    ],
    [
      5302,
      7938
    ],
    [
      5304,
      5483
    ],
    [
      5304,
      5632
    ],
    [
      5304,
      5791
    ],
    [
      5304,
      6209
    ],
    [
      5304,
      6465
    ],
    [
      5304,
      6696
    ],
    [
      5304,
      6790
    ],
    [
      5304,
      6968
    ],
    [
      5304,
      7743
    ],
    [
      5304,
      8070
    ],
    [
      5304,
      8484
    ],
    [
      5304,
      8698
    ],
    [
      5304,
      8943
    ],
    [
      5304,
      9072
    ],
    [
      5304,
      9458
    ],
    [
      5305,
      6665
    ],
    [
      5305,
      9481
    ],
    [
      5322,
      6325
    ],
    [
      5331,
      6084
    ],
    [
      5331,
      6454
    ],
    [
      5331,
      7958
    ],
    [
      5341,
      7983
    ],
    [
      5344,
      5565
    ],
    [
      5344,
      7508
    ],
    [
      5344,
      8362
    ],
    [
      5344,
      8553
    ],
    [
      5359,
      5746
    ],
    [
      5359,
      6084
    ],
    [
      5359,
      7137
    ],
    [
      5359,
      7958
    ],
    [
      5359,
      9531
    ],
    [
      5372,
      5626
    ],
    [
      5372,
      5814
    ],
    [
      5372,
      5954
    ],
    [
      5372,
      6181
    ],
    [
      5372,
      6288
    ],
    [
      5372,
      7906
    ],
    [
      5372,
      9429
    ],
    [
      5372,
      9491
    ],
    [
      5372,
      9500
    ],
    [
      5374,
      5431
    ],
    [
      5374,
      5787
    ],
    [
      5374,
      5833
    ],
    [
      5374,
      6297
    ],
    [
      5374,
      6762
    ],
    [
      5374,
      6812
    ],
    [
      5374,
      7874
    ],
    [
      5374,
      7934
    ],
    [
      5374,
      7978
    ],
    [
      5374,
      8043
    ],
    [
      5374,
      9374
    ],
    [
      5374,
      9859
    ],
    [
      5374,
      9961
    ],
    [
      5375,
      5833
    ],
    [
      5375,
      7978
    ],
    [
      5381,
      5766
    ],
    [
      5381,
      7413
    ],
    [
      5381,
      9247
    ],
    [
      5381,
      9437
    ],
    [
      5382,
      5606
    ],
    [
      5382,
      6587
    ],
    [
      5382,
      7141
    ],
    [
      5382,
      7368
    ],
    [
      5382,
      7921
    ],
    [
      5382,
      8725
    ],
    [
      5382,
      8758
    ],
    [
      5382,
      8818
    ],
    [
      5382,
      9137
    ],
    [
      5382,
      9466
    ],
    [
      5396,
      5696
    ],
    [
      5396,
      5739
    ],
    [
      5396,
      6092
    ],
    [
      5396,
      6384
    ],
    [
      5396,
      7571
    ],
    [
      5396,
      8266
    ],
    [
      5396,
      8814
    ],
    [
      5396,
      9456
    ],
    [
      5396,
      9734
    ],
    [
      5398,
      6942
    ],
    [
      5398,
      8515
    ],
    [
      5398,
      8800
    ],
    [
      5398,
      8956
    ],
    [
      5398,
      9381
    ],
    [
      5398,
      9702
    ],
    [
      5398,
      9806
    ],
    [
      5404,
      8893
    ],
    [
      5411,
      6191
    ],
    [
      5411,
      6495
    ],
    [
      5411,
      7019
    ],
    [
      5415,
      6762
    ],
    [
      5415,
      6825
    ],
    [
      5415,
      8505
    ],
    [
      5415,
      9050
    ],
    [
      5415,
      9662
    ],
    [
      5417,
      6091
    ],
    [
      5417,
      6665
    ],
    [
      5417,
      7455
    ],
    [
      5417,
      7836
    ],
    [
      5417,
      8247
    ],
    [
      5417,
      8330
    ],
    [
      5417,
      8452
    ],
    [
      5417,
      9185
    ],
    [
      5417,
      9543
    ],
    [
      5419,
      6862
    ],
    [
      5419,
      8437
    ],
    [
      5425,
      5867
    ],
    [
      5425,
      6199
    ],
    [
      5425,
      6462
    ],
    [
      5425,
      7195
    ],
    [
      5425,
      7252
    ],
    [
      5425,
      7298
    ],
    [
      5425,
      7414
    ],
    [
      5425,
      7969
    ],
    [
      5425,
      8098
    ],
    [
      5425,
      8316
    ],
    [
      5425,
      8908
    ],
    [
      5425,
      9084
    ],
    [
      5431,
      5833
    ],
    [
      5431,
      6001
    ],
    [
      5431,
      7811
    ],
    [
      5431,
      8043
    ],
    [
      5431,
      8172
    ],
    [
      5432,
      6577
    ],
    [
      5432,
      7102
    ],
    [
      5432,
      7155
    ],
    [
      5432,
      8731
    ],
    [
      5432,
      9513
    ],
    [
      5442,
      5642
    ],
    [
      5442,
      5814
    ],
    [
      5442,
      6288
    ],
    [
      5442,
      6508
    ],
    [
      5442,
      6934
    ],
    [
      5442,
      8018
    ],
    [
      5442,
      9330
    ],
    [
      5442,
      9429
    ],
    [
      5442,
      9491
    ],
    [
      5443,
      8034
    ],
    [
      5448,
      5766
    ],
    [
      5448,
      6196
    ],
    [
      5448,
      7476
    ],
    [
      5448,
      9116
    ],
    [
      5455,
      7890
    ],
    [
      5455,
      8590
    ],
    [
      5455,
      8857
    ],
    [
      5471,
      6514
    ],
    [
      5471,
      7121
    ],
    [
      5480,
      5858
    ],
    [
      5480,
      6551
    ],
    [
      5483,
      6186
    ],
    [
      5483,
      6696
    ],
    [
      5483,
      7250
    ],
    [
      5483,
      7580
    ],
    [
      5483,
      8412
    ],
    [
      5483,
      8507
    ],
    [
      5483,
      9072
    ],
    [
      5483,
      9878
    ],
    [
      5490,
      8342
    ],
    [
      5490,
      8447
    ],
    [
      5490,
      9020
    ],
    [
      5497,
      8244
    ],
    [
      5501,
      5507
    ],
    [
      5501,
      7348
    ],
    [
      5501,
      7542
    ],
    [
      5501,
      7570
    ],
    [
      5501,
      7697
    ],
    [
      5501,
      8148
    ],
    [
      5507,
      7434
    ],
    [
      5507,
      9219
    ],
    [
      5508,
      6110
    ],
    [
      5509,
      8342
    ],
    [
      5509,
      8447
    ],
    [
      5509,
      9020
    ],
    [
      5519,
      6768
    ],
    [
      5519,
      7433
    ],
    [
      5519,
      8270
    ],
    [
      5519,
      8632
    ],
    [
      5519,
      8838
    ],
    [
      5535,
      6542
    ],
    [
      5539,
      6136
    ],
    [
      5539,
      6732
    ],
    [
      5539,
      7833
    ],
    [
      5544,
      7397
    ],
    [
      5544,
      9245
    ],
    [
      5545,
      5807
    ],
    [
      5545,
      6542
    ],
    [
      5545,
      8056
    ],
    [
      5557,
      6745
    ],
    [
      5557,
      7342
    ],
    [
      5564,
      7890
    ],
    [
      5564,
      8590
    ],
    [
      5564,
      8857
    ],
    [
      5565,
      7890
    ],
    [
      5565,
      8232
    ],
    [
      5565,
      8857
    ],
    [
      5566,
      5892
    ],
    [
      5566,
      6191
    ],
    [
      5566,
      6253
    ],
    [
      5566,
      6699
    ],
    [
      5566,
      6758
    ],
    [
      5566,
      7452
    ],
    [
      5566,
      8382
    ],
    [
      5566,
      8441
    ],
    [
      5566,
      8863
    ],
    [
      5566,
      8968
    ],
    [
      5566,
      9074
    ],
    [
      5566,
      9328
    ],
    [
      5566,
      9669
    ],
    [
      5566,
      9978
    ],
    [
      5570,
      7055
    ],
    [
      5573,
      6864
    ],
    [
      5573,
      7145
    ],
    [
      5575,
      7170
    ],
    [
      5575,
      7719
    ],
    [
      5582,
      8814
    ],
    [
      5583,
      6587
    ],
    [
      5583,
      7141
    ],
    [
      5583,
      7921
    ],
    [
      5583,
      8596
    ],
    [
      5583,
      8725
    ],
    [
      5583,
      8998
    ],
    [
      5585,
      5746
    ],
    [
      5585,
      6084
    ],
    [
      5585,
      6454
    ],
    [
      5585,
      7958
    ],
    [
      5591,
      7786
    ],
    [
      5591,
      9543
    ],
    [
      5591,
      9723
    ],
    [
      5600,
      7336
    ],
    [
      5602,
      6615
    ],
    [
      5602,
      7025
    ],
    [
      5605,
      6577
    ],
    [
      5605,
      6744
    ],
    [
      5605,
      7102
    ],
    [
      5605,
      8731
    ],
    [
      5606,
      5875
    ],
    [
      5606,
      6481
    ],
    [
      5606,
      7993
    ],
    [
      5606,
      8758
    ],
    [
      5606,
      8818
    ],
    [
      5606,
      9137
    ],
    [
      5608,
      9116
    ],
    [
      5613,
      5959
    ],
    [
      5623,
      7409
    ],
    [
      5624,
      9577
    ],
    [
      5626,
      5642
    ],
    [
      5626,
      8440
    ],
    [
      5626,
      9760
    ],
    [
      5627,
      5961
    ],
    [
      5632,
      6186
    ],
    [
      5632,
      6696
    ],
    [
      5632,
      7091
    ],
    [
      5632,
      7250
    ],
    [
      5632,
      7580
    ],
    [
      5632,
      8412
    ],
    [
      5632,
      8507
    ],
    [
      5632,
      8752
    ],
    [
      5632,
      9072
    ],
    [
      5632,
      9130
    ],
    [
      5632,
      9878
    ],
    [
      5635,
      6265
    ],
    [
      5635,
      8644
    ],
    [
      5640,
      5826
    ],
    [
      5641,
      6357
    ],
    [
      5641,
      7584
    ],
    [
      5641,
      7587
    ],
    [
      5642,
      5814
    ],
    [
      5642,
      5924
    ],
    [
      5642,
      6288
    ],
    [
      5642,
      6425
    ],
    [
      5642,
      6508
    ],
    [
      5642,
      6934
    ],
    [
      5642,
      8018
    ],
    [
      5642,
      8153
    ],
    [
      5642,
      8470
    ],
    [
      5642,
      9330
    ],
    [
      5642,
      9429
    ],
    [
      5642,
      9491
    ],
    [
      5642,
      9760
    ],
    [
      5651,
      5716
    ],
    [
      5651,
      5771
    ],
    [
      5651,
      6477
    ],
    [
      5651,
      7066
    ],
    [
      5651,
      7450
    ],
    [
      5651,
      7774
    ],
    [
      5651,
      7802
    ],
    [
      5651,
      9245
    ],
    [
      5658,
      6110
    ],
    [
      5660,
      6453
    ],
    [
      5669,
      7409
    ],
    [
      5669,
      8342
    ],
    [
      5669,
      9020
    ],
    [
      5670,
      8232
    ],
    [
      5670,
      8590
    ],
    [
      5670,
      8857
    ],
    [
      5670,
      9910
    ],
    [
      5671,
      7908
    ],
    [
      5671,
      7938
    ],
    [
      5683,
      7708
    ],
    [
      5686,
      9259
    ],
    [
      5687,
      7025
    ],
    [
      5689,
      6357
    ],
    [
      5689,
      7584
    ],
    [
      5689,
      7587
    ],
    [
      5690,
      6745
    ],
    [
      5690,
      7969
    ],
    [
      5690,
      8089
    ],
    [
      5690,
      8866
    ],
    [
      5695,
      5736
    ],
    [
      5696,
      5739
    ],
    [
      5696,
      7213
    ],
    [
      5696,
      7341
    ],
    [
      5696,
      8226
    ],
    [
      5696,
      8814
    ],
    [
      5696,
      9456
    ],
    [
      5696,
      9734
    ],
    [
      5698,
      6266
    ],
    [
      5698,
      8958
    ],
    [
      5698,
      9938
    ],
    [
      5705,
      6591
    ],
    [
      5705,
      6992
    ],
    [
      5705,
      7055
    ],
    [
      5705,
      7589
    ],
    [
      5705,
      7626
    ],
    [
      5705,
      8401
    ],
    [
      5705,
      8451
    ],
    [
      5705,
      8870
    ],
    [
      5705,
      8881
    ],
    [
      5705,
      9553
    ],
    [
      5707,
      6661
    ],
    [
      5707,
      8958
    ],
    [
      5707,
      9938
    ],
    [
      5710,
      7938
    ],
    [
      5710,
      8731
    ],
    [
      5712,
      7556
    ],
    [
      5712,
      8111
    ],
    [
      5715,
      9830
    ],
    [
      5716,
      8051
    ],
    [
      5716,
      9994
    ],
    [
      5720,
      7162
    ],
    [
      5722,
      6437
    ],
    [
      5722,
      6615
    ],
    [
      5722,
      7025
    ],
    [
      5722,
      8232
    ],
    [
      5722,
      9927
    ],
    [
      5725,
      6910
    ],
    [
      5725,
      8294
    ],
    [
      5725,
      8470
    ],
    [
      5732,
      6528
    ],
    [
      5732,
      8958
    ],
    [
      5732,
      9938
    ],
    [
      5736,
      6463
    ],
    [
      5736,
      6531
    ],
    [
      5736,
      8357
    ],
    [
      5736,
      8564
    ],
    [
      5736,
      8604
    ],
    [
      5739,
      6059
    ],
    [
      5739,
      6253
    ],
    [
      5739,
      6384
    ],
    [
      5739,
      6758
    ],
    [
      5739,
      7181
    ],
    [
      5739,
      7571
    ],
    [
      5739,
      7573
    ],
    [
      5739,
      7907
    ],
    [
      5739,
      8020
    ],
    [
      5739,
      8266
    ],
    [
      5739,
      8382
    ],
    [
      5739,
      8390
    ],
    [
      5739,
      8513
    ],
    [
      5739,
      8526
    ],
    [
      5739,
      8863
    ],
    [
      5739,
      9328
    ],
    [
      5739,
      9423
    ],
    [
      5739,
      9497
    ],
    [
      5739,
      9770
    ],
    [
      5739,
      9867
    ],
    [
      5746,
      6376
    ],
    [
      5746,
      6589
    ],
    [
      5746,
      7092
    ],
    [
      5746,
      7337
    ],
    [
      5746,
      7472
    ],
    [
      5746,
      8097
    ],
    [
      5746,
      8100
    ],
    [
      5746,
      9465
    ],
    [
      5750,
      7102
    ],
    [
      5754,
      7170
    ],
    [
      5754,
      7890
    ],
    [
      5754,
      9195
    ],
    [
      5755,
      7162
    ],
    [
      5759,
      6056
    ],
    [
      5759,
      9016
    ],
    [
      5766,
      6196
    ],
    [
      5766,
      6433
    ],
    [
      5766,
      7606
    ],
    [
      5766,
      7615
    ],
    [
      5766,
      7700
    ],
    [
      5766,
      8306
    ],
    [
      5766,
      8962
    ],
    [
      5766,
      9325
    ],
    [
      5771,
      8556
    ],
    [
      5771,
      9476
    ],
    [
      5771,
      9994
    ],
    [
      5786,
      6183
    ],
    [
      5787,
      5833
    ],
    [
      5787,
      6001
    ],
    [
      5787,
      7811
    ],
    [
      5787,
      8043
    ],
    [
      5787,
      8172
    ],
    [
      5791,
      6186
    ],
    [
      5791,
      6696
    ],
    [
      5791,
      7250
    ],
    [
      5791,
      9072
    ],
    [
      5791,
      9878
    ],
    [
      5795,
      5856
    ],
    [
      5795,
      6699
    ],
    [
      5795,
      9287
    ],
    [
      5797,
      6762
    ],
    [
      5797,
      6825
    ],
    [
      5797,
      9662
    ],
    [
      5801,
      5934
    ],
    [
      5801,
      6677
    ],
    [
      5806,
      8232
    ],
    [
      5806,
      9910
    ],
    [
      5807,
      6301
    ],
    [
      5807,
      6542
    ],
    [
      5807,
      6782
    ],
    [
      5807,
      6848
    ],
    [
      5807,
      7207
    ],
    [
      5807,
      7244
    ],
    [
      5807,
      9471
    ],
    [
      5807,
      9839
    ],
    [
      5810,
      5929
    ],
    [
      5810,
      6407
    ],
    [
      5810,
      6875
    ],
    [
      5810,
      7366
    ],
    [
      5810,
      7490
    ],
    [
      5810,
      8364
    ],
    [
      5810,
      8471
    ],
    [
      5810,
      9525
    ],
    [
      5813,
      6745
    ],
    [
      5813,
      7342
    ],
    [
      5814,
      5924
    ],
    [
      5814,
      6425
    ],
    [
      5814,
      8440
    ],
    [
      5814,
      9760
    ],
    [
      5824,
      6191
    ],
    [
      5824,
      6495
    ],
    [
      5824,
      6699
    ],
    [
      5824,
      7019
    ],
    [
      5826,
      6753
    ],
    [
      5826,
      6879
    ],
    [
      5826,
      8250
    ],
    [
      5826,
      8617
    ],
    [
      5826,
      9625
    ],
    [
      5826,
      9846
    ],
    [
      5826,
      9904
    ],
    [
      5833,
      6001
    ],
    [
      5833,
      6297
    ],
    [
      5833,
      6812
    ],
    [
      5833,
      7874
    ],
    [
      5833,
      7934
    ],
    [
      5833,
      9374
    ],
    [
      5833,
      9859
    ],
    [
      5842,
      7025
    ],
    [
      5842,
      8232
    ],
    [
      5842,
      9020
    ],
    [
      5842,
      9910
    ],
    [
      5842,
      9927
    ],
    [
      5846,
      7811
    ],
    [
      5846,
      7841
    ],
    [
      5846,
      8172
    ],
    [
      5856,
      5892
    ],
    [
      5856,
      6000
    ],
    [
      5856,
      6099
    ],
    [
      5856,
      6191
    ],
    [
      5856,
      6285
    ],
    [
      5856,
      6422
    ],
    [
      5856,
      6699
    ],
    [
      5856,
      6861
    ],
    [
      5856,
      7630
    ],
    [
      5856,
      8176
    ],
    [
      5856,
      8441
    ],
    [
      5856,
      8658
    ],
    [
      5856,
      9074
    ],
    [
      5856,
      9419
    ],
    [
      5856,
      9669
    ],
    [
      5856,
      9978
    ],
    [
      5857,
      7025
    ],
    [
      5857,
      7908
    ],
    [
      5858,
      5952
    ],
    [
      5858,
      6178
    ],
    [
      5858,
      6922
    ],
    [
      5858,
      7178
    ],
    [
      5858,
      8608
    ],
    [
      5861,
      6135
    ],
    [
      5861,
      6862
    ],
    [
      5861,
      8437
    ],
    [
      5861,
      9819
    ],
    [
      5867,
      6737
    ],
    [
      5867,
      8089
    ],
    [
      5867,
      9856
    ],
    [
      5873,
      6084
    ],
    [
      5873,
      6325
    ],
    [
      5873,
      6454
    ],
    [
      5873,
      7958
    ],
    [
      5875,
      6587
    ],
    [
      5875,
      7993
    ],
    [
      5875,
      8758
    ],
    [
      5875,
      8818
    ],
    [
      5875,
      9137
    ],
    [
      5875,
      9275
    ],
    [
      5879,
      6591
    ],
    [
      5879,
      6785
    ],
    [
      5879,
      8401
    ],
    [
      5879,
      8870
    ],
    [
      5879,
      9895
    ],
    [
      5881,
      8517
    ],
    [
      5881,
      8995
    ],
    [
      5882,
      8051
    ],
    [
      5892,
      6191
    ],
    [
      5892,
      6495
    ],
    [
      5892,
      6699
    ],
    [
      5892,
      6906
    ],
    [
      5892,
      6920
    ],
    [
      5892,
      7907
    ],
    [
      5892,
      9287
    ],
    [
      5892,
      9973
    ],
    [
      5894,
      9200
    ],
    [
      5898,
      6453
    ],
    [
      5911,
      6266
    ],
    [
      5911,
      6514
    ],
    [
      5911,
      7449
    ],
    [
      5916,
      6059
    ],
    [
      5916,
      6253
    ],
    [
      5916,
      6384
    ],
    [
      5916,
      6758
    ],
    [
      5916,
      7181
    ],
    [
      5916,
      7907
    ],
    [
      5916,
      8390
    ],
    [
      5916,
      8513
    ],
    [
      5916,
      8526
    ],
    [
      5916,
      8863
    ],
    [
      5917,
      8814
    ],
    [
      5917,
      9734
    ],
    [
      5921,
      6186
    ],
    [
      5921,
      6696
    ],
    [
      5921,
      7091
    ],
    [
      5921,
      7250
    ],
    [
      5921,
      7580
    ],
    [
      5921,
      8412
    ],
    [
      5921,
      8470
    ],
    [
      5921,
      8507
    ],
    [
      5921,
      8752
    ],
    [
      5921,
      9072
    ],
    [
      5921,
      9130
    ],
    [
      5924,
      6288
    ],
    [
      5924,
      6508
    ],
    [
      5924,
      8018
    ],
    [
      5924,
      9429
    ],
    [
      5929,
      7841
    ],
    [
      5934,
      6223
    ],
    [
      5934,
      6675
    ],
    [
      5947,
      9200
    ],
    [
      5951,
      6645
    ],
    [
      5952,
      6551
    ],
    [
      5952,
      9356
    ],
    [
      5954,
      6866
    ],
    [
      5954,
      8440
    ],
    [
      5954,
      9760
    ],
    [
      5955,
      7556
    ],
    [
      5959,
      7847
    ],
    [
      5959,
      8179
    ],
    [
      5959,
      8372
    ],
    [
      5959,
      8442
    ],
    [
      5959,
      8547
    ],
    [
      5959,
      9163
    ],
    [
      5959,
      9173
    ],
    [
      5960,
      6040
    ],
    [
      5961,
      6514
    ],
    [
      5961,
      7121
    ],
    [
      5965,
      7336
    ],
    [
      5969,
      6357
    ],
    [
      5969,
      6737
    ],
    [
      5969,
      9856
    ],
    [
      5981,
      6542
    ],
    [
      5982,
      7162
    ],
    [
      5988,
      6644
    ],
    [
      5991,
      6481
    ],
    [
      5991,
      6577
    ],
    [
      5991,
      6744
    ],
    [
      5991,
      7102
    ],
    [
      5991,
      7141
    ],
    [
      5991,
      7921
    ],
    [
      5991,
      8731
    ],
    [
      6000,
      6699
    ],
    [
      6000,
      9287
    ],
    [
      6001,
      6297
    ],
    [
      6001,
      6812
    ],
    [
      6001,
      7874
    ],
    [
      6001,
      7934
    ],
    [
      6001,
      7978
    ],
    [
      6001,
      8043
    ],
    [
      6001,
      9374
    ],
    [
      6001,
      9859
    ],
    [
      6003,
      6191
    ],
    [
      6003,
      6495
    ],
    [
      6003,
      7019
    ],
    [
      6026,
      6737
    ],
    [
      6026,
      6745
    ],
    [
      6026,
      7342
    ],
    [
      6026,
      9856
    ],
    [
      6031,
      7878
    ],
    [
      6031,
      8034
    ],
    [
      6031,
      8126
    ],
    [
      6031,
      8648
    ],
    [
      6031,
      8963
    ],
    [
      6032,
      6123
    ],
    [
      6032,
      8433
    ],
    [
      6034,
      7626
    ],
    [
      6035,
      7409
    ],
    [
      6040,
      6776
    ],
    [
      6040,
      7976
    ],
    [
      6040,
      8789
    ],
    [
      6040,
      8995
    ],
    [
      6040,
      9223
    ],
    [
      6044,
      6665
    ],
    [
      6044,
      9481
    ],
    [
      6045,
      6615
    ],
    [
      6045,
      7025
    ],
    [
      6045,
      9927
    ],
    [
      6056,
      6136
    ],
    [
      6056,
      6227
    ],
    [
      6056,
      6925
    ],
    [
      6056,
      7410
    ],
    [
      6056,
      8881
    ],
    [
      6059,
      6092
    ],
    [
      6059,
      7907
    ],
    [
      6059,
      9973
    ],
    [
      6061,
      6644
    ],
    [
      6073,
      6644
    ],
    [
      6073,
      8042
    ],
    [
      6073,
      9583
    ],
    [
      6084,
      6376
    ],
    [
      6084,
      6589
    ],
    [
      6084,
      7092
    ],
    [
      6084,
      7337
    ],
    [
      6084,
      7472
    ],
    [
      6084,
      7653
    ],
    [
      6084,
      8097
    ],
    [
      6084,
      8498
    ],
    [
      6084,
      9465
    ],
    [
      6091,
      6665
    ],
    [
      6092,
      6253
    ],
    [
      6092,
      6384
    ],
    [
      6092,
      6758
    ],
    [
      6092,
      7181
    ],
    [
      6092,
      7907
    ],
    [
      6092,
      8390
    ],
    [
      6092,
      8513
    ],
    [
      6092,
      8526
    ],
    [
      6092,
      8863
    ],
    [
      6099,
      6699
    ],
    [
      6099,
      9287
    ],
    [
      6100,
      6196
    ],
    [
      6100,
      9247
    ],
    [
      6100,
      9749
    ],
    [
      6107,
      6407
    ],
    [
      6107,
      6875
    ],
    [
      6107,
      9525
    ],
    [
      6110,
      6821
    ],
    [
      6110,
      7731
    ],
    [
      6110,
      7830
    ],
    [
      6110,
      8057
    ],
    [
      6110,
      8519
    ],
    [
      6110,
      8980
    ],
    [
      6110,
      9171
    ],
    [
      6110,
      9657
    ],
    [
      6114,
      6453
    ],
    [
      6117,
      6615
    ],
    [
      6117,
      7025
    ],
    [
      6123,
      7393
    ],
    [
      6123,
      7832
    ],
    [
      6123,
      7847
    ],
    [
      6123,
      8433
    ],
    [
      6123,
      8502
    ],
    [
      6135,
      7669
    ],
    [
      6135,
      7719
    ],
    [
      6135,
      9109
    ],
    [
      6135,
      9113
    ],
    [
      6136,
      6170
    ],
    [
      6136,
      6992
    ],
    [
      6136,
      7410
    ],
    [
      6136,
      8881
    ],
    [
      6136,
      9016
    ],
    [
      6136,
      9649
    ],
    [
      6136,
      9926
    ],
    [
      6155,
      6748
    ],
    [
      6155,
      8720
    ],
    [
      6158,
      8821
    ],
    [
      6161,
      6407
    ],
    [
      6161,
      6864
    ],
    [
      6161,
      7145
    ],
    [
      6161,
      7296
    ],
    [
      6161,
      8148
    ],
    [
      6161,
      8364
    ],
    [
      6161,
      9894
    ],
    [
      6170,
      6732
    ],
    [
      6179,
      6360
    ],
    [
      6179,
      7121
    ],
    [
      6179,
      8069
    ],
    [
      6179,
      8313
    ],
    [
      6179,
      9619
    ],
    [
      6181,
      6866
    ],
    [
      6181,
      9760
    ],
    [
      6183,
      6661
    ],
    [
      6186,
      6209
    ],
    [
      6186,
      6410
    ],
    [
      6186,
      6696
    ],
    [
      6186,
      6790
    ],
    [
      6186,
      7093
    ],
    [
      6186,
      7580
    ],
    [
      6186,
      7743
    ],
    [
      6186,
      8070
    ],
    [
      6186,
      8484
    ],
    [
      6186,
      9072
    ],
    [
      6186,
      9330
    ],
    [
      6186,
      9458
    ],
    [
      6191,
      6495
    ],
    [
      6191,
      6906
    ],
    [
      6191,
      6920
    ],
    [
      6191,
      7216
    ],
    [
      6191,
      8441
    ],
    [
      6191,
      8968
    ],
    [
      6191,
      9074
    ],
    [
      6191,
      9287
    ],
    [
      6191,
      9319
    ],
    [
      6191,
      9669
    ],
    [
      6191,
      9978
    ],
    [
      6193,
      6379
    ],
    [
      6193,
      8533
    ],
    [
      6193,
      9244
    ],
    [
      6195,
      7162
    ],
    [
      6196,
      6433
    ],
    [
      6196,
      7476
    ],
    [
      6196,
      7606
    ],
    [
      6196,
      7700
    ],
    [
      6196,
      8306
    ],
    [
      6196,
      9749
    ],
    [
      6199,
      7195
    ],
    [
      6199,
      7647
    ],
    [
      6201,
      6856
    ],
    [
      6201,
      7794
    ],
    [
      6204,
      8102
    ],
    [
      6206,
      6266
    ],
    [
      6206,
      6528
    ],
    [
      6206,
      8958
    ],
    [
      6206,
      9938
    ],
    [
      6209,
      6425
    ],
    [
      6209,
      6696
    ],
    [
      6209,
      7250
    ],
    [
      6209,
      7580
    ],
    [
      6209,
      8412
    ],
    [
      6209,
      8470
    ],
    [
      6209,
      8507
    ],
    [
      6209,
      9072
    ],
    [
      6209,
      9878
    ],
    [
      6222,
      7480
    ],
    [
      6222,
      8596
    ],
    [
      6222,
      8998
    ],
    [
      6223,
      6677
    ],
    [
      6227,
      6453
    ],
    [
      6229,
      7811
    ],
    [
      6253,
      6906
    ],
    [
      6253,
      6920
    ],
    [
      6253,
      7907
    ],
    [
      6253,
      9973
    ],
    [
      6260,
      7121
    ],
    [
      6260,
      7122
    ],
    [
      6260,
      8175
    ],
    [
      6264,
      7413
    ],
    [
      6264,
      9437
    ],
    [
      6264,
      9608
    ],
    [
      6265,
      8841
    ],
    [
      6265,
      8965
    ],
    [
      6266,
      6809
    ],
    [
      6266,
      7882
    ],
    [
      6266,
      8156
    ],
    [
      6266,
      8402
    ],
    [
      6266,
      9938
    ],
    [
      6272,
      6379
    ],
    [
      6272,
      8533
    ],
    [
      6272,
      9244
    ],
    [
      6279,
      7647
    ],
    [
      6279,
      8410
    ],
    [
      6279,
      9158
    ],
    [
      6285,
      9287
    ],
    [
      6288,
      6425
    ],
    [
      6288,
      8440
    ],
    [
      6288,
      9760
    ],
    [
      6290,
      6577
    ],
    [
      6290,
      6744
    ],
    [
      6290,
      7102
    ],
    [
      6290,
      8731
    ],
    [
      6295,
      6325
    ],
    [
      6296,
      6587
    ],
    [
      6296,
      7141
    ],
    [
      6296,
      7921
    ],
    [
      6296,
      8596
    ],
    [
      6296,
      8998
    ],
    [
      6297,
      7978
    ],
    [
      6297,
      8043
    ],
    [
      6298,
      7044
    ],
    [
      6301,
      6542
    ],
    [
      6325,
      6720
    ],
    [
      6325,
      6742
    ],
    [
      6325,
      7281
    ],
    [
      6325,
      8085
    ],
    [
      6325,
      8551
    ],
    [
      6325,
      8718
    ],
    [
      6325,
      9394
    ],
    [
      6348,
      6454
    ],
    [
      6348,
      7162
    ],
    [
      6348,
      7958
    ],
    [
      6355,
      7099
    ],
    [
      6357,
      6628
    ],
    [
      6357,
      6827
    ],
    [
      6357,
      7054
    ],
    [
      6357,
      7235
    ],
    [
      6357,
      7596
    ],
    [
      6357,
      8674
    ],
    [
      6360,
      6946
    ],
    [
      6360,
      7121
    ],
    [
      6360,
      8183
    ],
    [
      6360,
      8188
    ],
    [
      6360,
      8900
    ],
    [
      6360,
      9375
    ],
    [
      6360,
      9863
    ],
    [
      6371,
      6862
    ],
    [
      6372,
      9241
    ],
    [
      6375,
      7908
    ],
    [
      6376,
      7958
    ],
    [
      6379,
      6779
    ],
    [
      6379,
      7351
    ],
    [
      6379,
      9244
    ],
    [
      6384,
      7341
    ],
    [
      6384,
      7907
    ],
    [
      6384,
      9456
    ],
    [
      6384,
      9734
    ],
    [
      6401,
      6862
    ],
    [
      6401,
      8380
    ],
    [
      6406,
      9247
    ],
    [
      6410,
      6696
    ],
    [
      6410,
      7091
    ],
    [
      6410,
      7250
    ],
    [
      6410,
      7580
    ],
    [
      6410,
      8412
    ],
    [
      6410,
      8470
    ],
    [
      6410,
      8507
    ],
    [
      6410,
      8752
    ],
    [
      6410,
      9072
    ],
    [
      6410,
      9130
    ],
    [
      6422,
      9287
    ],
    [
      6425,
      6508
    ],
    [
      6425,
      6934
    ],
    [
      6425,
      7580
    ],
    [
      6425,
      8018
    ],
    [
      6425,
      9330
    ],
    [
      6425,
      9429
    ],
    [
      6425,
      9491
    ],
    [
      6430,
      8256
    ],
    [
      6430,
      8810
    ],
    [
      6433,
      7476
    ],
    [
      6433,
      9116
    ],
    [
      6453,
      6787
    ],
    [
      6454,
      6589
    ],
    [
      6454,
      7096
    ],
    [
      6454,
      7324
    ],
    [
      6454,
      7472
    ],
    [
      6454,
      7653
    ],
    [
      6454,
      9207
    ],
    [
      6454,
      9465
    ],
    [
      6462,
      7195
    ],
    [
      6462,
      7969
    ],
    [
      6462,
      8866
    ],
    [
      6465,
      9760
    ],
    [
      6465,
      9878
    ],
    [
      6468,
      9830
    ],
    [
      6474,
      9481
    ],
    [
      6477,
      7983
    ],
    [
      6477,
      8051
    ],
    [
      6481,
      6587
    ],
    [
      6481,
      6685
    ],
    [
      6481,
      7141
    ],
    [
      6481,
      7368
    ],
    [
      6481,
      7727
    ],
    [
      6481,
      7764
    ],
    [
      6481,
      7921
    ],
    [
      6481,
      8725
    ],
    [
      6481,
      8758
    ],
    [
      6481,
      8818
    ],
    [
      6481,
      9466
    ],
    [
      6485,
      6867
    ],
    [
      6485,
      9442
    ],
    [
      6495,
      6699
    ],
    [
      6495,
      7573
    ],
    [
      6495,
      8441
    ],
    [
      6495,
      8968
    ],
    [
      6495,
      9423
    ],
    [
      6495,
      9497
    ],
    [
      6495,
      9669
    ],
    [
      6495,
      9770
    ],
    [
      6508,
      7580
    ],
    [
      6508,
      8153
    ],
    [
      6508,
      8470
    ],
    [
      6514,
      6633
    ],
    [
      6514,
      7496
    ],
    [
      6514,
      7882
    ],
    [
      6514,
      8156
    ],
    [
      6514,
      9251
    ],
    [
      6519,
      7137
    ],
    [
      6519,
      8655
    ],
    [
      6519,
      9531
    ],
    [
      6528,
      7278
    ],
    [
      6528,
      7855
    ],
    [
      6528,
      9148
    ],
    [
      6542,
      6782
    ],
    [
      6542,
      6848
    ],
    [
      6542,
      7207
    ],
    [
      6542,
      7244
    ],
    [
      6542,
      7328
    ],
    [
      6542,
      7406
    ],
    [
      6542,
      8566
    ],
    [
      6542,
      9625
    ],
    [
      6542,
      9839
    ],
    [
      6542,
      9846
    ],
    [
      6542,
      9920
    ],
    [
      6545,
      9356
    ],
    [
      6551,
      6784
    ],
    [
      6551,
      7178
    ],
    [
      6551,
      8608
    ],
    [
      6556,
      8051
    ],
    [
      6562,
      6744
    ],
    [
      6577,
      6685
    ],
    [
      6577,
      6857
    ],
    [
      6577,
      7643
    ],
    [
      6577,
      7727
    ],
    [
      6577,
      7764
    ],
    [
      6577,
      7892
    ],
    [
      6577,
      7957
    ],
    [
      6577,
      8178
    ],
    [
      6577,
      8258
    ],
    [
      6577,
      8398
    ],
    [
      6577,
      8474
    ],
    [
      6577,
      8825
    ],
    [
      6577,
      9153
    ],
    [
      6577,
      9817
    ],
    [
      6577,
      9876
    ],
    [
      6586,
      8958
    ],
    [
      6587,
      7993
    ],
    [
      6587,
      8758
    ],
    [
      6587,
      8818
    ],
    [
      6587,
      9137
    ],
    [
      6589,
      7958
    ],
    [
      6591,
      6785
    ],
    [
      6591,
      7480
    ],
    [
      6591,
      7626
    ],
    [
      6591,
      8112
    ],
    [
      6591,
      8870
    ],
    [
      6591,
      9016
    ],
    [
      6591,
      9093
    ],
    [
      6595,
      9618
    ],
    [
      6595,
      9740
    ],
    [
      6615,
      8028
    ],
    [
      6615,
      9687
    ],
    [
      6615,
      9795
    ],
    [
      6628,
      7584
    ],
    [
      6628,
      9856
    ],
    [
      6637,
      8089
    ],
    [
      6637,
      8316
    ],
    [
      6637,
      8866
    ],
    [
      6637,
      8908
    ],
    [
      6637,
      9084
    ],
    [
      6644,
      8239
    ],
    [
      6649,
      6862
    ],
    [
      6649,
      8380
    ],
    [
      6651,
      7008
    ],
    [
      6651,
      7241
    ],
    [
      6651,
      8853
    ],
    [
      6651,
      9035
    ],
    [
      6665,
      6892
    ],
    [
      6665,
      7836
    ],
    [
      6665,
      8247
    ],
    [
      6665,
      8452
    ],
    [
      6665,
      8951
    ],
    [
      6665,
      9185
    ],
    [
      6665,
      9451
    ],
    [
      6665,
      9543
    ],
    [
      6675,
      6677
    ],
    [
      6677,
      7962
    ],
    [
      6685,
      6744
    ],
    [
      6685,
      7102
    ],
    [
      6685,
      7155
    ],
    [
      6685,
      8731
    ],
    [
      6685,
      9513
    ],
    [
      6687,
      7668
    ],
    [
      6687,
      8042
    ],
    [
      6687,
      9583
    ],
    [
      6689,
      8853
    ],
    [
      6696,
      6790
    ],
    [
      6696,
      7091
    ],
    [
      6696,
      7250
    ],
    [
      6696,
      7743
    ],
    [
      6696,
      8070
    ],
    [
      6696,
      8412
    ],
    [
      6696,
      8470
    ],
    [
      6696,
      8484
    ],
    [
      6696,
      8507
    ],
    [
      6696,
      8752
    ],
    [
      6696,
      9130
    ],
    [
      6696,
      9330
    ],
    [
      6696,
      9458
    ],
    [
      6696,
      9878
    ],
    [
      6699,
      6906
    ],
    [
      6699,
      6920
    ],
    [
      6699,
      7452
    ],
    [
      6699,
      8441
    ],
    [
      6699,
      8968
    ],
    [
      6699,
      9074
    ],
    [
      6699,
      9287
    ],
    [
      6699,
      9419
    ],
    [
      6699,
      9669
    ],
    [
      6699,
      9973
    ],
    [
      6699,
      9978
    ],
    [
      6707,
      7908
    ],
    [
      6718,
      7025
    ],
    [
      6718,
      8232
    ],
    [
      6718,
      8342
    ],
    [
      6718,
      8447
    ],
    [
      6718,
      9020
    ],
    [
      6718,
      9910
    ],
    [
      6718,
      9927
    ],
    [
      6719,
      8945
    ],
    [
      6721,
      7647
    ],
    [
      6721,
      9158
    ],
    [
      6732,
      8881
    ],
    [
      6732,
      9016
    ],
    [
      6732,
      9926
    ],
    [
      6732,
      9997
    ],
    [
      6737,
      6827
    ],
    [
      6737,
      7342
    ],
    [
      6737,
      8674
    ],
    [
      6737,
      9084
    ],
    [
      6737,
      9856
    ],
    [
      6744,
      6857
    ],
    [
      6744,
      7481
    ],
    [
      6744,
      7643
    ],
    [
      6744,
      7727
    ],
    [
      6744,
      7764
    ],
    [
      6744,
      7921
    ],
    [
      6744,
      7957
    ],
    [
      6744,
      8178
    ],
    [
      6744,
      8474
    ],
    [
      6744,
      8825
    ],
    [
      6744,
      9153
    ],
    [
      6744,
      9466
    ],
    [
      6744,
      9817
    ],
    [
      6744,
      9876
    ],
    [
      6745,
      7034
    ],
    [
      6745,
      9084
    ],
    [
      6745,
      9755
    ],
    [
      6747,
      7878
    ],
    [
      6747,
      8034
    ],
    [
      6747,
      8126
    ],
    [
      6748,
      8648
    ],
    [
      6748,
      8963
    ],
    [
      6758,
      6906
    ],
    [
      6758,
      6920
    ],
    [
      6758,
      7907
    ],
    [
      6758,
      9973
    ],
    [
      6768,
      7794
    ],
    [
      6776,
      8380
    ],
    [
      6779,
      8313
    ],
    [
      6779,
      8533
    ],
    [
      6779,
      9244
    ],
    [
      6779,
      9619
    ],
    [
      6790,
      7250
    ],
    [
      6790,
      7580
    ],
    [
      6790,
      8412
    ],
    [
      6790,
      8507
    ],
    [
      6790,
      9072
    ],
    [
      6790,
      9878
    ],
    [
      6809,
      7449
    ],
    [
      6809,
      9938
    ],
    [
      6812,
      8043
    ],
    [
      6812,
      8172
    ],
    [
      6814,
      7719
    ],
    [
      6814,
      8956
    ],
    [
      6814,
      9013
    ],
    [
      6821,
      7978
    ],
    [
      6822,
      7719
    ],
    [
      6823,
      7413
    ],
    [
      6823,
      9116
    ],
    [
      6823,
      9437
    ],
    [
      6823,
      9608
    ],
    [
      6827,
      9856
    ],
    [
      6833,
      8232
    ],
    [
      6833,
      9020
    ],
    [
      6833,
      9910
    ],
    [
      6857,
      7102
    ],
    [
      6857,
      8731
    ],
    [
      6861,
      9287
    ],
    [
      6862,
      8437
    ],
    [
      6862,
      9013
    ],
    [
      6862,
      9109
    ],
    [
      6862,
      9113
    ],
    [
      6862,
      9728
    ],
    [
      6865,
      8789
    ],
    [
      6865,
      8995
    ],
    [
      6866,
      7346
    ],
    [
      6866,
      8580
    ],
    [
      6878,
      7938
    ],
    [
      6878,
      8731
    ],
    [
      6892,
      9116
    ],
    [
      6906,
      7452
    ],
    [
      6906,
      8382
    ],
    [
      6906,
      8441
    ],
    [
      6906,
      8863
    ],
    [
      6906,
      8968
    ],
    [
      6906,
      9074
    ],
    [
      6906,
      9328
    ],
    [
      6906,
      9669
    ],
    [
      6906,
      9978
    ],
    [
      6910,
      7093
    ],
    [
      6910,
      8678
    ],
    [
      6920,
      7452
    ],
    [
      6920,
      8382
    ],
    [
      6920,
      8441
    ],
    [
      6920,
      8863
    ],
    [
      6920,
      8968
    ],
    [
      6920,
      9074
    ],
    [
      6920,
      9328
    ],
    [
      6920,
      9669
    ],
    [
      6920,
      9978
    ],
    [
      6922,
      9356
    ],
    [
      6923,
      8596
    ],
    [
      6923,
      8998
    ],
    [
      6934,
      7580
    ],
    [
      6934,
      8470
    ],
    [
      6934,
      9760
    ],
    [
      6942,
      8141
    ],
    [
      6942,
      9806
    ],
    [
      6946,
      7121
    ],
    [
      6946,
      8069
    ],
    [
      6947,
      7162
    ],
    [
      6968,
      9878
    ],
    [
      6974,
      7878
    ],
    [
      6974,
      8034
    ],
    [
      6974,
      8126
    ],
    [
      6974,
      8648
    ],
    [
      6974,
      8963
    ],
    [
      6992,
      8112
    ],
    [
      6992,
      9016
    ],
    [
      7003,
      7969
    ],
    [
      7003,
      8089
    ],
    [
      7003,
      8866
    ],
    [
      7008,
      7241
    ],
    [
      7008,
      8853
    ],
    [
      7008,
      9445
    ],
    [
      7008,
      9675
    ],
    [
      7019,
      7216
    ],
    [
      7019,
      8968
    ],
    [
      7019,
      9095
    ],
    [
      7019,
      9319
    ],
    [
      7022,
      8810
    ],
    [
      7025,
      7564
    ],
    [
      7025,
      7595
    ],
    [
      7025,
      8028
    ],
    [
      7025,
      8275
    ],
    [
      7025,
      9687
    ],
    [
      7025,
      9795
    ],
    [
      7033,
      7397
    ],
    [
      7033,
      9600
    ],
    [
      7034,
      7969
    ],
    [
      7034,
      8089
    ],
    [
      7034,
      8866
    ],
    [
      7044,
      8226
    ],
    [
      7044,
      8814
    ],
    [
      7044,
      9456
    ],
    [
      7044,
      9734
    ],
    [
      7051,
      7280
    ],
    [
      7051,
      7508
    ],
    [
      7054,
      7584
    ],
    [
      7054,
      7587
    ],
    [
      7055,
      7626
    ],
    [
      7055,
      8112
    ],
    [
      7055,
      8870
    ],
    [
      7066,
      8051
    ],
    [
      7066,
      9994
    ],
    [
      7091,
      7093
    ],
    [
      7091,
      7304
    ],
    [
      7091,
      7580
    ],
    [
      7091,
      7808
    ],
    [
      7091,
      8428
    ],
    [
      7091,
      8484
    ],
    [
      7091,
      9072
    ],
    [
      7092,
      7547
    ],
    [
      7092,
      7958
    ],
    [
      7092,
      8655
    ],
    [
      7093,
      7250
    ],
    [
      7093,
      8412
    ],
    [
      7093,
      8507
    ],
    [
      7093,
      8752
    ],
    [
      7093,
      9130
    ],
    [
      7096,
      7958
    ],
    [
      7099,
      7493
    ],
    [
      7099,
      8566
    ],
    [
      7102,
      7643
    ],
    [
      7102,
      7727
    ],
    [
      7102,
      7764
    ],
    [
      7102,
      7892
    ],
    [
      7102,
      7957
    ],
    [
      7102,
      8178
    ],
    [
      7102,
      8258
    ],
    [
      7102,
      8398
    ],
    [
      7102,
      8474
    ],
    [
      7102,
      8825
    ],
    [
      7102,
      9153
    ],
    [
      7102,
      9385
    ],
    [
      7102,
      9817
    ],
    [
      7102,
      9876
    ],
    [
      7121,
      8069
    ],
    [
      7121,
      8188
    ],
    [
      7121,
      8900
    ],
    [
      7122,
      7591
    ],
    [
      7122,
      8151
    ],
    [
      7122,
      9569
    ],
    [
      7122,
      9993
    ],
    [
      7137,
      7547
    ],
    [
      7137,
      8097
    ],
    [
      7137,
      8179
    ],
    [
      7137,
      8372
    ],
    [
      7137,
      8442
    ],
    [
      7137,
      8498
    ],
    [
      7137,
      8655
    ],
    [
      7137,
      9531
    ],
    [
      7141,
      8758
    ],
    [
      7141,
      8818
    ],
    [
      7141,
      9137
    ],
    [
      7141,
      9466
    ],
    [
      7148,
      7413
    ],
    [
      7148,
      9437
    ],
    [
      7155,
      7764
    ],
    [
      7155,
      8758
    ],
    [
      7155,
      8818
    ],
    [
      7155,
      9412
    ],
    [
      7155,
      9540
    ],
    [
      7158,
      7780
    ],
    [
      7162,
      7217
    ],
    [
      7162,
      7263
    ],
    [
      7162,
      7324
    ],
    [
      7162,
      7900
    ],
    [
      7162,
      8369
    ],
    [
      7162,
      8669
    ],
    [
      7162,
      8762
    ],
    [
      7162,
      9126
    ],
    [
      7162,
      9166
    ],
    [
      7162,
      9394
    ],
    [
      7162,
      9542
    ],
    [
      7167,
      8242
    ],
    [
      7167,
      8932
    ],
    [
      7170,
      9195
    ],
    [
      7170,
      9606
    ],
    [
      7178,
      9356
    ],
    [
      7181,
      7907
    ],
    [
      7181,
      9973
    ],
    [
      7195,
      7252
    ],
    [
      7195,
      7298
    ],
    [
      7195,
      7414
    ],
    [
      7195,
      8098
    ],
    [
      7213,
      7245
    ],
    [
      7213,
      8020
    ],
    [
      7213,
      8266
    ],
    [
      7235,
      7584
    ],
    [
      7235,
      7587
    ],
    [
      7241,
      8111
    ],
    [
      7241,
      9035
    ],
    [
      7241,
      9445
    ],
    [
      7241,
      9675
    ],
    [
      7245,
      7341
    ],
    [
      7245,
      8226
    ],
    [
      7245,
      8810
    ],
    [
      7250,
      7580
    ],
    [
      7250,
      7743
    ],
    [
      7250,
      8070
    ],
    [
      7250,
      8484
    ],
    [
      7250,
      9072
    ],
    [
      7250,
      9330
    ],
    [
      7250,
      9458
    ],
    [
      7252,
      7969
    ],
    [
      7252,
      8866
    ],
    [
      7278,
      8958
    ],
    [
      7278,
      9148
    ],
    [
      7278,
      9938
    ],
    [
      7304,
      8412
    ],
    [
      7304,
      8507
    ],
    [
      7304,
      8752
    ],
    [
      7304,
      9130
    ],
    [
      7307,
      8066
    ],
    [
      7309,
      7841
    ],
    [
      7334,
      7890
    ],
    [
      7334,
      8590
    ],
    [
      7334,
      9195
    ],
    [
      7336,
      7480
    ],
    [
      7336,
      8646
    ],
    [
      7336,
      9150
    ],
    [
      7336,
      9553
    ],
    [
      7336,
      9804
    ],
    [
      7337,
      7958
    ],
    [
      7341,
      7571
    ],
    [
      7341,
      7573
    ],
    [
      7341,
      8020
    ],
    [
      7341,
      8266
    ],
    [
      7341,
      9497
    ],
    [
      7341,
      9867
    ],
    [
      7342,
      9755
    ],
    [
      7348,
      7434
    ],
    [
      7348,
      7841
    ],
    [
      7348,
      9219
    ],
    [
      7351,
      8533
    ],
    [
      7364,
      7938
    ],
    [
      7368,
      8725
    ],
    [
      7368,
      9513
    ],
    [
      7378,
      7647
    ],
    [
      7378,
      8958
    ],
    [
      7383,
      7938
    ],
    [
      7383,
      9259
    ],
    [
      7393,
      7847
    ],
    [
      7393,
      8433
    ],
    [
      7393,
      9163
    ],
    [
      7393,
      9173
    ],
    [
      7397,
      9476
    ],
    [
      7400,
      7480
    ],
    [
      7400,
      8596
    ],
    [
      7400,
      8870
    ],
    [
      7406,
      8056
    ],
    [
      7409,
      7812
    ],
    [
      7409,
      7821
    ],
    [
      7409,
      7995
    ],
    [
      7409,
      8515
    ],
    [
      7409,
      8800
    ],
    [
      7409,
      9806
    ],
    [
      7413,
      7615
    ],
    [
      7413,
      8962
    ],
    [
      7413,
      9325
    ],
    [
      7434,
      7542
    ],
    [
      7434,
      7570
    ],
    [
      7434,
      7697
    ],
    [
      7434,
      8148
    ],
    [
      7445,
      8866
    ],
    [
      7449,
      7882
    ],
    [
      7449,
      8156
    ],
    [
      7449,
      8402
    ],
    [
      7450,
      7983
    ],
    [
      7450,
      8051
    ],
    [
      7452,
      7907
    ],
    [
      7452,
      9973
    ],
    [
      7455,
      9200
    ],
    [
      7465,
      9247
    ],
    [
      7472,
      7958
    ],
    [
      7476,
      7606
    ],
    [
      7476,
      7700
    ],
    [
      7476,
      8306
    ],
    [
      7480,
      7818
    ],
    [
      7480,
      8646
    ],
    [
      7480,
      8870
    ],
    [
      7480,
      9150
    ],
    [
      7480,
      9553
    ],
    [
      7480,
      9624
    ],
    [
      7480,
      9804
    ],
    [
      7508,
      8232
    ],
    [
      7508,
      8857
    ],
    [
      7508,
      9910
    ],
    [
      7541,
      7908
    ],
    [
      7542,
      9219
    ],
    [
      7545,
      7878
    ],
    [
      7545,
      8034
    ],
    [
      7545,
      8126
    ],
    [
      7545,
      8648
    ],
    [
      7547,
      8097
    ],
    [
      7556,
      9218
    ],
    [
      7564,
      9927
    ],
    [
      7570,
      9219
    ],
    [
      7571,
      8814
    ],
    [
      7571,
      9456
    ],
    [
      7571,
      9734
    ],
    [
      7573,
      8256
    ],
    [
      7573,
      8810
    ],
    [
      7576,
      8066
    ],
    [
      7580,
      7743
    ],
    [
      7580,
      8018
    ],
    [
      7580,
      8070
    ],
    [
      7580,
      8412
    ],
    [
      7580,
      8470
    ],
    [
      7580,
      8484
    ],
    [
      7580,
      8507
    ],
    [
      7580,
      8752
    ],
    [
      7580,
      9130
    ],
    [
      7580,
      9330
    ],
    [
      7580,
      9458
    ],
    [
      7584,
      7587
    ],
    [
      7584,
      7596
    ],
    [
      7587,
      7596
    ],
    [
      7587,
      8175
    ],
    [
      7587,
      8536
    ],
    [
      7589,
      7626
    ],
    [
      7591,
      8175
    ],
    [
      7615,
      9247
    ],
    [
      7615,
      9437
    ],
    [
      7615,
      9749
    ],
    [
      7626,
      7818
    ],
    [
      7626,
      8112
    ],
    [
      7626,
      8401
    ],
    [
      7626,
      8451
    ],
    [
      7626,
      8870
    ],
    [
      7626,
      9016
    ],
    [
      7626,
      9093
    ],
    [
      7626,
      9553
    ],
    [
      7630,
      9287
    ],
    [
      7637,
      8980
    ],
    [
      7637,
      9657
    ],
    [
      7643,
      8731
    ],
    [
      7647,
      8098
    ],
    [
      7647,
      8410
    ],
    [
      7648,
      7969
    ],
    [
      7648,
      8866
    ],
    [
      7650,
      8912
    ],
    [
      7650,
      9830
    ],
    [
      7653,
      7958
    ],
    [
      7668,
      8239
    ],
    [
      7668,
      8244
    ],
    [
      7669,
      9819
    ],
    [
      7697,
      9219
    ],
    [
      7700,
      9116
    ],
    [
      7719,
      8956
    ],
    [
      7725,
      7908
    ],
    [
      7725,
      7938
    ],
    [
      7727,
      8731
    ],
    [
      7743,
      9072
    ],
    [
      7743,
      9878
    ],
    [
      7757,
      7811
    ],
    [
      7757,
      8172
    ],
    [
      7764,
      8731
    ],
    [
      7764,
      9513
    ],
    [
      7774,
      7983
    ],
    [
      7774,
      8051
    ],
    [
      7808,
      8752
    ],
    [
      7808,
      9130
    ],
    [
      7811,
      8172
    ],
    [
      7811,
      9374
    ],
    [
      7811,
      9386
    ],
    [
      7811,
      9859
    ],
    [
      7818,
      8596
    ],
    [
      7818,
      8870
    ],
    [
      7821,
      8956
    ],
    [
      7830,
      7978
    ],
    [
      7832,
      8433
    ],
    [
      7841,
      8471
    ],
    [
      7841,
      9358
    ],
    [
      7843,
      8244
    ],
    [
      7847,
      8502
    ],
    [
      7847,
      9531
    ],
    [
      7855,
      8958
    ],
    [
      7855,
      9148
    ],
    [
      7855,
      9938
    ],
    [
      7868,
      8980
    ],
    [
      7874,
      8043
    ],
    [
      7874,
      8172
    ],
    [
      7878,
      8034
    ],
    [
      7878,
      8126
    ],
    [
      7878,
      9979
    ],
    [
      7890,
      8362
    ],
    [
      7890,
      8553
    ],
    [
      7890,
      9606
    ],
    [
      7890,
      9654
    ],
    [
      7892,
      8731
    ],
    [
      7904,
      8590
    ],
    [
      7906,
      8440
    ],
    [
      7907,
      8382
    ],
    [
      7907,
      8390
    ],
    [
      7907,
      8441
    ],
    [
      7907,
      8513
    ],
    [
      7907,
      8526
    ],
    [
      7907,
      8863
    ],
    [
      7907,
      9328
    ],
    [
      7907,
      9669
    ],
    [
      7908,
      8025
    ],
    [
      7908,
      8066
    ],
    [
      7908,
      8275
    ],
    [
      7908,
      9741
    ],
    [
      7908,
      9778
    ],
    [
      7921,
      8758
    ],
    [
      7921,
      8818
    ],
    [
      7921,
      9137
    ],
    [
      7921,
      9466
    ],
    [
      7934,
      8043
    ],
    [
      7934,
      8172
    ],
    [
      7938,
      8025
    ],
    [
      7938,
      8045
    ],
    [
      7938,
      9412
    ],
    [
      7938,
      9518
    ],
    [
      7938,
      9580
    ],
    [
      7955,
      9476
    ],
    [
      7957,
      8731
    ],
    [
      7958,
      8097
    ],
    [
      7958,
      8498
    ],
    [
      7958,
      9394
    ],
    [
      7958,
      9465
    ],
    [
      7969,
      8316
    ],
    [
      7969,
      8908
    ],
    [
      7973,
      8866
    ],
    [
      7973,
      9077
    ],
    [
      7978,
      7981
    ],
    [
      7978,
      9141
    ],
    [
      7983,
      9245
    ],
    [
      7985,
      8596
    ],
    [
      7985,
      8998
    ],
    [
      7993,
      8725
    ],
    [
      8018,
      8470
    ],
    [
      8020,
      8256
    ],
    [
      8025,
      9259
    ],
    [
      8026,
      8313
    ],
    [
      8026,
      9619
    ],
    [
      8028,
      9927
    ],
    [
      8034,
      8648
    ],
    [
      8034,
      8838
    ],
    [
      8034,
      9979
    ],
    [
      8042,
      8239
    ],
    [
      8043,
      8172
    ],
    [
      8043,
      9374
    ],
    [
      8043,
      9859
    ],
    [
      8051,
      9119
    ],
    [
      8051,
      9181
    ],
    [
      8056,
      8566
    ],
    [
      8056,
      9625
    ],
    [
      8056,
      9846
    ],
    [
      8056,
      9920
    ],
    [
      8066,
      9778
    ],
    [
      8069,
      8183
    ],
    [
      8069,
      8188
    ],
    [
      8069,
      8900
    ],
    [
      8069,
      9375
    ],
    [
      8069,
      9863
    ],
    [
      8070,
      8412
    ],
    [
      8070,
      8507
    ],
    [
      8070,
      9072
    ],
    [
      8070,
      9878
    ],
    [
      8071,
      9116
    ],
    [
      8089,
      8316
    ],
    [
      8089,
      9084
    ],
    [
      8089,
      9504
    ],
    [
      8097,
      8655
    ],
    [
      8097,
      9531
    ],
    [
      8102,
      9819
    ],
    [
      8112,
      8401
    ],
    [
      8112,
      8870
    ],
    [
      8112,
      8881
    ],
    [
      8112,
      8885
    ],
    [
      8112,
      9895
    ],
    [
      8126,
      8648
    ],
    [
      8126,
      9979
    ],
    [
      8141,
      8515
    ],
    [
      8141,
      8800
    ],
    [
      8141,
      8956
    ],
    [
      8141,
      9381
    ],
    [
      8141,
      9702
    ],
    [
      8141,
      9806
    ],
    [
      8148,
      9219
    ],
    [
      8151,
      8175
    ],
    [
      8153,
      8409
    ],
    [
      8156,
      8175
    ],
    [
      8172,
      9374
    ],
    [
      8172,
      9859
    ],
    [
      8175,
      8536
    ],
    [
      8175,
      9569
    ],
    [
      8175,
      9993
    ],
    [
      8176,
      9287
    ],
    [
      8178,
      8731
    ],
    [
      8179,
      9531
    ],
    [
      8179,
      9975
    ],
    [
      8183,
      8313
    ],
    [
      8183,
      9244
    ],
    [
      8183,
      9619
    ],
    [
      8188,
      8313
    ],
    [
      8188,
      9619
    ],
    [
      8226,
      8266
    ],
    [
      8232,
      8553
    ],
    [
      8239,
      9583
    ],
    [
      8242,
      8517
    ],
    [
      8242,
      9618
    ],
    [
      8244,
      8897
    ],
    [
      8244,
      8928
    ],
    [
      8244,
      9315
    ],
    [
      8244,
      9843
    ],
    [
      8244,
      9923
    ],
    [
      8256,
      8968
    ],
    [
      8256,
      9423
    ],
    [
      8256,
      9497
    ],
    [
      8256,
      9770
    ],
    [
      8256,
      9867
    ],
    [
      8258,
      8731
    ],
    [
      8266,
      8814
    ],
    [
      8266,
      9456
    ],
    [
      8266,
      9734
    ],
    [
      8294,
      8409
    ],
    [
      8306,
      9116
    ],
    [
      8306,
      9608
    ],
    [
      8313,
      8900
    ],
    [
      8313,
      9244
    ],
    [
      8313,
      9375
    ],
    [
      8313,
      9863
    ],
    [
      8316,
      8866
    ],
    [
      8330,
      9200
    ],
    [
      8342,
      8447
    ],
    [
      8342,
      9070
    ],
    [
      8342,
      9235
    ],
    [
      8342,
      9725
    ],
    [
      8359,
      8841
    ],
    [
      8362,
      8590
    ],
    [
      8362,
      8857
    ],
    [
      8372,
      8502
    ],
    [
      8372,
      9531
    ],
    [
      8380,
      9728
    ],
    [
      8382,
      9973
    ],
    [
      8390,
      9973
    ],
    [
      8398,
      8731
    ],
    [
      8401,
      8870
    ],
    [
      8401,
      9016
    ],
    [
      8401,
      9093
    ],
    [
      8402,
      9938
    ],
    [
      8408,
      9251
    ],
    [
      8409,
      8470
    ],
    [
      8412,
      8484
    ],
    [
      8412,
      9072
    ],
    [
      8428,
      8752
    ],
    [
      8428,
      9130
    ],
    [
      8433,
      8502
    ],
    [
      8433,
      9975
    ],
    [
      8437,
      9013
    ],
    [
      8437,
      9109
    ],
    [
      8440,
      9429
    ],
    [
      8440,
      9491
    ],
    [
      8440,
      9500
    ],
    [
      8441,
      9287
    ],
    [
      8441,
      9973
    ],
    [
      8442,
      8655
    ],
    [
      8442,
      9531
    ],
    [
      8447,
      9020
    ],
    [
      8447,
      9070
    ],
    [
      8447,
      9235
    ],
    [
      8447,
      9725
    ],
    [
      8447,
      9731
    ],
    [
      8470,
      9072
    ],
    [
      8470,
      9330
    ],
    [
      8474,
      8731
    ],
    [
      8484,
      8507
    ],
    [
      8484,
      8752
    ],
    [
      8484,
      9072
    ],
    [
      8484,
      9130
    ],
    [
      8484,
      9878
    ],
    [
      8491,
      9013
    ],
    [
      8498,
      9531
    ],
    [
      8502,
      8547
    ],
    [
      8502,
      9163
    ],
    [
      8502,
      9173
    ],
    [
      8507,
      9072
    ],
    [
      8513,
      9973
    ],
    [
      8515,
      8956
    ],
    [
      8515,
      9381
    ],
    [
      8517,
      8932
    ],
    [
      8533,
      9244
    ],
    [
      8547,
      9531
    ],
    [
      8549,
      9927
    ],
    [
      8553,
      8857
    ],
    [
      8553,
      9910
    ],
    [
      8556,
      9245
    ],
    [
      8596,
      8646
    ],
    [
      8596,
      9150
    ],
    [
      8596,
      9624
    ],
    [
      8596,
      9804
    ],
    [
      8608,
      9356
    ],
    [
      8646,
      9776
    ],
    [
      8648,
      8838
    ],
    [
      8658,
      9287
    ],
    [
      8674,
      9856
    ],
    [
      8698,
      9878
    ],
    [
      8725,
      8758
    ],
    [
      8725,
      8818
    ],
    [
      8725,
      9137
    ],
    [
      8725,
      9466
    ],
    [
      8731,
      8825
    ],
    [
      8731,
      9153
    ],
    [
      8731,
      9385
    ],
    [
      8731,
      9817
    ],
    [
      8731,
      9876
    ],
    [
      8752,
      9072
    ],
    [
      8758,
      9513
    ],
    [
      8773,
      9115
    ],
    [
      8800,
      8956
    ],
    [
      8800,
      9381
    ],
    [
      8810,
      9095
    ],
    [
      8810,
      9497
    ],
    [
      8810,
      9867
    ],
    [
      8814,
      9236
    ],
    [
      8818,
      9513
    ],
    [
      8821,
      9243
    ],
    [
      8853,
      9035
    ],
    [
      8853,
      9445
    ],
    [
      8853,
      9675
    ],
    [
      8859,
      9895
    ],
    [
      8863,
      9973
    ],
    [
      8866,
      8908
    ],
    [
      8866,
      9084
    ],
    [
      8866,
      9649
    ],
    [
      8870,
      8881
    ],
    [
      8870,
      9016
    ],
    [
      8870,
      9093
    ],
    [
      8870,
      9553
    ],
    [
      8870,
      9895
    ],
    [
      8881,
      9016
    ],
    [
      8881,
      9093
    ],
    [
      8885,
      9895
    ],
    [
      8900,
      9619
    ],
    [
      8912,
      8928
    ],
    [
      8912,
      9923
    ],
    [
      8928,
      9830
    ],
    [
      8932,
      8995
    ],
    [
      8943,
      9878
    ],
    [
      8945,
      9614
    ],
    [
      8951,
      9116
    ],
    [
      8956,
      9109
    ],
    [
      8956,
      9654
    ],
    [
      8956,
      9806
    ],
    [
      8958,
      9938
    ],
    [
      8960,
      9529
    ],
    [
      8962,
      9247
    ],
    [
      8962,
      9437
    ],
    [
      8998,
      9137
    ],
    [
      8998,
      9804
    ],
    [
      9016,
      9926
    ],
    [
      9020,
      9070
    ],
    [
      9020,
      9235
    ],
    [
      9020,
      9725
    ],
    [
      9035,
      9445
    ],
    [
      9063,
      9116
    ],
    [
      9072,
      9130
    ],
    [
      9072,
      9330
    ],
    [
      9072,
      9458
    ],
    [
      9072,
      9878
    ],
    [
      9074,
      9287
    ],
    [
      9077,
      9997
    ],
    [
      9093,
      9895
    ],
    [
      9115,
      9937
    ],
    [
      9116,
      9185
    ],
    [
      9116,
      9451
    ],
    [
      9163,
      9531
    ],
    [
      9163,
      9975
    ],
    [
      9236,
      9734
    ],
    [
      9244,
      9619
    ],
    [
      9245,
      9994
    ],
    [
      9247,
      9325
    ],
    [
      9247,
      9574
    ],
    [
      9259,
      9518
    ],
    [
      9259,
      9580
    ],
    [
      9287,
      9419
    ],
    [
      9287,
      9669
    ],
    [
      9287,
      9978
    ],
    [
      9325,
      9437
    ],
    [
      9328,
      9973
    ],
    [
      9330,
      9760
    ],
    [
      9375,
      9619
    ],
    [
      9381,
      9806
    ],
    [
      9412,
      9513
    ],
    [
      9429,
      9760
    ],
    [
      9458,
      9878
    ],
    [
      9491,
      9760
    ],
    [
      9500,
      9760
    ],
    [
      9513,
      9540
    ],
    [
      9538,
      9830
    ],
    [
      9618,
      9721
    ],
    [
      9618,
      9775
    ],
    [
      9618,
      9953
    ],
    [
      9619,
      9863
    ],
    [
      9669,
      9973
    ],
    [
      9702,
      9806
    ],
    [
      9721,
      9740
    ],
    [
      9740,
      9775
    ],
    [
      9740,
      9953
    ],
    [
      9795,
      9927
    ],
    [
      9830,
      9923
    ],
    [
      9973,
      9978
    ]
  ]
}