{
  "n_true_positives": 97,
  "n_positives": 97,
  "total_time": 119.55193638801575,
  "date": "2025-01-25T19:03:21.611514",
  "backend": "BruteForce",
  "n_bins": 0,
  "eps": 12.5,
  "args": {
    "csvpath": [
      "../data/RobustBench/predictions/imagenet3dcc-AlexNet/vanilla.csv",
      "../data/RobustBench/predictions/imagenet3dcc-AlexNet/near_focus-2.csv"
    ],
    "eps": 12.5,
    "n_bins": 0,
    "n_examples": -1,
    "out_path": "../results/semantic//results/imagenet3dcc-AlexNet/imagenet3dcc-AlexNet-L2-12.5-near_focus-2.json",
    "full_output": false,
    "verbose": false,
    "randomize_order": false,
    "backend": "bf",
    "blind_cols": null,
    "pred": "pred",
    "metric": "L2"
  },
  "backend_meta": {
    "epsilon": 12.5,
    "decision_col": "pred",
    "metric": "Linf",
    "is_exact": true,
    "is_sound": true,
    "is_complete": true
  },
  "positives": [
    [
      19,
      5019
    ],
    [
      120,
      5120
    ],
    [
      125,
      5125
    ],
    [
      144,
      5144
    ],
    [
      192,
      5192
    ],
    [
      243,
      5243
    ],
    [
      300,
      5300
    ],
    [
      337,
      5337
    ],
    [
      396,
      5396
    ],
    [
      399,
      5399
    ],
    [
      421,
      5421
    ],
    [
      432,
      5432
    ],
    [
      501,
      5501
    ],
    [
      544,
      5544
    ],
    [
      552,
      5552
    ],
    [
      626,
      5626
    ],
    [
      649,
      5649
    ],
    [
      673,
      5673
    ],
    [
      713,
      5713
    ],
    [
      755,
      5755
    ],
    [
      773,
      5773
    ],
    [
      787,
      5787
    ],
    [
      841,
      5841
    ],
    [
      927,
      5927
    ],
    [
      1084,
      6084
    ],
    [
      1100,
      6100
    ],
    [
      1148,
      6148
    ],
    [
      1204,
      6204
    ],
    [
      1285,
      6285
    ],
    [
      1427,
      6427
    ],
    [
      1809,
      6809
    ],
    [
      1812,
      6812
    ],
    [
      1857,
      6857
    ],
    [
      1934,
      6934
    ],
    [
      1953,
      6953
    ],
    [
      2066,
      7066
    ],
    [
      2099,
      7099
    ],
    [
      2158,
      7158
    ],
    [
      2221,
      7221
    ],
    [
      2226,
      7226
    ],
    [
      2250,
      7250
    ],
    [
      2307,
      7307
    ],
    [
      2344,
      7344
    ],
    [
      2387,
      7387
    ],
    [
      2430,
      7430
    ],
    [
      2500,
      7500
    ],
    [
      2527,
      7527
    ],
    [
      2531,
      7531
    ],
    [
      2596,
      7596
    ],
    [
      2623,
      7623
    ],
    [
      2650,
      7650
    ],
    [
      2688,
      7688
    ],
    [
      2722,
      7722
    ],
    [
      2794,
      7794
    ],
    [
      2841,
      7841
    ],
    [
      2853,
      7853
    ],
    [
      3067,
      8067
    ],
    [
      3068,
      8068
    ],
    [
      3106,
      8106
    ],
    [
      3111,
      8111
    ],
    [
      3151,
      8151
    ],
    [
      3159,
      8159
    ],
    [
      3188,
      8188
    ],
    [
      3199,
      8199
    ],
    [
      3247,
      8247
    ],
    [
      3372,
      8372
    ],
    [
      3451,
      8451
    ],
    [
      3519,
      8519
    ],
    [
      3684,
      8684
    ],
    [
      3690,
      8690
    ],
    [
      3760,
      8760
    ],
    [
      3784,
      8784
    ],
    [
      3823,
      8823
    ],
    [
      3825,
      8825
    ],
    [
      3837,
      8837
    ],
    [
      3857,
      8857
    ],
    [
      3866,
      8866
    ],
    [
      3883,
      8883
    ],
    [
      3893,
      8893
    ],
    [
      3917,
      8917
    ],
    [
      3923,
      8923
    ],
    [
      3932,
      8932
    ],
    [
      3945,
      8945
    ],
    [
      4019,
      9019
    ],
    [
      4146,
      9146
    ],
    [
      4285,
      9285
    ],
    [
      4298,
      9298
    ],
    [
      4323,
      9323
    ],
    [
      4325,
      9325
    ],
    [
      4386,
      9386
    ],
    [
      4486,
      9486
    ],
    [
      4660,
      9660
    ],
    [
      4718,
      9718
    ],
    [
      4748,
      9748
    ],
    [
      4781,
      9781
    ],
    [
      4824,
      9824
    ],
    [
      4952,
      9952
    ]
  ]
}