{
  "n_true_positives": 34,
  "n_positives": 34,
  "total_time": 117.80955028533936,
  "date": "2025-01-25T19:20:28.633233",
  "backend": "BruteForce",
  "n_bins": 0,
  "eps": 12.5,
  "args": {
    "csvpath": [
      "../data/RobustBench/predictions/imagenet3dcc-AlexNet/vanilla.csv",
      "../data/RobustBench/predictions/imagenet3dcc-AlexNet/flash-3.csv"
    ],
    "eps": 12.5,
    "n_bins": 0,
    "n_examples": -1,
    "out_path": "../results/semantic//results/imagenet3dcc-AlexNet/imagenet3dcc-AlexNet-L2-12.5-flash-3.json",
    "full_output": false,
    "verbose": false,
    "randomize_order": false,
    "backend": "bf",
    "blind_cols": null,
    "pred": "pred",
    "metric": "L2"
  },
  "backend_meta": {
    "epsilon": 12.5,
    "decision_col": "pred",
    "metric": "Linf",
    "is_exact": true,
    "is_sound": true,
    "is_complete": true
  },
  "positives": [
    [
      145,
      5145
    ],
    [
      299,
      5299
    ],
    [
      489,
      5489
    ],
    [
      600,
      5600
    ],
    [
      754,
      5754
    ],
    [
      867,
      5867
    ],
    [
      1013,
      6013
    ],
    [
      1035,
      6035
    ],
    [
      1422,
      6422
    ],
    [
      1432,
      6432
    ],
    [
      1562,
      6562
    ],
    [
      1595,
      6595
    ],
    [
      1645,
      6645
    ],
    [
      1719,
      6719
    ],
    [
      1720,
      6720
    ],
    [
      1741,
      6741
    ],
    [
      1744,
      6744
    ],
    [
      1762,
      6762
    ],
    [
      2016,
      7016
    ],
    [
      2099,
      7099
    ],
    [
      2195,
      7195
    ],
    [
      2400,
      7400
    ],
    [
      2794,
      7794
    ],
    [
      2874,
      7874
    ],
    [
      3087,
      8087
    ],
    [
      3271,
      8271
    ],
    [
      3433,
      8433
    ],
    [
      3783,
      8783
    ],
    [
      3980,
      8980
    ],
    [
      3998,
      8998
    ],
    [
      4021,
      9021
    ],
    [
      4109,
      9109
    ],
    [
      4437,
      9437
    ],
    [
      4904,
      9904
    ]
  ]
}