{
  "n_true_positives": 0,
  "n_positives": 0,
  "total_time": 12.538762092590332,
  "date": "2025-01-28T08:49:59.647005",
  "backend": "BruteForce",
  "n_bins": 200,
  "eps": 0.005,
  "args": {
    "csvpath": [
      "../data/Certifair/predictions/adult-global-P1-combined.csv"
    ],
    "eps": 0.005,
    "n_bins": 200,
    "n_examples": null,
    "out_path": "../results/fairness//results/certifair//adult-global-P1-combined-eps0.005.json",
    "full_output": false,
    "verbose": false,
    "randomize_order": false,
    "backend": "bf",
    "blind_cols": null,
    "sample_cols": null,
    "pred": "prediction",
    "metric": "infinity",
    "max_time": null,
    "batchsize": null
  },
  "backend_meta": {
    "epsilon": 0.005,
    "decision_col": "prediction",
    "metric": "infinity",
    "is_exact": true,
    "is_sound": true,
    "is_complete": true
  },
  "positives": []
}