{
  "n_true_positives": 557,
  "n_positives": 557,
  "total_time": 12.668476581573486,
  "date": "2025-01-28T08:50:02.345353",
  "backend": "BruteForce",
  "n_bins": 12,
  "eps": 0.08,
  "args": {
    "csvpath": [
      "../data/Certifair/predictions/adult-global-P2-combined.csv"
    ],
    "eps": 0.08,
    "n_bins": 12,
    "n_examples": null,
    "out_path": "../results/fairness//results/certifair//adult-global-P2-combined-eps0.08.json",
    "full_output": false,
    "verbose": false,
    "randomize_order": false,
    "backend": "bf",
    "blind_cols": null,
    "sample_cols": null,
    "pred": "prediction",
    "metric": "infinity",
    "max_time": null,
    "batchsize": null
  },
  "backend_meta": {
    "epsilon": 0.08,
    "decision_col": "prediction",
    "metric": "infinity",
    "is_exact": true,
    "is_sound": true,
    "is_complete": true
  },
  "positives": [
    [
      155,
      6707
    ],
    [
      155,
      30201
    ],
    [
      155,
      44286
    ],
    [
      168,
      4466
    ],
    [
      168,
      12519
    ],
    [
      228,
      4466
    ],
    [
      228,
      12519
    ],
    [
      228,
      40216
    ],
    [
      305,
      6707
    ],
    [
      305,
      15994
    ],
    [
      305,
      30201
    ],
    [
      305,
      41764
    ],
    [
      473,
      27037
    ],
    [
      477,
      37563
    ],
    [
      515,
      4466
    ],
    [
      515,
      12519
    ],
    [
      530,
      16873
    ],
    [
      530,
      45713
    ],
    [
      554,
      37853
    ],
    [
      583,
      3049
    ],
    [
      583,
      37149
    ],
    [
      690,
      9436
    ],
    [
      690,
      10953
    ],
    [
      690,
      16472
    ],
    [
      690,
      32691
    ],
    [
      690,
      34884
    ],
    [
      959,
      15994
    ],
    [
      959,
      30201
    ],
    [
      959,
      41764
    ],
    [
      1096,
      5925
    ],
    [
      1261,
      32537
    ],
    [
      1261,
      34555
    ],
    [
      1261,
      35260
    ],
    [
      1261,
      40556
    ],
    [
      1314,
      40556
    ],
    [
      1323,
      11012
    ],
    [
      1467,
      22932
    ],
    [
      1506,
      11435
    ],
    [
      1506,
      31149
    ],
    [
      1506,
      44286
    ],
    [
      1539,
      34555
    ],
    [
      1539,
      37563
    ],
    [
      1998,
      2482
    ],
    [
      1998,
      13126
    ],
    [
      1998,
      20198
    ],
    [
      1998,
      24650
    ],
    [
      1998,
      26063
    ],
    [
      1998,
      30240
    ],
    [
      1998,
      31546
    ],
    [
      1998,
      32633
    ],
    [
      2021,
      20439
    ],
    [
      2129,
      35799
    ],
    [
      2304,
      3656
    ],
    [
      2304,
      31120
    ],
    [
      2324,
      35799
    ],
    [
      2456,
      2943
    ],
    [
      2560,
      4466
    ],
    [
      2560,
      40216
    ],
    [
      2598,
      11435
    ],
    [
      2598,
      44286
    ],
    [
      2775,
      30541
    ],
    [
      2844,
      35347
    ],
    [
      2983,
      4466
    ],
    [
      2983,
      12519
    ],
    [
      2983,
      40216
    ],
    [
      3105,
      27751
    ],
    [
      3167,
      4466
    ],
    [
      3167,
      12519
    ],
    [
      3220,
      35829
    ],
    [
      3267,
      4466
    ],
    [
      3267,
      12519
    ],
    [
      3544,
      28643
    ],
    [
      3653,
      22594
    ],
    [
      3653,
      26467
    ],
    [
      3653,
      28443
    ],
    [
      3653,
      41315
    ],
    [
      3838,
      27037
    ],
    [
      3838,
      31699
    ],
    [
      3850,
      32537
    ],
    [
      3850,
      34555
    ],
    [
      3850,
      35260
    ],
    [
      3850,
      40556
    ],
    [
      3858,
      15994
    ],
    [
      3858,
      30201
    ],
    [
      3858,
      41764
    ],
    [
      3890,
      31090
    ],
    [
      3976,
      37853
    ],
    [
      4242,
      31519
    ],
    [
      4276,
      6707
    ],
    [
      4276,
      15994
    ],
    [
      4276,
      30201
    ],
    [
      4276,
      41764
    ],
    [
      4405,
      11435
    ],
    [
      4405,
      31149
    ],
    [
      4405,
      44286
    ],
    [
      4454,
      29872
    ],
    [
      4466,
      4755
    ],
    [
      4466,
      4957
    ],
    [
      4466,
      6342
    ],
    [
      4466,
      7715
    ],
    [
      4466,
      8077
    ],
    [
      4466,
      9491
    ],
    [
      4466,
      10147
    ],
    [
      4466,
      11611
    ],
    [
      4466,
      12384
    ],
    [
      4466,
      13449
    ],
    [
      4466,
      13645
    ],
    [
      4466,
      14251
    ],
    [
      4466,
      14958
    ],
    [
      4466,
      15282
    ],
    [
      4466,
      18037
    ],
    [
      4466,
      18562
    ],
    [
      4466,
      20633
    ],
    [
      4466,
      20923
    ],
    [
      4466,
      20965
    ],
    [
      4466,
      22752
    ],
    [
      4466,
      23301
    ],
    [
      4466,
      24688
    ],
    [
      4466,
      25499
    ],
    [
      4466,
      28955
    ],
    [
      4466,
      28975
    ],
    [
      4466,
      29198
    ],
    [
      4466,
      29676
    ],
    [
      4466,
      30050
    ],
    [
      4466,
      30668
    ],
    [
      4466,
      30959
    ],
    [
      4466,
      33257
    ],
    [
      4466,
      33526
    ],
    [
      4466,
      35281
    ],
    [
      4466,
      38443
    ],
    [
      4466,
      38828
    ],
    [
      4466,
      42468
    ],
    [
      4466,
      44872
    ],
    [
      4726,
      20439
    ],
    [
      4755,
      40216
    ],
    [
      4798,
      17369
    ],
    [
      4862,
      37563
    ],
    [
      4957,
      12519
    ],
    [
      4957,
      40216
    ],
    [
      5570,
      21207
    ],
    [
      5844,
      20331
    ],
    [
      5912,
      6707
    ],
    [
      5912,
      15994
    ],
    [
      5912,
      30201
    ],
    [
      5912,
      41764
    ],
    [
      5925,
      15821
    ],
    [
      6342,
      12519
    ],
    [
      6342,
      40216
    ],
    [
      6509,
      15994
    ],
    [
      6509,
      30201
    ],
    [
      6509,
      41764
    ],
    [
      6548,
      6707
    ],
    [
      6548,
      15994
    ],
    [
      6548,
      30201
    ],
    [
      6548,
      41764
    ],
    [
      6686,
      6707
    ],
    [
      6686,
      44286
    ],
    [
      6691,
      23594
    ],
    [
      6707,
      7975
    ],
    [
      6707,
      10295
    ],
    [
      6707,
      11719
    ],
    [
      6707,
      12758
    ],
    [
      6707,
      14091
    ],
    [
      6707,
      17062
    ],
    [
      6707,
      19487
    ],
    [
      6707,
      20331
    ],
    [
      6707,
      25435
    ],
    [
      6707,
      25573
    ],
    [
      6707,
      25714
    ],
    [
      6707,
      26263
    ],
    [
      6707,
      26278
    ],
    [
      6707,
      28546
    ],
    [
      6707,
      34206
    ],
    [
      6707,
      36939
    ],
    [
      6707,
      37767
    ],
    [
      6707,
      38921
    ],
    [
      6707,
      39301
    ],
    [
      6707,
      40732
    ],
    [
      6707,
      41932
    ],
    [
      6898,
      40556
    ],
    [
      7369,
      35347
    ],
    [
      7399,
      13131
    ],
    [
      7399,
      21946
    ],
    [
      7399,
      23068
    ],
    [
      7415,
      9436
    ],
    [
      7415,
      10953
    ],
    [
      7415,
      12826
    ],
    [
      7415,
      16472
    ],
    [
      7415,
      34884
    ],
    [
      7550,
      35347
    ],
    [
      7715,
      40216
    ],
    [
      7946,
      27037
    ],
    [
      7975,
      15994
    ],
    [
      7975,
      30201
    ],
    [
      7975,
      44286
    ],
    [
      7991,
      18918
    ],
    [
      8077,
      12519
    ],
    [
      8583,
      20439
    ],
    [
      8583,
      26467
    ],
    [
      8583,
      28443
    ],
    [
      8583,
      35799
    ],
    [
      8693,
      11435
    ],
    [
      8693,
      31149
    ],
    [
      8883,
      11435
    ],
    [
      8883,
      44286
    ],
    [
      9109,
      29600
    ],
    [
      9109,
      30541
    ],
    [
      9220,
      27563
    ],
    [
      9319,
      40533
    ],
    [
      9319,
      44861
    ],
    [
      9491,
      12519
    ],
    [
      9491,
      40216
    ],
    [
      10032,
      16800
    ],
    [
      10032,
      31149
    ],
    [
      10147,
      40216
    ],
    [
      10295,
      15994
    ],
    [
      10295,
      30201
    ],
    [
      10295,
      44286
    ],
    [
      10729,
      40556
    ],
    [
      10953,
      35003
    ],
    [
      11139,
      40556
    ],
    [
      11260,
      12519
    ],
    [
      11320,
      34555
    ],
    [
      11320,
      37563
    ],
    [
      11435,
      11473
    ],
    [
      11435,
      13026
    ],
    [
      11435,
      15367
    ],
    [
      11435,
      16848
    ],
    [
      11435,
      17810
    ],
    [
      11435,
      19592
    ],
    [
      11435,
      20841
    ],
    [
      11435,
      21132
    ],
    [
      11435,
      25987
    ],
    [
      11435,
      26890
    ],
    [
      11435,
      29917
    ],
    [
      11435,
      31430
    ],
    [
      11435,
      32164
    ],
    [
      11435,
      34972
    ],
    [
      11435,
      35941
    ],
    [
      11435,
      42852
    ],
    [
      11473,
      44286
    ],
    [
      11486,
      24542
    ],
    [
      11486,
      43412
    ],
    [
      11611,
      40216
    ],
    [
      11719,
      44286
    ],
    [
      11978,
      29600
    ],
    [
      11978,
      30541
    ],
    [
      12026,
      20439
    ],
    [
      12174,
      24542
    ],
    [
      12174,
      43412
    ],
    [
      12176,
      15216
    ],
    [
      12325,
      34209
    ],
    [
      12384,
      40216
    ],
    [
      12452,
      19707
    ],
    [
      12452,
      28948
    ],
    [
      12519,
      13449
    ],
    [
      12519,
      13461
    ],
    [
      12519,
      14251
    ],
    [
      12519,
      14529
    ],
    [
      12519,
      14958
    ],
    [
      12519,
      15282
    ],
    [
      12519,
      16318
    ],
    [
      12519,
      17009
    ],
    [
      12519,
      18037
    ],
    [
      12519,
      18562
    ],
    [
      12519,
      22752
    ],
    [
      12519,
      22984
    ],
    [
      12519,
      22990
    ],
    [
      12519,
      24038
    ],
    [
      12519,
      25499
    ],
    [
      12519,
      25994
    ],
    [
      12519,
      28955
    ],
    [
      12519,
      28975
    ],
    [
      12519,
      29834
    ],
    [
      12519,
      30959
    ],
    [
      12519,
      33257
    ],
    [
      12519,
      33526
    ],
    [
      12519,
      35281
    ],
    [
      12519,
      37139
    ],
    [
      12519,
      40816
    ],
    [
      12519,
      41674
    ],
    [
      12519,
      42594
    ],
    [
      12519,
      44861
    ],
    [
      12519,
      44872
    ],
    [
      12561,
      20439
    ],
    [
      12633,
      34555
    ],
    [
      12633,
      35260
    ],
    [
      12633,
      40556
    ],
    [
      12713,
      28643
    ],
    [
      12736,
      35829
    ],
    [
      12758,
      44286
    ],
    [
      12993,
      34555
    ],
    [
      12993,
      35260
    ],
    [
      12993,
      40556
    ],
    [
      13026,
      44286
    ],
    [
      13131,
      15473
    ],
    [
      13131,
      34131
    ],
    [
      13271,
      24062
    ],
    [
      13313,
      18346
    ],
    [
      13403,
      23127
    ],
    [
      13447,
      43893
    ],
    [
      13449,
      40216
    ],
    [
      13577,
      40216
    ],
    [
      13645,
      40216
    ],
    [
      13897,
      16248
    ],
    [
      13897,
      38051
    ],
    [
      13897,
      39702
    ],
    [
      13897,
      44518
    ],
    [
      14091,
      15994
    ],
    [
      14091,
      30201
    ],
    [
      14091,
      41764
    ],
    [
      14680,
      37516
    ],
    [
      14734,
      21337
    ],
    [
      14734,
      39740
    ],
    [
      14772,
      35829
    ],
    [
      14864,
      35347
    ],
    [
      15111,
      36049
    ],
    [
      15367,
      31149
    ],
    [
      15367,
      44286
    ],
    [
      15473,
      23068
    ],
    [
      15937,
      20439
    ],
    [
      15994,
      17062
    ],
    [
      15994,
      19487
    ],
    [
      15994,
      25435
    ],
    [
      15994,
      26278
    ],
    [
      15994,
      34206
    ],
    [
      15994,
      34683
    ],
    [
      15994,
      42865
    ],
    [
      16472,
      35003
    ],
    [
      16519,
      40533
    ],
    [
      16723,
      34555
    ],
    [
      16723,
      37563
    ],
    [
      16754,
      24542
    ],
    [
      16754,
      43412
    ],
    [
      16800,
      21132
    ],
    [
      16848,
      44286
    ],
    [
      16936,
      37853
    ],
    [
      17062,
      30201
    ],
    [
      17062,
      41764
    ],
    [
      17299,
      24542
    ],
    [
      17299,
      43412
    ],
    [
      17393,
      35347
    ],
    [
      17491,
      31090
    ],
    [
      17810,
      31149
    ],
    [
      17925,
      19929
    ],
    [
      17964,
      24386
    ],
    [
      18037,
      40216
    ],
    [
      18111,
      36049
    ],
    [
      18693,
      35347
    ],
    [
      18918,
      22427
    ],
    [
      18918,
      27729
    ],
    [
      18918,
      33152
    ],
    [
      18918,
      37442
    ],
    [
      19304,
      27403
    ],
    [
      19304,
      34005
    ],
    [
      19432,
      43241
    ],
    [
      19487,
      30201
    ],
    [
      19487,
      41764
    ],
    [
      19521,
      40216
    ],
    [
      19574,
      24043
    ],
    [
      19574,
      25674
    ],
    [
      19592,
      31149
    ],
    [
      19592,
      44286
    ],
    [
      19692,
      35829
    ],
    [
      19707,
      37405
    ],
    [
      20315,
      35829
    ],
    [
      20331,
      21605
    ],
    [
      20331,
      44286
    ],
    [
      20331,
      45827
    ],
    [
      20423,
      20439
    ],
    [
      20423,
      22594
    ],
    [
      20423,
      26467
    ],
    [
      20423,
      28443
    ],
    [
      20439,
      24846
    ],
    [
      20439,
      30176
    ],
    [
      20439,
      35850
    ],
    [
      20439,
      37473
    ],
    [
      20439,
      38201
    ],
    [
      20439,
      40649
    ],
    [
      20439,
      41400
    ],
    [
      20439,
      41489
    ],
    [
      20633,
      40216
    ],
    [
      20638,
      26309
    ],
    [
      20745,
      40556
    ],
    [
      20783,
      40556
    ],
    [
      20841,
      31149
    ],
    [
      20841,
      44286
    ],
    [
      20915,
      33711
    ],
    [
      20923,
      40216
    ],
    [
      20965,
      40216
    ],
    [
      21132,
      27163
    ],
    [
      21132,
      31149
    ],
    [
      21132,
      31276
    ],
    [
      21145,
      27851
    ],
    [
      21145,
      35347
    ],
    [
      21145,
      43171
    ],
    [
      21207,
      31637
    ],
    [
      21207,
      37848
    ],
    [
      21337,
      29555
    ],
    [
      22071,
      24764
    ],
    [
      22071,
      31367
    ],
    [
      22071,
      31619
    ],
    [
      22071,
      37332
    ],
    [
      22415,
      40556
    ],
    [
      22594,
      24846
    ],
    [
      22594,
      30176
    ],
    [
      22594,
      30544
    ],
    [
      22594,
      37473
    ],
    [
      23068,
      34131
    ],
    [
      23301,
      40216
    ],
    [
      23593,
      29600
    ],
    [
      23640,
      24062
    ],
    [
      23730,
      28762
    ],
    [
      24062,
      29225
    ],
    [
      24062,
      34246
    ],
    [
      24062,
      35018
    ],
    [
      24062,
      37157
    ],
    [
      24062,
      45540
    ],
    [
      24542,
      29361
    ],
    [
      24542,
      36619
    ],
    [
      24542,
      36673
    ],
    [
      24688,
      40216
    ],
    [
      24846,
      26467
    ],
    [
      24846,
      28443
    ],
    [
      24846,
      41315
    ],
    [
      25001,
      30049
    ],
    [
      25435,
      30201
    ],
    [
      25435,
      41764
    ],
    [
      25498,
      28948
    ],
    [
      25499,
      40216
    ],
    [
      25573,
      30201
    ],
    [
      25573,
      44286
    ],
    [
      25714,
      44286
    ],
    [
      25837,
      30541
    ],
    [
      25987,
      44286
    ],
    [
      25995,
      33711
    ],
    [
      26113,
      34555
    ],
    [
      26113,
      35260
    ],
    [
      26113,
      40556
    ],
    [
      26263,
      44286
    ],
    [
      26278,
      30201
    ],
    [
      26278,
      41764
    ],
    [
      26467,
      30176
    ],
    [
      26467,
      30544
    ],
    [
      26467,
      37473
    ],
    [
      26467,
      40649
    ],
    [
      26594,
      35799
    ],
    [
      26719,
      43171
    ],
    [
      26890,
      31149
    ],
    [
      26890,
      44286
    ],
    [
      27037,
      32064
    ],
    [
      27096,
      35829
    ],
    [
      28294,
      31090
    ],
    [
      28443,
      30176
    ],
    [
      28443,
      30544
    ],
    [
      28443,
      37473
    ],
    [
      28443,
      40649
    ],
    [
      28482,
      37563
    ],
    [
      28546,
      30201
    ],
    [
      28546,
      44286
    ],
    [
      28762,
      29473
    ],
    [
      28762,
      36884
    ],
    [
      28762,
      39373
    ],
    [
      28948,
      37405
    ],
    [
      28955,
      40216
    ],
    [
      28975,
      40216
    ],
    [
      29198,
      40216
    ],
    [
      29676,
      40216
    ],
    [
      29917,
      44286
    ],
    [
      30049,
      31343
    ],
    [
      30050,
      40216
    ],
    [
      30186,
      38511
    ],
    [
      30201,
      34206
    ],
    [
      30201,
      39301
    ],
    [
      30544,
      41315
    ],
    [
      30668,
      40216
    ],
    [
      30959,
      40216
    ],
    [
      31090,
      36149
    ],
    [
      31090,
      40720
    ],
    [
      31149,
      31430
    ],
    [
      31149,
      35941
    ],
    [
      31173,
      34555
    ],
    [
      31173,
      35260
    ],
    [
      31173,
      40556
    ],
    [
      31351,
      40556
    ],
    [
      31430,
      44286
    ],
    [
      31699,
      32064
    ],
    [
      31728,
      40556
    ],
    [
      32164,
      44286
    ],
    [
      32357,
      35347
    ],
    [
      32537,
      33538
    ],
    [
      32537,
      36268
    ],
    [
      32537,
      40928
    ],
    [
      32537,
      44751
    ],
    [
      32691,
      35003
    ],
    [
      32991,
      37853
    ],
    [
      33398,
      35347
    ],
    [
      33526,
      40216
    ],
    [
      33538,
      34555
    ],
    [
      33538,
      35260
    ],
    [
      33538,
      40556
    ],
    [
      34113,
      36049
    ],
    [
      34206,
      41764
    ],
    [
      34555,
      35983
    ],
    [
      34555,
      36268
    ],
    [
      34555,
      36285
    ],
    [
      34555,
      40422
    ],
    [
      34555,
      40928
    ],
    [
      34555,
      44771
    ],
    [
      34639,
      44286
    ],
    [
      34683,
      41764
    ],
    [
      34884,
      35003
    ],
    [
      34897,
      35711
    ],
    [
      34897,
      36477
    ],
    [
      34951,
      44286
    ],
    [
      34972,
      44286
    ],
    [
      35260,
      35983
    ],
    [
      35260,
      36268
    ],
    [
      35260,
      36285
    ],
    [
      35260,
      40928
    ],
    [
      35260,
      44751
    ],
    [
      35260,
      44771
    ],
    [
      35347,
      36712
    ],
    [
      35347,
      37605
    ],
    [
      35347,
      37784
    ],
    [
      35347,
      40326
    ],
    [
      35347,
      44908
    ],
    [
      35512,
      35829
    ],
    [
      35711,
      39597
    ],
    [
      35799,
      35850
    ],
    [
      35799,
      40649
    ],
    [
      35799,
      44665
    ],
    [
      35941,
      44286
    ],
    [
      35983,
      40556
    ],
    [
      36268,
      40556
    ],
    [
      36285,
      40556
    ],
    [
      36317,
      37853
    ],
    [
      36939,
      44286
    ],
    [
      37563,
      40422
    ],
    [
      37563,
      44771
    ],
    [
      37767,
      44286
    ],
    [
      38443,
      40216
    ],
    [
      38482,
      46006
    ],
    [
      38828,
      40216
    ],
    [
      38921,
      44286
    ],
    [
      39301,
      44286
    ],
    [
      40216,
      42468
    ],
    [
      40216,
      44872
    ],
    [
      40326,
      43171
    ],
    [
      40556,
      40928
    ],
    [
      40556,
      41024
    ],
    [
      40556,
      44771
    ],
    [
      40732,
      44286
    ],
    [
      41764,
      42865
    ],
    [
      41932,
      44286
    ],
    [
      42804,
      43171
    ],
    [
      42852,
      44286
    ]
  ]
}