{
  "n_true_positives": 1588,
  "n_positives": 1588,
  "total_time": 13.799072265625,
  "date": "2025-01-28T08:50:03.605365",
  "backend": "BruteForce",
  "n_bins": 25,
  "eps": 0.04,
  "args": {
    "csvpath": [
      "../data/Certifair/predictions/adult-local-P2-combined.csv"
    ],
    "eps": 0.04,
    "n_bins": 25,
    "n_examples": null,
    "out_path": "../results/fairness//results/certifair//adult-local-P2-combined-eps0.04.json",
    "full_output": false,
    "verbose": false,
    "randomize_order": false,
    "backend": "bf",
    "blind_cols": null,
    "sample_cols": null,
    "pred": "prediction",
    "metric": "infinity",
    "max_time": null,
    "batchsize": null
  },
  "backend_meta": {
    "epsilon": 0.04,
    "decision_col": "prediction",
    "metric": "infinity",
    "is_exact": true,
    "is_sound": true,
    "is_complete": true
  },
  "positives": [
    [
      12,
      12699
    ],
    [
      47,
      26053
    ],
    [
      47,
      28594
    ],
    [
      59,
      12987
    ],
    [
      61,
      12129
    ],
    [
      61,
      12821
    ],
    [
      76,
      4754
    ],
    [
      78,
      117
    ],
    [
      94,
      27019
    ],
    [
      106,
      20104
    ],
    [
      106,
      31527
    ],
    [
      109,
      8451
    ],
    [
      111,
      24268
    ],
    [
      117,
      29328
    ],
    [
      117,
      31662
    ],
    [
      330,
      26053
    ],
    [
      344,
      33790
    ],
    [
      405,
      1131
    ],
    [
      418,
      10930
    ],
    [
      422,
      5346
    ],
    [
      422,
      7564
    ],
    [
      422,
      12760
    ],
    [
      422,
      21366
    ],
    [
      422,
      26213
    ],
    [
      433,
      39477
    ],
    [
      463,
      27421
    ],
    [
      463,
      43482
    ],
    [
      473,
      3838
    ],
    [
      512,
      16934
    ],
    [
      533,
      45948
    ],
    [
      545,
      1931
    ],
    [
      545,
      14416
    ],
    [
      545,
      44199
    ],
    [
      643,
      24268
    ],
    [
      714,
      30542
    ],
    [
      714,
      44279
    ],
    [
      734,
      12790
    ],
    [
      803,
      28594
    ],
    [
      909,
      22384
    ],
    [
      919,
      4330
    ],
    [
      919,
      32302
    ],
    [
      919,
      35720
    ],
    [
      976,
      3197
    ],
    [
      976,
      8136
    ],
    [
      976,
      16524
    ],
    [
      976,
      33600
    ],
    [
      1007,
      19739
    ],
    [
      1076,
      14025
    ],
    [
      1082,
      12699
    ],
    [
      1108,
      9275
    ],
    [
      1108,
      22478
    ],
    [
      1108,
      26070
    ],
    [
      1108,
      44531
    ],
    [
      1131,
      2512
    ],
    [
      1131,
      6518
    ],
    [
      1131,
      7017
    ],
    [
      1131,
      8615
    ],
    [
      1131,
      9129
    ],
    [
      1131,
      11156
    ],
    [
      1131,
      11170
    ],
    [
      1131,
      11646
    ],
    [
      1131,
      13667
    ],
    [
      1131,
      18005
    ],
    [
      1131,
      20153
    ],
    [
      1131,
      24308
    ],
    [
      1131,
      25398
    ],
    [
      1131,
      26496
    ],
    [
      1131,
      27896
    ],
    [
      1131,
      30033
    ],
    [
      1131,
      33249
    ],
    [
      1131,
      34291
    ],
    [
      1131,
      35276
    ],
    [
      1131,
      36840
    ],
    [
      1131,
      38360
    ],
    [
      1131,
      38821
    ],
    [
      1131,
      42767
    ],
    [
      1131,
      43207
    ],
    [
      1131,
      43225
    ],
    [
      1131,
      43538
    ],
    [
      1131,
      43860
    ],
    [
      1131,
      44979
    ],
    [
      1131,
      45241
    ],
    [
      1131,
      45549
    ],
    [
      1180,
      7805
    ],
    [
      1180,
      11923
    ],
    [
      1180,
      14880
    ],
    [
      1180,
      25660
    ],
    [
      1180,
      27829
    ],
    [
      1180,
      30611
    ],
    [
      1248,
      45220
    ],
    [
      1272,
      34446
    ],
    [
      1308,
      13100
    ],
    [
      1348,
      24268
    ],
    [
      1359,
      24268
    ],
    [
      1420,
      23918
    ],
    [
      1420,
      39365
    ],
    [
      1426,
      39204
    ],
    [
      1433,
      42562
    ],
    [
      1463,
      4754
    ],
    [
      1468,
      19880
    ],
    [
      1480,
      5321
    ],
    [
      1480,
      11979
    ],
    [
      1490,
      27934
    ],
    [
      1490,
      30080
    ],
    [
      1490,
      39061
    ],
    [
      1490,
      39487
    ],
    [
      1490,
      45069
    ],
    [
      1517,
      3705
    ],
    [
      1517,
      8005
    ],
    [
      1517,
      24928
    ],
    [
      1517,
      25051
    ],
    [
      1517,
      31706
    ],
    [
      1517,
      42848
    ],
    [
      1540,
      4754
    ],
    [
      1573,
      30630
    ],
    [
      1596,
      32089
    ],
    [
      1602,
      32870
    ],
    [
      1602,
      38024
    ],
    [
      1644,
      6990
    ],
    [
      1666,
      4754
    ],
    [
      1730,
      27019
    ],
    [
      1873,
      3337
    ],
    [
      1873,
      3612
    ],
    [
      1873,
      31762
    ],
    [
      1931,
      15443
    ],
    [
      1931,
      24966
    ],
    [
      1931,
      34435
    ],
    [
      1937,
      37188
    ],
    [
      1962,
      27294
    ],
    [
      1962,
      39890
    ],
    [
      1973,
      5762
    ],
    [
      1973,
      27492
    ],
    [
      1973,
      32888
    ],
    [
      1973,
      33851
    ],
    [
      1977,
      12987
    ],
    [
      2099,
      34595
    ],
    [
      2117,
      4330
    ],
    [
      2117,
      8532
    ],
    [
      2117,
      12258
    ],
    [
      2117,
      23863
    ],
    [
      2117,
      26900
    ],
    [
      2117,
      35546
    ],
    [
      2151,
      10326
    ],
    [
      2151,
      37188
    ],
    [
      2151,
      45329
    ],
    [
      2205,
      7107
    ],
    [
      2205,
      7518
    ],
    [
      2205,
      8257
    ],
    [
      2205,
      11101
    ],
    [
      2205,
      13563
    ],
    [
      2205,
      31642
    ],
    [
      2205,
      34464
    ],
    [
      2205,
      40957
    ],
    [
      2205,
      42796
    ],
    [
      2205,
      42951
    ],
    [
      2205,
      43601
    ],
    [
      2205,
      44403
    ],
    [
      2217,
      9519
    ],
    [
      2300,
      9519
    ],
    [
      2309,
      12790
    ],
    [
      2326,
      5718
    ],
    [
      2326,
      8861
    ],
    [
      2326,
      11925
    ],
    [
      2326,
      20729
    ],
    [
      2326,
      20955
    ],
    [
      2326,
      25507
    ],
    [
      2326,
      28342
    ],
    [
      2326,
      33387
    ],
    [
      2326,
      36842
    ],
    [
      2326,
      37900
    ],
    [
      2326,
      40587
    ],
    [
      2326,
      42374
    ],
    [
      2326,
      42660
    ],
    [
      2326,
      43811
    ],
    [
      2326,
      45223
    ],
    [
      2356,
      13015
    ],
    [
      2388,
      24268
    ],
    [
      2425,
      45220
    ],
    [
      2461,
      11084
    ],
    [
      2461,
      31756
    ],
    [
      2461,
      42699
    ],
    [
      2515,
      10333
    ],
    [
      2580,
      24268
    ],
    [
      2581,
      14004
    ],
    [
      2581,
      14711
    ],
    [
      2581,
      30788
    ],
    [
      2581,
      32225
    ],
    [
      2629,
      45220
    ],
    [
      2648,
      22972
    ],
    [
      2699,
      11902
    ],
    [
      2699,
      30286
    ],
    [
      2706,
      9622
    ],
    [
      2712,
      41081
    ],
    [
      2723,
      5762
    ],
    [
      2723,
      27492
    ],
    [
      2723,
      32888
    ],
    [
      2723,
      33851
    ],
    [
      2844,
      17393
    ],
    [
      2844,
      32357
    ],
    [
      2844,
      36712
    ],
    [
      2844,
      37784
    ],
    [
      2848,
      20918
    ],
    [
      2867,
      35720
    ],
    [
      2890,
      27019
    ],
    [
      2915,
      24268
    ],
    [
      2926,
      27492
    ],
    [
      2940,
      9640
    ],
    [
      3080,
      6892
    ],
    [
      3096,
      7486
    ],
    [
      3102,
      7486
    ],
    [
      3146,
      30542
    ],
    [
      3159,
      9519
    ],
    [
      3193,
      27019
    ],
    [
      3224,
      36840
    ],
    [
      3261,
      3355
    ],
    [
      3261,
      3404
    ],
    [
      3287,
      7420
    ],
    [
      3287,
      29674
    ],
    [
      3287,
      30822
    ],
    [
      3337,
      14032
    ],
    [
      3337,
      25626
    ],
    [
      3337,
      26448
    ],
    [
      3337,
      40618
    ],
    [
      3350,
      24726
    ],
    [
      3355,
      30805
    ],
    [
      3355,
      40202
    ],
    [
      3378,
      12699
    ],
    [
      3404,
      30805
    ],
    [
      3404,
      40202
    ],
    [
      3426,
      42782
    ],
    [
      3444,
      5745
    ],
    [
      3444,
      13825
    ],
    [
      3444,
      17217
    ],
    [
      3444,
      24709
    ],
    [
      3444,
      28924
    ],
    [
      3444,
      33813
    ],
    [
      3444,
      34008
    ],
    [
      3444,
      39735
    ],
    [
      3477,
      5745
    ],
    [
      3477,
      17217
    ],
    [
      3477,
      24709
    ],
    [
      3477,
      33813
    ],
    [
      3477,
      39735
    ],
    [
      3498,
      24726
    ],
    [
      3507,
      8089
    ],
    [
      3507,
      22747
    ],
    [
      3507,
      30082
    ],
    [
      3507,
      33342
    ],
    [
      3512,
      29363
    ],
    [
      3544,
      11084
    ],
    [
      3544,
      31756
    ],
    [
      3544,
      42699
    ],
    [
      3593,
      30542
    ],
    [
      3612,
      14032
    ],
    [
      3612,
      25626
    ],
    [
      3612,
      26448
    ],
    [
      3612,
      40618
    ],
    [
      3705,
      7446
    ],
    [
      3705,
      20438
    ],
    [
      3705,
      20871
    ],
    [
      3705,
      25797
    ],
    [
      3705,
      32710
    ],
    [
      3705,
      41217
    ],
    [
      3714,
      14025
    ],
    [
      3754,
      32511
    ],
    [
      3754,
      40698
    ],
    [
      3812,
      25314
    ],
    [
      3837,
      42848
    ],
    [
      3838,
      7946
    ],
    [
      3878,
      11084
    ],
    [
      3878,
      31756
    ],
    [
      3878,
      42699
    ],
    [
      3940,
      37665
    ],
    [
      3996,
      9519
    ],
    [
      4000,
      14025
    ],
    [
      4015,
      13778
    ],
    [
      4015,
      14439
    ],
    [
      4015,
      14823
    ],
    [
      4015,
      24218
    ],
    [
      4015,
      36045
    ],
    [
      4015,
      37491
    ],
    [
      4015,
      43571
    ],
    [
      4031,
      36892
    ],
    [
      4031,
      39180
    ],
    [
      4031,
      41213
    ],
    [
      4031,
      45320
    ],
    [
      4123,
      25160
    ],
    [
      4135,
      15959
    ],
    [
      4135,
      23937
    ],
    [
      4135,
      28000
    ],
    [
      4135,
      41148
    ],
    [
      4143,
      27421
    ],
    [
      4143,
      43482
    ],
    [
      4210,
      9622
    ],
    [
      4214,
      25813
    ],
    [
      4330,
      10052
    ],
    [
      4330,
      31657
    ],
    [
      4337,
      32582
    ],
    [
      4364,
      43031
    ],
    [
      4393,
      22384
    ],
    [
      4406,
      17327
    ],
    [
      4420,
      7486
    ],
    [
      4466,
      28975
    ],
    [
      4466,
      40216
    ],
    [
      4477,
      17760
    ],
    [
      4477,
      42093
    ],
    [
      4503,
      7486
    ],
    [
      4650,
      22384
    ],
    [
      4682,
      12987
    ],
    [
      4697,
      30736
    ],
    [
      4713,
      27019
    ],
    [
      4730,
      4968
    ],
    [
      4754,
      6429
    ],
    [
      4754,
      7832
    ],
    [
      4754,
      9327
    ],
    [
      4754,
      11644
    ],
    [
      4754,
      13876
    ],
    [
      4754,
      15590
    ],
    [
      4754,
      16921
    ],
    [
      4754,
      18055
    ],
    [
      4754,
      25741
    ],
    [
      4754,
      29430
    ],
    [
      4754,
      30878
    ],
    [
      4754,
      32666
    ],
    [
      4754,
      39176
    ],
    [
      4754,
      40482
    ],
    [
      4754,
      41077
    ],
    [
      4754,
      41711
    ],
    [
      4754,
      41895
    ],
    [
      4754,
      45854
    ],
    [
      4789,
      37270
    ],
    [
      4859,
      5219
    ],
    [
      4864,
      19416
    ],
    [
      4976,
      26053
    ],
    [
      4976,
      28594
    ],
    [
      4982,
      30542
    ],
    [
      5121,
      22384
    ],
    [
      5135,
      7420
    ],
    [
      5135,
      29674
    ],
    [
      5135,
      30822
    ],
    [
      5208,
      28675
    ],
    [
      5212,
      30542
    ],
    [
      5219,
      13676
    ],
    [
      5219,
      18212
    ],
    [
      5219,
      21519
    ],
    [
      5219,
      32447
    ],
    [
      5219,
      32569
    ],
    [
      5219,
      36082
    ],
    [
      5219,
      40300
    ],
    [
      5219,
      43203
    ],
    [
      5219,
      44755
    ],
    [
      5321,
      27294
    ],
    [
      5321,
      39890
    ],
    [
      5346,
      10326
    ],
    [
      5346,
      13356
    ],
    [
      5346,
      13923
    ],
    [
      5346,
      37188
    ],
    [
      5346,
      45329
    ],
    [
      5384,
      10890
    ],
    [
      5414,
      41325
    ],
    [
      5437,
      29656
    ],
    [
      5498,
      5745
    ],
    [
      5498,
      17217
    ],
    [
      5498,
      24709
    ],
    [
      5498,
      33813
    ],
    [
      5498,
      39735
    ],
    [
      5549,
      30667
    ],
    [
      5549,
      34815
    ],
    [
      5627,
      45220
    ],
    [
      5671,
      12790
    ],
    [
      5718,
      7655
    ],
    [
      5718,
      8358
    ],
    [
      5718,
      16803
    ],
    [
      5718,
      22478
    ],
    [
      5718,
      26070
    ],
    [
      5718,
      27998
    ],
    [
      5718,
      44531
    ],
    [
      5745,
      13100
    ],
    [
      5745,
      13641
    ],
    [
      5745,
      20432
    ],
    [
      5745,
      24667
    ],
    [
      5745,
      32551
    ],
    [
      5745,
      37012
    ],
    [
      5745,
      38459
    ],
    [
      5745,
      41777
    ],
    [
      5755,
      45948
    ],
    [
      5762,
      19403
    ],
    [
      5762,
      22731
    ],
    [
      5762,
      25685
    ],
    [
      5762,
      45074
    ],
    [
      5779,
      27421
    ],
    [
      5779,
      43482
    ],
    [
      5832,
      12790
    ],
    [
      5842,
      26053
    ],
    [
      5875,
      21516
    ],
    [
      5875,
      24268
    ],
    [
      5878,
      9519
    ],
    [
      5959,
      28594
    ],
    [
      5976,
      25373
    ],
    [
      6155,
      22941
    ],
    [
      6160,
      9519
    ],
    [
      6172,
      30542
    ],
    [
      6356,
      22384
    ],
    [
      6396,
      24452
    ],
    [
      6396,
      29908
    ],
    [
      6396,
      41557
    ],
    [
      6406,
      16640
    ],
    [
      6423,
      37188
    ],
    [
      6430,
      28594
    ],
    [
      6476,
      26053
    ],
    [
      6661,
      10706
    ],
    [
      6661,
      26947
    ],
    [
      6694,
      23214
    ],
    [
      6751,
      17327
    ],
    [
      6795,
      22384
    ],
    [
      6835,
      32587
    ],
    [
      6835,
      35282
    ],
    [
      6857,
      24133
    ],
    [
      6876,
      7532
    ],
    [
      6876,
      8352
    ],
    [
      6876,
      13714
    ],
    [
      6876,
      26085
    ],
    [
      6892,
      21646
    ],
    [
      6892,
      31664
    ],
    [
      6892,
      32356
    ],
    [
      6929,
      30542
    ],
    [
      6990,
      12304
    ],
    [
      6990,
      14503
    ],
    [
      6990,
      15660
    ],
    [
      6990,
      16592
    ],
    [
      6990,
      24474
    ],
    [
      6990,
      28854
    ],
    [
      6990,
      34177
    ],
    [
      6990,
      35160
    ],
    [
      6990,
      37104
    ],
    [
      6990,
      38131
    ],
    [
      6990,
      38273
    ],
    [
      6990,
      43603
    ],
    [
      6994,
      24268
    ],
    [
      7050,
      30542
    ],
    [
      7107,
      32587
    ],
    [
      7138,
      32582
    ],
    [
      7230,
      9101
    ],
    [
      7230,
      16038
    ],
    [
      7230,
      23433
    ],
    [
      7230,
      23609
    ],
    [
      7230,
      25181
    ],
    [
      7230,
      27672
    ],
    [
      7230,
      29770
    ],
    [
      7230,
      38500
    ],
    [
      7233,
      9519
    ],
    [
      7245,
      38433
    ],
    [
      7277,
      42803
    ],
    [
      7296,
      43031
    ],
    [
      7309,
      30667
    ],
    [
      7309,
      34815
    ],
    [
      7380,
      24608
    ],
    [
      7420,
      9646
    ],
    [
      7420,
      11049
    ],
    [
      7420,
      12429
    ],
    [
      7420,
      13247
    ],
    [
      7420,
      14636
    ],
    [
      7420,
      21741
    ],
    [
      7420,
      36526
    ],
    [
      7420,
      39757
    ],
    [
      7420,
      41111
    ],
    [
      7425,
      13100
    ],
    [
      7445,
      16514
    ],
    [
      7445,
      17760
    ],
    [
      7445,
      20338
    ],
    [
      7445,
      23969
    ],
    [
      7445,
      42093
    ],
    [
      7446,
      8005
    ],
    [
      7446,
      24928
    ],
    [
      7446,
      25051
    ],
    [
      7446,
      31706
    ],
    [
      7446,
      42848
    ],
    [
      7447,
      37573
    ],
    [
      7486,
      11518
    ],
    [
      7486,
      18882
    ],
    [
      7486,
      19286
    ],
    [
      7486,
      19638
    ],
    [
      7486,
      25694
    ],
    [
      7486,
      27731
    ],
    [
      7486,
      30607
    ],
    [
      7486,
      32725
    ],
    [
      7486,
      35014
    ],
    [
      7486,
      40126
    ],
    [
      7486,
      40163
    ],
    [
      7486,
      41702
    ],
    [
      7486,
      41791
    ],
    [
      7486,
      42440
    ],
    [
      7486,
      42526
    ],
    [
      7532,
      24457
    ],
    [
      7532,
      37171
    ],
    [
      7564,
      10326
    ],
    [
      7564,
      13356
    ],
    [
      7564,
      13923
    ],
    [
      7564,
      37188
    ],
    [
      7564,
      45329
    ],
    [
      7655,
      8861
    ],
    [
      7655,
      11925
    ],
    [
      7655,
      20729
    ],
    [
      7655,
      20955
    ],
    [
      7655,
      25507
    ],
    [
      7655,
      28342
    ],
    [
      7655,
      33387
    ],
    [
      7655,
      36842
    ],
    [
      7655,
      37900
    ],
    [
      7655,
      40587
    ],
    [
      7655,
      42374
    ],
    [
      7655,
      42660
    ],
    [
      7655,
      43811
    ],
    [
      7655,
      45223
    ],
    [
      7775,
      24004
    ],
    [
      7805,
      43764
    ],
    [
      7906,
      14025
    ],
    [
      7946,
      32064
    ],
    [
      7965,
      29816
    ],
    [
      8005,
      20438
    ],
    [
      8005,
      20871
    ],
    [
      8005,
      25797
    ],
    [
      8005,
      32710
    ],
    [
      8005,
      41217
    ],
    [
      8029,
      17694
    ],
    [
      8032,
      14025
    ],
    [
      8076,
      28594
    ],
    [
      8084,
      19344
    ],
    [
      8084,
      23937
    ],
    [
      8084,
      24826
    ],
    [
      8084,
      41148
    ],
    [
      8084,
      44027
    ],
    [
      8110,
      22926
    ],
    [
      8110,
      24847
    ],
    [
      8119,
      19632
    ],
    [
      8146,
      38087
    ],
    [
      8193,
      25373
    ],
    [
      8268,
      25754
    ],
    [
      8333,
      45349
    ],
    [
      8338,
      28238
    ],
    [
      8352,
      24457
    ],
    [
      8352,
      37171
    ],
    [
      8358,
      8861
    ],
    [
      8358,
      11925
    ],
    [
      8358,
      18116
    ],
    [
      8358,
      19500
    ],
    [
      8358,
      20729
    ],
    [
      8358,
      20955
    ],
    [
      8358,
      25507
    ],
    [
      8358,
      28342
    ],
    [
      8358,
      33387
    ],
    [
      8358,
      36842
    ],
    [
      8358,
      37900
    ],
    [
      8358,
      40587
    ],
    [
      8358,
      42374
    ],
    [
      8358,
      42660
    ],
    [
      8358,
      43811
    ],
    [
      8358,
      45223
    ],
    [
      8414,
      27421
    ],
    [
      8414,
      43482
    ],
    [
      8468,
      45220
    ],
    [
      8487,
      42782
    ],
    [
      8532,
      31657
    ],
    [
      8560,
      45651
    ],
    [
      8562,
      22384
    ],
    [
      8611,
      32478
    ],
    [
      8612,
      16640
    ],
    [
      8730,
      26053
    ],
    [
      8730,
      28594
    ],
    [
      8758,
      12790
    ],
    [
      8786,
      24726
    ],
    [
      8857,
      24268
    ],
    [
      8861,
      16803
    ],
    [
      8861,
      27998
    ],
    [
      9089,
      42632
    ],
    [
      9112,
      17327
    ],
    [
      9136,
      22384
    ],
    [
      9156,
      24268
    ],
    [
      9157,
      18960
    ],
    [
      9157,
      42500
    ],
    [
      9163,
      12987
    ],
    [
      9262,
      13100
    ],
    [
      9262,
      32551
    ],
    [
      9275,
      13961
    ],
    [
      9275,
      14828
    ],
    [
      9275,
      23071
    ],
    [
      9275,
      25944
    ],
    [
      9275,
      27966
    ],
    [
      9275,
      33387
    ],
    [
      9275,
      36696
    ],
    [
      9275,
      36842
    ],
    [
      9275,
      37598
    ],
    [
      9275,
      42660
    ],
    [
      9275,
      43811
    ],
    [
      9326,
      19880
    ],
    [
      9331,
      22384
    ],
    [
      9332,
      28594
    ],
    [
      9365,
      26053
    ],
    [
      9379,
      17848
    ],
    [
      9379,
      35005
    ],
    [
      9437,
      22972
    ],
    [
      9514,
      33790
    ],
    [
      9519,
      10575
    ],
    [
      9519,
      12397
    ],
    [
      9519,
      15608
    ],
    [
      9519,
      16229
    ],
    [
      9519,
      19617
    ],
    [
      9519,
      21176
    ],
    [
      9519,
      21904
    ],
    [
      9519,
      22048
    ],
    [
      9519,
      23935
    ],
    [
      9519,
      24176
    ],
    [
      9519,
      25082
    ],
    [
      9519,
      28991
    ],
    [
      9519,
      29052
    ],
    [
      9519,
      31582
    ],
    [
      9519,
      34457
    ],
    [
      9519,
      36734
    ],
    [
      9519,
      37001
    ],
    [
      9519,
      38901
    ],
    [
      9519,
      40087
    ],
    [
      9519,
      42970
    ],
    [
      9519,
      45405
    ],
    [
      9519,
      45621
    ],
    [
      9535,
      36892
    ],
    [
      9535,
      39180
    ],
    [
      9535,
      41213
    ],
    [
      9640,
      25132
    ],
    [
      9640,
      28332
    ],
    [
      9640,
      36892
    ],
    [
      9640,
      39180
    ],
    [
      9640,
      41213
    ],
    [
      9640,
      45320
    ],
    [
      9646,
      29674
    ],
    [
      9646,
      30822
    ],
    [
      9702,
      42399
    ],
    [
      9707,
      31494
    ],
    [
      9722,
      28238
    ],
    [
      9738,
      30736
    ],
    [
      9793,
      11906
    ],
    [
      9793,
      22571
    ],
    [
      9793,
      33630
    ],
    [
      9797,
      24268
    ],
    [
      9820,
      30630
    ],
    [
      9859,
      12987
    ],
    [
      9861,
      42782
    ],
    [
      9992,
      37188
    ],
    [
      10050,
      30542
    ],
    [
      10052,
      12258
    ],
    [
      10052,
      26900
    ],
    [
      10052,
      35546
    ],
    [
      10221,
      12790
    ],
    [
      10230,
      30542
    ],
    [
      10294,
      24268
    ],
    [
      10326,
      12760
    ],
    [
      10326,
      21366
    ],
    [
      10326,
      26213
    ],
    [
      10328,
      15534
    ],
    [
      10382,
      26082
    ],
    [
      10388,
      37665
    ],
    [
      10389,
      16498
    ],
    [
      10487,
      25314
    ],
    [
      10499,
      14780
    ],
    [
      10499,
      29862
    ],
    [
      10499,
      36186
    ],
    [
      10501,
      30542
    ],
    [
      10535,
      33499
    ],
    [
      10560,
      22384
    ],
    [
      10739,
      33790
    ],
    [
      10752,
      32511
    ],
    [
      10808,
      22384
    ],
    [
      10809,
      27019
    ],
    [
      10813,
      27019
    ],
    [
      10838,
      15628
    ],
    [
      11022,
      13223
    ],
    [
      11022,
      32587
    ],
    [
      11022,
      35282
    ],
    [
      11049,
      29674
    ],
    [
      11049,
      30822
    ],
    [
      11063,
      22617
    ],
    [
      11084,
      25575
    ],
    [
      11084,
      29657
    ],
    [
      11084,
      44609
    ],
    [
      11087,
      30409
    ],
    [
      11087,
      35546
    ],
    [
      11137,
      12699
    ],
    [
      11170,
      12217
    ],
    [
      11226,
      24268
    ],
    [
      11307,
      24268
    ],
    [
      11319,
      39365
    ],
    [
      11423,
      28238
    ],
    [
      11484,
      45948
    ],
    [
      11504,
      27019
    ],
    [
      11590,
      12790
    ],
    [
      11645,
      37331
    ],
    [
      11716,
      24268
    ],
    [
      11789,
      27421
    ],
    [
      11789,
      43482
    ],
    [
      11807,
      30542
    ],
    [
      11818,
      37665
    ],
    [
      11835,
      24268
    ],
    [
      11902,
      28781
    ],
    [
      11923,
      43764
    ],
    [
      11925,
      16803
    ],
    [
      11925,
      27998
    ],
    [
      11976,
      14362
    ],
    [
      11979,
      27294
    ],
    [
      11979,
      39890
    ],
    [
      12082,
      26720
    ],
    [
      12117,
      24268
    ],
    [
      12143,
      31662
    ],
    [
      12174,
      43412
    ],
    [
      12199,
      30736
    ],
    [
      12217,
      12236
    ],
    [
      12217,
      22798
    ],
    [
      12217,
      24693
    ],
    [
      12217,
      26886
    ],
    [
      12217,
      33290
    ],
    [
      12217,
      36840
    ],
    [
      12217,
      41506
    ],
    [
      12217,
      45549
    ],
    [
      12236,
      21963
    ],
    [
      12236,
      29854
    ],
    [
      12258,
      31657
    ],
    [
      12280,
      21232
    ],
    [
      12280,
      40062
    ],
    [
      12304,
      30736
    ],
    [
      12378,
      24268
    ],
    [
      12392,
      22360
    ],
    [
      12392,
      22941
    ],
    [
      12392,
      36808
    ],
    [
      12392,
      36868
    ],
    [
      12394,
      27287
    ],
    [
      12429,
      29674
    ],
    [
      12429,
      30822
    ],
    [
      12545,
      19507
    ],
    [
      12545,
      44704
    ],
    [
      12615,
      22616
    ],
    [
      12615,
      29184
    ],
    [
      12661,
      35653
    ],
    [
      12661,
      45210
    ],
    [
      12760,
      13356
    ],
    [
      12760,
      13923
    ],
    [
      12760,
      37188
    ],
    [
      12760,
      45329
    ],
    [
      12790,
      14141
    ],
    [
      12790,
      16168
    ],
    [
      12790,
      16476
    ],
    [
      12790,
      19628
    ],
    [
      12790,
      19737
    ],
    [
      12790,
      21114
    ],
    [
      12790,
      28488
    ],
    [
      12790,
      28864
    ],
    [
      12790,
      29631
    ],
    [
      12790,
      31521
    ],
    [
      12790,
      32908
    ],
    [
      12790,
      37653
    ],
    [
      12790,
      38043
    ],
    [
      12790,
      40597
    ],
    [
      12790,
      41856
    ],
    [
      12790,
      43489
    ],
    [
      12790,
      43607
    ],
    [
      12828,
      27294
    ],
    [
      12828,
      39890
    ],
    [
      12867,
      31662
    ],
    [
      12940,
      27986
    ],
    [
      12940,
      33475
    ],
    [
      12940,
      38658
    ],
    [
      12967,
      16640
    ],
    [
      12970,
      18315
    ],
    [
      12987,
      13909
    ],
    [
      12987,
      18030
    ],
    [
      12987,
      18936
    ],
    [
      12987,
      21736
    ],
    [
      12987,
      23981
    ],
    [
      12987,
      28706
    ],
    [
      12987,
      31150
    ],
    [
      12987,
      32039
    ],
    [
      12987,
      32626
    ],
    [
      12987,
      32792
    ],
    [
      12987,
      35366
    ],
    [
      12987,
      36689
    ],
    [
      12987,
      37081
    ],
    [
      12987,
      39120
    ],
    [
      12987,
      39342
    ],
    [
      12987,
      44442
    ],
    [
      13015,
      16058
    ],
    [
      13015,
      27240
    ],
    [
      13067,
      14780
    ],
    [
      13067,
      29862
    ],
    [
      13067,
      36186
    ],
    [
      13068,
      22576
    ],
    [
      13068,
      27409
    ],
    [
      13068,
      35921
    ],
    [
      13082,
      30542
    ],
    [
      13100,
      13825
    ],
    [
      13100,
      17217
    ],
    [
      13100,
      18688
    ],
    [
      13100,
      20666
    ],
    [
      13100,
      24709
    ],
    [
      13100,
      28924
    ],
    [
      13100,
      33813
    ],
    [
      13100,
      34008
    ],
    [
      13100,
      36084
    ],
    [
      13100,
      39735
    ],
    [
      13100,
      40697
    ],
    [
      13135,
      24726
    ],
    [
      13243,
      22338
    ],
    [
      13246,
      24268
    ],
    [
      13247,
      29674
    ],
    [
      13247,
      30822
    ],
    [
      13249,
      30542
    ],
    [
      13271,
      29225
    ],
    [
      13279,
      25575
    ],
    [
      13279,
      44609
    ],
    [
      13340,
      42848
    ],
    [
      13356,
      21366
    ],
    [
      13356,
      26213
    ],
    [
      13359,
      22384
    ],
    [
      13414,
      28594
    ],
    [
      13422,
      24268
    ],
    [
      13558,
      42782
    ],
    [
      13563,
      32587
    ],
    [
      13563,
      35282
    ],
    [
      13590,
      25575
    ],
    [
      13641,
      13825
    ],
    [
      13641,
      17217
    ],
    [
      13641,
      24709
    ],
    [
      13641,
      28924
    ],
    [
      13641,
      33813
    ],
    [
      13641,
      34008
    ],
    [
      13641,
      39735
    ],
    [
      13714,
      24457
    ],
    [
      13714,
      37171
    ],
    [
      13813,
      42782
    ],
    [
      13825,
      20432
    ],
    [
      13825,
      32551
    ],
    [
      13825,
      37012
    ],
    [
      13825,
      38459
    ],
    [
      13825,
      41777
    ],
    [
      13911,
      24268
    ],
    [
      13923,
      21366
    ],
    [
      13923,
      26213
    ],
    [
      13961,
      22478
    ],
    [
      13961,
      26070
    ],
    [
      13961,
      44531
    ],
    [
      14004,
      32576
    ],
    [
      14004,
      35138
    ],
    [
      14004,
      38323
    ],
    [
      14004,
      42519
    ],
    [
      14006,
      22384
    ],
    [
      14025,
      16712
    ],
    [
      14025,
      17419
    ],
    [
      14025,
      18447
    ],
    [
      14025,
      19767
    ],
    [
      14025,
      26556
    ],
    [
      14025,
      30207
    ],
    [
      14025,
      40812
    ],
    [
      14025,
      41559
    ],
    [
      14025,
      41890
    ],
    [
      14032,
      31762
    ],
    [
      14094,
      42803
    ],
    [
      14116,
      45220
    ],
    [
      14236,
      24726
    ],
    [
      14292,
      39406
    ],
    [
      14416,
      15443
    ],
    [
      14416,
      24966
    ],
    [
      14416,
      34435
    ],
    [
      14441,
      30542
    ],
    [
      14443,
      39927
    ],
    [
      14577,
      19507
    ],
    [
      14577,
      44704
    ],
    [
      14636,
      29674
    ],
    [
      14636,
      30822
    ],
    [
      14662,
      32472
    ],
    [
      14690,
      40780
    ],
    [
      14711,
      20463
    ],
    [
      14711,
      32576
    ],
    [
      14711,
      35138
    ],
    [
      14711,
      38323
    ],
    [
      14711,
      42519
    ],
    [
      14780,
      37401
    ],
    [
      14780,
      39290
    ],
    [
      14823,
      32732
    ],
    [
      14828,
      22478
    ],
    [
      14828,
      26070
    ],
    [
      14828,
      44531
    ],
    [
      14838,
      38087
    ],
    [
      14880,
      43764
    ],
    [
      15008,
      32478
    ],
    [
      15009,
      24268
    ],
    [
      15201,
      41878
    ],
    [
      15282,
      44861
    ],
    [
      15352,
      24268
    ],
    [
      15443,
      20335
    ],
    [
      15443,
      44199
    ],
    [
      15462,
      24268
    ],
    [
      15472,
      30736
    ],
    [
      15511,
      37331
    ],
    [
      15566,
      29795
    ],
    [
      15628,
      16346
    ],
    [
      15628,
      23664
    ],
    [
      15628,
      27260
    ],
    [
      15628,
      30752
    ],
    [
      15628,
      32997
    ],
    [
      15628,
      33185
    ],
    [
      15628,
      42656
    ],
    [
      15631,
      27421
    ],
    [
      15631,
      43482
    ],
    [
      15727,
      44560
    ],
    [
      15794,
      28594
    ],
    [
      15851,
      35715
    ],
    [
      15959,
      17450
    ],
    [
      15959,
      21903
    ],
    [
      15959,
      45676
    ],
    [
      15964,
      24726
    ],
    [
      15982,
      24268
    ],
    [
      16247,
      28270
    ],
    [
      16247,
      41340
    ],
    [
      16247,
      43486
    ],
    [
      16247,
      43491
    ],
    [
      16247,
      45614
    ],
    [
      16346,
      39477
    ],
    [
      16350,
      33875
    ],
    [
      16466,
      36965
    ],
    [
      16514,
      20055
    ],
    [
      16514,
      39317
    ],
    [
      16592,
      30736
    ],
    [
      16640,
      23595
    ],
    [
      16640,
      27940
    ],
    [
      16640,
      28282
    ],
    [
      16640,
      34807
    ],
    [
      16661,
      29862
    ],
    [
      16733,
      37665
    ],
    [
      16803,
      18116
    ],
    [
      16803,
      19500
    ],
    [
      16803,
      20729
    ],
    [
      16803,
      20955
    ],
    [
      16803,
      25507
    ],
    [
      16803,
      28342
    ],
    [
      16803,
      33387
    ],
    [
      16803,
      36842
    ],
    [
      16803,
      37900
    ],
    [
      16803,
      40587
    ],
    [
      16803,
      42374
    ],
    [
      16803,
      42660
    ],
    [
      16803,
      43811
    ],
    [
      16803,
      45223
    ],
    [
      16828,
      24268
    ],
    [
      16938,
      37331
    ],
    [
      17097,
      24268
    ],
    [
      17122,
      45682
    ],
    [
      17125,
      27019
    ],
    [
      17126,
      27421
    ],
    [
      17126,
      43482
    ],
    [
      17216,
      29975
    ],
    [
      17216,
      31147
    ],
    [
      17216,
      38543
    ],
    [
      17217,
      20432
    ],
    [
      17217,
      24667
    ],
    [
      17217,
      32551
    ],
    [
      17217,
      37012
    ],
    [
      17217,
      38459
    ],
    [
      17217,
      41777
    ],
    [
      17252,
      32511
    ],
    [
      17309,
      26053
    ],
    [
      17424,
      39477
    ],
    [
      17450,
      23937
    ],
    [
      17450,
      28000
    ],
    [
      17502,
      19911
    ],
    [
      17502,
      23737
    ],
    [
      17651,
      24268
    ],
    [
      17686,
      22972
    ],
    [
      17760,
      20055
    ],
    [
      17760,
      23664
    ],
    [
      17760,
      27260
    ],
    [
      17760,
      29843
    ],
    [
      17760,
      30752
    ],
    [
      17760,
      33946
    ],
    [
      17760,
      39317
    ],
    [
      17827,
      26102
    ],
    [
      17848,
      29975
    ],
    [
      17848,
      31147
    ],
    [
      17848,
      33885
    ],
    [
      17848,
      38543
    ],
    [
      17859,
      33059
    ],
    [
      17881,
      28594
    ],
    [
      17908,
      31494
    ],
    [
      17917,
      24268
    ],
    [
      18116,
      27998
    ],
    [
      18219,
      24268
    ],
    [
      18296,
      27294
    ],
    [
      18359,
      44649
    ],
    [
      18416,
      21760
    ],
    [
      18416,
      23342
    ],
    [
      18505,
      23214
    ],
    [
      18592,
      29433
    ],
    [
      18592,
      41325
    ],
    [
      18600,
      24268
    ],
    [
      18692,
      45948
    ],
    [
      18914,
      32511
    ],
    [
      18914,
      33630
    ],
    [
      18941,
      19507
    ],
    [
      18941,
      44704
    ],
    [
      19002,
      32582
    ],
    [
      19052,
      22004
    ],
    [
      19052,
      26664
    ],
    [
      19052,
      37942
    ],
    [
      19052,
      39613
    ],
    [
      19052,
      39718
    ],
    [
      19077,
      22972
    ],
    [
      19113,
      42848
    ],
    [
      19149,
      29391
    ],
    [
      19188,
      32511
    ],
    [
      19188,
      40698
    ],
    [
      19241,
      24268
    ],
    [
      19282,
      27019
    ],
    [
      19344,
      24452
    ],
    [
      19344,
      29908
    ],
    [
      19344,
      41557
    ],
    [
      19384,
      19880
    ],
    [
      19403,
      27492
    ],
    [
      19457,
      37665
    ],
    [
      19482,
      27986
    ],
    [
      19482,
      33475
    ],
    [
      19500,
      27998
    ],
    [
      19507,
      20143
    ],
    [
      19507,
      23712
    ],
    [
      19507,
      32557
    ],
    [
      19507,
      43172
    ],
    [
      19525,
      34595
    ],
    [
      19709,
      25575
    ],
    [
      19739,
      29816
    ],
    [
      19880,
      23634
    ],
    [
      19880,
      45397
    ],
    [
      20055,
      20338
    ],
    [
      20055,
      23969
    ],
    [
      20055,
      42093
    ],
    [
      20143,
      44704
    ],
    [
      20163,
      23918
    ],
    [
      20163,
      39365
    ],
    [
      20190,
      38087
    ],
    [
      20194,
      30542
    ],
    [
      20264,
      40780
    ],
    [
      20319,
      22384
    ],
    [
      20338,
      39317
    ],
    [
      20391,
      36306
    ],
    [
      20432,
      24709
    ],
    [
      20432,
      28924
    ],
    [
      20432,
      33813
    ],
    [
      20432,
      34008
    ],
    [
      20432,
      39735
    ],
    [
      20438,
      24928
    ],
    [
      20438,
      25051
    ],
    [
      20438,
      31706
    ],
    [
      20438,
      42848
    ],
    [
      20463,
      30788
    ],
    [
      20463,
      32225
    ],
    [
      20619,
      26053
    ],
    [
      20666,
      32551
    ],
    [
      20675,
      39204
    ],
    [
      20698,
      22360
    ],
    [
      20698,
      22941
    ],
    [
      20698,
      36808
    ],
    [
      20698,
      36868
    ],
    [
      20729,
      27998
    ],
    [
      20824,
      29795
    ],
    [
      20871,
      24928
    ],
    [
      20871,
      25051
    ],
    [
      20871,
      31706
    ],
    [
      20871,
      42848
    ],
    [
      20918,
      35225
    ],
    [
      20955,
      22478
    ],
    [
      20955,
      26070
    ],
    [
      20955,
      27998
    ],
    [
      20955,
      44531
    ],
    [
      21019,
      45220
    ],
    [
      21044,
      30542
    ],
    [
      21047,
      21760
    ],
    [
      21047,
      23342
    ],
    [
      21197,
      39477
    ],
    [
      21336,
      22384
    ],
    [
      21366,
      27755
    ],
    [
      21366,
      45329
    ],
    [
      21494,
      23451
    ],
    [
      21516,
      21635
    ],
    [
      21516,
      23674
    ],
    [
      21533,
      32511
    ],
    [
      21635,
      24268
    ],
    [
      21714,
      25314
    ],
    [
      21741,
      29674
    ],
    [
      21741,
      30822
    ],
    [
      21760,
      22509
    ],
    [
      21760,
      39221
    ],
    [
      21769,
      38433
    ],
    [
      21780,
      29357
    ],
    [
      21842,
      32699
    ],
    [
      21843,
      37171
    ],
    [
      21855,
      24268
    ],
    [
      21903,
      23937
    ],
    [
      21903,
      28000
    ],
    [
      21907,
      28594
    ],
    [
      21913,
      39365
    ],
    [
      21963,
      22798
    ],
    [
      21963,
      24693
    ],
    [
      21963,
      26886
    ],
    [
      21963,
      32864
    ],
    [
      21963,
      33290
    ],
    [
      21963,
      39054
    ],
    [
      21963,
      41506
    ],
    [
      21995,
      42782
    ],
    [
      22096,
      43482
    ],
    [
      22146,
      40854
    ],
    [
      22180,
      30542
    ],
    [
      22263,
      26053
    ],
    [
      22312,
      32699
    ],
    [
      22316,
      35653
    ],
    [
      22316,
      45210
    ],
    [
      22338,
      39791
    ],
    [
      22338,
      40858
    ],
    [
      22384,
      26039
    ],
    [
      22384,
      26983
    ],
    [
      22384,
      27641
    ],
    [
      22384,
      28479
    ],
    [
      22384,
      29709
    ],
    [
      22384,
      30108
    ],
    [
      22384,
      31188
    ],
    [
      22384,
      32645
    ],
    [
      22384,
      32839
    ],
    [
      22384,
      34661
    ],
    [
      22384,
      36722
    ],
    [
      22384,
      37616
    ],
    [
      22384,
      37791
    ],
    [
      22384,
      38914
    ],
    [
      22384,
      42248
    ],
    [
      22384,
      42341
    ],
    [
      22384,
      42649
    ],
    [
      22384,
      43215
    ],
    [
      22384,
      44191
    ],
    [
      22384,
      45146
    ],
    [
      22384,
      45565
    ],
    [
      22405,
      37665
    ],
    [
      22478,
      23071
    ],
    [
      22478,
      25944
    ],
    [
      22478,
      27966
    ],
    [
      22478,
      28342
    ],
    [
      22478,
      33387
    ],
    [
      22478,
      36842
    ],
    [
      22478,
      37598
    ],
    [
      22478,
      40587
    ],
    [
      22478,
      42374
    ],
    [
      22478,
      42660
    ],
    [
      22478,
      43811
    ],
    [
      22509,
      23342
    ],
    [
      22617,
      38562
    ],
    [
      22633,
      39365
    ],
    [
      22660,
      30630
    ],
    [
      22731,
      27492
    ],
    [
      22798,
      29854
    ],
    [
      22920,
      30330
    ],
    [
      22924,
      22972
    ],
    [
      22926,
      23214
    ],
    [
      22941,
      27310
    ],
    [
      23071,
      26070
    ],
    [
      23071,
      44531
    ],
    [
      23196,
      26370
    ],
    [
      23214,
      24847
    ],
    [
      23305,
      24268
    ],
    [
      23339,
      42774
    ],
    [
      23342,
      39221
    ],
    [
      23352,
      26102
    ],
    [
      23418,
      37188
    ],
    [
      23591,
      36892
    ],
    [
      23591,
      39180
    ],
    [
      23591,
      41213
    ],
    [
      23591,
      45320
    ],
    [
      23671,
      24268
    ],
    [
      23674,
      24268
    ],
    [
      23693,
      40449
    ],
    [
      23737,
      27986
    ],
    [
      23737,
      33475
    ],
    [
      23737,
      38658
    ],
    [
      23781,
      29433
    ],
    [
      23781,
      41325
    ],
    [
      23918,
      26471
    ],
    [
      23918,
      44819
    ],
    [
      23937,
      45676
    ],
    [
      23969,
      39317
    ],
    [
      24062,
      29225
    ],
    [
      24090,
      27019
    ],
    [
      24102,
      37665
    ],
    [
      24162,
      31494
    ],
    [
      24268,
      24306
    ],
    [
      24268,
      24422
    ],
    [
      24268,
      25809
    ],
    [
      24268,
      25978
    ],
    [
      24268,
      26563
    ],
    [
      24268,
      27560
    ],
    [
      24268,
      29118
    ],
    [
      24268,
      29171
    ],
    [
      24268,
      29741
    ],
    [
      24268,
      30160
    ],
    [
      24268,
      31103
    ],
    [
      24268,
      31768
    ],
    [
      24268,
      31993
    ],
    [
      24268,
      33911
    ],
    [
      24268,
      34580
    ],
    [
      24268,
      35240
    ],
    [
      24268,
      35529
    ],
    [
      24268,
      35591
    ],
    [
      24268,
      36255
    ],
    [
      24268,
      37145
    ],
    [
      24268,
      37625
    ],
    [
      24268,
      39189
    ],
    [
      24268,
      39263
    ],
    [
      24268,
      39839
    ],
    [
      24268,
      40317
    ],
    [
      24268,
      40736
    ],
    [
      24268,
      41253
    ],
    [
      24268,
      41371
    ],
    [
      24268,
      41421
    ],
    [
      24268,
      42157
    ],
    [
      24268,
      44251
    ],
    [
      24268,
      44313
    ],
    [
      24268,
      44402
    ],
    [
      24268,
      45584
    ],
    [
      24268,
      45677
    ],
    [
      24268,
      45715
    ],
    [
      24452,
      24826
    ],
    [
      24452,
      26316
    ],
    [
      24452,
      41148
    ],
    [
      24452,
      44027
    ],
    [
      24457,
      26085
    ],
    [
      24474,
      30736
    ],
    [
      24505,
      43482
    ],
    [
      24508,
      33373
    ],
    [
      24513,
      42782
    ],
    [
      24542,
      43412
    ],
    [
      24557,
      27019
    ],
    [
      24652,
      28594
    ],
    [
      24661,
      45220
    ],
    [
      24667,
      24709
    ],
    [
      24667,
      33813
    ],
    [
      24667,
      39735
    ],
    [
      24693,
      29854
    ],
    [
      24709,
      32551
    ],
    [
      24709,
      37012
    ],
    [
      24709,
      38459
    ],
    [
      24709,
      41777
    ],
    [
      24726,
      25205
    ],
    [
      24726,
      26109
    ],
    [
      24726,
      31362
    ],
    [
      24726,
      33065
    ],
    [
      24726,
      43358
    ],
    [
      24799,
      28594
    ],
    [
      24826,
      29908
    ],
    [
      24826,
      41557
    ],
    [
      24847,
      28609
    ],
    [
      24928,
      25797
    ],
    [
      24928,
      32710
    ],
    [
      24928,
      41217
    ],
    [
      24928,
      44511
    ],
    [
      24935,
      45220
    ],
    [
      24966,
      44199
    ],
    [
      25051,
      25797
    ],
    [
      25051,
      32710
    ],
    [
      25051,
      41217
    ],
    [
      25051,
      44511
    ],
    [
      25314,
      28618
    ],
    [
      25314,
      29288
    ],
    [
      25314,
      40698
    ],
    [
      25507,
      27998
    ],
    [
      25575,
      27354
    ],
    [
      25575,
      29112
    ],
    [
      25575,
      31756
    ],
    [
      25575,
      35457
    ],
    [
      25575,
      42699
    ],
    [
      25575,
      43158
    ],
    [
      25585,
      30542
    ],
    [
      25585,
      40564
    ],
    [
      25585,
      44279
    ],
    [
      25623,
      27421
    ],
    [
      25623,
      43482
    ],
    [
      25626,
      31762
    ],
    [
      25667,
      42562
    ],
    [
      25685,
      27492
    ],
    [
      25685,
      32888
    ],
    [
      25685,
      33851
    ],
    [
      25740,
      32511
    ],
    [
      25769,
      30542
    ],
    [
      25797,
      31706
    ],
    [
      25797,
      42848
    ],
    [
      25805,
      36965
    ],
    [
      25813,
      42947
    ],
    [
      25905,
      39791
    ],
    [
      25933,
      45547
    ],
    [
      25944,
      26070
    ],
    [
      25944,
      44531
    ],
    [
      26053,
      28409
    ],
    [
      26053,
      30316
    ],
    [
      26053,
      36207
    ],
    [
      26053,
      39758
    ],
    [
      26053,
      41516
    ],
    [
      26053,
      42087
    ],
    [
      26053,
      43547
    ],
    [
      26057,
      30542
    ],
    [
      26070,
      27966
    ],
    [
      26070,
      28342
    ],
    [
      26070,
      33387
    ],
    [
      26070,
      36842
    ],
    [
      26070,
      37598
    ],
    [
      26070,
      40587
    ],
    [
      26070,
      42374
    ],
    [
      26070,
      42660
    ],
    [
      26070,
      43811
    ],
    [
      26085,
      37171
    ],
    [
      26099,
      36840
    ],
    [
      26100,
      30667
    ],
    [
      26100,
      34815
    ],
    [
      26102,
      33690
    ],
    [
      26213,
      27755
    ],
    [
      26213,
      45329
    ],
    [
      26316,
      29908
    ],
    [
      26316,
      41557
    ],
    [
      26360,
      30542
    ],
    [
      26471,
      39365
    ],
    [
      26488,
      34226
    ],
    [
      26549,
      32582
    ],
    [
      26567,
      28594
    ],
    [
      26568,
      30630
    ],
    [
      26886,
      29854
    ],
    [
      26900,
      31657
    ],
    [
      27019,
      28261
    ],
    [
      27019,
      30956
    ],
    [
      27019,
      31295
    ],
    [
      27019,
      33892
    ],
    [
      27019,
      38233
    ],
    [
      27019,
      39152
    ],
    [
      27019,
      39544
    ],
    [
      27019,
      39732
    ],
    [
      27019,
      44381
    ],
    [
      27023,
      30630
    ],
    [
      27287,
      30781
    ],
    [
      27287,
      32625
    ],
    [
      27294,
      33902
    ],
    [
      27306,
      37188
    ],
    [
      27354,
      44609
    ],
    [
      27393,
      43701
    ],
    [
      27421,
      28446
    ],
    [
      27421,
      37151
    ],
    [
      27421,
      42418
    ],
    [
      27421,
      42914
    ],
    [
      27492,
      30391
    ],
    [
      27492,
      45074
    ],
    [
      27725,
      42782
    ],
    [
      27761,
      39047
    ],
    [
      27827,
      45220
    ],
    [
      27917,
      36718
    ],
    [
      27966,
      44531
    ],
    [
      27976,
      42848
    ],
    [
      27998,
      28342
    ],
    [
      27998,
      33387
    ],
    [
      27998,
      36842
    ],
    [
      27998,
      37900
    ],
    [
      27998,
      40587
    ],
    [
      27998,
      42374
    ],
    [
      27998,
      42660
    ],
    [
      27998,
      43811
    ],
    [
      27998,
      45223
    ],
    [
      28000,
      45676
    ],
    [
      28126,
      31688
    ],
    [
      28177,
      33790
    ],
    [
      28238,
      44843
    ],
    [
      28238,
      45158
    ],
    [
      28342,
      44531
    ],
    [
      28386,
      33645
    ],
    [
      28446,
      43482
    ],
    [
      28541,
      28594
    ],
    [
      28594,
      29705
    ],
    [
      28594,
      30316
    ],
    [
      28594,
      31212
    ],
    [
      28594,
      34713
    ],
    [
      28594,
      36207
    ],
    [
      28594,
      37708
    ],
    [
      28594,
      37952
    ],
    [
      28594,
      38066
    ],
    [
      28594,
      39529
    ],
    [
      28594,
      41817
    ],
    [
      28675,
      40351
    ],
    [
      28675,
      45244
    ],
    [
      28781,
      30286
    ],
    [
      28924,
      32551
    ],
    [
      28924,
      37012
    ],
    [
      28924,
      38459
    ],
    [
      28924,
      41777
    ],
    [
      29043,
      39254
    ],
    [
      29089,
      45948
    ],
    [
      29225,
      34246
    ],
    [
      29225,
      45540
    ],
    [
      29330,
      42782
    ],
    [
      29386,
      42562
    ],
    [
      29483,
      42632
    ],
    [
      29589,
      38087
    ],
    [
      29657,
      31756
    ],
    [
      29657,
      42699
    ],
    [
      29674,
      36526
    ],
    [
      29674,
      39757
    ],
    [
      29674,
      41111
    ],
    [
      29692,
      39477
    ],
    [
      29843,
      42093
    ],
    [
      29854,
      32864
    ],
    [
      29854,
      33290
    ],
    [
      29854,
      39054
    ],
    [
      29854,
      41506
    ],
    [
      29862,
      37401
    ],
    [
      29862,
      39290
    ],
    [
      29908,
      41148
    ],
    [
      29908,
      44027
    ],
    [
      29928,
      32511
    ],
    [
      29975,
      35005
    ],
    [
      30009,
      45220
    ],
    [
      30037,
      40866
    ],
    [
      30330,
      33132
    ],
    [
      30330,
      37633
    ],
    [
      30352,
      45220
    ],
    [
      30470,
      32089
    ],
    [
      30542,
      31738
    ],
    [
      30542,
      33138
    ],
    [
      30542,
      35881
    ],
    [
      30542,
      37072
    ],
    [
      30542,
      37684
    ],
    [
      30542,
      38171
    ],
    [
      30542,
      42322
    ],
    [
      30542,
      42918
    ],
    [
      30542,
      43933
    ],
    [
      30611,
      43764
    ],
    [
      30630,
      44852
    ],
    [
      30720,
      36718
    ],
    [
      30736,
      33846
    ],
    [
      30736,
      34177
    ],
    [
      30736,
      35160
    ],
    [
      30736,
      35925
    ],
    [
      30736,
      37104
    ],
    [
      30736,
      38005
    ],
    [
      30788,
      32576
    ],
    [
      30788,
      35138
    ],
    [
      30788,
      38323
    ],
    [
      30788,
      42519
    ],
    [
      30822,
      36526
    ],
    [
      30822,
      39757
    ],
    [
      30822,
      41111
    ],
    [
      30861,
      45220
    ],
    [
      31147,
      35005
    ],
    [
      31494,
      34325
    ],
    [
      31494,
      42138
    ],
    [
      31494,
      42996
    ],
    [
      31605,
      32089
    ],
    [
      31657,
      35546
    ],
    [
      31662,
      33253
    ],
    [
      31662,
      39137
    ],
    [
      31674,
      39180
    ],
    [
      31706,
      32710
    ],
    [
      31706,
      41217
    ],
    [
      31756,
      44609
    ],
    [
      31762,
      40618
    ],
    [
      32089,
      43505
    ],
    [
      32089,
      43991
    ],
    [
      32157,
      37171
    ],
    [
      32225,
      32576
    ],
    [
      32225,
      35138
    ],
    [
      32225,
      38323
    ],
    [
      32225,
      42519
    ],
    [
      32252,
      42782
    ],
    [
      32302,
      39816
    ],
    [
      32415,
      42632
    ],
    [
      32457,
      39180
    ],
    [
      32478,
      40383
    ],
    [
      32511,
      34197
    ],
    [
      32511,
      34944
    ],
    [
      32511,
      36242
    ],
    [
      32511,
      37583
    ],
    [
      32511,
      39928
    ],
    [
      32511,
      41662
    ],
    [
      32551,
      33813
    ],
    [
      32551,
      34008
    ],
    [
      32551,
      39735
    ],
    [
      32551,
      40697
    ],
    [
      32576,
      33242
    ],
    [
      32582,
      42848
    ],
    [
      32587,
      42951
    ],
    [
      32587,
      43601
    ],
    [
      32587,
      44403
    ],
    [
      32612,
      37665
    ],
    [
      32710,
      42848
    ],
    [
      32732,
      43571
    ],
    [
      32888,
      45074
    ],
    [
      32916,
      42848
    ],
    [
      32997,
      39477
    ],
    [
      33166,
      39612
    ],
    [
      33185,
      39477
    ],
    [
      33296,
      45948
    ],
    [
      33373,
      37234
    ],
    [
      33387,
      44531
    ],
    [
      33685,
      44649
    ],
    [
      33790,
      35004
    ],
    [
      33790,
      43986
    ],
    [
      33813,
      37012
    ],
    [
      33813,
      38459
    ],
    [
      33813,
      41777
    ],
    [
      33851,
      45074
    ],
    [
      33885,
      35005
    ],
    [
      33902,
      39890
    ],
    [
      33946,
      42093
    ],
    [
      34008,
      37012
    ],
    [
      34008,
      38459
    ],
    [
      34008,
      41777
    ],
    [
      34435,
      44199
    ],
    [
      34543,
      40993
    ],
    [
      34922,
      40145
    ],
    [
      34982,
      39612
    ],
    [
      35005,
      38543
    ],
    [
      35282,
      44403
    ],
    [
      35457,
      44609
    ],
    [
      35572,
      42782
    ],
    [
      35687,
      43031
    ],
    [
      35720,
      39816
    ],
    [
      36009,
      42848
    ],
    [
      36113,
      43031
    ],
    [
      36180,
      36892
    ],
    [
      36180,
      39180
    ],
    [
      36180,
      41213
    ],
    [
      36180,
      45320
    ],
    [
      36186,
      37401
    ],
    [
      36186,
      39290
    ],
    [
      36242,
      40698
    ],
    [
      36279,
      39757
    ],
    [
      36578,
      38729
    ],
    [
      36842,
      44531
    ],
    [
      36892,
      40960
    ],
    [
      36892,
      41812
    ],
    [
      36978,
      43031
    ],
    [
      37012,
      39735
    ],
    [
      37151,
      43482
    ],
    [
      37255,
      39365
    ],
    [
      37665,
      37872
    ],
    [
      38071,
      42803
    ],
    [
      38087,
      44706
    ],
    [
      38158,
      45925
    ],
    [
      38459,
      39735
    ],
    [
      38818,
      45604
    ],
    [
      38857,
      45220
    ],
    [
      39047,
      43080
    ],
    [
      39180,
      40960
    ],
    [
      39180,
      41812
    ],
    [
      39221,
      41617
    ],
    [
      39221,
      43479
    ],
    [
      39221,
      45678
    ],
    [
      39317,
      42093
    ],
    [
      39365,
      44819
    ],
    [
      39477,
      40384
    ],
    [
      39735,
      41777
    ],
    [
      40266,
      45220
    ],
    [
      40587,
      44531
    ],
    [
      40960,
      41213
    ],
    [
      40960,
      45320
    ],
    [
      41148,
      41557
    ],
    [
      41148,
      45676
    ],
    [
      41213,
      41812
    ],
    [
      41217,
      42848
    ],
    [
      41234,
      42782
    ],
    [
      41293,
      41470
    ],
    [
      41557,
      44027
    ],
    [
      41586,
      45220
    ],
    [
      42374,
      44531
    ],
    [
      42418,
      43482
    ],
    [
      42562,
      43938
    ],
    [
      42660,
      44531
    ],
    [
      42699,
      44609
    ],
    [
      42751,
      45518
    ],
    [
      42782,
      44401
    ],
    [
      42782,
      45232
    ],
    [
      42803,
      44112
    ],
    [
      42848,
      44511
    ],
    [
      42914,
      43482
    ],
    [
      43158,
      44609
    ],
    [
      43482,
      45321
    ],
    [
      43811,
      44531
    ],
    [
      44825,
      45220
    ]
  ]
}