{
  "n_true_positives": 16,
  "n_positives": 16,
  "total_time": 12.531541585922241,
  "date": "2025-01-28T08:50:02.046770",
  "backend": "BruteForce",
  "n_bins": 25,
  "eps": 0.04,
  "args": {
    "csvpath": [
      "../data/Certifair/predictions/adult-global-P1-combined.csv"
    ],
    "eps": 0.04,
    "n_bins": 25,
    "n_examples": null,
    "out_path": "../results/fairness//results/certifair//adult-global-P1-combined-eps0.04.json",
    "full_output": false,
    "verbose": false,
    "randomize_order": false,
    "backend": "bf",
    "blind_cols": null,
    "sample_cols": null,
    "pred": "prediction",
    "metric": "infinity",
    "max_time": null,
    "batchsize": null
  },
  "backend_meta": {
    "epsilon": 0.04,
    "decision_col": "prediction",
    "metric": "infinity",
    "is_exact": true,
    "is_sound": true,
    "is_complete": true
  },
  "positives": [
    [
      2482,
      30240
    ],
    [
      5605,
      28086
    ],
    [
      10488,
      35614
    ],
    [
      10729,
      20721
    ],
    [
      12110,
      35943
    ],
    [
      12195,
      32207
    ],
    [
      12865,
      17425
    ],
    [
      12865,
      41481
    ],
    [
      15917,
      35614
    ],
    [
      17425,
      18441
    ],
    [
      18441,
      41481
    ],
    [
      23598,
      28376
    ],
    [
      28086,
      30401
    ],
    [
      28086,
      32158
    ],
    [
      28086,
      35614
    ],
    [
      35614,
      42428
    ]
  ]
}