{
  "n_true_positives": 296,
  "n_positives": 296,
  "total_time": 9.297359704971313,
  "date": "2025-01-28T08:49:58.763746",
  "backend": "BruteForce",
  "n_bins": 25,
  "eps": 0.04,
  "args": {
    "csvpath": [
      "../data/Certifair/predictions/adult-local-P1-combined.csv"
    ],
    "eps": 0.04,
    "n_bins": 25,
    "n_examples": null,
    "out_path": "../results/fairness//results/certifair//adult-local-P1-combined-eps0.04.json",
    "full_output": false,
    "verbose": false,
    "randomize_order": false,
    "backend": "bf",
    "blind_cols": null,
    "sample_cols": null,
    "pred": "prediction",
    "metric": "infinity",
    "max_time": null,
    "batchsize": null
  },
  "backend_meta": {
    "epsilon": 0.04,
    "decision_col": "prediction",
    "metric": "infinity",
    "is_exact": true,
    "is_sound": true,
    "is_complete": true
  },
  "positives": [
    [
      168,
      28975
    ],
    [
      228,
      28975
    ],
    [
      305,
      10295
    ],
    [
      305,
      25573
    ],
    [
      305,
      28546
    ],
    [
      515,
      28975
    ],
    [
      612,
      30588
    ],
    [
      612,
      34105
    ],
    [
      774,
      36034
    ],
    [
      828,
      19499
    ],
    [
      1156,
      3409
    ],
    [
      1156,
      40016
    ],
    [
      1620,
      22440
    ],
    [
      1753,
      34662
    ],
    [
      1788,
      2813
    ],
    [
      1788,
      4972
    ],
    [
      1788,
      18021
    ],
    [
      1788,
      44854
    ],
    [
      1832,
      7635
    ],
    [
      1908,
      3715
    ],
    [
      2029,
      17343
    ],
    [
      2029,
      19902
    ],
    [
      2029,
      37071
    ],
    [
      2173,
      36441
    ],
    [
      2196,
      3162
    ],
    [
      2295,
      26919
    ],
    [
      2545,
      17920
    ],
    [
      2560,
      40216
    ],
    [
      2813,
      7799
    ],
    [
      2813,
      8006
    ],
    [
      2813,
      24051
    ],
    [
      2813,
      35757
    ],
    [
      2813,
      38288
    ],
    [
      2813,
      38514
    ],
    [
      2983,
      28975
    ],
    [
      3167,
      28975
    ],
    [
      3244,
      3409
    ],
    [
      3244,
      40016
    ],
    [
      3341,
      44854
    ],
    [
      3359,
      44529
    ],
    [
      3409,
      13395
    ],
    [
      3409,
      31805
    ],
    [
      3409,
      32527
    ],
    [
      3409,
      33698
    ],
    [
      3519,
      44854
    ],
    [
      3715,
      8971
    ],
    [
      3715,
      14997
    ],
    [
      3715,
      21151
    ],
    [
      3715,
      28201
    ],
    [
      3715,
      28812
    ],
    [
      3715,
      31884
    ],
    [
      3764,
      18611
    ],
    [
      4087,
      30778
    ],
    [
      4146,
      28564
    ],
    [
      4370,
      28490
    ],
    [
      4383,
      31401
    ],
    [
      4383,
      33650
    ],
    [
      4407,
      17568
    ],
    [
      4407,
      24310
    ],
    [
      4407,
      40212
    ],
    [
      4407,
      41699
    ],
    [
      4755,
      40216
    ],
    [
      4957,
      28975
    ],
    [
      4972,
      7799
    ],
    [
      4972,
      8006
    ],
    [
      4972,
      24051
    ],
    [
      4972,
      35757
    ],
    [
      4972,
      38288
    ],
    [
      4972,
      38514
    ],
    [
      5139,
      13450
    ],
    [
      5609,
      17368
    ],
    [
      5609,
      33322
    ],
    [
      5683,
      31401
    ],
    [
      5683,
      33650
    ],
    [
      5897,
      33570
    ],
    [
      6055,
      36034
    ],
    [
      6140,
      7635
    ],
    [
      6140,
      39518
    ],
    [
      6342,
      28975
    ],
    [
      6522,
      45556
    ],
    [
      6590,
      24740
    ],
    [
      6686,
      7975
    ],
    [
      6761,
      22890
    ],
    [
      6761,
      31870
    ],
    [
      6761,
      33381
    ],
    [
      6761,
      34452
    ],
    [
      6761,
      37448
    ],
    [
      7321,
      37604
    ],
    [
      7402,
      14637
    ],
    [
      7635,
      18186
    ],
    [
      7635,
      25354
    ],
    [
      7695,
      37604
    ],
    [
      7715,
      28975
    ],
    [
      7799,
      18021
    ],
    [
      7867,
      37604
    ],
    [
      7885,
      40800
    ],
    [
      7975,
      10295
    ],
    [
      7975,
      12758
    ],
    [
      7975,
      25573
    ],
    [
      7975,
      28546
    ],
    [
      7975,
      36939
    ],
    [
      8006,
      18021
    ],
    [
      8006,
      22876
    ],
    [
      8006,
      32771
    ],
    [
      8006,
      38314
    ],
    [
      8006,
      42930
    ],
    [
      8006,
      44854
    ],
    [
      8119,
      19632
    ],
    [
      8342,
      44854
    ],
    [
      8495,
      17343
    ],
    [
      8495,
      19902
    ],
    [
      8495,
      37071
    ],
    [
      8778,
      12493
    ],
    [
      8778,
      17631
    ],
    [
      8901,
      24740
    ],
    [
      8915,
      36034
    ],
    [
      9441,
      17920
    ],
    [
      9491,
      28975
    ],
    [
      9604,
      20001
    ],
    [
      10147,
      28975
    ],
    [
      10147,
      40216
    ],
    [
      10232,
      34662
    ],
    [
      10295,
      14091
    ],
    [
      10295,
      17062
    ],
    [
      10295,
      19487
    ],
    [
      10295,
      26278
    ],
    [
      10389,
      16498
    ],
    [
      10873,
      36441
    ],
    [
      11450,
      24161
    ],
    [
      11450,
      40970
    ],
    [
      11486,
      24542
    ],
    [
      11601,
      26149
    ],
    [
      11611,
      40216
    ],
    [
      11886,
      43926
    ],
    [
      12384,
      28975
    ],
    [
      12852,
      24000
    ],
    [
      12853,
      14847
    ],
    [
      12853,
      45407
    ],
    [
      12853,
      45969
    ],
    [
      13155,
      32743
    ],
    [
      13289,
      13515
    ],
    [
      13395,
      17920
    ],
    [
      13395,
      40016
    ],
    [
      13449,
      28975
    ],
    [
      13450,
      30536
    ],
    [
      13478,
      25207
    ],
    [
      13582,
      31401
    ],
    [
      13582,
      33650
    ],
    [
      13645,
      40216
    ],
    [
      14755,
      33381
    ],
    [
      14755,
      34452
    ],
    [
      14755,
      37448
    ],
    [
      14847,
      42059
    ],
    [
      14958,
      28975
    ],
    [
      15055,
      44854
    ],
    [
      15384,
      44854
    ],
    [
      15444,
      31805
    ],
    [
      16721,
      45969
    ],
    [
      17120,
      22890
    ],
    [
      17120,
      31870
    ],
    [
      17120,
      33381
    ],
    [
      17120,
      34452
    ],
    [
      17120,
      37448
    ],
    [
      17177,
      31401
    ],
    [
      17177,
      33650
    ],
    [
      17299,
      24542
    ],
    [
      17343,
      34152
    ],
    [
      17343,
      35917
    ],
    [
      17343,
      41808
    ],
    [
      17343,
      42560
    ],
    [
      17343,
      44920
    ],
    [
      17368,
      23615
    ],
    [
      17368,
      33245
    ],
    [
      17368,
      33937
    ],
    [
      17368,
      40270
    ],
    [
      17568,
      45202
    ],
    [
      17920,
      24039
    ],
    [
      17920,
      27512
    ],
    [
      17920,
      27987
    ],
    [
      17920,
      29285
    ],
    [
      17920,
      31805
    ],
    [
      17920,
      33698
    ],
    [
      17920,
      33884
    ],
    [
      18009,
      29211
    ],
    [
      18021,
      24051
    ],
    [
      18021,
      35757
    ],
    [
      18021,
      38288
    ],
    [
      18021,
      38514
    ],
    [
      18025,
      29211
    ],
    [
      18037,
      28975
    ],
    [
      18186,
      39518
    ],
    [
      18255,
      31467
    ],
    [
      18501,
      32743
    ],
    [
      18611,
      31467
    ],
    [
      18611,
      35245
    ],
    [
      18761,
      44854
    ],
    [
      19275,
      24740
    ],
    [
      19363,
      43281
    ],
    [
      19478,
      32123
    ],
    [
      19902,
      34152
    ],
    [
      19902,
      41808
    ],
    [
      19902,
      42560
    ],
    [
      19945,
      26665
    ],
    [
      19945,
      28932
    ],
    [
      19945,
      34110
    ],
    [
      20001,
      20636
    ],
    [
      20001,
      22456
    ],
    [
      20198,
      30240
    ],
    [
      20633,
      40216
    ],
    [
      20923,
      40216
    ],
    [
      20965,
      40216
    ],
    [
      22151,
      22590
    ],
    [
      22477,
      46032
    ],
    [
      22876,
      35757
    ],
    [
      22880,
      44854
    ],
    [
      22890,
      26901
    ],
    [
      23301,
      28975
    ],
    [
      23615,
      33322
    ],
    [
      23828,
      31401
    ],
    [
      23828,
      33650
    ],
    [
      24051,
      44854
    ],
    [
      24650,
      30240
    ],
    [
      24688,
      40216
    ],
    [
      24740,
      29926
    ],
    [
      24740,
      38450
    ],
    [
      24740,
      45636
    ],
    [
      24888,
      41665
    ],
    [
      25001,
      30049
    ],
    [
      25118,
      32743
    ],
    [
      25143,
      31401
    ],
    [
      25143,
      33650
    ],
    [
      25229,
      36034
    ],
    [
      25354,
      38559
    ],
    [
      25354,
      39518
    ],
    [
      25499,
      28975
    ],
    [
      25573,
      26278
    ],
    [
      26063,
      30240
    ],
    [
      26278,
      28546
    ],
    [
      26881,
      32123
    ],
    [
      26901,
      31870
    ],
    [
      26901,
      33381
    ],
    [
      26901,
      34452
    ],
    [
      26901,
      37448
    ],
    [
      27393,
      43701
    ],
    [
      28955,
      28975
    ],
    [
      28975,
      30050
    ],
    [
      28975,
      30959
    ],
    [
      28975,
      33526
    ],
    [
      28975,
      35281
    ],
    [
      28975,
      38443
    ],
    [
      28975,
      44872
    ],
    [
      29198,
      40216
    ],
    [
      29211,
      35917
    ],
    [
      29211,
      44920
    ],
    [
      29676,
      40216
    ],
    [
      29841,
      44854
    ],
    [
      30050,
      40216
    ],
    [
      30240,
      32633
    ],
    [
      30266,
      32743
    ],
    [
      31383,
      31467
    ],
    [
      31383,
      35245
    ],
    [
      31401,
      32462
    ],
    [
      31401,
      39430
    ],
    [
      31467,
      37272
    ],
    [
      31619,
      37332
    ],
    [
      31805,
      40016
    ],
    [
      32462,
      33650
    ],
    [
      32771,
      35757
    ],
    [
      33245,
      33322
    ],
    [
      33322,
      33937
    ],
    [
      33322,
      40270
    ],
    [
      33381,
      35803
    ],
    [
      33650,
      39430
    ],
    [
      33698,
      40016
    ],
    [
      34152,
      37071
    ],
    [
      34308,
      36034
    ],
    [
      34452,
      35803
    ],
    [
      35245,
      37272
    ],
    [
      35753,
      39082
    ],
    [
      35757,
      38314
    ],
    [
      35757,
      42930
    ],
    [
      35757,
      44854
    ],
    [
      35803,
      37448
    ],
    [
      35917,
      37071
    ],
    [
      37071,
      42560
    ],
    [
      37071,
      44920
    ],
    [
      37604,
      39194
    ],
    [
      37604,
      41510
    ],
    [
      38288,
      44854
    ],
    [
      38514,
      44854
    ],
    [
      38828,
      40216
    ],
    [
      40502,
      44854
    ],
    [
      41699,
      45202
    ],
    [
      42059,
      45407
    ],
    [
      42059,
      45969
    ],
    [
      44752,
      45372
    ]
  ]
}