{
  "n_true_positives": 1725,
  "n_positives": 1725,
  "total_time": 12.66482424736023,
  "date": "2025-01-28T08:50:06.811637",
  "backend": "BruteForce",
  "n_bins": 8,
  "eps": 0.12,
  "args": {
    "csvpath": [
      "../data/Certifair/predictions/adult-global-P2-combined.csv"
    ],
    "eps": 0.12,
    "n_bins": 8,
    "n_examples": null,
    "out_path": "../results/fairness//results/certifair//adult-global-P2-combined-eps0.12.json",
    "full_output": false,
    "verbose": false,
    "randomize_order": false,
    "backend": "bf",
    "blind_cols": null,
    "sample_cols": null,
    "pred": "prediction",
    "metric": "infinity",
    "max_time": null,
    "batchsize": null
  },
  "backend_meta": {
    "epsilon": 0.12,
    "decision_col": "prediction",
    "metric": "infinity",
    "is_exact": true,
    "is_sound": true,
    "is_complete": true
  },
  "positives": [
    [
      47,
      22010
    ],
    [
      47,
      28643
    ],
    [
      106,
      20661
    ],
    [
      127,
      1591
    ],
    [
      127,
      34035
    ],
    [
      155,
      6707
    ],
    [
      155,
      15994
    ],
    [
      155,
      30201
    ],
    [
      155,
      41764
    ],
    [
      155,
      44286
    ],
    [
      168,
      4466
    ],
    [
      168,
      12519
    ],
    [
      168,
      40216
    ],
    [
      228,
      4466
    ],
    [
      228,
      12519
    ],
    [
      228,
      40216
    ],
    [
      305,
      5844
    ],
    [
      305,
      6707
    ],
    [
      305,
      15994
    ],
    [
      305,
      30201
    ],
    [
      305,
      41764
    ],
    [
      305,
      44286
    ],
    [
      305,
      45827
    ],
    [
      330,
      22010
    ],
    [
      330,
      28643
    ],
    [
      401,
      632
    ],
    [
      446,
      13589
    ],
    [
      460,
      1591
    ],
    [
      460,
      33484
    ],
    [
      460,
      35243
    ],
    [
      460,
      40932
    ],
    [
      473,
      1138
    ],
    [
      473,
      27037
    ],
    [
      473,
      31699
    ],
    [
      477,
      25959
    ],
    [
      477,
      37563
    ],
    [
      477,
      45098
    ],
    [
      515,
      4466
    ],
    [
      515,
      12519
    ],
    [
      515,
      40216
    ],
    [
      530,
      16873
    ],
    [
      530,
      45713
    ],
    [
      533,
      18918
    ],
    [
      554,
      37853
    ],
    [
      583,
      3049
    ],
    [
      583,
      21535
    ],
    [
      583,
      34939
    ],
    [
      583,
      37149
    ],
    [
      602,
      1323
    ],
    [
      665,
      3653
    ],
    [
      665,
      8583
    ],
    [
      665,
      20423
    ],
    [
      665,
      24846
    ],
    [
      665,
      30176
    ],
    [
      665,
      30544
    ],
    [
      665,
      35850
    ],
    [
      665,
      40649
    ],
    [
      668,
      1591
    ],
    [
      668,
      33484
    ],
    [
      668,
      35243
    ],
    [
      668,
      40932
    ],
    [
      690,
      9436
    ],
    [
      690,
      10953
    ],
    [
      690,
      12826
    ],
    [
      690,
      16472
    ],
    [
      690,
      32691
    ],
    [
      690,
      34884
    ],
    [
      722,
      1323
    ],
    [
      796,
      23730
    ],
    [
      796,
      29473
    ],
    [
      796,
      32395
    ],
    [
      796,
      35863
    ],
    [
      796,
      36884
    ],
    [
      796,
      39373
    ],
    [
      803,
      22010
    ],
    [
      803,
      28643
    ],
    [
      843,
      7975
    ],
    [
      843,
      32164
    ],
    [
      959,
      6707
    ],
    [
      959,
      15994
    ],
    [
      959,
      30201
    ],
    [
      959,
      41764
    ],
    [
      981,
      36771
    ],
    [
      1037,
      30308
    ],
    [
      1083,
      18657
    ],
    [
      1096,
      5925
    ],
    [
      1105,
      2943
    ],
    [
      1138,
      3838
    ],
    [
      1138,
      15282
    ],
    [
      1138,
      40533
    ],
    [
      1138,
      44861
    ],
    [
      1210,
      12519
    ],
    [
      1218,
      15111
    ],
    [
      1218,
      18111
    ],
    [
      1218,
      34113
    ],
    [
      1261,
      32537
    ],
    [
      1261,
      34555
    ],
    [
      1261,
      35260
    ],
    [
      1261,
      40556
    ],
    [
      1313,
      18918
    ],
    [
      1313,
      21207
    ],
    [
      1314,
      34555
    ],
    [
      1314,
      35260
    ],
    [
      1314,
      37563
    ],
    [
      1314,
      40556
    ],
    [
      1323,
      1517
    ],
    [
      1323,
      1833
    ],
    [
      1323,
      3085
    ],
    [
      1323,
      3705
    ],
    [
      1323,
      3837
    ],
    [
      1323,
      4034
    ],
    [
      1323,
      4456
    ],
    [
      1323,
      5196
    ],
    [
      1323,
      6839
    ],
    [
      1323,
      7152
    ],
    [
      1323,
      7254
    ],
    [
      1323,
      7446
    ],
    [
      1323,
      8005
    ],
    [
      1323,
      8135
    ],
    [
      1323,
      8767
    ],
    [
      1323,
      9831
    ],
    [
      1323,
      11012
    ],
    [
      1323,
      12003
    ],
    [
      1323,
      12142
    ],
    [
      1323,
      12648
    ],
    [
      1323,
      13340
    ],
    [
      1323,
      16639
    ],
    [
      1323,
      17924
    ],
    [
      1323,
      18096
    ],
    [
      1323,
      19113
    ],
    [
      1323,
      19486
    ],
    [
      1323,
      20279
    ],
    [
      1323,
      20438
    ],
    [
      1323,
      20871
    ],
    [
      1323,
      21720
    ],
    [
      1323,
      22120
    ],
    [
      1323,
      23316
    ],
    [
      1323,
      24928
    ],
    [
      1323,
      25051
    ],
    [
      1323,
      25797
    ],
    [
      1323,
      27819
    ],
    [
      1323,
      27976
    ],
    [
      1323,
      29037
    ],
    [
      1323,
      29176
    ],
    [
      1323,
      29352
    ],
    [
      1323,
      31706
    ],
    [
      1323,
      32710
    ],
    [
      1323,
      32916
    ],
    [
      1323,
      33659
    ],
    [
      1323,
      34719
    ],
    [
      1323,
      36009
    ],
    [
      1323,
      36751
    ],
    [
      1323,
      37266
    ],
    [
      1323,
      37856
    ],
    [
      1323,
      41217
    ],
    [
      1323,
      43130
    ],
    [
      1323,
      44422
    ],
    [
      1323,
      44511
    ],
    [
      1323,
      44690
    ],
    [
      1323,
      45837
    ],
    [
      1467,
      21468
    ],
    [
      1467,
      22932
    ],
    [
      1506,
      11435
    ],
    [
      1506,
      31149
    ],
    [
      1506,
      44286
    ],
    [
      1539,
      25959
    ],
    [
      1539,
      34555
    ],
    [
      1539,
      35260
    ],
    [
      1539,
      37563
    ],
    [
      1539,
      40556
    ],
    [
      1539,
      45098
    ],
    [
      1591,
      4177
    ],
    [
      1591,
      26541
    ],
    [
      1597,
      33099
    ],
    [
      1597,
      36049
    ],
    [
      1846,
      21207
    ],
    [
      1998,
      2482
    ],
    [
      1998,
      11614
    ],
    [
      1998,
      13126
    ],
    [
      1998,
      20198
    ],
    [
      1998,
      20283
    ],
    [
      1998,
      24650
    ],
    [
      1998,
      26063
    ],
    [
      1998,
      30240
    ],
    [
      1998,
      31546
    ],
    [
      1998,
      32633
    ],
    [
      2021,
      20439
    ],
    [
      2021,
      35799
    ],
    [
      2116,
      5951
    ],
    [
      2129,
      20808
    ],
    [
      2129,
      35799
    ],
    [
      2129,
      44179
    ],
    [
      2129,
      44227
    ],
    [
      2304,
      3656
    ],
    [
      2304,
      31120
    ],
    [
      2324,
      20439
    ],
    [
      2324,
      20808
    ],
    [
      2324,
      35799
    ],
    [
      2324,
      44179
    ],
    [
      2324,
      44227
    ],
    [
      2456,
      2943
    ],
    [
      2461,
      22010
    ],
    [
      2461,
      28643
    ],
    [
      2482,
      41239
    ],
    [
      2482,
      45881
    ],
    [
      2537,
      5951
    ],
    [
      2560,
      4466
    ],
    [
      2560,
      40216
    ],
    [
      2598,
      5844
    ],
    [
      2598,
      11435
    ],
    [
      2598,
      16800
    ],
    [
      2598,
      31149
    ],
    [
      2598,
      31276
    ],
    [
      2598,
      44286
    ],
    [
      2598,
      45827
    ],
    [
      2618,
      6472
    ],
    [
      2618,
      10482
    ],
    [
      2618,
      29787
    ],
    [
      2618,
      39190
    ],
    [
      2652,
      13897
    ],
    [
      2706,
      37516
    ],
    [
      2714,
      35956
    ],
    [
      2714,
      45751
    ],
    [
      2775,
      20657
    ],
    [
      2775,
      30541
    ],
    [
      2778,
      31814
    ],
    [
      2778,
      32080
    ],
    [
      2844,
      35347
    ],
    [
      2844,
      43171
    ],
    [
      2869,
      25995
    ],
    [
      2897,
      18918
    ],
    [
      2897,
      21207
    ],
    [
      2943,
      16239
    ],
    [
      2943,
      22143
    ],
    [
      2983,
      4466
    ],
    [
      2983,
      12519
    ],
    [
      2983,
      40216
    ],
    [
      3049,
      26381
    ],
    [
      3062,
      20025
    ],
    [
      3105,
      27751
    ],
    [
      3105,
      31110
    ],
    [
      3167,
      4466
    ],
    [
      3167,
      12519
    ],
    [
      3167,
      40216
    ],
    [
      3194,
      17964
    ],
    [
      3220,
      35829
    ],
    [
      3249,
      34504
    ],
    [
      3267,
      4466
    ],
    [
      3267,
      12519
    ],
    [
      3267,
      40216
    ],
    [
      3321,
      20439
    ],
    [
      3321,
      35799
    ],
    [
      3413,
      31685
    ],
    [
      3413,
      38966
    ],
    [
      3443,
      3890
    ],
    [
      3443,
      17491
    ],
    [
      3443,
      20915
    ],
    [
      3443,
      25995
    ],
    [
      3443,
      28294
    ],
    [
      3499,
      15324
    ],
    [
      3544,
      22010
    ],
    [
      3544,
      28643
    ],
    [
      3653,
      7648
    ],
    [
      3653,
      11020
    ],
    [
      3653,
      19034
    ],
    [
      3653,
      22594
    ],
    [
      3653,
      26467
    ],
    [
      3653,
      28443
    ],
    [
      3653,
      29867
    ],
    [
      3653,
      41315
    ],
    [
      3653,
      44042
    ],
    [
      3656,
      44953
    ],
    [
      3666,
      6707
    ],
    [
      3666,
      15994
    ],
    [
      3666,
      30201
    ],
    [
      3666,
      41764
    ],
    [
      3666,
      44286
    ],
    [
      3680,
      27563
    ],
    [
      3838,
      12955
    ],
    [
      3838,
      27037
    ],
    [
      3838,
      31699
    ],
    [
      3850,
      32537
    ],
    [
      3850,
      34555
    ],
    [
      3850,
      35260
    ],
    [
      3850,
      40556
    ],
    [
      3858,
      5844
    ],
    [
      3858,
      6707
    ],
    [
      3858,
      15994
    ],
    [
      3858,
      30201
    ],
    [
      3858,
      41764
    ],
    [
      3878,
      22010
    ],
    [
      3878,
      28643
    ],
    [
      3886,
      13131
    ],
    [
      3886,
      21946
    ],
    [
      3886,
      23068
    ],
    [
      3890,
      31090
    ],
    [
      3916,
      15216
    ],
    [
      3924,
      16787
    ],
    [
      3976,
      37853
    ],
    [
      3982,
      29473
    ],
    [
      3982,
      32395
    ],
    [
      3982,
      36884
    ],
    [
      3982,
      39373
    ],
    [
      4123,
      4798
    ],
    [
      4177,
      33484
    ],
    [
      4177,
      35243
    ],
    [
      4177,
      40932
    ],
    [
      4210,
      37516
    ],
    [
      4242,
      31519
    ],
    [
      4276,
      5844
    ],
    [
      4276,
      6707
    ],
    [
      4276,
      15994
    ],
    [
      4276,
      30201
    ],
    [
      4276,
      41764
    ],
    [
      4276,
      45827
    ],
    [
      4343,
      19929
    ],
    [
      4363,
      24270
    ],
    [
      4405,
      11435
    ],
    [
      4405,
      16800
    ],
    [
      4405,
      27163
    ],
    [
      4405,
      31149
    ],
    [
      4405,
      31276
    ],
    [
      4405,
      44286
    ],
    [
      4405,
      45827
    ],
    [
      4433,
      32513
    ],
    [
      4447,
      21542
    ],
    [
      4454,
      29872
    ],
    [
      4466,
      4755
    ],
    [
      4466,
      4957
    ],
    [
      4466,
      5070
    ],
    [
      4466,
      6342
    ],
    [
      4466,
      6573
    ],
    [
      4466,
      7715
    ],
    [
      4466,
      8077
    ],
    [
      4466,
      9491
    ],
    [
      4466,
      10147
    ],
    [
      4466,
      11611
    ],
    [
      4466,
      12384
    ],
    [
      4466,
      13449
    ],
    [
      4466,
      13577
    ],
    [
      4466,
      13645
    ],
    [
      4466,
      14251
    ],
    [
      4466,
      14958
    ],
    [
      4466,
      15282
    ],
    [
      4466,
      17009
    ],
    [
      4466,
      18037
    ],
    [
      4466,
      18562
    ],
    [
      4466,
      19521
    ],
    [
      4466,
      20633
    ],
    [
      4466,
      20923
    ],
    [
      4466,
      20965
    ],
    [
      4466,
      22752
    ],
    [
      4466,
      22856
    ],
    [
      4466,
      22984
    ],
    [
      4466,
      22990
    ],
    [
      4466,
      23301
    ],
    [
      4466,
      24688
    ],
    [
      4466,
      25499
    ],
    [
      4466,
      26463
    ],
    [
      4466,
      28955
    ],
    [
      4466,
      28975
    ],
    [
      4466,
      29198
    ],
    [
      4466,
      29676
    ],
    [
      4466,
      30050
    ],
    [
      4466,
      30668
    ],
    [
      4466,
      30959
    ],
    [
      4466,
      33257
    ],
    [
      4466,
      33526
    ],
    [
      4466,
      35281
    ],
    [
      4466,
      38443
    ],
    [
      4466,
      38828
    ],
    [
      4466,
      40533
    ],
    [
      4466,
      40816
    ],
    [
      4466,
      42468
    ],
    [
      4466,
      44861
    ],
    [
      4466,
      44872
    ],
    [
      4466,
      45695
    ],
    [
      4726,
      20439
    ],
    [
      4726,
      22594
    ],
    [
      4726,
      26467
    ],
    [
      4726,
      28443
    ],
    [
      4726,
      35799
    ],
    [
      4755,
      40216
    ],
    [
      4798,
      17369
    ],
    [
      4798,
      25160
    ],
    [
      4798,
      34543
    ],
    [
      4798,
      40993
    ],
    [
      4862,
      25959
    ],
    [
      4862,
      34555
    ],
    [
      4862,
      37563
    ],
    [
      4862,
      45098
    ],
    [
      4947,
      19304
    ],
    [
      4957,
      12519
    ],
    [
      4957,
      40216
    ],
    [
      4976,
      22010
    ],
    [
      4976,
      28643
    ],
    [
      5070,
      12519
    ],
    [
      5070,
      40216
    ],
    [
      5144,
      37516
    ],
    [
      5175,
      18918
    ],
    [
      5175,
      21207
    ],
    [
      5200,
      14734
    ],
    [
      5205,
      24062
    ],
    [
      5541,
      27797
    ],
    [
      5570,
      21207
    ],
    [
      5570,
      41338
    ],
    [
      5681,
      15216
    ],
    [
      5751,
      26941
    ],
    [
      5755,
      18918
    ],
    [
      5755,
      21207
    ],
    [
      5800,
      44794
    ],
    [
      5842,
      22010
    ],
    [
      5842,
      28643
    ],
    [
      5844,
      5912
    ],
    [
      5844,
      6548
    ],
    [
      5844,
      6686
    ],
    [
      5844,
      7975
    ],
    [
      5844,
      8883
    ],
    [
      5844,
      10295
    ],
    [
      5844,
      11473
    ],
    [
      5844,
      11719
    ],
    [
      5844,
      12758
    ],
    [
      5844,
      13026
    ],
    [
      5844,
      14091
    ],
    [
      5844,
      16848
    ],
    [
      5844,
      17062
    ],
    [
      5844,
      19487
    ],
    [
      5844,
      20331
    ],
    [
      5844,
      25435
    ],
    [
      5844,
      25573
    ],
    [
      5844,
      25714
    ],
    [
      5844,
      25987
    ],
    [
      5844,
      26278
    ],
    [
      5844,
      28546
    ],
    [
      5844,
      29917
    ],
    [
      5844,
      34206
    ],
    [
      5844,
      34951
    ],
    [
      5844,
      34972
    ],
    [
      5844,
      36939
    ],
    [
      5844,
      37767
    ],
    [
      5844,
      40732
    ],
    [
      5844,
      41932
    ],
    [
      5844,
      42852
    ],
    [
      5896,
      12870
    ],
    [
      5912,
      6707
    ],
    [
      5912,
      15994
    ],
    [
      5912,
      30201
    ],
    [
      5912,
      41764
    ],
    [
      5912,
      44286
    ],
    [
      5912,
      45827
    ],
    [
      5925,
      15821
    ],
    [
      5925,
      18676
    ],
    [
      5951,
      6061
    ],
    [
      5951,
      11191
    ],
    [
      5951,
      13123
    ],
    [
      5951,
      13315
    ],
    [
      5951,
      16845
    ],
    [
      5951,
      33051
    ],
    [
      5951,
      33069
    ],
    [
      5951,
      40717
    ],
    [
      5951,
      42318
    ],
    [
      5951,
      45742
    ],
    [
      5959,
      22010
    ],
    [
      5959,
      28643
    ],
    [
      6075,
      7797
    ],
    [
      6075,
      8856
    ],
    [
      6075,
      11096
    ],
    [
      6075,
      17246
    ],
    [
      6075,
      37681
    ],
    [
      6075,
      38657
    ],
    [
      6075,
      39124
    ],
    [
      6342,
      12519
    ],
    [
      6342,
      40216
    ],
    [
      6430,
      22010
    ],
    [
      6430,
      28643
    ],
    [
      6472,
      13376
    ],
    [
      6472,
      22164
    ],
    [
      6472,
      44965
    ],
    [
      6476,
      22010
    ],
    [
      6476,
      28643
    ],
    [
      6499,
      17141
    ],
    [
      6509,
      6707
    ],
    [
      6509,
      15994
    ],
    [
      6509,
      30201
    ],
    [
      6509,
      41764
    ],
    [
      6524,
      15216
    ],
    [
      6548,
      6707
    ],
    [
      6548,
      15994
    ],
    [
      6548,
      30201
    ],
    [
      6548,
      41764
    ],
    [
      6548,
      45827
    ],
    [
      6573,
      40216
    ],
    [
      6619,
      19047
    ],
    [
      6619,
      22297
    ],
    [
      6619,
      31343
    ],
    [
      6619,
      42807
    ],
    [
      6686,
      6707
    ],
    [
      6686,
      15994
    ],
    [
      6686,
      30201
    ],
    [
      6686,
      31276
    ],
    [
      6686,
      41764
    ],
    [
      6686,
      44286
    ],
    [
      6686,
      45827
    ],
    [
      6691,
      11077
    ],
    [
      6691,
      23594
    ],
    [
      6691,
      38913
    ],
    [
      6692,
      22010
    ],
    [
      6692,
      28643
    ],
    [
      6707,
      7975
    ],
    [
      6707,
      8883
    ],
    [
      6707,
      10295
    ],
    [
      6707,
      11327
    ],
    [
      6707,
      11473
    ],
    [
      6707,
      11719
    ],
    [
      6707,
      12758
    ],
    [
      6707,
      13026
    ],
    [
      6707,
      14091
    ],
    [
      6707,
      16848
    ],
    [
      6707,
      17062
    ],
    [
      6707,
      19487
    ],
    [
      6707,
      20331
    ],
    [
      6707,
      25435
    ],
    [
      6707,
      25573
    ],
    [
      6707,
      25714
    ],
    [
      6707,
      26263
    ],
    [
      6707,
      26278
    ],
    [
      6707,
      28546
    ],
    [
      6707,
      34206
    ],
    [
      6707,
      34639
    ],
    [
      6707,
      34951
    ],
    [
      6707,
      34972
    ],
    [
      6707,
      36939
    ],
    [
      6707,
      37048
    ],
    [
      6707,
      37767
    ],
    [
      6707,
      38921
    ],
    [
      6707,
      39301
    ],
    [
      6707,
      40732
    ],
    [
      6707,
      41932
    ],
    [
      6707,
      42852
    ],
    [
      6730,
      35347
    ],
    [
      6730,
      43171
    ],
    [
      6761,
      12519
    ],
    [
      6793,
      15216
    ],
    [
      6898,
      32537
    ],
    [
      6898,
      34555
    ],
    [
      6898,
      35260
    ],
    [
      6898,
      40556
    ],
    [
      6952,
      16535
    ],
    [
      7080,
      18918
    ],
    [
      7154,
      7797
    ],
    [
      7154,
      11096
    ],
    [
      7154,
      13211
    ],
    [
      7154,
      15310
    ],
    [
      7154,
      17246
    ],
    [
      7154,
      24657
    ],
    [
      7154,
      37681
    ],
    [
      7154,
      38657
    ],
    [
      7154,
      39124
    ],
    [
      7154,
      45698
    ],
    [
      7161,
      27037
    ],
    [
      7282,
      27037
    ],
    [
      7369,
      35347
    ],
    [
      7369,
      43171
    ],
    [
      7385,
      45881
    ],
    [
      7387,
      34555
    ],
    [
      7387,
      35260
    ],
    [
      7387,
      40556
    ],
    [
      7399,
      13131
    ],
    [
      7399,
      21946
    ],
    [
      7399,
      23068
    ],
    [
      7415,
      9436
    ],
    [
      7415,
      10953
    ],
    [
      7415,
      12826
    ],
    [
      7415,
      16472
    ],
    [
      7415,
      28725
    ],
    [
      7415,
      32691
    ],
    [
      7415,
      34884
    ],
    [
      7415,
      45859
    ],
    [
      7550,
      35347
    ],
    [
      7550,
      43171
    ],
    [
      7648,
      8583
    ],
    [
      7648,
      20423
    ],
    [
      7648,
      24846
    ],
    [
      7648,
      30176
    ],
    [
      7648,
      30544
    ],
    [
      7648,
      40649
    ],
    [
      7715,
      12519
    ],
    [
      7715,
      40216
    ],
    [
      7739,
      23068
    ],
    [
      7785,
      22588
    ],
    [
      7785,
      33181
    ],
    [
      7785,
      43017
    ],
    [
      7797,
      35102
    ],
    [
      7872,
      18918
    ],
    [
      7946,
      27037
    ],
    [
      7946,
      31699
    ],
    [
      7975,
      15994
    ],
    [
      7975,
      30201
    ],
    [
      7975,
      41764
    ],
    [
      7975,
      44286
    ],
    [
      7975,
      45827
    ],
    [
      7991,
      18918
    ],
    [
      7991,
      41338
    ],
    [
      8000,
      21542
    ],
    [
      8076,
      22010
    ],
    [
      8076,
      28643
    ],
    [
      8077,
      12519
    ],
    [
      8077,
      40216
    ],
    [
      8217,
      36049
    ],
    [
      8252,
      39615
    ],
    [
      8273,
      22588
    ],
    [
      8273,
      33181
    ],
    [
      8273,
      43017
    ],
    [
      8277,
      13589
    ],
    [
      8294,
      27037
    ],
    [
      8373,
      9632
    ],
    [
      8440,
      40040
    ],
    [
      8571,
      27037
    ],
    [
      8583,
      20439
    ],
    [
      8583,
      26467
    ],
    [
      8583,
      28443
    ],
    [
      8583,
      29867
    ],
    [
      8583,
      35799
    ],
    [
      8583,
      44042
    ],
    [
      8583,
      44179
    ],
    [
      8583,
      44227
    ],
    [
      8675,
      24386
    ],
    [
      8693,
      11435
    ],
    [
      8693,
      16800
    ],
    [
      8693,
      31149
    ],
    [
      8693,
      31276
    ],
    [
      8730,
      22010
    ],
    [
      8730,
      28643
    ],
    [
      8856,
      35102
    ],
    [
      8883,
      11435
    ],
    [
      8883,
      31149
    ],
    [
      8883,
      31276
    ],
    [
      8883,
      44286
    ],
    [
      8883,
      45827
    ],
    [
      9044,
      24542
    ],
    [
      9095,
      35347
    ],
    [
      9095,
      43171
    ],
    [
      9109,
      20657
    ],
    [
      9109,
      29600
    ],
    [
      9109,
      30541
    ],
    [
      9153,
      36771
    ],
    [
      9220,
      27563
    ],
    [
      9297,
      27797
    ],
    [
      9319,
      15282
    ],
    [
      9319,
      40533
    ],
    [
      9319,
      44861
    ],
    [
      9332,
      22010
    ],
    [
      9332,
      28643
    ],
    [
      9365,
      22010
    ],
    [
      9365,
      28643
    ],
    [
      9436,
      35003
    ],
    [
      9491,
      12519
    ],
    [
      9491,
      40216
    ],
    [
      9615,
      20439
    ],
    [
      9615,
      35799
    ],
    [
      9622,
      37516
    ],
    [
      9759,
      24449
    ],
    [
      9777,
      39190
    ],
    [
      9874,
      18918
    ],
    [
      9949,
      19929
    ],
    [
      9985,
      13589
    ],
    [
      10032,
      11435
    ],
    [
      10032,
      16800
    ],
    [
      10032,
      27163
    ],
    [
      10032,
      31149
    ],
    [
      10147,
      12519
    ],
    [
      10147,
      40216
    ],
    [
      10295,
      15994
    ],
    [
      10295,
      30201
    ],
    [
      10295,
      41764
    ],
    [
      10295,
      44286
    ],
    [
      10295,
      45827
    ],
    [
      10331,
      15605
    ],
    [
      10331,
      16030
    ],
    [
      10482,
      22164
    ],
    [
      10482,
      44965
    ],
    [
      10483,
      40942
    ],
    [
      10729,
      32537
    ],
    [
      10729,
      34555
    ],
    [
      10729,
      35260
    ],
    [
      10729,
      40556
    ],
    [
      10742,
      37516
    ],
    [
      10820,
      21207
    ],
    [
      10835,
      21207
    ],
    [
      10935,
      13897
    ],
    [
      10953,
      35003
    ],
    [
      10980,
      24704
    ],
    [
      11020,
      20423
    ],
    [
      11020,
      24846
    ],
    [
      11020,
      30176
    ],
    [
      11020,
      30544
    ],
    [
      11077,
      19530
    ],
    [
      11084,
      28643
    ],
    [
      11096,
      35102
    ],
    [
      11138,
      21195
    ],
    [
      11138,
      44962
    ],
    [
      11139,
      32537
    ],
    [
      11139,
      34555
    ],
    [
      11139,
      35260
    ],
    [
      11139,
      37563
    ],
    [
      11139,
      40556
    ],
    [
      11260,
      12519
    ],
    [
      11260,
      27037
    ],
    [
      11273,
      43171
    ],
    [
      11320,
      34555
    ],
    [
      11320,
      35260
    ],
    [
      11320,
      37563
    ],
    [
      11320,
      40556
    ],
    [
      11320,
      45098
    ],
    [
      11327,
      11435
    ],
    [
      11327,
      30201
    ],
    [
      11327,
      44286
    ],
    [
      11435,
      11473
    ],
    [
      11435,
      11719
    ],
    [
      11435,
      13026
    ],
    [
      11435,
      15367
    ],
    [
      11435,
      16848
    ],
    [
      11435,
      17810
    ],
    [
      11435,
      19592
    ],
    [
      11435,
      20331
    ],
    [
      11435,
      20841
    ],
    [
      11435,
      21132
    ],
    [
      11435,
      25714
    ],
    [
      11435,
      25987
    ],
    [
      11435,
      26890
    ],
    [
      11435,
      29917
    ],
    [
      11435,
      31430
    ],
    [
      11435,
      32164
    ],
    [
      11435,
      34639
    ],
    [
      11435,
      34951
    ],
    [
      11435,
      34972
    ],
    [
      11435,
      35941
    ],
    [
      11435,
      37767
    ],
    [
      11435,
      38921
    ],
    [
      11435,
      40732
    ],
    [
      11435,
      41932
    ],
    [
      11435,
      42852
    ],
    [
      11473,
      31149
    ],
    [
      11473,
      31276
    ],
    [
      11473,
      44286
    ],
    [
      11473,
      45827
    ],
    [
      11484,
      18918
    ],
    [
      11486,
      24542
    ],
    [
      11486,
      43412
    ],
    [
      11611,
      40216
    ],
    [
      11614,
      41239
    ],
    [
      11614,
      45881
    ],
    [
      11719,
      31276
    ],
    [
      11719,
      44286
    ],
    [
      11719,
      45827
    ],
    [
      11913,
      24062
    ],
    [
      11978,
      20657
    ],
    [
      11978,
      29600
    ],
    [
      11978,
      30541
    ],
    [
      12026,
      20439
    ],
    [
      12026,
      22594
    ],
    [
      12026,
      26467
    ],
    [
      12026,
      28443
    ],
    [
      12026,
      35799
    ],
    [
      12072,
      39162
    ],
    [
      12147,
      18205
    ],
    [
      12147,
      25076
    ],
    [
      12147,
      26238
    ],
    [
      12147,
      30407
    ],
    [
      12147,
      45073
    ],
    [
      12174,
      24542
    ],
    [
      12174,
      43412
    ],
    [
      12176,
      15216
    ],
    [
      12176,
      19172
    ],
    [
      12176,
      32537
    ],
    [
      12311,
      24444
    ],
    [
      12311,
      33326
    ],
    [
      12325,
      34209
    ],
    [
      12344,
      41739
    ],
    [
      12384,
      12519
    ],
    [
      12384,
      40216
    ],
    [
      12452,
      14012
    ],
    [
      12452,
      19707
    ],
    [
      12452,
      26288
    ],
    [
      12452,
      28948
    ],
    [
      12452,
      29566
    ],
    [
      12519,
      13449
    ],
    [
      12519,
      13461
    ],
    [
      12519,
      13645
    ],
    [
      12519,
      14251
    ],
    [
      12519,
      14529
    ],
    [
      12519,
      14755
    ],
    [
      12519,
      14958
    ],
    [
      12519,
      15282
    ],
    [
      12519,
      16318
    ],
    [
      12519,
      17009
    ],
    [
      12519,
      17120
    ],
    [
      12519,
      18037
    ],
    [
      12519,
      18562
    ],
    [
      12519,
      20633
    ],
    [
      12519,
      22752
    ],
    [
      12519,
      22856
    ],
    [
      12519,
      22984
    ],
    [
      12519,
      22990
    ],
    [
      12519,
      23301
    ],
    [
      12519,
      24038
    ],
    [
      12519,
      25009
    ],
    [
      12519,
      25499
    ],
    [
      12519,
      25994
    ],
    [
      12519,
      26463
    ],
    [
      12519,
      26901
    ],
    [
      12519,
      28099
    ],
    [
      12519,
      28955
    ],
    [
      12519,
      28975
    ],
    [
      12519,
      29834
    ],
    [
      12519,
      30050
    ],
    [
      12519,
      30959
    ],
    [
      12519,
      33257
    ],
    [
      12519,
      33526
    ],
    [
      12519,
      35281
    ],
    [
      12519,
      35803
    ],
    [
      12519,
      36930
    ],
    [
      12519,
      37139
    ],
    [
      12519,
      38443
    ],
    [
      12519,
      38828
    ],
    [
      12519,
      40533
    ],
    [
      12519,
      40816
    ],
    [
      12519,
      41674
    ],
    [
      12519,
      42468
    ],
    [
      12519,
      42594
    ],
    [
      12519,
      44861
    ],
    [
      12519,
      44872
    ],
    [
      12519,
      45695
    ],
    [
      12561,
      20439
    ],
    [
      12561,
      22594
    ],
    [
      12561,
      26467
    ],
    [
      12561,
      28443
    ],
    [
      12561,
      41315
    ],
    [
      12633,
      32537
    ],
    [
      12633,
      34555
    ],
    [
      12633,
      35260
    ],
    [
      12633,
      40556
    ],
    [
      12713,
      22010
    ],
    [
      12713,
      28643
    ],
    [
      12736,
      35829
    ],
    [
      12758,
      15994
    ],
    [
      12758,
      30201
    ],
    [
      12758,
      31276
    ],
    [
      12758,
      44286
    ],
    [
      12758,
      45827
    ],
    [
      12763,
      15216
    ],
    [
      12865,
      15216
    ],
    [
      12930,
      26126
    ],
    [
      12951,
      18918
    ],
    [
      12955,
      32064
    ],
    [
      12986,
      21195
    ],
    [
      12986,
      44962
    ],
    [
      12993,
      32537
    ],
    [
      12993,
      34555
    ],
    [
      12993,
      35260
    ],
    [
      12993,
      37563
    ],
    [
      12993,
      40556
    ],
    [
      13026,
      31149
    ],
    [
      13026,
      31276
    ],
    [
      13026,
      44286
    ],
    [
      13026,
      45827
    ],
    [
      13046,
      16873
    ],
    [
      13046,
      45713
    ],
    [
      13126,
      41239
    ],
    [
      13126,
      45881
    ],
    [
      13131,
      15473
    ],
    [
      13131,
      27841
    ],
    [
      13131,
      34131
    ],
    [
      13192,
      31463
    ],
    [
      13218,
      18918
    ],
    [
      13271,
      24062
    ],
    [
      13313,
      18346
    ],
    [
      13339,
      35347
    ],
    [
      13376,
      39190
    ],
    [
      13403,
      23127
    ],
    [
      13404,
      35003
    ],
    [
      13414,
      22010
    ],
    [
      13414,
      28643
    ],
    [
      13443,
      19707
    ],
    [
      13443,
      28948
    ],
    [
      13447,
      43893
    ],
    [
      13449,
      40216
    ],
    [
      13454,
      29600
    ],
    [
      13454,
      30541
    ],
    [
      13506,
      35956
    ],
    [
      13506,
      45751
    ],
    [
      13577,
      40216
    ],
    [
      13602,
      18918
    ],
    [
      13607,
      18346
    ],
    [
      13639,
      29600
    ],
    [
      13645,
      40216
    ],
    [
      13786,
      19258
    ],
    [
      13814,
      30411
    ],
    [
      13873,
      18918
    ],
    [
      13897,
      16248
    ],
    [
      13897,
      17451
    ],
    [
      13897,
      38051
    ],
    [
      13897,
      39702
    ],
    [
      13897,
      42125
    ],
    [
      13897,
      44518
    ],
    [
      13944,
      26425
    ],
    [
      13944,
      41037
    ],
    [
      14012,
      27751
    ],
    [
      14048,
      21542
    ],
    [
      14091,
      15994
    ],
    [
      14091,
      30201
    ],
    [
      14091,
      41764
    ],
    [
      14091,
      44286
    ],
    [
      14091,
      45827
    ],
    [
      14251,
      40216
    ],
    [
      14383,
      21145
    ],
    [
      14605,
      26455
    ],
    [
      14605,
      26798
    ],
    [
      14670,
      27797
    ],
    [
      14680,
      37516
    ],
    [
      14734,
      14976
    ],
    [
      14734,
      15220
    ],
    [
      14734,
      16243
    ],
    [
      14734,
      18860
    ],
    [
      14734,
      21231
    ],
    [
      14734,
      21337
    ],
    [
      14734,
      25335
    ],
    [
      14734,
      30356
    ],
    [
      14734,
      35508
    ],
    [
      14734,
      39740
    ],
    [
      14734,
      40824
    ],
    [
      14755,
      27037
    ],
    [
      14772,
      35829
    ],
    [
      14864,
      35347
    ],
    [
      14864,
      43171
    ],
    [
      14958,
      40216
    ],
    [
      15020,
      20849
    ],
    [
      15111,
      32529
    ],
    [
      15111,
      33099
    ],
    [
      15111,
      36049
    ],
    [
      15111,
      41999
    ],
    [
      15145,
      27797
    ],
    [
      15216,
      17425
    ],
    [
      15216,
      18441
    ],
    [
      15216,
      20721
    ],
    [
      15216,
      22330
    ],
    [
      15216,
      22516
    ],
    [
      15216,
      33307
    ],
    [
      15216,
      44751
    ],
    [
      15282,
      16519
    ],
    [
      15282,
      40216
    ],
    [
      15367,
      16800
    ],
    [
      15367,
      31149
    ],
    [
      15367,
      31276
    ],
    [
      15367,
      44286
    ],
    [
      15367,
      45827
    ],
    [
      15473,
      21946
    ],
    [
      15473,
      23068
    ],
    [
      15562,
      35106
    ],
    [
      15628,
      19929
    ],
    [
      15676,
      27797
    ],
    [
      15778,
      27037
    ],
    [
      15794,
      22010
    ],
    [
      15794,
      28643
    ],
    [
      15806,
      40297
    ],
    [
      15937,
      20439
    ],
    [
      15937,
      26467
    ],
    [
      15937,
      28443
    ],
    [
      15937,
      35799
    ],
    [
      15994,
      17062
    ],
    [
      15994,
      19487
    ],
    [
      15994,
      25435
    ],
    [
      15994,
      25573
    ],
    [
      15994,
      26263
    ],
    [
      15994,
      26278
    ],
    [
      15994,
      28546
    ],
    [
      15994,
      34206
    ],
    [
      15994,
      34683
    ],
    [
      15994,
      36939
    ],
    [
      15994,
      37048
    ],
    [
      15994,
      39301
    ],
    [
      15994,
      42865
    ],
    [
      16037,
      35347
    ],
    [
      16037,
      43171
    ],
    [
      16212,
      28423
    ],
    [
      16330,
      19034
    ],
    [
      16330,
      41315
    ],
    [
      16472,
      35003
    ],
    [
      16519,
      40533
    ],
    [
      16519,
      44861
    ],
    [
      16535,
      39803
    ],
    [
      16616,
      45881
    ],
    [
      16626,
      35799
    ],
    [
      16723,
      25959
    ],
    [
      16723,
      34555
    ],
    [
      16723,
      37563
    ],
    [
      16723,
      40556
    ],
    [
      16723,
      45098
    ],
    [
      16754,
      24542
    ],
    [
      16754,
      43412
    ],
    [
      16800,
      17810
    ],
    [
      16800,
      19592
    ],
    [
      16800,
      20841
    ],
    [
      16800,
      21132
    ],
    [
      16800,
      25987
    ],
    [
      16800,
      26890
    ],
    [
      16800,
      29917
    ],
    [
      16800,
      31430
    ],
    [
      16800,
      35941
    ],
    [
      16848,
      31149
    ],
    [
      16848,
      31276
    ],
    [
      16848,
      44286
    ],
    [
      16848,
      45827
    ],
    [
      16936,
      37853
    ],
    [
      17046,
      36330
    ],
    [
      17062,
      30201
    ],
    [
      17062,
      41764
    ],
    [
      17062,
      44286
    ],
    [
      17062,
      45827
    ],
    [
      17120,
      27037
    ],
    [
      17246,
      35102
    ],
    [
      17299,
      24542
    ],
    [
      17299,
      43412
    ],
    [
      17309,
      22010
    ],
    [
      17309,
      28643
    ],
    [
      17369,
      40526
    ],
    [
      17391,
      35347
    ],
    [
      17391,
      43171
    ],
    [
      17393,
      35347
    ],
    [
      17393,
      43171
    ],
    [
      17491,
      31090
    ],
    [
      17601,
      36393
    ],
    [
      17760,
      19929
    ],
    [
      17810,
      31149
    ],
    [
      17810,
      31276
    ],
    [
      17810,
      44286
    ],
    [
      17881,
      22010
    ],
    [
      17881,
      28643
    ],
    [
      17925,
      19929
    ],
    [
      17925,
      34555
    ],
    [
      17925,
      35260
    ],
    [
      17925,
      36788
    ],
    [
      17925,
      39402
    ],
    [
      17925,
      40556
    ],
    [
      17964,
      24386
    ],
    [
      18037,
      40216
    ],
    [
      18111,
      33099
    ],
    [
      18111,
      36049
    ],
    [
      18111,
      41999
    ],
    [
      18181,
      20849
    ],
    [
      18205,
      30411
    ],
    [
      18290,
      38482
    ],
    [
      18290,
      44622
    ],
    [
      18346,
      20476
    ],
    [
      18346,
      22389
    ],
    [
      18476,
      43171
    ],
    [
      18562,
      40216
    ],
    [
      18657,
      19047
    ],
    [
      18657,
      22297
    ],
    [
      18657,
      42807
    ],
    [
      18669,
      34555
    ],
    [
      18669,
      37563
    ],
    [
      18669,
      40556
    ],
    [
      18680,
      18918
    ],
    [
      18681,
      43171
    ],
    [
      18692,
      18918
    ],
    [
      18692,
      21207
    ],
    [
      18693,
      35347
    ],
    [
      18693,
      43171
    ],
    [
      18755,
      22010
    ],
    [
      18755,
      28643
    ],
    [
      18918,
      22427
    ],
    [
      18918,
      27729
    ],
    [
      18918,
      29089
    ],
    [
      18918,
      30186
    ],
    [
      18918,
      33152
    ],
    [
      18918,
      33296
    ],
    [
      18918,
      34956
    ],
    [
      18918,
      37442
    ],
    [
      18918,
      38496
    ],
    [
      18918,
      38989
    ],
    [
      18918,
      39457
    ],
    [
      18918,
      40481
    ],
    [
      18918,
      43714
    ],
    [
      18918,
      45296
    ],
    [
      18963,
      27797
    ],
    [
      19034,
      24846
    ],
    [
      19034,
      30176
    ],
    [
      19034,
      30544
    ],
    [
      19172,
      44751
    ],
    [
      19250,
      30186
    ],
    [
      19289,
      21542
    ],
    [
      19304,
      27403
    ],
    [
      19304,
      34005
    ],
    [
      19304,
      40113
    ],
    [
      19432,
      31151
    ],
    [
      19432,
      43241
    ],
    [
      19487,
      30201
    ],
    [
      19487,
      41764
    ],
    [
      19487,
      44286
    ],
    [
      19487,
      45827
    ],
    [
      19521,
      40216
    ],
    [
      19522,
      36049
    ],
    [
      19522,
      41999
    ],
    [
      19530,
      23594
    ],
    [
      19574,
      24043
    ],
    [
      19574,
      25674
    ],
    [
      19574,
      37505
    ],
    [
      19592,
      31149
    ],
    [
      19592,
      31276
    ],
    [
      19592,
      44286
    ],
    [
      19671,
      21145
    ],
    [
      19671,
      29872
    ],
    [
      19692,
      35829
    ],
    [
      19707,
      27751
    ],
    [
      19707,
      28710
    ],
    [
      19707,
      29013
    ],
    [
      19707,
      37405
    ],
    [
      19929,
      21753
    ],
    [
      19929,
      31617
    ],
    [
      19929,
      31685
    ],
    [
      19929,
      38966
    ],
    [
      19940,
      27037
    ],
    [
      20025,
      21468
    ],
    [
      20104,
      27037
    ],
    [
      20198,
      41239
    ],
    [
      20198,
      45881
    ],
    [
      20231,
      33099
    ],
    [
      20231,
      36049
    ],
    [
      20315,
      35829
    ],
    [
      20331,
      21605
    ],
    [
      20331,
      30201
    ],
    [
      20331,
      31276
    ],
    [
      20331,
      44286
    ],
    [
      20331,
      45827
    ],
    [
      20423,
      20439
    ],
    [
      20423,
      22594
    ],
    [
      20423,
      26467
    ],
    [
      20423,
      28443
    ],
    [
      20423,
      29867
    ],
    [
      20423,
      44042
    ],
    [
      20423,
      44179
    ],
    [
      20423,
      44227
    ],
    [
      20425,
      34250
    ],
    [
      20439,
      20770
    ],
    [
      20439,
      24846
    ],
    [
      20439,
      26594
    ],
    [
      20439,
      30176
    ],
    [
      20439,
      35850
    ],
    [
      20439,
      37473
    ],
    [
      20439,
      38201
    ],
    [
      20439,
      40649
    ],
    [
      20439,
      41400
    ],
    [
      20439,
      41489
    ],
    [
      20619,
      22010
    ],
    [
      20619,
      28643
    ],
    [
      20633,
      40216
    ],
    [
      20638,
      26309
    ],
    [
      20657,
      25837
    ],
    [
      20661,
      31527
    ],
    [
      20721,
      35260
    ],
    [
      20721,
      40556
    ],
    [
      20733,
      45881
    ],
    [
      20745,
      32537
    ],
    [
      20745,
      34555
    ],
    [
      20745,
      35260
    ],
    [
      20745,
      40556
    ],
    [
      20770,
      35799
    ],
    [
      20778,
      37563
    ],
    [
      20783,
      32537
    ],
    [
      20783,
      34555
    ],
    [
      20783,
      35260
    ],
    [
      20783,
      40556
    ],
    [
      20808,
      35850
    ],
    [
      20808,
      44665
    ],
    [
      20841,
      31149
    ],
    [
      20841,
      31276
    ],
    [
      20841,
      44286
    ],
    [
      20849,
      27009
    ],
    [
      20849,
      39399
    ],
    [
      20915,
      31090
    ],
    [
      20915,
      33711
    ],
    [
      20923,
      40216
    ],
    [
      20965,
      40216
    ],
    [
      21132,
      27163
    ],
    [
      21132,
      31149
    ],
    [
      21132,
      31276
    ],
    [
      21132,
      44286
    ],
    [
      21145,
      27851
    ],
    [
      21145,
      35347
    ],
    [
      21145,
      43171
    ],
    [
      21195,
      39781
    ],
    [
      21195,
      41277
    ],
    [
      21207,
      22312
    ],
    [
      21207,
      29089
    ],
    [
      21207,
      30212
    ],
    [
      21207,
      31637
    ],
    [
      21207,
      35611
    ],
    [
      21207,
      37848
    ],
    [
      21207,
      38158
    ],
    [
      21207,
      38989
    ],
    [
      21207,
      39400
    ],
    [
      21207,
      42547
    ],
    [
      21207,
      45925
    ],
    [
      21337,
      29555
    ],
    [
      21535,
      26381
    ],
    [
      21542,
      30074
    ],
    [
      21542,
      35046
    ],
    [
      21542,
      35211
    ],
    [
      21542,
      38389
    ],
    [
      21688,
      37263
    ],
    [
      21907,
      22010
    ],
    [
      21907,
      28643
    ],
    [
      21946,
      27841
    ],
    [
      22010,
      22263
    ],
    [
      22010,
      24058
    ],
    [
      22010,
      24652
    ],
    [
      22010,
      24799
    ],
    [
      22010,
      25403
    ],
    [
      22010,
      26053
    ],
    [
      22010,
      26567
    ],
    [
      22010,
      27054
    ],
    [
      22010,
      27517
    ],
    [
      22010,
      28541
    ],
    [
      22010,
      28594
    ],
    [
      22010,
      29657
    ],
    [
      22010,
      29705
    ],
    [
      22010,
      30316
    ],
    [
      22010,
      31212
    ],
    [
      22010,
      34713
    ],
    [
      22010,
      36207
    ],
    [
      22010,
      37708
    ],
    [
      22010,
      37952
    ],
    [
      22010,
      38066
    ],
    [
      22010,
      39529
    ],
    [
      22010,
      39758
    ],
    [
      22010,
      41516
    ],
    [
      22010,
      41817
    ],
    [
      22010,
      42087
    ],
    [
      22010,
      43547
    ],
    [
      22010,
      44077
    ],
    [
      22071,
      24764
    ],
    [
      22071,
      28101
    ],
    [
      22071,
      31367
    ],
    [
      22071,
      31619
    ],
    [
      22071,
      37332
    ],
    [
      22164,
      29787
    ],
    [
      22164,
      39190
    ],
    [
      22240,
      35829
    ],
    [
      22263,
      28643
    ],
    [
      22327,
      29787
    ],
    [
      22327,
      39190
    ],
    [
      22415,
      32537
    ],
    [
      22415,
      34555
    ],
    [
      22415,
      35260
    ],
    [
      22415,
      40556
    ],
    [
      22427,
      41338
    ],
    [
      22462,
      29872
    ],
    [
      22516,
      32537
    ],
    [
      22516,
      35260
    ],
    [
      22516,
      40556
    ],
    [
      22588,
      25196
    ],
    [
      22588,
      32481
    ],
    [
      22588,
      44396
    ],
    [
      22594,
      24846
    ],
    [
      22594,
      30176
    ],
    [
      22594,
      30544
    ],
    [
      22594,
      37473
    ],
    [
      22594,
      40649
    ],
    [
      22594,
      41489
    ],
    [
      22647,
      31463
    ],
    [
      22752,
      40216
    ],
    [
      22779,
      23730
    ],
    [
      22779,
      29473
    ],
    [
      22779,
      36884
    ],
    [
      22856,
      40216
    ],
    [
      22885,
      23730
    ],
    [
      22885,
      29473
    ],
    [
      22885,
      32395
    ],
    [
      22885,
      36884
    ],
    [
      22885,
      39373
    ],
    [
      22890,
      27037
    ],
    [
      23068,
      27841
    ],
    [
      23068,
      34131
    ],
    [
      23301,
      40216
    ],
    [
      23390,
      31519
    ],
    [
      23593,
      29600
    ],
    [
      23593,
      30541
    ],
    [
      23594,
      44038
    ],
    [
      23640,
      24062
    ],
    [
      23730,
      23929
    ],
    [
      23730,
      25174
    ],
    [
      23730,
      28762
    ],
    [
      23730,
      38690
    ],
    [
      23730,
      40728
    ],
    [
      23929,
      29473
    ],
    [
      23929,
      32395
    ],
    [
      23929,
      36884
    ],
    [
      23929,
      39373
    ],
    [
      24062,
      29225
    ],
    [
      24062,
      31118
    ],
    [
      24062,
      34246
    ],
    [
      24062,
      35018
    ],
    [
      24062,
      37157
    ],
    [
      24062,
      45540
    ],
    [
      24064,
      35347
    ],
    [
      24114,
      42223
    ],
    [
      24386,
      27118
    ],
    [
      24542,
      26125
    ],
    [
      24542,
      29361
    ],
    [
      24542,
      29819
    ],
    [
      24542,
      36619
    ],
    [
      24542,
      36673
    ],
    [
      24650,
      41239
    ],
    [
      24650,
      45881
    ],
    [
      24652,
      28643
    ],
    [
      24688,
      40216
    ],
    [
      24799,
      28643
    ],
    [
      24809,
      37563
    ],
    [
      24846,
      26467
    ],
    [
      24846,
      28443
    ],
    [
      24846,
      29867
    ],
    [
      24846,
      41315
    ],
    [
      24846,
      44042
    ],
    [
      24846,
      44179
    ],
    [
      25001,
      30049
    ],
    [
      25076,
      30411
    ],
    [
      25174,
      29473
    ],
    [
      25174,
      35863
    ],
    [
      25174,
      36884
    ],
    [
      25174,
      39373
    ],
    [
      25196,
      30614
    ],
    [
      25196,
      33181
    ],
    [
      25196,
      43017
    ],
    [
      25403,
      28643
    ],
    [
      25435,
      30201
    ],
    [
      25435,
      41764
    ],
    [
      25435,
      45827
    ],
    [
      25498,
      28948
    ],
    [
      25498,
      29566
    ],
    [
      25499,
      40216
    ],
    [
      25573,
      30201
    ],
    [
      25573,
      41764
    ],
    [
      25573,
      44286
    ],
    [
      25573,
      45827
    ],
    [
      25575,
      28643
    ],
    [
      25714,
      30201
    ],
    [
      25714,
      31276
    ],
    [
      25714,
      44286
    ],
    [
      25714,
      45827
    ],
    [
      25837,
      30541
    ],
    [
      25959,
      28482
    ],
    [
      25987,
      31149
    ],
    [
      25987,
      31276
    ],
    [
      25987,
      44286
    ],
    [
      25987,
      45827
    ],
    [
      25994,
      27037
    ],
    [
      25995,
      27658
    ],
    [
      25995,
      33711
    ],
    [
      26053,
      28643
    ],
    [
      26063,
      41239
    ],
    [
      26063,
      45881
    ],
    [
      26113,
      34555
    ],
    [
      26113,
      35260
    ],
    [
      26113,
      37563
    ],
    [
      26113,
      40556
    ],
    [
      26125,
      43412
    ],
    [
      26238,
      30411
    ],
    [
      26263,
      30201
    ],
    [
      26263,
      41764
    ],
    [
      26263,
      44286
    ],
    [
      26278,
      30201
    ],
    [
      26278,
      41764
    ],
    [
      26278,
      44286
    ],
    [
      26278,
      45827
    ],
    [
      26295,
      34209
    ],
    [
      26309,
      26758
    ],
    [
      26309,
      33422
    ],
    [
      26381,
      37149
    ],
    [
      26425,
      30483
    ],
    [
      26463,
      40216
    ],
    [
      26467,
      30176
    ],
    [
      26467,
      30544
    ],
    [
      26467,
      37473
    ],
    [
      26467,
      38201
    ],
    [
      26467,
      40649
    ],
    [
      26467,
      41400
    ],
    [
      26467,
      41489
    ],
    [
      26541,
      33484
    ],
    [
      26541,
      35243
    ],
    [
      26541,
      40932
    ],
    [
      26552,
      29473
    ],
    [
      26552,
      32395
    ],
    [
      26552,
      36884
    ],
    [
      26552,
      39373
    ],
    [
      26567,
      28643
    ],
    [
      26594,
      35799
    ],
    [
      26719,
      35347
    ],
    [
      26719,
      43171
    ],
    [
      26890,
      31149
    ],
    [
      26890,
      31276
    ],
    [
      26890,
      44286
    ],
    [
      27037,
      28773
    ],
    [
      27037,
      28840
    ],
    [
      27037,
      29721
    ],
    [
      27037,
      31527
    ],
    [
      27037,
      31870
    ],
    [
      27037,
      32064
    ],
    [
      27037,
      33381
    ],
    [
      27037,
      34452
    ],
    [
      27037,
      35803
    ],
    [
      27037,
      37391
    ],
    [
      27037,
      37448
    ],
    [
      27037,
      38038
    ],
    [
      27037,
      40693
    ],
    [
      27037,
      40958
    ],
    [
      27037,
      42672
    ],
    [
      27037,
      44355
    ],
    [
      27037,
      44541
    ],
    [
      27037,
      46013
    ],
    [
      27054,
      28643
    ],
    [
      27096,
      35829
    ],
    [
      27366,
      30122
    ],
    [
      27517,
      28643
    ],
    [
      27587,
      35347
    ],
    [
      27729,
      41338
    ],
    [
      27751,
      29783
    ],
    [
      27751,
      44215
    ],
    [
      27831,
      29473
    ],
    [
      27831,
      32395
    ],
    [
      27831,
      36884
    ],
    [
      27831,
      39373
    ],
    [
      27842,
      34555
    ],
    [
      27842,
      37563
    ],
    [
      27854,
      30614
    ],
    [
      27926,
      40040
    ],
    [
      28227,
      37516
    ],
    [
      28294,
      31090
    ],
    [
      28443,
      30176
    ],
    [
      28443,
      30544
    ],
    [
      28443,
      37473
    ],
    [
      28443,
      38201
    ],
    [
      28443,
      40649
    ],
    [
      28443,
      41400
    ],
    [
      28443,
      41489
    ],
    [
      28482,
      34555
    ],
    [
      28482,
      37563
    ],
    [
      28482,
      45098
    ],
    [
      28541,
      28643
    ],
    [
      28546,
      30201
    ],
    [
      28546,
      41764
    ],
    [
      28546,
      44286
    ],
    [
      28546,
      45827
    ],
    [
      28594,
      28643
    ],
    [
      28643,
      29657
    ],
    [
      28643,
      29705
    ],
    [
      28643,
      30316
    ],
    [
      28643,
      31212
    ],
    [
      28643,
      31756
    ],
    [
      28643,
      34713
    ],
    [
      28643,
      36207
    ],
    [
      28643,
      37708
    ],
    [
      28643,
      37952
    ],
    [
      28643,
      38066
    ],
    [
      28643,
      39529
    ],
    [
      28643,
      39758
    ],
    [
      28643,
      41516
    ],
    [
      28643,
      41817
    ],
    [
      28643,
      42087
    ],
    [
      28643,
      42699
    ],
    [
      28643,
      43547
    ],
    [
      28643,
      44077
    ],
    [
      28643,
      44609
    ],
    [
      28710,
      28948
    ],
    [
      28762,
      29473
    ],
    [
      28762,
      32395
    ],
    [
      28762,
      36884
    ],
    [
      28762,
      39373
    ],
    [
      28809,
      31463
    ],
    [
      28948,
      29013
    ],
    [
      28948,
      37405
    ],
    [
      28955,
      40216
    ],
    [
      28975,
      40216
    ],
    [
      29198,
      40216
    ],
    [
      29361,
      43412
    ],
    [
      29473,
      29739
    ],
    [
      29473,
      38690
    ],
    [
      29473,
      40728
    ],
    [
      29555,
      39740
    ],
    [
      29555,
      41543
    ],
    [
      29566,
      37405
    ],
    [
      29600,
      44176
    ],
    [
      29676,
      40216
    ],
    [
      29739,
      32395
    ],
    [
      29739,
      36884
    ],
    [
      29739,
      39373
    ],
    [
      29758,
      34035
    ],
    [
      29787,
      44965
    ],
    [
      29867,
      30176
    ],
    [
      29867,
      30544
    ],
    [
      29867,
      40649
    ],
    [
      29872,
      35347
    ],
    [
      29917,
      31149
    ],
    [
      29917,
      31276
    ],
    [
      29917,
      44286
    ],
    [
      29917,
      45827
    ],
    [
      30049,
      31343
    ],
    [
      30050,
      40216
    ],
    [
      30176,
      41315
    ],
    [
      30176,
      44042
    ],
    [
      30176,
      44179
    ],
    [
      30186,
      38511
    ],
    [
      30186,
      41338
    ],
    [
      30201,
      34206
    ],
    [
      30201,
      34683
    ],
    [
      30201,
      36939
    ],
    [
      30201,
      37048
    ],
    [
      30201,
      38921
    ],
    [
      30201,
      39301
    ],
    [
      30201,
      42865
    ],
    [
      30240,
      41239
    ],
    [
      30240,
      45881
    ],
    [
      30407,
      30411
    ],
    [
      30411,
      45073
    ],
    [
      30544,
      41315
    ],
    [
      30544,
      44042
    ],
    [
      30668,
      40216
    ],
    [
      30959,
      40216
    ],
    [
      31090,
      36149
    ],
    [
      31090,
      40720
    ],
    [
      31120,
      44953
    ],
    [
      31149,
      31430
    ],
    [
      31149,
      32164
    ],
    [
      31149,
      34972
    ],
    [
      31149,
      35941
    ],
    [
      31149,
      42852
    ],
    [
      31173,
      32537
    ],
    [
      31173,
      34555
    ],
    [
      31173,
      35260
    ],
    [
      31173,
      37563
    ],
    [
      31173,
      40556
    ],
    [
      31276,
      31430
    ],
    [
      31276,
      34951
    ],
    [
      31276,
      34972
    ],
    [
      31276,
      35941
    ],
    [
      31276,
      36939
    ],
    [
      31276,
      37767
    ],
    [
      31276,
      40732
    ],
    [
      31276,
      41932
    ],
    [
      31276,
      42852
    ],
    [
      31351,
      34555
    ],
    [
      31351,
      35260
    ],
    [
      31351,
      37563
    ],
    [
      31351,
      40556
    ],
    [
      31430,
      44286
    ],
    [
      31546,
      45881
    ],
    [
      31637,
      41338
    ],
    [
      31699,
      32064
    ],
    [
      31728,
      34555
    ],
    [
      31728,
      35260
    ],
    [
      31728,
      37563
    ],
    [
      31728,
      40556
    ],
    [
      32164,
      44286
    ],
    [
      32357,
      35347
    ],
    [
      32357,
      43171
    ],
    [
      32395,
      37378
    ],
    [
      32395,
      38690
    ],
    [
      32481,
      33181
    ],
    [
      32481,
      43017
    ],
    [
      32537,
      33538
    ],
    [
      32537,
      35983
    ],
    [
      32537,
      36268
    ],
    [
      32537,
      36285
    ],
    [
      32537,
      40928
    ],
    [
      32537,
      41024
    ],
    [
      32537,
      44751
    ],
    [
      32633,
      41239
    ],
    [
      32633,
      45881
    ],
    [
      32677,
      34250
    ],
    [
      32691,
      35003
    ],
    [
      32991,
      37853
    ],
    [
      33099,
      34113
    ],
    [
      33152,
      41338
    ],
    [
      33181,
      44396
    ],
    [
      33257,
      40216
    ],
    [
      33398,
      35347
    ],
    [
      33398,
      43171
    ],
    [
      33526,
      40216
    ],
    [
      33538,
      34555
    ],
    [
      33538,
      35260
    ],
    [
      33538,
      40556
    ],
    [
      33965,
      37516
    ],
    [
      34035,
      34527
    ],
    [
      34035,
      35400
    ],
    [
      34113,
      36049
    ],
    [
      34113,
      41999
    ],
    [
      34206,
      41764
    ],
    [
      34206,
      44286
    ],
    [
      34206,
      45827
    ],
    [
      34328,
      35347
    ],
    [
      34328,
      43171
    ],
    [
      34555,
      35983
    ],
    [
      34555,
      36268
    ],
    [
      34555,
      36285
    ],
    [
      34555,
      40422
    ],
    [
      34555,
      40928
    ],
    [
      34555,
      41024
    ],
    [
      34555,
      41250
    ],
    [
      34555,
      44771
    ],
    [
      34639,
      44286
    ],
    [
      34683,
      41764
    ],
    [
      34789,
      37516
    ],
    [
      34789,
      43171
    ],
    [
      34884,
      35003
    ],
    [
      34897,
      35711
    ],
    [
      34897,
      36477
    ],
    [
      34951,
      44286
    ],
    [
      34951,
      45827
    ],
    [
      34972,
      44286
    ],
    [
      34972,
      45827
    ],
    [
      34990,
      36771
    ],
    [
      35003,
      38183
    ],
    [
      35003,
      45859
    ],
    [
      35102,
      37681
    ],
    [
      35102,
      38657
    ],
    [
      35102,
      39124
    ],
    [
      35260,
      35983
    ],
    [
      35260,
      36268
    ],
    [
      35260,
      36285
    ],
    [
      35260,
      40422
    ],
    [
      35260,
      40928
    ],
    [
      35260,
      41024
    ],
    [
      35260,
      44751
    ],
    [
      35260,
      44771
    ],
    [
      35281,
      40216
    ],
    [
      35347,
      35355
    ],
    [
      35347,
      36712
    ],
    [
      35347,
      36936
    ],
    [
      35347,
      37605
    ],
    [
      35347,
      37784
    ],
    [
      35347,
      40326
    ],
    [
      35347,
      41727
    ],
    [
      35347,
      42804
    ],
    [
      35347,
      44908
    ],
    [
      35512,
      35829
    ],
    [
      35711,
      39597
    ],
    [
      35799,
      35850
    ],
    [
      35799,
      38201
    ],
    [
      35799,
      40649
    ],
    [
      35799,
      41400
    ],
    [
      35799,
      44665
    ],
    [
      35850,
      44042
    ],
    [
      35850,
      44179
    ],
    [
      35850,
      44227
    ],
    [
      35863,
      40728
    ],
    [
      35941,
      44286
    ],
    [
      35956,
      44257
    ],
    [
      35983,
      40556
    ],
    [
      36268,
      40556
    ],
    [
      36285,
      37563
    ],
    [
      36285,
      40556
    ],
    [
      36317,
      37853
    ],
    [
      36477,
      39597
    ],
    [
      36619,
      43412
    ],
    [
      36673,
      43412
    ],
    [
      36712,
      43171
    ],
    [
      36771,
      40591
    ],
    [
      36884,
      38690
    ],
    [
      36884,
      40728
    ],
    [
      36939,
      44286
    ],
    [
      36939,
      45827
    ],
    [
      37048,
      41764
    ],
    [
      37378,
      39373
    ],
    [
      37442,
      41338
    ],
    [
      37473,
      41315
    ],
    [
      37473,
      44042
    ],
    [
      37516,
      39620
    ],
    [
      37563,
      40422
    ],
    [
      37563,
      41250
    ],
    [
      37563,
      44771
    ],
    [
      37605,
      43171
    ],
    [
      37767,
      44286
    ],
    [
      37767,
      45827
    ],
    [
      37784,
      43171
    ],
    [
      38443,
      40216
    ],
    [
      38482,
      46006
    ],
    [
      38690,
      39373
    ],
    [
      38828,
      40216
    ],
    [
      38921,
      44286
    ],
    [
      39190,
      44965
    ],
    [
      39301,
      41764
    ],
    [
      39301,
      44286
    ],
    [
      39477,
      40556
    ],
    [
      39615,
      40942
    ],
    [
      40216,
      40533
    ],
    [
      40216,
      42468
    ],
    [
      40216,
      44872
    ],
    [
      40216,
      45695
    ],
    [
      40326,
      43171
    ],
    [
      40422,
      40556
    ],
    [
      40422,
      45098
    ],
    [
      40556,
      40928
    ],
    [
      40556,
      41024
    ],
    [
      40556,
      44751
    ],
    [
      40556,
      44771
    ],
    [
      40649,
      44042
    ],
    [
      40649,
      44179
    ],
    [
      40649,
      44227
    ],
    [
      40732,
      44286
    ],
    [
      40732,
      45827
    ],
    [
      41277,
      44962
    ],
    [
      41315,
      41489
    ],
    [
      41727,
      43171
    ],
    [
      41764,
      42865
    ],
    [
      41887,
      46006
    ],
    [
      41932,
      44286
    ],
    [
      41932,
      45827
    ],
    [
      42804,
      43171
    ],
    [
      42852,
      44286
    ],
    [
      42852,
      45827
    ],
    [
      43017,
      44396
    ],
    [
      43171,
      44908
    ],
    [
      44227,
      44665
    ],
    [
      44257,
      45751
    ],
    [
      44719,
      45049
    ]
  ]
}