{
  "n_true_positives": 37,
  "n_positives": 37,
  "total_time": 12.580096006393433,
  "date": "2025-01-28T08:50:02.389111",
  "backend": "BruteForce",
  "n_bins": 25,
  "eps": 0.04,
  "args": {
    "csvpath": [
      "../data/Certifair/predictions/adult-global-P2-combined.csv"
    ],
    "eps": 0.04,
    "n_bins": 25,
    "n_examples": null,
    "out_path": "../results/fairness//results/certifair//adult-global-P2-combined-eps0.04.json",
    "full_output": false,
    "verbose": false,
    "randomize_order": false,
    "backend": "bf",
    "blind_cols": null,
    "sample_cols": null,
    "pred": "prediction",
    "metric": "infinity",
    "max_time": null,
    "batchsize": null
  },
  "backend_meta": {
    "epsilon": 0.04,
    "decision_col": "prediction",
    "metric": "infinity",
    "is_exact": true,
    "is_sound": true,
    "is_complete": true
  },
  "positives": [
    [
      1261,
      40556
    ],
    [
      2560,
      40216
    ],
    [
      3850,
      40556
    ],
    [
      4242,
      31519
    ],
    [
      4466,
      28975
    ],
    [
      4755,
      40216
    ],
    [
      8583,
      20439
    ],
    [
      10147,
      40216
    ],
    [
      11486,
      24542
    ],
    [
      11611,
      40216
    ],
    [
      12174,
      24542
    ],
    [
      12174,
      43412
    ],
    [
      12633,
      40556
    ],
    [
      13271,
      24062
    ],
    [
      13645,
      40216
    ],
    [
      17299,
      24542
    ],
    [
      20423,
      20439
    ],
    [
      20439,
      40649
    ],
    [
      20633,
      40216
    ],
    [
      20923,
      40216
    ],
    [
      20965,
      40216
    ],
    [
      21145,
      43171
    ],
    [
      22071,
      31367
    ],
    [
      22071,
      31619
    ],
    [
      24062,
      29225
    ],
    [
      24062,
      45540
    ],
    [
      24688,
      40216
    ],
    [
      25001,
      30049
    ],
    [
      29198,
      40216
    ],
    [
      29676,
      40216
    ],
    [
      30050,
      40216
    ],
    [
      31173,
      40556
    ],
    [
      33538,
      40556
    ],
    [
      35711,
      39597
    ],
    [
      36268,
      40556
    ],
    [
      38828,
      40216
    ],
    [
      40556,
      40928
    ]
  ]
}