{
  "n_true_positives": 1,
  "n_positives": 1,
  "total_time": 13.782045364379883,
  "date": "2025-01-28T08:50:03.177099",
  "backend": "BruteForce",
  "n_bins": 100,
  "eps": 0.01,
  "args": {
    "csvpath": [
      "../data/Certifair/predictions/adult-local-P2-combined.csv"
    ],
    "eps": 0.01,
    "n_bins": 100,
    "n_examples": null,
    "out_path": "../results/fairness//results/certifair//adult-local-P2-combined-eps0.01.json",
    "full_output": false,
    "verbose": false,
    "randomize_order": false,
    "backend": "bf",
    "blind_cols": null,
    "sample_cols": null,
    "pred": "prediction",
    "metric": "infinity",
    "max_time": null,
    "batchsize": null
  },
  "backend_meta": {
    "epsilon": 0.01,
    "decision_col": "prediction",
    "metric": "infinity",
    "is_exact": true,
    "is_sound": true,
    "is_complete": true
  },
  "positives": [
    [
      9275,
      13961
    ]
  ]
}