{
  "n_true_positives": 1180,
  "n_positives": 1180,
  "total_time": 12.636380434036255,
  "date": "2025-01-28T08:50:06.838840",
  "backend": "BruteForce",
  "n_bins": 6,
  "eps": 0.16,
  "args": {
    "csvpath": [
      "../data/Certifair/predictions/adult-global-P1-combined.csv"
    ],
    "eps": 0.16,
    "n_bins": 6,
    "n_examples": null,
    "out_path": "../results/fairness//results/certifair//adult-global-P1-combined-eps0.16.json",
    "full_output": false,
    "verbose": false,
    "randomize_order": false,
    "backend": "bf",
    "blind_cols": null,
    "sample_cols": null,
    "pred": "prediction",
    "metric": "infinity",
    "max_time": null,
    "batchsize": null
  },
  "backend_meta": {
    "epsilon": 0.16,
    "decision_col": "prediction",
    "metric": "infinity",
    "is_exact": true,
    "is_sound": true,
    "is_complete": true
  },
  "positives": [
    [
      665,
      19034
    ],
    [
      665,
      41315
    ],
    [
      810,
      41885
    ],
    [
      1261,
      3413
    ],
    [
      1261,
      5681
    ],
    [
      1261,
      6793
    ],
    [
      1261,
      11268
    ],
    [
      1261,
      12176
    ],
    [
      1261,
      12763
    ],
    [
      1261,
      12865
    ],
    [
      1261,
      18441
    ],
    [
      1261,
      19172
    ],
    [
      1261,
      20721
    ],
    [
      1261,
      22516
    ],
    [
      1261,
      44751
    ],
    [
      1567,
      45469
    ],
    [
      1780,
      4597
    ],
    [
      1780,
      6579
    ],
    [
      1780,
      12190
    ],
    [
      1780,
      15389
    ],
    [
      1780,
      32162
    ],
    [
      1780,
      36618
    ],
    [
      1973,
      10488
    ],
    [
      1973,
      15917
    ],
    [
      1973,
      17645
    ],
    [
      1973,
      28086
    ],
    [
      1973,
      32224
    ],
    [
      1973,
      41315
    ],
    [
      1973,
      42428
    ],
    [
      1973,
      45590
    ],
    [
      1998,
      2482
    ],
    [
      1998,
      20283
    ],
    [
      1998,
      31546
    ],
    [
      1998,
      41239
    ],
    [
      2271,
      41885
    ],
    [
      2482,
      4300
    ],
    [
      2482,
      11614
    ],
    [
      2482,
      13126
    ],
    [
      2482,
      16616
    ],
    [
      2482,
      20198
    ],
    [
      2482,
      20733
    ],
    [
      2482,
      24650
    ],
    [
      2482,
      26063
    ],
    [
      2482,
      27536
    ],
    [
      2482,
      30240
    ],
    [
      2482,
      32633
    ],
    [
      2482,
      45881
    ],
    [
      2723,
      10488
    ],
    [
      2723,
      15917
    ],
    [
      2723,
      17645
    ],
    [
      2723,
      28086
    ],
    [
      2723,
      32224
    ],
    [
      2723,
      41315
    ],
    [
      2723,
      42428
    ],
    [
      2723,
      45590
    ],
    [
      2775,
      13350
    ],
    [
      2775,
      20657
    ],
    [
      2926,
      10488
    ],
    [
      2926,
      15917
    ],
    [
      2926,
      17645
    ],
    [
      2926,
      28086
    ],
    [
      2926,
      32224
    ],
    [
      2926,
      42428
    ],
    [
      2926,
      45590
    ],
    [
      3025,
      3310
    ],
    [
      3025,
      4256
    ],
    [
      3025,
      4840
    ],
    [
      3025,
      7945
    ],
    [
      3025,
      9830
    ],
    [
      3025,
      10256
    ],
    [
      3025,
      15899
    ],
    [
      3025,
      16126
    ],
    [
      3025,
      18425
    ],
    [
      3025,
      19067
    ],
    [
      3025,
      23506
    ],
    [
      3025,
      27848
    ],
    [
      3025,
      30242
    ],
    [
      3025,
      38367
    ],
    [
      3025,
      41628
    ],
    [
      3025,
      42494
    ],
    [
      3025,
      45469
    ],
    [
      3268,
      41550
    ],
    [
      3310,
      13350
    ],
    [
      3310,
      19035
    ],
    [
      3310,
      21959
    ],
    [
      3310,
      38321
    ],
    [
      3310,
      38707
    ],
    [
      3310,
      43282
    ],
    [
      3413,
      3850
    ],
    [
      3413,
      4343
    ],
    [
      3413,
      4477
    ],
    [
      3413,
      7387
    ],
    [
      3413,
      7445
    ],
    [
      3413,
      10729
    ],
    [
      3413,
      16514
    ],
    [
      3413,
      17425
    ],
    [
      3413,
      17760
    ],
    [
      3413,
      17925
    ],
    [
      3413,
      19929
    ],
    [
      3413,
      20055
    ],
    [
      3413,
      20338
    ],
    [
      3413,
      20745
    ],
    [
      3413,
      20783
    ],
    [
      3413,
      21753
    ],
    [
      3413,
      22415
    ],
    [
      3413,
      23969
    ],
    [
      3413,
      29843
    ],
    [
      3413,
      31617
    ],
    [
      3413,
      31685
    ],
    [
      3413,
      32537
    ],
    [
      3413,
      33946
    ],
    [
      3413,
      35260
    ],
    [
      3413,
      38966
    ],
    [
      3413,
      39317
    ],
    [
      3413,
      40928
    ],
    [
      3413,
      41024
    ],
    [
      3413,
      41481
    ],
    [
      3413,
      42093
    ],
    [
      3653,
      4501
    ],
    [
      3653,
      10488
    ],
    [
      3653,
      15917
    ],
    [
      3653,
      16330
    ],
    [
      3653,
      17645
    ],
    [
      3653,
      19034
    ],
    [
      3653,
      28086
    ],
    [
      3653,
      30482
    ],
    [
      3653,
      32224
    ],
    [
      3653,
      41315
    ],
    [
      3653,
      42428
    ],
    [
      3653,
      45590
    ],
    [
      3850,
      5681
    ],
    [
      3850,
      6793
    ],
    [
      3850,
      11268
    ],
    [
      3850,
      12176
    ],
    [
      3850,
      12763
    ],
    [
      3850,
      12865
    ],
    [
      3850,
      18441
    ],
    [
      3850,
      19172
    ],
    [
      3850,
      20721
    ],
    [
      3850,
      22516
    ],
    [
      3850,
      44751
    ],
    [
      3916,
      10729
    ],
    [
      3916,
      16514
    ],
    [
      3916,
      17425
    ],
    [
      3916,
      17925
    ],
    [
      3916,
      19929
    ],
    [
      3916,
      20338
    ],
    [
      3916,
      20745
    ],
    [
      3916,
      23969
    ],
    [
      3916,
      31685
    ],
    [
      3916,
      38966
    ],
    [
      3916,
      40928
    ],
    [
      3916,
      41024
    ],
    [
      3916,
      41481
    ],
    [
      3916,
      42093
    ],
    [
      4159,
      10237
    ],
    [
      4159,
      15520
    ],
    [
      4159,
      17166
    ],
    [
      4159,
      28376
    ],
    [
      4159,
      41133
    ],
    [
      4256,
      13350
    ],
    [
      4256,
      38321
    ],
    [
      4300,
      20283
    ],
    [
      4300,
      31546
    ],
    [
      4300,
      41239
    ],
    [
      4343,
      5681
    ],
    [
      4343,
      6793
    ],
    [
      4343,
      12176
    ],
    [
      4343,
      12763
    ],
    [
      4343,
      12865
    ],
    [
      4343,
      18441
    ],
    [
      4343,
      20721
    ],
    [
      4343,
      22516
    ],
    [
      4343,
      44751
    ],
    [
      4477,
      5681
    ],
    [
      4477,
      6793
    ],
    [
      4477,
      12176
    ],
    [
      4477,
      12763
    ],
    [
      4477,
      12865
    ],
    [
      4477,
      18441
    ],
    [
      4477,
      20721
    ],
    [
      4477,
      22516
    ],
    [
      4477,
      44751
    ],
    [
      4501,
      5605
    ],
    [
      4501,
      5762
    ],
    [
      4501,
      14494
    ],
    [
      4501,
      14962
    ],
    [
      4501,
      22594
    ],
    [
      4501,
      27492
    ],
    [
      4501,
      30401
    ],
    [
      4501,
      30544
    ],
    [
      4501,
      32158
    ],
    [
      4501,
      32888
    ],
    [
      4501,
      33851
    ],
    [
      4501,
      35614
    ],
    [
      4556,
      13535
    ],
    [
      4597,
      10374
    ],
    [
      4597,
      41885
    ],
    [
      4639,
      14962
    ],
    [
      4840,
      13350
    ],
    [
      4840,
      19035
    ],
    [
      4840,
      21959
    ],
    [
      4840,
      38321
    ],
    [
      4840,
      38707
    ],
    [
      4840,
      43282
    ],
    [
      5179,
      11268
    ],
    [
      5179,
      19172
    ],
    [
      5479,
      12013
    ],
    [
      5479,
      23690
    ],
    [
      5479,
      24431
    ],
    [
      5479,
      34865
    ],
    [
      5479,
      35424
    ],
    [
      5605,
      10488
    ],
    [
      5605,
      15917
    ],
    [
      5605,
      16330
    ],
    [
      5605,
      17645
    ],
    [
      5605,
      28086
    ],
    [
      5605,
      30482
    ],
    [
      5605,
      32224
    ],
    [
      5605,
      41315
    ],
    [
      5605,
      42428
    ],
    [
      5605,
      45590
    ],
    [
      5681,
      7387
    ],
    [
      5681,
      7445
    ],
    [
      5681,
      9949
    ],
    [
      5681,
      10729
    ],
    [
      5681,
      16514
    ],
    [
      5681,
      17425
    ],
    [
      5681,
      17760
    ],
    [
      5681,
      17925
    ],
    [
      5681,
      19929
    ],
    [
      5681,
      20055
    ],
    [
      5681,
      20338
    ],
    [
      5681,
      20745
    ],
    [
      5681,
      20783
    ],
    [
      5681,
      21753
    ],
    [
      5681,
      22415
    ],
    [
      5681,
      23664
    ],
    [
      5681,
      23969
    ],
    [
      5681,
      29843
    ],
    [
      5681,
      30752
    ],
    [
      5681,
      31617
    ],
    [
      5681,
      31685
    ],
    [
      5681,
      33538
    ],
    [
      5681,
      33946
    ],
    [
      5681,
      35260
    ],
    [
      5681,
      36268
    ],
    [
      5681,
      38966
    ],
    [
      5681,
      39317
    ],
    [
      5681,
      39402
    ],
    [
      5681,
      40556
    ],
    [
      5681,
      40928
    ],
    [
      5681,
      41024
    ],
    [
      5681,
      41481
    ],
    [
      5681,
      42093
    ],
    [
      5751,
      12174
    ],
    [
      5751,
      26125
    ],
    [
      5751,
      43412
    ],
    [
      5762,
      10488
    ],
    [
      5762,
      15917
    ],
    [
      5762,
      16330
    ],
    [
      5762,
      17645
    ],
    [
      5762,
      28086
    ],
    [
      5762,
      30482
    ],
    [
      5762,
      32224
    ],
    [
      5762,
      41315
    ],
    [
      5762,
      42428
    ],
    [
      5762,
      45590
    ],
    [
      6524,
      17425
    ],
    [
      6524,
      38966
    ],
    [
      6524,
      41481
    ],
    [
      6621,
      32139
    ],
    [
      6621,
      37978
    ],
    [
      6793,
      7387
    ],
    [
      6793,
      7445
    ],
    [
      6793,
      10729
    ],
    [
      6793,
      16514
    ],
    [
      6793,
      17425
    ],
    [
      6793,
      17760
    ],
    [
      6793,
      17925
    ],
    [
      6793,
      19929
    ],
    [
      6793,
      20055
    ],
    [
      6793,
      20338
    ],
    [
      6793,
      20745
    ],
    [
      6793,
      20783
    ],
    [
      6793,
      21753
    ],
    [
      6793,
      22415
    ],
    [
      6793,
      23969
    ],
    [
      6793,
      29843
    ],
    [
      6793,
      31617
    ],
    [
      6793,
      31685
    ],
    [
      6793,
      33946
    ],
    [
      6793,
      35260
    ],
    [
      6793,
      38966
    ],
    [
      6793,
      39317
    ],
    [
      6793,
      40928
    ],
    [
      6793,
      41024
    ],
    [
      6793,
      41481
    ],
    [
      6793,
      42093
    ],
    [
      6831,
      10488
    ],
    [
      6831,
      15917
    ],
    [
      6831,
      28086
    ],
    [
      6831,
      41315
    ],
    [
      6831,
      42428
    ],
    [
      6898,
      11268
    ],
    [
      6898,
      12763
    ],
    [
      6898,
      12865
    ],
    [
      6898,
      18441
    ],
    [
      6898,
      20721
    ],
    [
      6898,
      22516
    ],
    [
      6898,
      44751
    ],
    [
      7056,
      10488
    ],
    [
      7056,
      15917
    ],
    [
      7056,
      17645
    ],
    [
      7056,
      28086
    ],
    [
      7056,
      32224
    ],
    [
      7056,
      41315
    ],
    [
      7056,
      42428
    ],
    [
      7056,
      45590
    ],
    [
      7387,
      12176
    ],
    [
      7387,
      12763
    ],
    [
      7387,
      12865
    ],
    [
      7387,
      18441
    ],
    [
      7387,
      20721
    ],
    [
      7387,
      22516
    ],
    [
      7387,
      44751
    ],
    [
      7445,
      12176
    ],
    [
      7445,
      12763
    ],
    [
      7445,
      12865
    ],
    [
      7445,
      18441
    ],
    [
      7445,
      20721
    ],
    [
      7445,
      22516
    ],
    [
      7445,
      44751
    ],
    [
      7648,
      19034
    ],
    [
      7648,
      41315
    ],
    [
      7736,
      10488
    ],
    [
      7736,
      15917
    ],
    [
      7736,
      17645
    ],
    [
      7736,
      28086
    ],
    [
      7736,
      32224
    ],
    [
      7736,
      42428
    ],
    [
      7736,
      45590
    ],
    [
      7945,
      13350
    ],
    [
      7945,
      19035
    ],
    [
      7945,
      21959
    ],
    [
      7945,
      38321
    ],
    [
      7945,
      38707
    ],
    [
      7945,
      43282
    ],
    [
      8007,
      29689
    ],
    [
      8188,
      11268
    ],
    [
      8469,
      12390
    ],
    [
      8477,
      9420
    ],
    [
      8856,
      10374
    ],
    [
      9109,
      20657
    ],
    [
      9769,
      10237
    ],
    [
      9769,
      15520
    ],
    [
      9769,
      17166
    ],
    [
      9769,
      28376
    ],
    [
      9769,
      41133
    ],
    [
      9830,
      13350
    ],
    [
      9830,
      19035
    ],
    [
      9830,
      21959
    ],
    [
      9830,
      38321
    ],
    [
      9830,
      38707
    ],
    [
      9949,
      12763
    ],
    [
      9949,
      12865
    ],
    [
      9949,
      18441
    ],
    [
      9949,
      20721
    ],
    [
      9949,
      22516
    ],
    [
      9949,
      44751
    ],
    [
      10237,
      19484
    ],
    [
      10237,
      19789
    ],
    [
      10237,
      23598
    ],
    [
      10237,
      31696
    ],
    [
      10237,
      32758
    ],
    [
      10237,
      35300
    ],
    [
      10237,
      39083
    ],
    [
      10237,
      43898
    ],
    [
      10256,
      13350
    ],
    [
      10256,
      19035
    ],
    [
      10256,
      21959
    ],
    [
      10256,
      25188
    ],
    [
      10256,
      28577
    ],
    [
      10256,
      38321
    ],
    [
      10256,
      38707
    ],
    [
      10256,
      43282
    ],
    [
      10374,
      32162
    ],
    [
      10374,
      36618
    ],
    [
      10488,
      11193
    ],
    [
      10488,
      12561
    ],
    [
      10488,
      13859
    ],
    [
      10488,
      14370
    ],
    [
      10488,
      14494
    ],
    [
      10488,
      14962
    ],
    [
      10488,
      18670
    ],
    [
      10488,
      19403
    ],
    [
      10488,
      20423
    ],
    [
      10488,
      22594
    ],
    [
      10488,
      22731
    ],
    [
      10488,
      24846
    ],
    [
      10488,
      25685
    ],
    [
      10488,
      26467
    ],
    [
      10488,
      27492
    ],
    [
      10488,
      27681
    ],
    [
      10488,
      28443
    ],
    [
      10488,
      30176
    ],
    [
      10488,
      30391
    ],
    [
      10488,
      30401
    ],
    [
      10488,
      30544
    ],
    [
      10488,
      32158
    ],
    [
      10488,
      32888
    ],
    [
      10488,
      33851
    ],
    [
      10488,
      33970
    ],
    [
      10488,
      35152
    ],
    [
      10488,
      35614
    ],
    [
      10488,
      37009
    ],
    [
      10488,
      37473
    ],
    [
      10488,
      39051
    ],
    [
      10488,
      41122
    ],
    [
      10488,
      41489
    ],
    [
      10488,
      43016
    ],
    [
      10488,
      45074
    ],
    [
      10729,
      11268
    ],
    [
      10729,
      12176
    ],
    [
      10729,
      12763
    ],
    [
      10729,
      12865
    ],
    [
      10729,
      15216
    ],
    [
      10729,
      18441
    ],
    [
      10729,
      19172
    ],
    [
      10729,
      20721
    ],
    [
      10729,
      22516
    ],
    [
      10729,
      33307
    ],
    [
      10729,
      44751
    ],
    [
      10838,
      12865
    ],
    [
      10838,
      18441
    ],
    [
      10838,
      20721
    ],
    [
      10838,
      22516
    ],
    [
      10838,
      44751
    ],
    [
      11020,
      16330
    ],
    [
      11020,
      19034
    ],
    [
      11020,
      41315
    ],
    [
      11139,
      11268
    ],
    [
      11139,
      12865
    ],
    [
      11139,
      18441
    ],
    [
      11139,
      20721
    ],
    [
      11139,
      22516
    ],
    [
      11139,
      44751
    ],
    [
      11193,
      15917
    ],
    [
      11193,
      28086
    ],
    [
      11193,
      41315
    ],
    [
      11193,
      42428
    ],
    [
      11268,
      12633
    ],
    [
      11268,
      12993
    ],
    [
      11268,
      19929
    ],
    [
      11268,
      20745
    ],
    [
      11268,
      20783
    ],
    [
      11268,
      22415
    ],
    [
      11268,
      31173
    ],
    [
      11268,
      32537
    ],
    [
      11268,
      33538
    ],
    [
      11268,
      34555
    ],
    [
      11268,
      35260
    ],
    [
      11268,
      35983
    ],
    [
      11268,
      36268
    ],
    [
      11268,
      36285
    ],
    [
      11268,
      39402
    ],
    [
      11268,
      40556
    ],
    [
      11268,
      40928
    ],
    [
      11268,
      41024
    ],
    [
      11614,
      41239
    ],
    [
      11978,
      20657
    ],
    [
      12110,
      17247
    ],
    [
      12110,
      21724
    ],
    [
      12110,
      35943
    ],
    [
      12174,
      23020
    ],
    [
      12174,
      26941
    ],
    [
      12176,
      16514
    ],
    [
      12176,
      17425
    ],
    [
      12176,
      17760
    ],
    [
      12176,
      17925
    ],
    [
      12176,
      19929
    ],
    [
      12176,
      20055
    ],
    [
      12176,
      20338
    ],
    [
      12176,
      20745
    ],
    [
      12176,
      20783
    ],
    [
      12176,
      21753
    ],
    [
      12176,
      22415
    ],
    [
      12176,
      23969
    ],
    [
      12176,
      29843
    ],
    [
      12176,
      31617
    ],
    [
      12176,
      31685
    ],
    [
      12176,
      32537
    ],
    [
      12176,
      33946
    ],
    [
      12176,
      35260
    ],
    [
      12176,
      38966
    ],
    [
      12176,
      39317
    ],
    [
      12176,
      40928
    ],
    [
      12176,
      41024
    ],
    [
      12176,
      41481
    ],
    [
      12176,
      42093
    ],
    [
      12190,
      41885
    ],
    [
      12195,
      15899
    ],
    [
      12195,
      32207
    ],
    [
      12561,
      15917
    ],
    [
      12561,
      17645
    ],
    [
      12561,
      19034
    ],
    [
      12561,
      28086
    ],
    [
      12561,
      32224
    ],
    [
      12561,
      41315
    ],
    [
      12561,
      42428
    ],
    [
      12561,
      45590
    ],
    [
      12633,
      12763
    ],
    [
      12633,
      12865
    ],
    [
      12633,
      18441
    ],
    [
      12633,
      20721
    ],
    [
      12633,
      22516
    ],
    [
      12633,
      44751
    ],
    [
      12754,
      37690
    ],
    [
      12763,
      16514
    ],
    [
      12763,
      17425
    ],
    [
      12763,
      17760
    ],
    [
      12763,
      17925
    ],
    [
      12763,
      19929
    ],
    [
      12763,
      20055
    ],
    [
      12763,
      20338
    ],
    [
      12763,
      20745
    ],
    [
      12763,
      20783
    ],
    [
      12763,
      21753
    ],
    [
      12763,
      22415
    ],
    [
      12763,
      23664
    ],
    [
      12763,
      23969
    ],
    [
      12763,
      27260
    ],
    [
      12763,
      29843
    ],
    [
      12763,
      30752
    ],
    [
      12763,
      31617
    ],
    [
      12763,
      31685
    ],
    [
      12763,
      33538
    ],
    [
      12763,
      33946
    ],
    [
      12763,
      35260
    ],
    [
      12763,
      35983
    ],
    [
      12763,
      36268
    ],
    [
      12763,
      38966
    ],
    [
      12763,
      39317
    ],
    [
      12763,
      39402
    ],
    [
      12763,
      40556
    ],
    [
      12763,
      40928
    ],
    [
      12763,
      41024
    ],
    [
      12763,
      41481
    ],
    [
      12763,
      42093
    ],
    [
      12865,
      12993
    ],
    [
      12865,
      15628
    ],
    [
      12865,
      16514
    ],
    [
      12865,
      17425
    ],
    [
      12865,
      17760
    ],
    [
      12865,
      17925
    ],
    [
      12865,
      19929
    ],
    [
      12865,
      20055
    ],
    [
      12865,
      20338
    ],
    [
      12865,
      20745
    ],
    [
      12865,
      20783
    ],
    [
      12865,
      21753
    ],
    [
      12865,
      22415
    ],
    [
      12865,
      23664
    ],
    [
      12865,
      23969
    ],
    [
      12865,
      26113
    ],
    [
      12865,
      27260
    ],
    [
      12865,
      29843
    ],
    [
      12865,
      30752
    ],
    [
      12865,
      31173
    ],
    [
      12865,
      31351
    ],
    [
      12865,
      31617
    ],
    [
      12865,
      31685
    ],
    [
      12865,
      31728
    ],
    [
      12865,
      32997
    ],
    [
      12865,
      33185
    ],
    [
      12865,
      33538
    ],
    [
      12865,
      33946
    ],
    [
      12865,
      34555
    ],
    [
      12865,
      35260
    ],
    [
      12865,
      35983
    ],
    [
      12865,
      36268
    ],
    [
      12865,
      36285
    ],
    [
      12865,
      36788
    ],
    [
      12865,
      38966
    ],
    [
      12865,
      39317
    ],
    [
      12865,
      39402
    ],
    [
      12865,
      40556
    ],
    [
      12865,
      40928
    ],
    [
      12865,
      41024
    ],
    [
      12865,
      41481
    ],
    [
      12865,
      42093
    ],
    [
      12865,
      42656
    ],
    [
      12993,
      18441
    ],
    [
      12993,
      20721
    ],
    [
      12993,
      22516
    ],
    [
      12993,
      44751
    ],
    [
      13126,
      31546
    ],
    [
      13126,
      41239
    ],
    [
      13205,
      36764
    ],
    [
      13350,
      16126
    ],
    [
      13350,
      18425
    ],
    [
      13350,
      19067
    ],
    [
      13350,
      25837
    ],
    [
      13350,
      27848
    ],
    [
      13350,
      30541
    ],
    [
      13350,
      38367
    ],
    [
      13350,
      41628
    ],
    [
      13350,
      42494
    ],
    [
      13350,
      45469
    ],
    [
      13371,
      13535
    ],
    [
      13454,
      20657
    ],
    [
      13535,
      16937
    ],
    [
      13562,
      23598
    ],
    [
      13859,
      15917
    ],
    [
      13859,
      17645
    ],
    [
      13859,
      28086
    ],
    [
      13859,
      32224
    ],
    [
      13859,
      41315
    ],
    [
      13859,
      42428
    ],
    [
      13859,
      45590
    ],
    [
      14370,
      15917
    ],
    [
      14370,
      17645
    ],
    [
      14370,
      28086
    ],
    [
      14370,
      41315
    ],
    [
      14370,
      42428
    ],
    [
      14370,
      45590
    ],
    [
      14494,
      15917
    ],
    [
      14494,
      17645
    ],
    [
      14494,
      28086
    ],
    [
      14494,
      30482
    ],
    [
      14494,
      32224
    ],
    [
      14494,
      42428
    ],
    [
      14494,
      45590
    ],
    [
      14962,
      15917
    ],
    [
      14962,
      17645
    ],
    [
      14962,
      28086
    ],
    [
      14962,
      30482
    ],
    [
      14962,
      32224
    ],
    [
      14962,
      42428
    ],
    [
      14962,
      45590
    ],
    [
      15216,
      16514
    ],
    [
      15216,
      17425
    ],
    [
      15216,
      20338
    ],
    [
      15216,
      20745
    ],
    [
      15216,
      23969
    ],
    [
      15216,
      31685
    ],
    [
      15216,
      32537
    ],
    [
      15216,
      38966
    ],
    [
      15216,
      41024
    ],
    [
      15216,
      41481
    ],
    [
      15216,
      42093
    ],
    [
      15368,
      32162
    ],
    [
      15520,
      19484
    ],
    [
      15520,
      19789
    ],
    [
      15520,
      23598
    ],
    [
      15520,
      35300
    ],
    [
      15520,
      39083
    ],
    [
      15520,
      43898
    ],
    [
      15561,
      41550
    ],
    [
      15628,
      18441
    ],
    [
      15628,
      20721
    ],
    [
      15628,
      22516
    ],
    [
      15628,
      44751
    ],
    [
      15899,
      19035
    ],
    [
      15899,
      21959
    ],
    [
      15899,
      25188
    ],
    [
      15899,
      28577
    ],
    [
      15899,
      38321
    ],
    [
      15899,
      38707
    ],
    [
      15899,
      43282
    ],
    [
      15917,
      18670
    ],
    [
      15917,
      19403
    ],
    [
      15917,
      20423
    ],
    [
      15917,
      22594
    ],
    [
      15917,
      22731
    ],
    [
      15917,
      24846
    ],
    [
      15917,
      25685
    ],
    [
      15917,
      26467
    ],
    [
      15917,
      27492
    ],
    [
      15917,
      27681
    ],
    [
      15917,
      28443
    ],
    [
      15917,
      30176
    ],
    [
      15917,
      30391
    ],
    [
      15917,
      30401
    ],
    [
      15917,
      30544
    ],
    [
      15917,
      32158
    ],
    [
      15917,
      32888
    ],
    [
      15917,
      33851
    ],
    [
      15917,
      33970
    ],
    [
      15917,
      35152
    ],
    [
      15917,
      35614
    ],
    [
      15917,
      37009
    ],
    [
      15917,
      37473
    ],
    [
      15917,
      39051
    ],
    [
      15917,
      41122
    ],
    [
      15917,
      41489
    ],
    [
      15917,
      43016
    ],
    [
      15917,
      45074
    ],
    [
      16126,
      38321
    ],
    [
      16330,
      30401
    ],
    [
      16330,
      30544
    ],
    [
      16330,
      32158
    ],
    [
      16330,
      32888
    ],
    [
      16330,
      33851
    ],
    [
      16330,
      35614
    ],
    [
      16346,
      44751
    ],
    [
      16514,
      18441
    ],
    [
      16514,
      20721
    ],
    [
      16514,
      22516
    ],
    [
      16514,
      33307
    ],
    [
      16514,
      44751
    ],
    [
      16616,
      41239
    ],
    [
      17005,
      41550
    ],
    [
      17166,
      19789
    ],
    [
      17166,
      23598
    ],
    [
      17166,
      35300
    ],
    [
      17166,
      39083
    ],
    [
      17247,
      39820
    ],
    [
      17425,
      18441
    ],
    [
      17425,
      20721
    ],
    [
      17425,
      22516
    ],
    [
      17425,
      33307
    ],
    [
      17425,
      44751
    ],
    [
      17645,
      18670
    ],
    [
      17645,
      19403
    ],
    [
      17645,
      20423
    ],
    [
      17645,
      22594
    ],
    [
      17645,
      22731
    ],
    [
      17645,
      24846
    ],
    [
      17645,
      25685
    ],
    [
      17645,
      26467
    ],
    [
      17645,
      27492
    ],
    [
      17645,
      28443
    ],
    [
      17645,
      30176
    ],
    [
      17645,
      30391
    ],
    [
      17645,
      30401
    ],
    [
      17645,
      30544
    ],
    [
      17645,
      32158
    ],
    [
      17645,
      32888
    ],
    [
      17645,
      33851
    ],
    [
      17645,
      33970
    ],
    [
      17645,
      35152
    ],
    [
      17645,
      35614
    ],
    [
      17645,
      37009
    ],
    [
      17645,
      37473
    ],
    [
      17645,
      39051
    ],
    [
      17645,
      41489
    ],
    [
      17645,
      45074
    ],
    [
      17760,
      18441
    ],
    [
      17760,
      20721
    ],
    [
      17760,
      22516
    ],
    [
      17760,
      44751
    ],
    [
      17925,
      18441
    ],
    [
      17925,
      20721
    ],
    [
      17925,
      22516
    ],
    [
      17925,
      33307
    ],
    [
      17925,
      44751
    ],
    [
      18382,
      20657
    ],
    [
      18425,
      19035
    ],
    [
      18425,
      21959
    ],
    [
      18425,
      38321
    ],
    [
      18425,
      38707
    ],
    [
      18441,
      19929
    ],
    [
      18441,
      20055
    ],
    [
      18441,
      20338
    ],
    [
      18441,
      20745
    ],
    [
      18441,
      20783
    ],
    [
      18441,
      21753
    ],
    [
      18441,
      22415
    ],
    [
      18441,
      23664
    ],
    [
      18441,
      23969
    ],
    [
      18441,
      26113
    ],
    [
      18441,
      27260
    ],
    [
      18441,
      29843
    ],
    [
      18441,
      30752
    ],
    [
      18441,
      31173
    ],
    [
      18441,
      31351
    ],
    [
      18441,
      31617
    ],
    [
      18441,
      31685
    ],
    [
      18441,
      32997
    ],
    [
      18441,
      33538
    ],
    [
      18441,
      33946
    ],
    [
      18441,
      34555
    ],
    [
      18441,
      35260
    ],
    [
      18441,
      35983
    ],
    [
      18441,
      36268
    ],
    [
      18441,
      36285
    ],
    [
      18441,
      38966
    ],
    [
      18441,
      39317
    ],
    [
      18441,
      39402
    ],
    [
      18441,
      40556
    ],
    [
      18441,
      40928
    ],
    [
      18441,
      41024
    ],
    [
      18441,
      41481
    ],
    [
      18441,
      42093
    ],
    [
      18441,
      42656
    ],
    [
      18670,
      28086
    ],
    [
      18670,
      32224
    ],
    [
      18670,
      41315
    ],
    [
      18670,
      42428
    ],
    [
      18670,
      45590
    ],
    [
      19034,
      20423
    ],
    [
      19034,
      20439
    ],
    [
      19034,
      22594
    ],
    [
      19034,
      24846
    ],
    [
      19034,
      26467
    ],
    [
      19034,
      28443
    ],
    [
      19034,
      29867
    ],
    [
      19034,
      30176
    ],
    [
      19034,
      30544
    ],
    [
      19034,
      37473
    ],
    [
      19034,
      38439
    ],
    [
      19034,
      41489
    ],
    [
      19034,
      44042
    ],
    [
      19035,
      19067
    ],
    [
      19035,
      27848
    ],
    [
      19035,
      38367
    ],
    [
      19035,
      41628
    ],
    [
      19035,
      42494
    ],
    [
      19035,
      45469
    ],
    [
      19067,
      21959
    ],
    [
      19067,
      28577
    ],
    [
      19067,
      38321
    ],
    [
      19067,
      38707
    ],
    [
      19067,
      43282
    ],
    [
      19172,
      19929
    ],
    [
      19172,
      20745
    ],
    [
      19172,
      20783
    ],
    [
      19172,
      22415
    ],
    [
      19172,
      32537
    ],
    [
      19172,
      35260
    ],
    [
      19172,
      40928
    ],
    [
      19172,
      41024
    ],
    [
      19403,
      28086
    ],
    [
      19403,
      32224
    ],
    [
      19403,
      41315
    ],
    [
      19403,
      42428
    ],
    [
      19403,
      45590
    ],
    [
      19484,
      28376
    ],
    [
      19484,
      41133
    ],
    [
      19789,
      28376
    ],
    [
      19789,
      41133
    ],
    [
      19929,
      20721
    ],
    [
      19929,
      22516
    ],
    [
      19929,
      33307
    ],
    [
      19929,
      44751
    ],
    [
      20055,
      20721
    ],
    [
      20055,
      22516
    ],
    [
      20055,
      44751
    ],
    [
      20198,
      31546
    ],
    [
      20198,
      41239
    ],
    [
      20283,
      30240
    ],
    [
      20283,
      45881
    ],
    [
      20338,
      20721
    ],
    [
      20338,
      22516
    ],
    [
      20338,
      33307
    ],
    [
      20338,
      44751
    ],
    [
      20423,
      28086
    ],
    [
      20423,
      41315
    ],
    [
      20423,
      42428
    ],
    [
      20423,
      45590
    ],
    [
      20439,
      41315
    ],
    [
      20657,
      23593
    ],
    [
      20657,
      25837
    ],
    [
      20657,
      29600
    ],
    [
      20657,
      30541
    ],
    [
      20721,
      20745
    ],
    [
      20721,
      20783
    ],
    [
      20721,
      21753
    ],
    [
      20721,
      22415
    ],
    [
      20721,
      23664
    ],
    [
      20721,
      23969
    ],
    [
      20721,
      26113
    ],
    [
      20721,
      27260
    ],
    [
      20721,
      29843
    ],
    [
      20721,
      30752
    ],
    [
      20721,
      31173
    ],
    [
      20721,
      31351
    ],
    [
      20721,
      31617
    ],
    [
      20721,
      31685
    ],
    [
      20721,
      31728
    ],
    [
      20721,
      32537
    ],
    [
      20721,
      32997
    ],
    [
      20721,
      33185
    ],
    [
      20721,
      33538
    ],
    [
      20721,
      33946
    ],
    [
      20721,
      34555
    ],
    [
      20721,
      35260
    ],
    [
      20721,
      35983
    ],
    [
      20721,
      36268
    ],
    [
      20721,
      36285
    ],
    [
      20721,
      36788
    ],
    [
      20721,
      38966
    ],
    [
      20721,
      39317
    ],
    [
      20721,
      39402
    ],
    [
      20721,
      40556
    ],
    [
      20721,
      40928
    ],
    [
      20721,
      41024
    ],
    [
      20721,
      41481
    ],
    [
      20721,
      42093
    ],
    [
      20721,
      42656
    ],
    [
      20733,
      41239
    ],
    [
      20745,
      22516
    ],
    [
      20745,
      33307
    ],
    [
      20745,
      44751
    ],
    [
      20783,
      22516
    ],
    [
      20783,
      44751
    ],
    [
      21109,
      34548
    ],
    [
      21109,
      44071
    ],
    [
      21724,
      39820
    ],
    [
      21753,
      22516
    ],
    [
      21753,
      44751
    ],
    [
      21798,
      32162
    ],
    [
      21959,
      27848
    ],
    [
      21959,
      38367
    ],
    [
      21959,
      41628
    ],
    [
      21959,
      42494
    ],
    [
      21959,
      45469
    ],
    [
      22415,
      22516
    ],
    [
      22415,
      44751
    ],
    [
      22516,
      23664
    ],
    [
      22516,
      23969
    ],
    [
      22516,
      26113
    ],
    [
      22516,
      27260
    ],
    [
      22516,
      29843
    ],
    [
      22516,
      30752
    ],
    [
      22516,
      31173
    ],
    [
      22516,
      31351
    ],
    [
      22516,
      31617
    ],
    [
      22516,
      31685
    ],
    [
      22516,
      32537
    ],
    [
      22516,
      32997
    ],
    [
      22516,
      33538
    ],
    [
      22516,
      33946
    ],
    [
      22516,
      34555
    ],
    [
      22516,
      35260
    ],
    [
      22516,
      35983
    ],
    [
      22516,
      36268
    ],
    [
      22516,
      36285
    ],
    [
      22516,
      38966
    ],
    [
      22516,
      39317
    ],
    [
      22516,
      39402
    ],
    [
      22516,
      40556
    ],
    [
      22516,
      40928
    ],
    [
      22516,
      41024
    ],
    [
      22516,
      41481
    ],
    [
      22516,
      42093
    ],
    [
      22516,
      42656
    ],
    [
      22594,
      28086
    ],
    [
      22594,
      30482
    ],
    [
      22594,
      32224
    ],
    [
      22594,
      41315
    ],
    [
      22594,
      42428
    ],
    [
      22594,
      45590
    ],
    [
      22731,
      28086
    ],
    [
      22731,
      32224
    ],
    [
      22731,
      41315
    ],
    [
      22731,
      42428
    ],
    [
      22731,
      45590
    ],
    [
      22986,
      32207
    ],
    [
      23020,
      26125
    ],
    [
      23020,
      43412
    ],
    [
      23309,
      41885
    ],
    [
      23506,
      38321
    ],
    [
      23598,
      28376
    ],
    [
      23598,
      41133
    ],
    [
      23664,
      44751
    ],
    [
      23969,
      33307
    ],
    [
      23969,
      44751
    ],
    [
      24311,
      35943
    ],
    [
      24650,
      31546
    ],
    [
      24650,
      41239
    ],
    [
      24846,
      28086
    ],
    [
      24846,
      32224
    ],
    [
      24846,
      41315
    ],
    [
      24846,
      42428
    ],
    [
      24846,
      45590
    ],
    [
      25188,
      32207
    ],
    [
      25188,
      45469
    ],
    [
      25295,
      41885
    ],
    [
      25685,
      28086
    ],
    [
      25685,
      32224
    ],
    [
      25685,
      41315
    ],
    [
      25685,
      42428
    ],
    [
      25685,
      45590
    ],
    [
      26063,
      31546
    ],
    [
      26063,
      41239
    ],
    [
      26113,
      44751
    ],
    [
      26125,
      26941
    ],
    [
      26467,
      28086
    ],
    [
      26467,
      32224
    ],
    [
      26467,
      41315
    ],
    [
      26467,
      42428
    ],
    [
      26467,
      45590
    ],
    [
      26941,
      43412
    ],
    [
      27260,
      44751
    ],
    [
      27484,
      32071
    ],
    [
      27492,
      28086
    ],
    [
      27492,
      30482
    ],
    [
      27492,
      32224
    ],
    [
      27492,
      41315
    ],
    [
      27492,
      42428
    ],
    [
      27492,
      45590
    ],
    [
      27536,
      41239
    ],
    [
      27681,
      28086
    ],
    [
      27681,
      41315
    ],
    [
      27681,
      42428
    ],
    [
      27848,
      38321
    ],
    [
      27848,
      38707
    ],
    [
      28086,
      28443
    ],
    [
      28086,
      30176
    ],
    [
      28086,
      30391
    ],
    [
      28086,
      30401
    ],
    [
      28086,
      30544
    ],
    [
      28086,
      32158
    ],
    [
      28086,
      32888
    ],
    [
      28086,
      33851
    ],
    [
      28086,
      33970
    ],
    [
      28086,
      35152
    ],
    [
      28086,
      35614
    ],
    [
      28086,
      37009
    ],
    [
      28086,
      37325
    ],
    [
      28086,
      37473
    ],
    [
      28086,
      39051
    ],
    [
      28086,
      41122
    ],
    [
      28086,
      41489
    ],
    [
      28086,
      43016
    ],
    [
      28086,
      43744
    ],
    [
      28086,
      45074
    ],
    [
      28168,
      32071
    ],
    [
      28376,
      32758
    ],
    [
      28376,
      35300
    ],
    [
      28376,
      39083
    ],
    [
      28376,
      43898
    ],
    [
      28443,
      32224
    ],
    [
      28443,
      41315
    ],
    [
      28443,
      42428
    ],
    [
      28443,
      45590
    ],
    [
      28577,
      45469
    ],
    [
      28937,
      41315
    ],
    [
      29689,
      32139
    ],
    [
      29689,
      37722
    ],
    [
      29689,
      37978
    ],
    [
      29843,
      44751
    ],
    [
      29867,
      41315
    ],
    [
      30176,
      32224
    ],
    [
      30176,
      41315
    ],
    [
      30176,
      42428
    ],
    [
      30176,
      45590
    ],
    [
      30240,
      31546
    ],
    [
      30240,
      41239
    ],
    [
      30242,
      38321
    ],
    [
      30391,
      32224
    ],
    [
      30391,
      41315
    ],
    [
      30391,
      42428
    ],
    [
      30391,
      45590
    ],
    [
      30401,
      30482
    ],
    [
      30401,
      32224
    ],
    [
      30401,
      41315
    ],
    [
      30401,
      42428
    ],
    [
      30401,
      45590
    ],
    [
      30482,
      30544
    ],
    [
      30482,
      32158
    ],
    [
      30482,
      32888
    ],
    [
      30482,
      33851
    ],
    [
      30482,
      35614
    ],
    [
      30544,
      32224
    ],
    [
      30544,
      41315
    ],
    [
      30544,
      42428
    ],
    [
      30544,
      45590
    ],
    [
      30752,
      44751
    ],
    [
      31108,
      41885
    ],
    [
      31173,
      44751
    ],
    [
      31351,
      44751
    ],
    [
      31546,
      32633
    ],
    [
      31546,
      45881
    ],
    [
      31617,
      44751
    ],
    [
      31685,
      33307
    ],
    [
      31685,
      44751
    ],
    [
      31728,
      44751
    ],
    [
      32071,
      39766
    ],
    [
      32158,
      32224
    ],
    [
      32158,
      41315
    ],
    [
      32158,
      42428
    ],
    [
      32158,
      45590
    ],
    [
      32162,
      41885
    ],
    [
      32207,
      38321
    ],
    [
      32224,
      32888
    ],
    [
      32224,
      33851
    ],
    [
      32224,
      33970
    ],
    [
      32224,
      35152
    ],
    [
      32224,
      35614
    ],
    [
      32224,
      37009
    ],
    [
      32224,
      37473
    ],
    [
      32224,
      41489
    ],
    [
      32224,
      45074
    ],
    [
      32537,
      44751
    ],
    [
      32633,
      41239
    ],
    [
      32888,
      41315
    ],
    [
      32888,
      42428
    ],
    [
      32888,
      45590
    ],
    [
      32997,
      44751
    ],
    [
      33185,
      44751
    ],
    [
      33307,
      38966
    ],
    [
      33307,
      40928
    ],
    [
      33307,
      41024
    ],
    [
      33307,
      41481
    ],
    [
      33307,
      42093
    ],
    [
      33538,
      44751
    ],
    [
      33851,
      41315
    ],
    [
      33851,
      42428
    ],
    [
      33851,
      45590
    ],
    [
      33946,
      44751
    ],
    [
      33970,
      41315
    ],
    [
      33970,
      42428
    ],
    [
      33970,
      45590
    ],
    [
      34548,
      39914
    ],
    [
      34555,
      44751
    ],
    [
      35152,
      41315
    ],
    [
      35152,
      42428
    ],
    [
      35152,
      45590
    ],
    [
      35260,
      44751
    ],
    [
      35300,
      41133
    ],
    [
      35614,
      41315
    ],
    [
      35614,
      42428
    ],
    [
      35614,
      45590
    ],
    [
      35943,
      39820
    ],
    [
      35983,
      44751
    ],
    [
      36268,
      44751
    ],
    [
      36285,
      44751
    ],
    [
      36618,
      41885
    ],
    [
      36788,
      44751
    ],
    [
      37009,
      41315
    ],
    [
      37009,
      42428
    ],
    [
      37009,
      45590
    ],
    [
      37473,
      41315
    ],
    [
      37473,
      42428
    ],
    [
      37473,
      45590
    ],
    [
      38321,
      38367
    ],
    [
      38321,
      41628
    ],
    [
      38321,
      42494
    ],
    [
      38321,
      45469
    ],
    [
      38339,
      41315
    ],
    [
      38367,
      38707
    ],
    [
      38408,
      41315
    ],
    [
      38439,
      41315
    ],
    [
      38707,
      41628
    ],
    [
      38707,
      42494
    ],
    [
      38707,
      45469
    ],
    [
      38966,
      44751
    ],
    [
      39051,
      41315
    ],
    [
      39051,
      42428
    ],
    [
      39051,
      45590
    ],
    [
      39083,
      41133
    ],
    [
      39317,
      44751
    ],
    [
      39402,
      44751
    ],
    [
      39914,
      44071
    ],
    [
      40556,
      44751
    ],
    [
      40928,
      44751
    ],
    [
      41024,
      44751
    ],
    [
      41122,
      41315
    ],
    [
      41122,
      42428
    ],
    [
      41133,
      43898
    ],
    [
      41315,
      41489
    ],
    [
      41315,
      43016
    ],
    [
      41315,
      43744
    ],
    [
      41315,
      44042
    ],
    [
      41315,
      45074
    ],
    [
      41315,
      45331
    ],
    [
      41481,
      44751
    ],
    [
      41489,
      42428
    ],
    [
      41489,
      45590
    ],
    [
      41550,
      44158
    ],
    [
      42093,
      44751
    ],
    [
      42428,
      43016
    ],
    [
      42428,
      45074
    ],
    [
      42656,
      44751
    ],
    [
      43282,
      45469
    ],
    [
      44751,
      44771
    ],
    [
      45074,
      45590
    ]
  ]
}