{
  "n_true_positives": 120,
  "n_positives": 120,
  "total_time": 13.70952033996582,
  "date": "2025-01-28T08:50:03.497609",
  "backend": "BruteForce",
  "n_bins": 50,
  "eps": 0.02,
  "args": {
    "csvpath": [
      "../data/Certifair/predictions/adult-local-P2-combined.csv"
    ],
    "eps": 0.02,
    "n_bins": 50,
    "n_examples": null,
    "out_path": "../results/fairness//results/certifair//adult-local-P2-combined-eps0.02.json",
    "full_output": false,
    "verbose": false,
    "randomize_order": false,
    "backend": "bf",
    "blind_cols": null,
    "sample_cols": null,
    "pred": "prediction",
    "metric": "infinity",
    "max_time": null,
    "batchsize": null
  },
  "backend_meta": {
    "epsilon": 0.02,
    "decision_col": "prediction",
    "metric": "infinity",
    "is_exact": true,
    "is_sound": true,
    "is_complete": true
  },
  "positives": [
    [
      117,
      31662
    ],
    [
      512,
      16934
    ],
    [
      1108,
      9275
    ],
    [
      1180,
      14880
    ],
    [
      1180,
      30611
    ],
    [
      1420,
      39365
    ],
    [
      1596,
      32089
    ],
    [
      1873,
      3612
    ],
    [
      1973,
      27492
    ],
    [
      2117,
      12258
    ],
    [
      2326,
      20729
    ],
    [
      2326,
      28342
    ],
    [
      2723,
      27492
    ],
    [
      3612,
      25626
    ],
    [
      4015,
      14823
    ],
    [
      4015,
      43571
    ],
    [
      4031,
      39180
    ],
    [
      4135,
      28000
    ],
    [
      5321,
      27294
    ],
    [
      5745,
      32551
    ],
    [
      6892,
      32356
    ],
    [
      7420,
      39757
    ],
    [
      7532,
      37171
    ],
    [
      7655,
      20729
    ],
    [
      7655,
      28342
    ],
    [
      8084,
      19344
    ],
    [
      8084,
      41148
    ],
    [
      8110,
      24847
    ],
    [
      8146,
      38087
    ],
    [
      8352,
      37171
    ],
    [
      8358,
      20729
    ],
    [
      9275,
      13961
    ],
    [
      9275,
      25944
    ],
    [
      9275,
      27966
    ],
    [
      10052,
      26900
    ],
    [
      10326,
      21366
    ],
    [
      10326,
      26213
    ],
    [
      10499,
      29862
    ],
    [
      11084,
      25575
    ],
    [
      11979,
      27294
    ],
    [
      12217,
      41506
    ],
    [
      12392,
      22941
    ],
    [
      12940,
      27986
    ],
    [
      13015,
      16058
    ],
    [
      13067,
      29862
    ],
    [
      13714,
      37171
    ],
    [
      13961,
      22478
    ],
    [
      13961,
      26070
    ],
    [
      14711,
      35138
    ],
    [
      14711,
      42519
    ],
    [
      14838,
      38087
    ],
    [
      15566,
      29795
    ],
    [
      15959,
      17450
    ],
    [
      15959,
      21903
    ],
    [
      16803,
      20729
    ],
    [
      17217,
      32551
    ],
    [
      17450,
      28000
    ],
    [
      19052,
      26664
    ],
    [
      19052,
      37942
    ],
    [
      19052,
      39718
    ],
    [
      19077,
      22972
    ],
    [
      19344,
      24452
    ],
    [
      19344,
      29908
    ],
    [
      19344,
      41557
    ],
    [
      19739,
      29816
    ],
    [
      20163,
      39365
    ],
    [
      20698,
      22941
    ],
    [
      20729,
      27998
    ],
    [
      20871,
      24928
    ],
    [
      20871,
      25051
    ],
    [
      21366,
      45329
    ],
    [
      21760,
      39221
    ],
    [
      21903,
      28000
    ],
    [
      22338,
      39791
    ],
    [
      22478,
      25944
    ],
    [
      22478,
      27966
    ],
    [
      23342,
      39221
    ],
    [
      23591,
      39180
    ],
    [
      23674,
      24268
    ],
    [
      23737,
      38658
    ],
    [
      24508,
      33373
    ],
    [
      24709,
      32551
    ],
    [
      24928,
      32710
    ],
    [
      24928,
      41217
    ],
    [
      25051,
      32710
    ],
    [
      25051,
      41217
    ],
    [
      25575,
      31756
    ],
    [
      25575,
      42699
    ],
    [
      25585,
      40564
    ],
    [
      25685,
      27492
    ],
    [
      25944,
      26070
    ],
    [
      25944,
      44531
    ],
    [
      26070,
      27966
    ],
    [
      26085,
      37171
    ],
    [
      26213,
      45329
    ],
    [
      26900,
      31657
    ],
    [
      27019,
      33892
    ],
    [
      27287,
      30781
    ],
    [
      27492,
      45074
    ],
    [
      27966,
      44531
    ],
    [
      28000,
      45676
    ],
    [
      29674,
      39757
    ],
    [
      29862,
      37401
    ],
    [
      29862,
      39290
    ],
    [
      30788,
      35138
    ],
    [
      30788,
      42519
    ],
    [
      30822,
      39757
    ],
    [
      32225,
      35138
    ],
    [
      32225,
      42519
    ],
    [
      32478,
      40383
    ],
    [
      32551,
      33813
    ],
    [
      32551,
      39735
    ],
    [
      33387,
      44531
    ],
    [
      36180,
      39180
    ],
    [
      36842,
      44531
    ],
    [
      38087,
      44706
    ],
    [
      39180,
      40960
    ],
    [
      39365,
      44819
    ],
    [
      42660,
      44531
    ],
    [
      43811,
      44531
    ]
  ]
}