{
  "n_true_positives": 501,
  "n_positives": 501,
  "total_time": 12.611992835998535,
  "date": "2025-01-28T08:50:06.819430",
  "backend": "BruteForce",
  "n_bins": 8,
  "eps": 0.12,
  "args": {
    "csvpath": [
      "../data/Certifair/predictions/adult-global-P1-combined.csv"
    ],
    "eps": 0.12,
    "n_bins": 8,
    "n_examples": null,
    "out_path": "../results/fairness//results/certifair//adult-global-P1-combined-eps0.12.json",
    "full_output": false,
    "verbose": false,
    "randomize_order": false,
    "backend": "bf",
    "blind_cols": null,
    "sample_cols": null,
    "pred": "prediction",
    "metric": "infinity",
    "max_time": null,
    "batchsize": null
  },
  "backend_meta": {
    "epsilon": 0.12,
    "decision_col": "prediction",
    "metric": "infinity",
    "is_exact": true,
    "is_sound": true,
    "is_complete": true
  },
  "positives": [
    [
      1261,
      12865
    ],
    [
      1261,
      18441
    ],
    [
      1261,
      20721
    ],
    [
      1261,
      22516
    ],
    [
      1261,
      44751
    ],
    [
      1780,
      32162
    ],
    [
      1973,
      10488
    ],
    [
      1973,
      15917
    ],
    [
      1973,
      17645
    ],
    [
      1973,
      28086
    ],
    [
      1973,
      32224
    ],
    [
      1973,
      42428
    ],
    [
      1973,
      45590
    ],
    [
      1998,
      2482
    ],
    [
      1998,
      20283
    ],
    [
      1998,
      31546
    ],
    [
      2482,
      11614
    ],
    [
      2482,
      13126
    ],
    [
      2482,
      20198
    ],
    [
      2482,
      24650
    ],
    [
      2482,
      26063
    ],
    [
      2482,
      30240
    ],
    [
      2482,
      32633
    ],
    [
      2482,
      45881
    ],
    [
      2723,
      10488
    ],
    [
      2723,
      15917
    ],
    [
      2723,
      17645
    ],
    [
      2723,
      28086
    ],
    [
      2723,
      32224
    ],
    [
      2723,
      42428
    ],
    [
      2723,
      45590
    ],
    [
      2775,
      13350
    ],
    [
      2775,
      20657
    ],
    [
      2926,
      10488
    ],
    [
      2926,
      15917
    ],
    [
      2926,
      28086
    ],
    [
      2926,
      42428
    ],
    [
      3025,
      3310
    ],
    [
      3025,
      4840
    ],
    [
      3025,
      7945
    ],
    [
      3025,
      9830
    ],
    [
      3025,
      10256
    ],
    [
      3025,
      19067
    ],
    [
      3025,
      45469
    ],
    [
      3268,
      41550
    ],
    [
      3310,
      13350
    ],
    [
      3310,
      38321
    ],
    [
      3413,
      31685
    ],
    [
      3413,
      38966
    ],
    [
      3653,
      10488
    ],
    [
      3653,
      15917
    ],
    [
      3653,
      17645
    ],
    [
      3653,
      19034
    ],
    [
      3653,
      28086
    ],
    [
      3653,
      32224
    ],
    [
      3653,
      41315
    ],
    [
      3653,
      42428
    ],
    [
      3653,
      45590
    ],
    [
      3850,
      12865
    ],
    [
      3850,
      18441
    ],
    [
      3850,
      20721
    ],
    [
      3850,
      22516
    ],
    [
      3850,
      44751
    ],
    [
      3916,
      17425
    ],
    [
      3916,
      41481
    ],
    [
      4159,
      10237
    ],
    [
      4159,
      15520
    ],
    [
      4159,
      28376
    ],
    [
      4159,
      41133
    ],
    [
      4477,
      12865
    ],
    [
      4477,
      18441
    ],
    [
      4477,
      20721
    ],
    [
      4477,
      22516
    ],
    [
      4477,
      44751
    ],
    [
      4501,
      35614
    ],
    [
      4556,
      13535
    ],
    [
      4597,
      41885
    ],
    [
      4840,
      13350
    ],
    [
      4840,
      38321
    ],
    [
      5479,
      12013
    ],
    [
      5479,
      24431
    ],
    [
      5479,
      35424
    ],
    [
      5605,
      10488
    ],
    [
      5605,
      15917
    ],
    [
      5605,
      17645
    ],
    [
      5605,
      28086
    ],
    [
      5605,
      32224
    ],
    [
      5605,
      42428
    ],
    [
      5605,
      45590
    ],
    [
      5681,
      10729
    ],
    [
      5681,
      16514
    ],
    [
      5681,
      17425
    ],
    [
      5681,
      20338
    ],
    [
      5681,
      20745
    ],
    [
      5681,
      23969
    ],
    [
      5681,
      31685
    ],
    [
      5681,
      41024
    ],
    [
      5681,
      41481
    ],
    [
      5681,
      42093
    ],
    [
      5762,
      10488
    ],
    [
      5762,
      15917
    ],
    [
      5762,
      17645
    ],
    [
      5762,
      28086
    ],
    [
      5762,
      32224
    ],
    [
      5762,
      42428
    ],
    [
      5762,
      45590
    ],
    [
      6621,
      32139
    ],
    [
      6793,
      10729
    ],
    [
      6793,
      16514
    ],
    [
      6793,
      17425
    ],
    [
      6793,
      20338
    ],
    [
      6793,
      23969
    ],
    [
      6793,
      31685
    ],
    [
      6793,
      41481
    ],
    [
      6898,
      12865
    ],
    [
      6898,
      20721
    ],
    [
      6898,
      44751
    ],
    [
      7387,
      12865
    ],
    [
      7387,
      18441
    ],
    [
      7387,
      20721
    ],
    [
      7387,
      22516
    ],
    [
      7387,
      44751
    ],
    [
      7445,
      12865
    ],
    [
      7445,
      18441
    ],
    [
      7445,
      20721
    ],
    [
      7445,
      22516
    ],
    [
      7445,
      44751
    ],
    [
      7648,
      19034
    ],
    [
      7648,
      41315
    ],
    [
      7945,
      13350
    ],
    [
      8007,
      29689
    ],
    [
      8469,
      12390
    ],
    [
      9109,
      20657
    ],
    [
      9769,
      10237
    ],
    [
      9769,
      15520
    ],
    [
      9769,
      28376
    ],
    [
      9769,
      41133
    ],
    [
      9830,
      38321
    ],
    [
      9949,
      12865
    ],
    [
      9949,
      18441
    ],
    [
      9949,
      20721
    ],
    [
      9949,
      22516
    ],
    [
      9949,
      44751
    ],
    [
      10237,
      19484
    ],
    [
      10237,
      19789
    ],
    [
      10237,
      23598
    ],
    [
      10237,
      31696
    ],
    [
      10237,
      35300
    ],
    [
      10237,
      39083
    ],
    [
      10237,
      43898
    ],
    [
      10256,
      13350
    ],
    [
      10256,
      19035
    ],
    [
      10256,
      21959
    ],
    [
      10256,
      38321
    ],
    [
      10256,
      38707
    ],
    [
      10374,
      32162
    ],
    [
      10488,
      14494
    ],
    [
      10488,
      19403
    ],
    [
      10488,
      22731
    ],
    [
      10488,
      24846
    ],
    [
      10488,
      25685
    ],
    [
      10488,
      27492
    ],
    [
      10488,
      30176
    ],
    [
      10488,
      30391
    ],
    [
      10488,
      30401
    ],
    [
      10488,
      30544
    ],
    [
      10488,
      32158
    ],
    [
      10488,
      32888
    ],
    [
      10488,
      33851
    ],
    [
      10488,
      35614
    ],
    [
      10488,
      45074
    ],
    [
      10729,
      12176
    ],
    [
      10729,
      12763
    ],
    [
      10729,
      12865
    ],
    [
      10729,
      18441
    ],
    [
      10729,
      20721
    ],
    [
      10729,
      22516
    ],
    [
      10729,
      44751
    ],
    [
      11020,
      19034
    ],
    [
      11020,
      41315
    ],
    [
      11268,
      19929
    ],
    [
      11268,
      35260
    ],
    [
      11614,
      41239
    ],
    [
      11978,
      20657
    ],
    [
      12110,
      17247
    ],
    [
      12110,
      35943
    ],
    [
      12176,
      16514
    ],
    [
      12176,
      17425
    ],
    [
      12176,
      20338
    ],
    [
      12176,
      23969
    ],
    [
      12176,
      31685
    ],
    [
      12176,
      32537
    ],
    [
      12176,
      41481
    ],
    [
      12195,
      15899
    ],
    [
      12195,
      32207
    ],
    [
      12561,
      41315
    ],
    [
      12633,
      12865
    ],
    [
      12633,
      20721
    ],
    [
      12633,
      44751
    ],
    [
      12754,
      37690
    ],
    [
      12763,
      16514
    ],
    [
      12763,
      17425
    ],
    [
      12763,
      17925
    ],
    [
      12763,
      20338
    ],
    [
      12763,
      20745
    ],
    [
      12763,
      23969
    ],
    [
      12763,
      31685
    ],
    [
      12763,
      40928
    ],
    [
      12763,
      41024
    ],
    [
      12763,
      41481
    ],
    [
      12763,
      42093
    ],
    [
      12865,
      16514
    ],
    [
      12865,
      17425
    ],
    [
      12865,
      17760
    ],
    [
      12865,
      17925
    ],
    [
      12865,
      20055
    ],
    [
      12865,
      20338
    ],
    [
      12865,
      20745
    ],
    [
      12865,
      20783
    ],
    [
      12865,
      22415
    ],
    [
      12865,
      23664
    ],
    [
      12865,
      23969
    ],
    [
      12865,
      27260
    ],
    [
      12865,
      29843
    ],
    [
      12865,
      30752
    ],
    [
      12865,
      31617
    ],
    [
      12865,
      31685
    ],
    [
      12865,
      33538
    ],
    [
      12865,
      33946
    ],
    [
      12865,
      35983
    ],
    [
      12865,
      36268
    ],
    [
      12865,
      39317
    ],
    [
      12865,
      40928
    ],
    [
      12865,
      41024
    ],
    [
      12865,
      41481
    ],
    [
      12865,
      42093
    ],
    [
      13126,
      41239
    ],
    [
      13205,
      36764
    ],
    [
      13350,
      19067
    ],
    [
      13350,
      25837
    ],
    [
      13350,
      45469
    ],
    [
      13371,
      13535
    ],
    [
      13859,
      28086
    ],
    [
      14494,
      15917
    ],
    [
      14494,
      17645
    ],
    [
      14494,
      28086
    ],
    [
      14494,
      32224
    ],
    [
      14494,
      42428
    ],
    [
      14494,
      45590
    ],
    [
      15216,
      17425
    ],
    [
      15520,
      19789
    ],
    [
      15520,
      23598
    ],
    [
      15520,
      35300
    ],
    [
      15520,
      39083
    ],
    [
      15899,
      38321
    ],
    [
      15917,
      19403
    ],
    [
      15917,
      22731
    ],
    [
      15917,
      24846
    ],
    [
      15917,
      25685
    ],
    [
      15917,
      27492
    ],
    [
      15917,
      30176
    ],
    [
      15917,
      30391
    ],
    [
      15917,
      30401
    ],
    [
      15917,
      30544
    ],
    [
      15917,
      32158
    ],
    [
      15917,
      32888
    ],
    [
      15917,
      33851
    ],
    [
      15917,
      35614
    ],
    [
      15917,
      45074
    ],
    [
      16514,
      18441
    ],
    [
      16514,
      20721
    ],
    [
      16514,
      22516
    ],
    [
      16514,
      44751
    ],
    [
      17166,
      23598
    ],
    [
      17247,
      39820
    ],
    [
      17425,
      18441
    ],
    [
      17425,
      20721
    ],
    [
      17425,
      22516
    ],
    [
      17425,
      33307
    ],
    [
      17425,
      44751
    ],
    [
      17645,
      19403
    ],
    [
      17645,
      22731
    ],
    [
      17645,
      24846
    ],
    [
      17645,
      25685
    ],
    [
      17645,
      27492
    ],
    [
      17645,
      30401
    ],
    [
      17645,
      30544
    ],
    [
      17645,
      32158
    ],
    [
      17645,
      32888
    ],
    [
      17645,
      33851
    ],
    [
      17645,
      35614
    ],
    [
      17645,
      45074
    ],
    [
      17760,
      18441
    ],
    [
      17760,
      20721
    ],
    [
      17760,
      22516
    ],
    [
      17760,
      44751
    ],
    [
      17925,
      18441
    ],
    [
      17925,
      20721
    ],
    [
      17925,
      22516
    ],
    [
      17925,
      44751
    ],
    [
      18425,
      38321
    ],
    [
      18441,
      20055
    ],
    [
      18441,
      20338
    ],
    [
      18441,
      20745
    ],
    [
      18441,
      20783
    ],
    [
      18441,
      22415
    ],
    [
      18441,
      23664
    ],
    [
      18441,
      23969
    ],
    [
      18441,
      29843
    ],
    [
      18441,
      30752
    ],
    [
      18441,
      31617
    ],
    [
      18441,
      31685
    ],
    [
      18441,
      33538
    ],
    [
      18441,
      33946
    ],
    [
      18441,
      36268
    ],
    [
      18441,
      39317
    ],
    [
      18441,
      40928
    ],
    [
      18441,
      41024
    ],
    [
      18441,
      41481
    ],
    [
      18441,
      42093
    ],
    [
      18670,
      28086
    ],
    [
      19034,
      22594
    ],
    [
      19034,
      24846
    ],
    [
      19034,
      26467
    ],
    [
      19034,
      28443
    ],
    [
      19034,
      29867
    ],
    [
      19034,
      30176
    ],
    [
      19034,
      30544
    ],
    [
      19034,
      38439
    ],
    [
      19035,
      19067
    ],
    [
      19035,
      45469
    ],
    [
      19067,
      21959
    ],
    [
      19067,
      38707
    ],
    [
      19067,
      43282
    ],
    [
      19172,
      32537
    ],
    [
      19403,
      28086
    ],
    [
      19403,
      42428
    ],
    [
      19403,
      45590
    ],
    [
      19484,
      28376
    ],
    [
      19789,
      28376
    ],
    [
      19789,
      41133
    ],
    [
      20055,
      20721
    ],
    [
      20055,
      22516
    ],
    [
      20055,
      44751
    ],
    [
      20198,
      41239
    ],
    [
      20338,
      20721
    ],
    [
      20338,
      22516
    ],
    [
      20338,
      44751
    ],
    [
      20657,
      25837
    ],
    [
      20657,
      30541
    ],
    [
      20721,
      20745
    ],
    [
      20721,
      20783
    ],
    [
      20721,
      22415
    ],
    [
      20721,
      23664
    ],
    [
      20721,
      23969
    ],
    [
      20721,
      27260
    ],
    [
      20721,
      29843
    ],
    [
      20721,
      30752
    ],
    [
      20721,
      31617
    ],
    [
      20721,
      31685
    ],
    [
      20721,
      33538
    ],
    [
      20721,
      33946
    ],
    [
      20721,
      35260
    ],
    [
      20721,
      35983
    ],
    [
      20721,
      36268
    ],
    [
      20721,
      39317
    ],
    [
      20721,
      40556
    ],
    [
      20721,
      40928
    ],
    [
      20721,
      41024
    ],
    [
      20721,
      41481
    ],
    [
      20721,
      42093
    ],
    [
      20745,
      22516
    ],
    [
      20745,
      44751
    ],
    [
      20783,
      22516
    ],
    [
      20783,
      44751
    ],
    [
      21109,
      34548
    ],
    [
      21109,
      44071
    ],
    [
      21959,
      45469
    ],
    [
      22415,
      22516
    ],
    [
      22415,
      44751
    ],
    [
      22516,
      23664
    ],
    [
      22516,
      23969
    ],
    [
      22516,
      29843
    ],
    [
      22516,
      30752
    ],
    [
      22516,
      31617
    ],
    [
      22516,
      31685
    ],
    [
      22516,
      32537
    ],
    [
      22516,
      33538
    ],
    [
      22516,
      33946
    ],
    [
      22516,
      35260
    ],
    [
      22516,
      36268
    ],
    [
      22516,
      39317
    ],
    [
      22516,
      40556
    ],
    [
      22516,
      40928
    ],
    [
      22516,
      41024
    ],
    [
      22516,
      41481
    ],
    [
      22516,
      42093
    ],
    [
      22594,
      41315
    ],
    [
      22731,
      28086
    ],
    [
      22731,
      42428
    ],
    [
      22731,
      45590
    ],
    [
      23598,
      28376
    ],
    [
      23598,
      41133
    ],
    [
      23664,
      44751
    ],
    [
      23969,
      44751
    ],
    [
      24650,
      41239
    ],
    [
      24846,
      28086
    ],
    [
      24846,
      41315
    ],
    [
      24846,
      42428
    ],
    [
      24846,
      45590
    ],
    [
      25188,
      32207
    ],
    [
      25685,
      28086
    ],
    [
      25685,
      32224
    ],
    [
      25685,
      42428
    ],
    [
      25685,
      45590
    ],
    [
      26063,
      41239
    ],
    [
      26467,
      41315
    ],
    [
      27260,
      44751
    ],
    [
      27484,
      32071
    ],
    [
      27492,
      28086
    ],
    [
      27492,
      32224
    ],
    [
      27492,
      42428
    ],
    [
      27492,
      45590
    ],
    [
      27848,
      38321
    ],
    [
      28086,
      30176
    ],
    [
      28086,
      30391
    ],
    [
      28086,
      30401
    ],
    [
      28086,
      30544
    ],
    [
      28086,
      32158
    ],
    [
      28086,
      32888
    ],
    [
      28086,
      33851
    ],
    [
      28086,
      35152
    ],
    [
      28086,
      35614
    ],
    [
      28086,
      37009
    ],
    [
      28086,
      45074
    ],
    [
      28376,
      35300
    ],
    [
      28376,
      39083
    ],
    [
      28376,
      43898
    ],
    [
      28443,
      41315
    ],
    [
      29689,
      32139
    ],
    [
      29843,
      44751
    ],
    [
      29867,
      41315
    ],
    [
      30176,
      41315
    ],
    [
      30176,
      42428
    ],
    [
      30240,
      31546
    ],
    [
      30240,
      41239
    ],
    [
      30391,
      42428
    ],
    [
      30401,
      32224
    ],
    [
      30401,
      42428
    ],
    [
      30401,
      45590
    ],
    [
      30482,
      35614
    ],
    [
      30544,
      32224
    ],
    [
      30544,
      41315
    ],
    [
      30544,
      42428
    ],
    [
      30544,
      45590
    ],
    [
      30752,
      44751
    ],
    [
      31546,
      45881
    ],
    [
      31617,
      44751
    ],
    [
      31685,
      44751
    ],
    [
      32158,
      32224
    ],
    [
      32158,
      42428
    ],
    [
      32158,
      45590
    ],
    [
      32162,
      41885
    ],
    [
      32224,
      32888
    ],
    [
      32224,
      33851
    ],
    [
      32224,
      35614
    ],
    [
      32224,
      45074
    ],
    [
      32537,
      44751
    ],
    [
      32633,
      41239
    ],
    [
      32888,
      42428
    ],
    [
      32888,
      45590
    ],
    [
      33307,
      41481
    ],
    [
      33538,
      44751
    ],
    [
      33851,
      42428
    ],
    [
      33851,
      45590
    ],
    [
      33946,
      44751
    ],
    [
      34548,
      39914
    ],
    [
      35260,
      44751
    ],
    [
      35300,
      41133
    ],
    [
      35614,
      42428
    ],
    [
      35614,
      45590
    ],
    [
      35943,
      39820
    ],
    [
      35983,
      44751
    ],
    [
      36268,
      44751
    ],
    [
      36285,
      44751
    ],
    [
      37473,
      41315
    ],
    [
      38321,
      41628
    ],
    [
      38321,
      45469
    ],
    [
      38439,
      41315
    ],
    [
      38707,
      45469
    ],
    [
      39317,
      44751
    ],
    [
      39914,
      44071
    ],
    [
      40556,
      44751
    ],
    [
      40928,
      44751
    ],
    [
      41024,
      44751
    ],
    [
      41315,
      41489
    ],
    [
      41481,
      44751
    ],
    [
      42093,
      44751
    ],
    [
      42428,
      45074
    ],
    [
      43282,
      45469
    ],
    [
      45074,
      45590
    ]
  ]
}