{
  "n_true_positives": 178,
  "n_positives": 178,
  "total_time": 12.618452310562134,
  "date": "2025-01-28T08:50:02.300292",
  "backend": "BruteForce",
  "n_bins": 12,
  "eps": 0.08,
  "args": {
    "csvpath": [
      "../data/Certifair/predictions/adult-global-P1-combined.csv"
    ],
    "eps": 0.08,
    "n_bins": 12,
    "n_examples": null,
    "out_path": "../results/fairness//results/certifair//adult-global-P1-combined-eps0.08.json",
    "full_output": false,
    "verbose": false,
    "randomize_order": false,
    "backend": "bf",
    "blind_cols": null,
    "sample_cols": null,
    "pred": "prediction",
    "metric": "infinity",
    "max_time": null,
    "batchsize": null
  },
  "backend_meta": {
    "epsilon": 0.08,
    "decision_col": "prediction",
    "metric": "infinity",
    "is_exact": true,
    "is_sound": true,
    "is_complete": true
  },
  "positives": [
    [
      1261,
      20721
    ],
    [
      1261,
      44751
    ],
    [
      1780,
      32162
    ],
    [
      1973,
      28086
    ],
    [
      1998,
      2482
    ],
    [
      1998,
      31546
    ],
    [
      2482,
      13126
    ],
    [
      2482,
      20198
    ],
    [
      2482,
      24650
    ],
    [
      2482,
      26063
    ],
    [
      2482,
      30240
    ],
    [
      2482,
      32633
    ],
    [
      2723,
      28086
    ],
    [
      3025,
      10256
    ],
    [
      3025,
      45469
    ],
    [
      3268,
      41550
    ],
    [
      3653,
      41315
    ],
    [
      3850,
      44751
    ],
    [
      4159,
      10237
    ],
    [
      4556,
      13535
    ],
    [
      5605,
      10488
    ],
    [
      5605,
      15917
    ],
    [
      5605,
      17645
    ],
    [
      5605,
      28086
    ],
    [
      5605,
      32224
    ],
    [
      5605,
      42428
    ],
    [
      5605,
      45590
    ],
    [
      5681,
      17425
    ],
    [
      5681,
      41481
    ],
    [
      5762,
      10488
    ],
    [
      5762,
      15917
    ],
    [
      5762,
      17645
    ],
    [
      5762,
      28086
    ],
    [
      5762,
      42428
    ],
    [
      5762,
      45590
    ],
    [
      6793,
      17425
    ],
    [
      7387,
      12865
    ],
    [
      7387,
      20721
    ],
    [
      7387,
      44751
    ],
    [
      7445,
      12865
    ],
    [
      7445,
      20721
    ],
    [
      8469,
      12390
    ],
    [
      9769,
      28376
    ],
    [
      10237,
      31696
    ],
    [
      10256,
      38321
    ],
    [
      10488,
      27492
    ],
    [
      10488,
      30401
    ],
    [
      10488,
      32158
    ],
    [
      10488,
      32888
    ],
    [
      10488,
      33851
    ],
    [
      10488,
      35614
    ],
    [
      10729,
      12763
    ],
    [
      10729,
      12865
    ],
    [
      10729,
      18441
    ],
    [
      10729,
      20721
    ],
    [
      10729,
      22516
    ],
    [
      10729,
      44751
    ],
    [
      11020,
      19034
    ],
    [
      11020,
      41315
    ],
    [
      12110,
      17247
    ],
    [
      12110,
      35943
    ],
    [
      12195,
      15899
    ],
    [
      12195,
      32207
    ],
    [
      12763,
      17425
    ],
    [
      12763,
      31685
    ],
    [
      12763,
      41481
    ],
    [
      12865,
      16514
    ],
    [
      12865,
      17425
    ],
    [
      12865,
      17925
    ],
    [
      12865,
      20055
    ],
    [
      12865,
      20338
    ],
    [
      12865,
      20745
    ],
    [
      12865,
      20783
    ],
    [
      12865,
      23969
    ],
    [
      12865,
      31685
    ],
    [
      12865,
      39317
    ],
    [
      12865,
      41024
    ],
    [
      12865,
      41481
    ],
    [
      12865,
      42093
    ],
    [
      13350,
      19067
    ],
    [
      15520,
      23598
    ],
    [
      15917,
      27492
    ],
    [
      15917,
      30401
    ],
    [
      15917,
      32158
    ],
    [
      15917,
      32888
    ],
    [
      15917,
      33851
    ],
    [
      15917,
      35614
    ],
    [
      16514,
      18441
    ],
    [
      16514,
      20721
    ],
    [
      16514,
      22516
    ],
    [
      17425,
      18441
    ],
    [
      17425,
      20721
    ],
    [
      17425,
      22516
    ],
    [
      17645,
      30401
    ],
    [
      17645,
      32158
    ],
    [
      17645,
      32888
    ],
    [
      17645,
      33851
    ],
    [
      17645,
      35614
    ],
    [
      17925,
      18441
    ],
    [
      17925,
      20721
    ],
    [
      17925,
      22516
    ],
    [
      17925,
      44751
    ],
    [
      18441,
      20338
    ],
    [
      18441,
      20745
    ],
    [
      18441,
      23969
    ],
    [
      18441,
      31685
    ],
    [
      18441,
      41024
    ],
    [
      18441,
      41481
    ],
    [
      18441,
      42093
    ],
    [
      19034,
      22594
    ],
    [
      19034,
      38439
    ],
    [
      19035,
      45469
    ],
    [
      19789,
      28376
    ],
    [
      20055,
      20721
    ],
    [
      20338,
      20721
    ],
    [
      20338,
      22516
    ],
    [
      20657,
      30541
    ],
    [
      20721,
      20745
    ],
    [
      20721,
      20783
    ],
    [
      20721,
      23969
    ],
    [
      20721,
      31685
    ],
    [
      20721,
      39317
    ],
    [
      20721,
      40928
    ],
    [
      20721,
      41024
    ],
    [
      20721,
      41481
    ],
    [
      20721,
      42093
    ],
    [
      20745,
      22516
    ],
    [
      20745,
      44751
    ],
    [
      20783,
      44751
    ],
    [
      21109,
      44071
    ],
    [
      21959,
      45469
    ],
    [
      22415,
      44751
    ],
    [
      22516,
      23969
    ],
    [
      22516,
      31685
    ],
    [
      22516,
      40928
    ],
    [
      22516,
      41024
    ],
    [
      22516,
      41481
    ],
    [
      22516,
      42093
    ],
    [
      22594,
      41315
    ],
    [
      23598,
      28376
    ],
    [
      23598,
      41133
    ],
    [
      24846,
      41315
    ],
    [
      25685,
      28086
    ],
    [
      27492,
      28086
    ],
    [
      27492,
      42428
    ],
    [
      28086,
      30401
    ],
    [
      28086,
      32158
    ],
    [
      28086,
      32888
    ],
    [
      28086,
      33851
    ],
    [
      28086,
      35614
    ],
    [
      28086,
      45074
    ],
    [
      28376,
      35300
    ],
    [
      28376,
      39083
    ],
    [
      29689,
      32139
    ],
    [
      30401,
      32224
    ],
    [
      30401,
      42428
    ],
    [
      30401,
      45590
    ],
    [
      30544,
      41315
    ],
    [
      32158,
      32224
    ],
    [
      32158,
      42428
    ],
    [
      32158,
      45590
    ],
    [
      32162,
      41885
    ],
    [
      32224,
      32888
    ],
    [
      32224,
      33851
    ],
    [
      32224,
      35614
    ],
    [
      32537,
      44751
    ],
    [
      32888,
      42428
    ],
    [
      32888,
      45590
    ],
    [
      33851,
      42428
    ],
    [
      33851,
      45590
    ],
    [
      35260,
      44751
    ],
    [
      35614,
      42428
    ],
    [
      35614,
      45590
    ],
    [
      38321,
      45469
    ],
    [
      38707,
      45469
    ],
    [
      39914,
      44071
    ],
    [
      40928,
      44751
    ],
    [
      41024,
      44751
    ]
  ]
}