{
  "n_true_positives": 105,
  "n_positives": 105,
  "total_time": 13.266328811645508,
  "date": "2025-01-28T08:50:02.805332",
  "backend": "BruteForce",
  "n_bins": 50,
  "eps": 0.02,
  "args": {
    "csvpath": [
      "../data/Certifair/predictions/adult-base-P1-combined.csv"
    ],
    "eps": 0.02,
    "n_bins": 50,
    "n_examples": null,
    "out_path": "../results/fairness//results/certifair//adult-base-P1-combined-eps0.02.json",
    "full_output": false,
    "verbose": false,
    "randomize_order": false,
    "backend": "bf",
    "blind_cols": null,
    "sample_cols": null,
    "pred": "prediction",
    "metric": "infinity",
    "max_time": null,
    "batchsize": null
  },
  "backend_meta": {
    "epsilon": 0.02,
    "decision_col": "prediction",
    "metric": "infinity",
    "is_exact": true,
    "is_sound": true,
    "is_complete": true
  },
  "positives": [
    [
      195,
      30736
    ],
    [
      501,
      10127
    ],
    [
      644,
      9843
    ],
    [
      1108,
      9275
    ],
    [
      1234,
      18892
    ],
    [
      1261,
      3850
    ],
    [
      1537,
      39265
    ],
    [
      1962,
      5321
    ],
    [
      1962,
      11979
    ],
    [
      2326,
      20729
    ],
    [
      2326,
      28342
    ],
    [
      3287,
      39757
    ],
    [
      4330,
      26900
    ],
    [
      4769,
      30736
    ],
    [
      4968,
      37310
    ],
    [
      5321,
      12828
    ],
    [
      5321,
      33902
    ],
    [
      5417,
      42630
    ],
    [
      5447,
      18263
    ],
    [
      5681,
      6793
    ],
    [
      5875,
      23674
    ],
    [
      6839,
      8767
    ],
    [
      6839,
      16639
    ],
    [
      6839,
      44690
    ],
    [
      6892,
      32356
    ],
    [
      7098,
      18757
    ],
    [
      7098,
      22334
    ],
    [
      7254,
      8767
    ],
    [
      7254,
      16639
    ],
    [
      7254,
      44690
    ],
    [
      7655,
      20729
    ],
    [
      7655,
      28342
    ],
    [
      8146,
      38087
    ],
    [
      8338,
      11423
    ],
    [
      8338,
      44843
    ],
    [
      8345,
      32696
    ],
    [
      8358,
      20729
    ],
    [
      8532,
      12258
    ],
    [
      8767,
      20279
    ],
    [
      9275,
      13961
    ],
    [
      9275,
      25944
    ],
    [
      9275,
      27966
    ],
    [
      9646,
      39757
    ],
    [
      9722,
      11423
    ],
    [
      9722,
      44843
    ],
    [
      10127,
      17249
    ],
    [
      10127,
      25825
    ],
    [
      10127,
      35782
    ],
    [
      10127,
      40250
    ],
    [
      10551,
      20746
    ],
    [
      11049,
      39757
    ],
    [
      11393,
      18206
    ],
    [
      11423,
      45158
    ],
    [
      11979,
      12828
    ],
    [
      11979,
      33902
    ],
    [
      12394,
      32625
    ],
    [
      12883,
      23863
    ],
    [
      12883,
      36696
    ],
    [
      12940,
      27986
    ],
    [
      13961,
      22478
    ],
    [
      13961,
      26070
    ],
    [
      14838,
      38087
    ],
    [
      16639,
      20279
    ],
    [
      16664,
      44436
    ],
    [
      16803,
      20729
    ],
    [
      17476,
      28742
    ],
    [
      17476,
      42145
    ],
    [
      18263,
      22944
    ],
    [
      18263,
      42436
    ],
    [
      20279,
      44690
    ],
    [
      20688,
      41678
    ],
    [
      20721,
      22516
    ],
    [
      20729,
      27998
    ],
    [
      20746,
      21187
    ],
    [
      20746,
      30555
    ],
    [
      20746,
      37890
    ],
    [
      20746,
      38241
    ],
    [
      21635,
      23674
    ],
    [
      22478,
      25944
    ],
    [
      22478,
      27966
    ],
    [
      23701,
      28742
    ],
    [
      23701,
      42145
    ],
    [
      23737,
      38658
    ],
    [
      24508,
      33373
    ],
    [
      24758,
      42630
    ],
    [
      24846,
      30176
    ],
    [
      25944,
      26070
    ],
    [
      25944,
      44531
    ],
    [
      26070,
      27966
    ],
    [
      26520,
      44436
    ],
    [
      27019,
      33892
    ],
    [
      27966,
      44531
    ],
    [
      28742,
      33863
    ],
    [
      29106,
      38460
    ],
    [
      29106,
      39225
    ],
    [
      30667,
      34297
    ],
    [
      32302,
      35720
    ],
    [
      33387,
      44531
    ],
    [
      33863,
      42145
    ],
    [
      36526,
      39757
    ],
    [
      36842,
      44531
    ],
    [
      38087,
      44706
    ],
    [
      42660,
      44531
    ],
    [
      43811,
      44531
    ],
    [
      44843,
      45158
    ]
  ]
}