{
  "n_true_positives": 11,
  "n_positives": 11,
  "total_time": 9.299211025238037,
  "date": "2025-01-28T08:49:58.778780",
  "backend": "BruteForce",
  "n_bins": 50,
  "eps": 0.02,
  "args": {
    "csvpath": [
      "../data/Certifair/predictions/adult-local-P1-combined.csv"
    ],
    "eps": 0.02,
    "n_bins": 50,
    "n_examples": null,
    "out_path": "../results/fairness//results/certifair//adult-local-P1-combined-eps0.02.json",
    "full_output": false,
    "verbose": false,
    "randomize_order": false,
    "backend": "bf",
    "blind_cols": null,
    "sample_cols": null,
    "pred": "prediction",
    "metric": "infinity",
    "max_time": null,
    "batchsize": null
  },
  "backend_meta": {
    "epsilon": 0.02,
    "decision_col": "prediction",
    "metric": "infinity",
    "is_exact": true,
    "is_sound": true,
    "is_complete": true
  },
  "positives": [
    [
      774,
      36034
    ],
    [
      3359,
      44529
    ],
    [
      3764,
      18611
    ],
    [
      4972,
      8006
    ],
    [
      4972,
      35757
    ],
    [
      6055,
      36034
    ],
    [
      8915,
      36034
    ],
    [
      20001,
      20636
    ],
    [
      25229,
      36034
    ],
    [
      31805,
      40016
    ],
    [
      37604,
      39194
    ]
  ]
}