{
  "n_true_positives": 0,
  "n_positives": 0,
  "total_time": 14.355626106262207,
  "date": "2025-01-28T08:50:04.022732",
  "backend": "BruteForce",
  "n_bins": 50,
  "eps": 0.02,
  "args": {
    "csvpath": [
      "../data/Certifair/predictions/adult-global-P2-combined.csv"
    ],
    "eps": 0.02,
    "n_bins": 50,
    "n_examples": null,
    "out_path": "../results/fairness//results/certifair//adult-global-P2-combined-eps0.02.json",
    "full_output": false,
    "verbose": false,
    "randomize_order": false,
    "backend": "bf",
    "blind_cols": null,
    "sample_cols": null,
    "pred": "prediction",
    "metric": "infinity",
    "max_time": null,
    "batchsize": null
  },
  "backend_meta": {
    "epsilon": 0.02,
    "decision_col": "prediction",
    "metric": "infinity",
    "is_exact": true,
    "is_sound": true,
    "is_complete": true
  },
  "positives": []
}