{
  "n_true_positives": 7,
  "n_positives": 7,
  "total_time": 0.8293430805206299,
  "date": "2025-01-28T08:49:49.248335",
  "backend": "BruteForce",
  "n_bins": 100,
  "eps": 0.01,
  "args": {
    "csvpath": [
      "../data/Certifair/predictions/compas-local-P2-combined.csv"
    ],
    "eps": 0.01,
    "n_bins": 100,
    "n_examples": null,
    "out_path": "../results/fairness//results/certifair//compas-local-P2-combined-eps0.01.json",
    "full_output": false,
    "verbose": false,
    "randomize_order": false,
    "backend": "bf",
    "blind_cols": null,
    "sample_cols": null,
    "pred": "prediction",
    "metric": "infinity",
    "max_time": null,
    "batchsize": null
  },
  "backend_meta": {
    "epsilon": 0.01,
    "decision_col": "prediction",
    "metric": "infinity",
    "is_exact": true,
    "is_sound": true,
    "is_complete": true
  },
  "positives": [
    [
      204,
      1295
    ],
    [
      785,
      4515
    ],
    [
      1178,
      3633
    ],
    [
      1295,
      1893
    ],
    [
      2304,
      2901
    ],
    [
      2742,
      4627
    ],
    [
      2901,
      3379
    ]
  ]
}