{
  "n_true_positives": 22,
  "n_positives": 22,
  "total_time": 0.8313999176025391,
  "date": "2025-01-28T08:49:49.255559",
  "backend": "BruteForce",
  "n_bins": 100,
  "eps": 0.01,
  "args": {
    "csvpath": [
      "../data/Certifair/predictions/compas-base-P2-combined.csv"
    ],
    "eps": 0.01,
    "n_bins": 100,
    "n_examples": null,
    "out_path": "../results/fairness//results/certifair//compas-base-P2-combined-eps0.01.json",
    "full_output": false,
    "verbose": false,
    "randomize_order": false,
    "backend": "bf",
    "blind_cols": null,
    "sample_cols": null,
    "pred": "prediction",
    "metric": "infinity",
    "max_time": null,
    "batchsize": null
  },
  "backend_meta": {
    "epsilon": 0.01,
    "decision_col": "prediction",
    "metric": "infinity",
    "is_exact": true,
    "is_sound": true,
    "is_complete": true
  },
  "positives": [
    [
      170,
      1926
    ],
    [
      288,
      877
    ],
    [
      288,
      3226
    ],
    [
      430,
      574
    ],
    [
      430,
      1052
    ],
    [
      430,
      3414
    ],
    [
      430,
      4209
    ],
    [
      430,
      4346
    ],
    [
      804,
      1314
    ],
    [
      877,
      1170
    ],
    [
      877,
      1233
    ],
    [
      877,
      3191
    ],
    [
      877,
      4943
    ],
    [
      1170,
      3226
    ],
    [
      1233,
      3226
    ],
    [
      1926,
      4461
    ],
    [
      1926,
      4680
    ],
    [
      2076,
      2418
    ],
    [
      2246,
      2728
    ],
    [
      2742,
      4627
    ],
    [
      3191,
      3226
    ],
    [
      3226,
      4943
    ]
  ]
}