{
  "n_true_positives": 6,
  "n_positives": 6,
  "total_time": 0.8378922939300537,
  "date": "2025-01-28T08:49:46.405559",
  "backend": "BruteForce",
  "n_bins": 400,
  "eps": 0.0025,
  "args": {
    "csvpath": [
      "../data/Certifair/predictions/compas-global-P2-combined.csv"
    ],
    "eps": 0.0025,
    "n_bins": 400,
    "n_examples": null,
    "out_path": "../results/fairness//results/certifair//compas-global-P2-combined-eps0.0025.json",
    "full_output": false,
    "verbose": false,
    "randomize_order": false,
    "backend": "bf",
    "blind_cols": null,
    "sample_cols": null,
    "pred": "prediction",
    "metric": "infinity",
    "max_time": null,
    "batchsize": null
  },
  "backend_meta": {
    "epsilon": 0.0025,
    "decision_col": "prediction",
    "metric": "infinity",
    "is_exact": true,
    "is_sound": true,
    "is_complete": true
  },
  "positives": [
    [
      46,
      2861
    ],
    [
      229,
      2861
    ],
    [
      2146,
      2861
    ],
    [
      2861,
      3364
    ],
    [
      2861,
      3799
    ],
    [
      2861,
      3946
    ]
  ]
}