{
  "n_true_positives": 168,
  "n_positives": 168,
  "total_time": 0.85162353515625,
  "date": "2025-01-28T08:49:49.433412",
  "backend": "BruteForce",
  "n_bins": 50,
  "eps": 0.02,
  "args": {
    "csvpath": [
      "../data/Certifair/predictions/compas-base-P2-combined.csv"
    ],
    "eps": 0.02,
    "n_bins": 50,
    "n_examples": null,
    "out_path": "../results/fairness//results/certifair//compas-base-P2-combined-eps0.02.json",
    "full_output": false,
    "verbose": false,
    "randomize_order": false,
    "backend": "bf",
    "blind_cols": null,
    "sample_cols": null,
    "pred": "prediction",
    "metric": "infinity",
    "max_time": null,
    "batchsize": null
  },
  "backend_meta": {
    "epsilon": 0.02,
    "decision_col": "prediction",
    "metric": "infinity",
    "is_exact": true,
    "is_sound": true,
    "is_complete": true
  },
  "positives": [
    [
      30,
      170
    ],
    [
      30,
      4461
    ],
    [
      30,
      4680
    ],
    [
      35,
      825
    ],
    [
      35,
      3836
    ],
    [
      49,
      1190
    ],
    [
      49,
      2209
    ],
    [
      116,
      914
    ],
    [
      116,
      3622
    ],
    [
      116,
      3990
    ],
    [
      116,
      4040
    ],
    [
      116,
      4682
    ],
    [
      116,
      5050
    ],
    [
      160,
      1426
    ],
    [
      160,
      1563
    ],
    [
      160,
      2999
    ],
    [
      160,
      3043
    ],
    [
      160,
      3723
    ],
    [
      160,
      5235
    ],
    [
      170,
      921
    ],
    [
      170,
      1481
    ],
    [
      170,
      1551
    ],
    [
      170,
      1926
    ],
    [
      170,
      4724
    ],
    [
      266,
      4563
    ],
    [
      288,
      570
    ],
    [
      288,
      877
    ],
    [
      288,
      910
    ],
    [
      288,
      2246
    ],
    [
      288,
      3226
    ],
    [
      288,
      5212
    ],
    [
      387,
      914
    ],
    [
      387,
      3622
    ],
    [
      387,
      3990
    ],
    [
      387,
      4040
    ],
    [
      387,
      4682
    ],
    [
      387,
      5050
    ],
    [
      412,
      914
    ],
    [
      412,
      3622
    ],
    [
      412,
      3990
    ],
    [
      412,
      4040
    ],
    [
      412,
      4682
    ],
    [
      412,
      5050
    ],
    [
      430,
      574
    ],
    [
      430,
      604
    ],
    [
      430,
      1052
    ],
    [
      430,
      2060
    ],
    [
      430,
      3414
    ],
    [
      430,
      4209
    ],
    [
      430,
      4346
    ],
    [
      570,
      1170
    ],
    [
      570,
      1233
    ],
    [
      570,
      2728
    ],
    [
      570,
      3191
    ],
    [
      570,
      4943
    ],
    [
      574,
      2584
    ],
    [
      574,
      4441
    ],
    [
      574,
      4584
    ],
    [
      574,
      4675
    ],
    [
      754,
      1446
    ],
    [
      754,
      3749
    ],
    [
      797,
      825
    ],
    [
      797,
      3836
    ],
    [
      804,
      1314
    ],
    [
      804,
      4627
    ],
    [
      821,
      4682
    ],
    [
      825,
      2297
    ],
    [
      854,
      914
    ],
    [
      854,
      3622
    ],
    [
      854,
      3990
    ],
    [
      854,
      4040
    ],
    [
      854,
      4682
    ],
    [
      854,
      5050
    ],
    [
      877,
      1170
    ],
    [
      877,
      1233
    ],
    [
      877,
      2728
    ],
    [
      877,
      3191
    ],
    [
      877,
      4943
    ],
    [
      910,
      1170
    ],
    [
      910,
      1233
    ],
    [
      910,
      2728
    ],
    [
      910,
      3191
    ],
    [
      910,
      4943
    ],
    [
      914,
      1730
    ],
    [
      921,
      4461
    ],
    [
      921,
      4680
    ],
    [
      979,
      1996
    ],
    [
      979,
      2953
    ],
    [
      979,
      3110
    ],
    [
      979,
      3728
    ],
    [
      979,
      4597
    ],
    [
      979,
      5006
    ],
    [
      1052,
      2584
    ],
    [
      1052,
      4441
    ],
    [
      1052,
      4584
    ],
    [
      1052,
      4675
    ],
    [
      1096,
      1996
    ],
    [
      1096,
      2953
    ],
    [
      1096,
      3110
    ],
    [
      1096,
      3728
    ],
    [
      1096,
      4597
    ],
    [
      1096,
      5006
    ],
    [
      1126,
      1446
    ],
    [
      1126,
      3749
    ],
    [
      1170,
      2246
    ],
    [
      1170,
      3226
    ],
    [
      1170,
      5212
    ],
    [
      1175,
      1426
    ],
    [
      1175,
      3043
    ],
    [
      1233,
      2246
    ],
    [
      1233,
      3226
    ],
    [
      1233,
      5212
    ],
    [
      1314,
      2742
    ],
    [
      1446,
      1547
    ],
    [
      1446,
      3305
    ],
    [
      1481,
      4461
    ],
    [
      1481,
      4680
    ],
    [
      1547,
      3749
    ],
    [
      1551,
      4461
    ],
    [
      1551,
      4680
    ],
    [
      1598,
      4682
    ],
    [
      1702,
      4682
    ],
    [
      1730,
      3622
    ],
    [
      1730,
      3990
    ],
    [
      1730,
      4040
    ],
    [
      1730,
      4682
    ],
    [
      1730,
      5050
    ],
    [
      1786,
      2076
    ],
    [
      1926,
      4385
    ],
    [
      1926,
      4461
    ],
    [
      1926,
      4643
    ],
    [
      1926,
      4680
    ],
    [
      1926,
      5222
    ],
    [
      2007,
      4682
    ],
    [
      2076,
      2369
    ],
    [
      2076,
      2418
    ],
    [
      2246,
      2728
    ],
    [
      2246,
      3191
    ],
    [
      2246,
      4943
    ],
    [
      2297,
      3836
    ],
    [
      2351,
      2418
    ],
    [
      2584,
      3414
    ],
    [
      2584,
      4209
    ],
    [
      2584,
      4346
    ],
    [
      2728,
      3226
    ],
    [
      2742,
      4627
    ],
    [
      3104,
      4682
    ],
    [
      3191,
      3226
    ],
    [
      3191,
      5212
    ],
    [
      3226,
      4943
    ],
    [
      3305,
      3749
    ],
    [
      3414,
      4441
    ],
    [
      3414,
      4584
    ],
    [
      3414,
      4675
    ],
    [
      3567,
      4130
    ],
    [
      3567,
      4950
    ],
    [
      4045,
      4071
    ],
    [
      4112,
      4682
    ],
    [
      4209,
      4441
    ],
    [
      4209,
      4584
    ],
    [
      4209,
      4675
    ],
    [
      4346,
      4441
    ],
    [
      4346,
      4584
    ],
    [
      4346,
      4675
    ],
    [
      4461,
      4724
    ],
    [
      4680,
      4724
    ],
    [
      4682,
      5188
    ],
    [
      4943,
      5212
    ]
  ]
}