{
  "n_true_positives": 1170,
  "n_positives": 1170,
  "total_time": 0.8494737148284912,
  "date": "2025-01-28T08:49:49.679434",
  "backend": "BruteForce",
  "n_bins": 12,
  "eps": 0.08,
  "args": {
    "csvpath": [
      "../data/Certifair/predictions/compas-global-P1-combined.csv"
    ],
    "eps": 0.08,
    "n_bins": 12,
    "n_examples": null,
    "out_path": "../results/fairness//results/certifair//compas-global-P1-combined-eps0.08.json",
    "full_output": false,
    "verbose": false,
    "randomize_order": false,
    "backend": "bf",
    "blind_cols": null,
    "sample_cols": null,
    "pred": "prediction",
    "metric": "infinity",
    "max_time": null,
    "batchsize": null
  },
  "backend_meta": {
    "epsilon": 0.08,
    "decision_col": "prediction",
    "metric": "infinity",
    "is_exact": true,
    "is_sound": true,
    "is_complete": true
  },
  "positives": [
    [
      6,
      520
    ],
    [
      6,
      1581
    ],
    [
      6,
      2649
    ],
    [
      6,
      2707
    ],
    [
      6,
      2921
    ],
    [
      6,
      3734
    ],
    [
      6,
      3818
    ],
    [
      23,
      3318
    ],
    [
      38,
      1103
    ],
    [
      46,
      279
    ],
    [
      46,
      393
    ],
    [
      46,
      2254
    ],
    [
      46,
      3891
    ],
    [
      49,
      685
    ],
    [
      49,
      883
    ],
    [
      49,
      1066
    ],
    [
      51,
      84
    ],
    [
      54,
      685
    ],
    [
      54,
      883
    ],
    [
      56,
      1960
    ],
    [
      56,
      4902
    ],
    [
      60,
      1066
    ],
    [
      60,
      4762
    ],
    [
      75,
      685
    ],
    [
      75,
      883
    ],
    [
      84,
      1245
    ],
    [
      84,
      1293
    ],
    [
      84,
      1712
    ],
    [
      84,
      2513
    ],
    [
      84,
      3535
    ],
    [
      84,
      4019
    ],
    [
      99,
      1103
    ],
    [
      103,
      2721
    ],
    [
      103,
      4428
    ],
    [
      105,
      1066
    ],
    [
      105,
      2500
    ],
    [
      110,
      2594
    ],
    [
      125,
      1294
    ],
    [
      136,
      4762
    ],
    [
      137,
      1066
    ],
    [
      137,
      4762
    ],
    [
      141,
      3318
    ],
    [
      142,
      1066
    ],
    [
      142,
      4762
    ],
    [
      145,
      1294
    ],
    [
      145,
      3169
    ],
    [
      150,
      2870
    ],
    [
      150,
      3571
    ],
    [
      166,
      1960
    ],
    [
      173,
      3318
    ],
    [
      174,
      343
    ],
    [
      174,
      1252
    ],
    [
      174,
      2432
    ],
    [
      174,
      2500
    ],
    [
      174,
      3307
    ],
    [
      188,
      2022
    ],
    [
      188,
      2344
    ],
    [
      188,
      3330
    ],
    [
      197,
      685
    ],
    [
      197,
      883
    ],
    [
      197,
      4762
    ],
    [
      199,
      4428
    ],
    [
      217,
      3318
    ],
    [
      218,
      2022
    ],
    [
      218,
      2344
    ],
    [
      218,
      3330
    ],
    [
      223,
      3658
    ],
    [
      223,
      3679
    ],
    [
      224,
      520
    ],
    [
      224,
      2707
    ],
    [
      229,
      279
    ],
    [
      229,
      393
    ],
    [
      229,
      2254
    ],
    [
      229,
      3891
    ],
    [
      231,
      279
    ],
    [
      231,
      393
    ],
    [
      231,
      2254
    ],
    [
      231,
      3891
    ],
    [
      233,
      343
    ],
    [
      233,
      2432
    ],
    [
      233,
      2500
    ],
    [
      233,
      3307
    ],
    [
      241,
      3318
    ],
    [
      247,
      3318
    ],
    [
      249,
      279
    ],
    [
      249,
      393
    ],
    [
      249,
      2254
    ],
    [
      249,
      3891
    ],
    [
      267,
      3318
    ],
    [
      277,
      1103
    ],
    [
      279,
      654
    ],
    [
      279,
      681
    ],
    [
      279,
      1152
    ],
    [
      279,
      2146
    ],
    [
      279,
      2382
    ],
    [
      279,
      2461
    ],
    [
      279,
      2518
    ],
    [
      279,
      2861
    ],
    [
      279,
      3364
    ],
    [
      279,
      3427
    ],
    [
      279,
      3792
    ],
    [
      279,
      3799
    ],
    [
      279,
      3885
    ],
    [
      279,
      3920
    ],
    [
      279,
      3946
    ],
    [
      279,
      4194
    ],
    [
      279,
      4546
    ],
    [
      279,
      5260
    ],
    [
      285,
      685
    ],
    [
      285,
      883
    ],
    [
      313,
      621
    ],
    [
      313,
      815
    ],
    [
      313,
      1895
    ],
    [
      313,
      1909
    ],
    [
      313,
      2265
    ],
    [
      313,
      2483
    ],
    [
      313,
      2617
    ],
    [
      313,
      3077
    ],
    [
      313,
      3159
    ],
    [
      313,
      3184
    ],
    [
      313,
      3553
    ],
    [
      313,
      4355
    ],
    [
      313,
      4835
    ],
    [
      313,
      4869
    ],
    [
      313,
      5051
    ],
    [
      335,
      3318
    ],
    [
      340,
      685
    ],
    [
      340,
      883
    ],
    [
      340,
      4762
    ],
    [
      343,
      997
    ],
    [
      356,
      4762
    ],
    [
      363,
      3318
    ],
    [
      380,
      4428
    ],
    [
      389,
      3318
    ],
    [
      393,
      654
    ],
    [
      393,
      681
    ],
    [
      393,
      1152
    ],
    [
      393,
      2146
    ],
    [
      393,
      2382
    ],
    [
      393,
      2461
    ],
    [
      393,
      2518
    ],
    [
      393,
      2861
    ],
    [
      393,
      3364
    ],
    [
      393,
      3427
    ],
    [
      393,
      3792
    ],
    [
      393,
      3799
    ],
    [
      393,
      3885
    ],
    [
      393,
      3920
    ],
    [
      393,
      3946
    ],
    [
      393,
      4194
    ],
    [
      393,
      4546
    ],
    [
      393,
      5260
    ],
    [
      396,
      685
    ],
    [
      396,
      883
    ],
    [
      414,
      3318
    ],
    [
      414,
      4579
    ],
    [
      418,
      1066
    ],
    [
      422,
      685
    ],
    [
      422,
      883
    ],
    [
      422,
      1066
    ],
    [
      422,
      4762
    ],
    [
      440,
      1066
    ],
    [
      440,
      4762
    ],
    [
      446,
      2610
    ],
    [
      463,
      3318
    ],
    [
      469,
      520
    ],
    [
      469,
      1581
    ],
    [
      469,
      2649
    ],
    [
      469,
      2707
    ],
    [
      469,
      2921
    ],
    [
      469,
      3734
    ],
    [
      469,
      3818
    ],
    [
      479,
      685
    ],
    [
      479,
      883
    ],
    [
      487,
      1103
    ],
    [
      489,
      4428
    ],
    [
      493,
      2594
    ],
    [
      500,
      520
    ],
    [
      500,
      1581
    ],
    [
      500,
      2649
    ],
    [
      500,
      2707
    ],
    [
      500,
      2921
    ],
    [
      500,
      3734
    ],
    [
      500,
      3818
    ],
    [
      506,
      3658
    ],
    [
      506,
      3679
    ],
    [
      520,
      691
    ],
    [
      520,
      778
    ],
    [
      520,
      789
    ],
    [
      520,
      813
    ],
    [
      520,
      841
    ],
    [
      520,
      859
    ],
    [
      520,
      1328
    ],
    [
      520,
      1331
    ],
    [
      520,
      1434
    ],
    [
      520,
      1435
    ],
    [
      520,
      1772
    ],
    [
      520,
      1941
    ],
    [
      520,
      2099
    ],
    [
      520,
      2456
    ],
    [
      520,
      2741
    ],
    [
      520,
      2918
    ],
    [
      520,
      2926
    ],
    [
      520,
      3163
    ],
    [
      520,
      3171
    ],
    [
      520,
      3211
    ],
    [
      520,
      3288
    ],
    [
      520,
      3370
    ],
    [
      520,
      3499
    ],
    [
      520,
      3608
    ],
    [
      520,
      3708
    ],
    [
      520,
      3784
    ],
    [
      520,
      3921
    ],
    [
      520,
      4962
    ],
    [
      520,
      4985
    ],
    [
      520,
      5025
    ],
    [
      520,
      5085
    ],
    [
      542,
      685
    ],
    [
      542,
      4762
    ],
    [
      611,
      685
    ],
    [
      611,
      883
    ],
    [
      611,
      1066
    ],
    [
      621,
      4748
    ],
    [
      634,
      3658
    ],
    [
      634,
      3679
    ],
    [
      654,
      2254
    ],
    [
      654,
      3891
    ],
    [
      659,
      2870
    ],
    [
      659,
      3571
    ],
    [
      661,
      685
    ],
    [
      661,
      883
    ],
    [
      665,
      1066
    ],
    [
      671,
      4762
    ],
    [
      681,
      2254
    ],
    [
      681,
      3891
    ],
    [
      685,
      720
    ],
    [
      685,
      770
    ],
    [
      685,
      843
    ],
    [
      685,
      909
    ],
    [
      685,
      945
    ],
    [
      685,
      1017
    ],
    [
      685,
      1086
    ],
    [
      685,
      1156
    ],
    [
      685,
      1190
    ],
    [
      685,
      1218
    ],
    [
      685,
      1253
    ],
    [
      685,
      1259
    ],
    [
      685,
      1260
    ],
    [
      685,
      1561
    ],
    [
      685,
      1781
    ],
    [
      685,
      1942
    ],
    [
      685,
      1971
    ],
    [
      685,
      1993
    ],
    [
      685,
      2021
    ],
    [
      685,
      2111
    ],
    [
      685,
      2143
    ],
    [
      685,
      2173
    ],
    [
      685,
      2174
    ],
    [
      685,
      2209
    ],
    [
      685,
      2235
    ],
    [
      685,
      2241
    ],
    [
      685,
      2383
    ],
    [
      685,
      2792
    ],
    [
      685,
      2837
    ],
    [
      685,
      2902
    ],
    [
      685,
      2932
    ],
    [
      685,
      3042
    ],
    [
      685,
      3221
    ],
    [
      685,
      3231
    ],
    [
      685,
      3284
    ],
    [
      685,
      3373
    ],
    [
      685,
      3599
    ],
    [
      685,
      3748
    ],
    [
      685,
      3887
    ],
    [
      685,
      4060
    ],
    [
      685,
      4131
    ],
    [
      685,
      4172
    ],
    [
      685,
      4250
    ],
    [
      685,
      4256
    ],
    [
      685,
      4366
    ],
    [
      685,
      4481
    ],
    [
      685,
      4530
    ],
    [
      685,
      4638
    ],
    [
      685,
      4694
    ],
    [
      685,
      4713
    ],
    [
      685,
      4822
    ],
    [
      685,
      4842
    ],
    [
      685,
      4887
    ],
    [
      685,
      4916
    ],
    [
      685,
      4940
    ],
    [
      685,
      5116
    ],
    [
      685,
      5168
    ],
    [
      691,
      1581
    ],
    [
      691,
      2649
    ],
    [
      691,
      2707
    ],
    [
      691,
      2921
    ],
    [
      691,
      3734
    ],
    [
      691,
      3818
    ],
    [
      703,
      4428
    ],
    [
      708,
      1534
    ],
    [
      708,
      2721
    ],
    [
      708,
      3024
    ],
    [
      708,
      3318
    ],
    [
      708,
      3339
    ],
    [
      708,
      4494
    ],
    [
      708,
      4579
    ],
    [
      711,
      3658
    ],
    [
      711,
      3679
    ],
    [
      720,
      883
    ],
    [
      722,
      4579
    ],
    [
      735,
      3318
    ],
    [
      752,
      2022
    ],
    [
      752,
      2344
    ],
    [
      752,
      3330
    ],
    [
      765,
      972
    ],
    [
      768,
      2870
    ],
    [
      768,
      3571
    ],
    [
      770,
      883
    ],
    [
      770,
      3859
    ],
    [
      773,
      1066
    ],
    [
      778,
      1581
    ],
    [
      778,
      2649
    ],
    [
      778,
      2707
    ],
    [
      778,
      2921
    ],
    [
      778,
      3734
    ],
    [
      778,
      3818
    ],
    [
      789,
      1581
    ],
    [
      789,
      2649
    ],
    [
      789,
      2707
    ],
    [
      789,
      2921
    ],
    [
      789,
      3734
    ],
    [
      789,
      3818
    ],
    [
      790,
      4762
    ],
    [
      813,
      1581
    ],
    [
      813,
      2649
    ],
    [
      813,
      2707
    ],
    [
      813,
      2921
    ],
    [
      813,
      3734
    ],
    [
      813,
      3818
    ],
    [
      815,
      4748
    ],
    [
      822,
      2870
    ],
    [
      822,
      3571
    ],
    [
      826,
      3318
    ],
    [
      832,
      2870
    ],
    [
      832,
      3571
    ],
    [
      839,
      2022
    ],
    [
      839,
      2344
    ],
    [
      839,
      3330
    ],
    [
      840,
      1066
    ],
    [
      841,
      1581
    ],
    [
      841,
      2649
    ],
    [
      841,
      2707
    ],
    [
      841,
      2921
    ],
    [
      841,
      3734
    ],
    [
      841,
      3818
    ],
    [
      843,
      1066
    ],
    [
      843,
      4762
    ],
    [
      859,
      1581
    ],
    [
      859,
      2649
    ],
    [
      859,
      2707
    ],
    [
      859,
      2921
    ],
    [
      859,
      3734
    ],
    [
      859,
      3818
    ],
    [
      871,
      2022
    ],
    [
      871,
      2344
    ],
    [
      871,
      3330
    ],
    [
      883,
      909
    ],
    [
      883,
      1086
    ],
    [
      883,
      1156
    ],
    [
      883,
      1218
    ],
    [
      883,
      1253
    ],
    [
      883,
      1259
    ],
    [
      883,
      1781
    ],
    [
      883,
      1971
    ],
    [
      883,
      2111
    ],
    [
      883,
      2143
    ],
    [
      883,
      2173
    ],
    [
      883,
      2209
    ],
    [
      883,
      2235
    ],
    [
      883,
      2383
    ],
    [
      883,
      2837
    ],
    [
      883,
      2902
    ],
    [
      883,
      2932
    ],
    [
      883,
      3042
    ],
    [
      883,
      3221
    ],
    [
      883,
      3231
    ],
    [
      883,
      3373
    ],
    [
      883,
      3599
    ],
    [
      883,
      3748
    ],
    [
      883,
      3887
    ],
    [
      883,
      4060
    ],
    [
      883,
      4131
    ],
    [
      883,
      4172
    ],
    [
      883,
      4250
    ],
    [
      883,
      4256
    ],
    [
      883,
      4481
    ],
    [
      883,
      4530
    ],
    [
      883,
      4638
    ],
    [
      883,
      4694
    ],
    [
      883,
      4713
    ],
    [
      883,
      4842
    ],
    [
      883,
      5116
    ],
    [
      883,
      5168
    ],
    [
      934,
      3318
    ],
    [
      937,
      3318
    ],
    [
      939,
      4428
    ],
    [
      945,
      1066
    ],
    [
      945,
      4762
    ],
    [
      964,
      1066
    ],
    [
      964,
      4762
    ],
    [
      967,
      4762
    ],
    [
      972,
      1294
    ],
    [
      972,
      1511
    ],
    [
      972,
      3169
    ],
    [
      977,
      4762
    ],
    [
      997,
      1252
    ],
    [
      997,
      2432
    ],
    [
      997,
      2500
    ],
    [
      997,
      3307
    ],
    [
      1001,
      4428
    ],
    [
      1013,
      1103
    ],
    [
      1017,
      4762
    ],
    [
      1038,
      3318
    ],
    [
      1044,
      2022
    ],
    [
      1044,
      2344
    ],
    [
      1044,
      3330
    ],
    [
      1058,
      1103
    ],
    [
      1061,
      1387
    ],
    [
      1066,
      1084
    ],
    [
      1066,
      1086
    ],
    [
      1066,
      1190
    ],
    [
      1066,
      1253
    ],
    [
      1066,
      1259
    ],
    [
      1066,
      1260
    ],
    [
      1066,
      1292
    ],
    [
      1066,
      1896
    ],
    [
      1066,
      1998
    ],
    [
      1066,
      2021
    ],
    [
      1066,
      2035
    ],
    [
      1066,
      2143
    ],
    [
      1066,
      2209
    ],
    [
      1066,
      2350
    ],
    [
      1066,
      2426
    ],
    [
      1066,
      2654
    ],
    [
      1066,
      2792
    ],
    [
      1066,
      2800
    ],
    [
      1066,
      2828
    ],
    [
      1066,
      2833
    ],
    [
      1066,
      2906
    ],
    [
      1066,
      2911
    ],
    [
      1066,
      2925
    ],
    [
      1066,
      3177
    ],
    [
      1066,
      3185
    ],
    [
      1066,
      3336
    ],
    [
      1066,
      3373
    ],
    [
      1066,
      3410
    ],
    [
      1066,
      3450
    ],
    [
      1066,
      3490
    ],
    [
      1066,
      3510
    ],
    [
      1066,
      3534
    ],
    [
      1066,
      3844
    ],
    [
      1066,
      4038
    ],
    [
      1066,
      4366
    ],
    [
      1066,
      4465
    ],
    [
      1066,
      4631
    ],
    [
      1066,
      4884
    ],
    [
      1066,
      4909
    ],
    [
      1066,
      4916
    ],
    [
      1066,
      4947
    ],
    [
      1066,
      5086
    ],
    [
      1066,
      5159
    ],
    [
      1066,
      5168
    ],
    [
      1073,
      1247
    ],
    [
      1073,
      1876
    ],
    [
      1073,
      2400
    ],
    [
      1073,
      2690
    ],
    [
      1073,
      2714
    ],
    [
      1074,
      3318
    ],
    [
      1084,
      4762
    ],
    [
      1086,
      3859
    ],
    [
      1103,
      1127
    ],
    [
      1103,
      1135
    ],
    [
      1103,
      1416
    ],
    [
      1103,
      1725
    ],
    [
      1103,
      1985
    ],
    [
      1103,
      2088
    ],
    [
      1103,
      2283
    ],
    [
      1103,
      2499
    ],
    [
      1103,
      2686
    ],
    [
      1103,
      2761
    ],
    [
      1103,
      2889
    ],
    [
      1103,
      2997
    ],
    [
      1103,
      3076
    ],
    [
      1103,
      3280
    ],
    [
      1103,
      3461
    ],
    [
      1103,
      3526
    ],
    [
      1103,
      3737
    ],
    [
      1103,
      4190
    ],
    [
      1103,
      4473
    ],
    [
      1103,
      4581
    ],
    [
      1103,
      4769
    ],
    [
      1103,
      5001
    ],
    [
      1134,
      4762
    ],
    [
      1152,
      2254
    ],
    [
      1152,
      3891
    ],
    [
      1164,
      2022
    ],
    [
      1164,
      2344
    ],
    [
      1164,
      3330
    ],
    [
      1188,
      4428
    ],
    [
      1194,
      3318
    ],
    [
      1199,
      3318
    ],
    [
      1204,
      4762
    ],
    [
      1246,
      2022
    ],
    [
      1246,
      3330
    ],
    [
      1247,
      1291
    ],
    [
      1247,
      2752
    ],
    [
      1247,
      2851
    ],
    [
      1247,
      3129
    ],
    [
      1247,
      3655
    ],
    [
      1247,
      4208
    ],
    [
      1247,
      4421
    ],
    [
      1247,
      4848
    ],
    [
      1247,
      4987
    ],
    [
      1247,
      5094
    ],
    [
      1247,
      5100
    ],
    [
      1259,
      4762
    ],
    [
      1260,
      4762
    ],
    [
      1275,
      2022
    ],
    [
      1275,
      2344
    ],
    [
      1275,
      3330
    ],
    [
      1280,
      2022
    ],
    [
      1280,
      2344
    ],
    [
      1280,
      3330
    ],
    [
      1281,
      4762
    ],
    [
      1291,
      1876
    ],
    [
      1291,
      2400
    ],
    [
      1291,
      2690
    ],
    [
      1291,
      2714
    ],
    [
      1292,
      2500
    ],
    [
      1292,
      3307
    ],
    [
      1294,
      1717
    ],
    [
      1306,
      4762
    ],
    [
      1315,
      2610
    ],
    [
      1324,
      4762
    ],
    [
      1328,
      1581
    ],
    [
      1328,
      2649
    ],
    [
      1328,
      2707
    ],
    [
      1328,
      2921
    ],
    [
      1328,
      3734
    ],
    [
      1328,
      3818
    ],
    [
      1331,
      1581
    ],
    [
      1331,
      2649
    ],
    [
      1331,
      2707
    ],
    [
      1331,
      2921
    ],
    [
      1331,
      3734
    ],
    [
      1331,
      3818
    ],
    [
      1348,
      4428
    ],
    [
      1380,
      4428
    ],
    [
      1386,
      3318
    ],
    [
      1386,
      4494
    ],
    [
      1386,
      4579
    ],
    [
      1387,
      4333
    ],
    [
      1420,
      3658
    ],
    [
      1420,
      3679
    ],
    [
      1432,
      3318
    ],
    [
      1433,
      3658
    ],
    [
      1433,
      3679
    ],
    [
      1434,
      1581
    ],
    [
      1434,
      2649
    ],
    [
      1434,
      2707
    ],
    [
      1434,
      2921
    ],
    [
      1434,
      3734
    ],
    [
      1434,
      3818
    ],
    [
      1435,
      1581
    ],
    [
      1435,
      2649
    ],
    [
      1435,
      2707
    ],
    [
      1435,
      2921
    ],
    [
      1435,
      3734
    ],
    [
      1435,
      3818
    ],
    [
      1438,
      3318
    ],
    [
      1438,
      4494
    ],
    [
      1438,
      4579
    ],
    [
      1439,
      3318
    ],
    [
      1486,
      3318
    ],
    [
      1491,
      2870
    ],
    [
      1491,
      3571
    ],
    [
      1497,
      4762
    ],
    [
      1503,
      4428
    ],
    [
      1515,
      3318
    ],
    [
      1530,
      2721
    ],
    [
      1530,
      4428
    ],
    [
      1534,
      1633
    ],
    [
      1534,
      4075
    ],
    [
      1534,
      5200
    ],
    [
      1561,
      4762
    ],
    [
      1575,
      4428
    ],
    [
      1581,
      1772
    ],
    [
      1581,
      1941
    ],
    [
      1581,
      2099
    ],
    [
      1581,
      2456
    ],
    [
      1581,
      2741
    ],
    [
      1581,
      2918
    ],
    [
      1581,
      2926
    ],
    [
      1581,
      3163
    ],
    [
      1581,
      3171
    ],
    [
      1581,
      3288
    ],
    [
      1581,
      3370
    ],
    [
      1581,
      3608
    ],
    [
      1581,
      3708
    ],
    [
      1581,
      3784
    ],
    [
      1581,
      3921
    ],
    [
      1581,
      4962
    ],
    [
      1581,
      4985
    ],
    [
      1581,
      5025
    ],
    [
      1588,
      3318
    ],
    [
      1605,
      4428
    ],
    [
      1615,
      3318
    ],
    [
      1621,
      3318
    ],
    [
      1622,
      4762
    ],
    [
      1633,
      3024
    ],
    [
      1633,
      3318
    ],
    [
      1633,
      3339
    ],
    [
      1633,
      4494
    ],
    [
      1633,
      4579
    ],
    [
      1639,
      3318
    ],
    [
      1643,
      1811
    ],
    [
      1670,
      3318
    ],
    [
      1680,
      3318
    ],
    [
      1692,
      3318
    ],
    [
      1692,
      4494
    ],
    [
      1692,
      4579
    ],
    [
      1717,
      3169
    ],
    [
      1729,
      2721
    ],
    [
      1729,
      3318
    ],
    [
      1729,
      4494
    ],
    [
      1729,
      4579
    ],
    [
      1757,
      3318
    ],
    [
      1764,
      3658
    ],
    [
      1764,
      3679
    ],
    [
      1772,
      2649
    ],
    [
      1772,
      2707
    ],
    [
      1772,
      2921
    ],
    [
      1772,
      3734
    ],
    [
      1772,
      3818
    ],
    [
      1779,
      2721
    ],
    [
      1779,
      3024
    ],
    [
      1779,
      3318
    ],
    [
      1779,
      4494
    ],
    [
      1779,
      4579
    ],
    [
      1804,
      4762
    ],
    [
      1805,
      4428
    ],
    [
      1807,
      3318
    ],
    [
      1811,
      2142
    ],
    [
      1817,
      2267
    ],
    [
      1820,
      3318
    ],
    [
      1835,
      3318
    ],
    [
      1835,
      4579
    ],
    [
      1868,
      3318
    ],
    [
      1870,
      4428
    ],
    [
      1871,
      3318
    ],
    [
      1876,
      2752
    ],
    [
      1876,
      2851
    ],
    [
      1876,
      3129
    ],
    [
      1876,
      3655
    ],
    [
      1876,
      4208
    ],
    [
      1876,
      4421
    ],
    [
      1876,
      4848
    ],
    [
      1876,
      4987
    ],
    [
      1876,
      5094
    ],
    [
      1876,
      5100
    ],
    [
      1880,
      4428
    ],
    [
      1886,
      3318
    ],
    [
      1895,
      4748
    ],
    [
      1909,
      4748
    ],
    [
      1928,
      2610
    ],
    [
      1929,
      2610
    ],
    [
      1931,
      3318
    ],
    [
      1932,
      3318
    ],
    [
      1938,
      2870
    ],
    [
      1938,
      3571
    ],
    [
      1941,
      2649
    ],
    [
      1941,
      2707
    ],
    [
      1941,
      2921
    ],
    [
      1941,
      3734
    ],
    [
      1941,
      3818
    ],
    [
      1944,
      2721
    ],
    [
      1944,
      4428
    ],
    [
      1960,
      4333
    ],
    [
      1993,
      4762
    ],
    [
      1999,
      2960
    ],
    [
      2011,
      3318
    ],
    [
      2022,
      2668
    ],
    [
      2022,
      2956
    ],
    [
      2022,
      3142
    ],
    [
      2022,
      3149
    ],
    [
      2022,
      3469
    ],
    [
      2022,
      3645
    ],
    [
      2022,
      3787
    ],
    [
      2022,
      3860
    ],
    [
      2022,
      4363
    ],
    [
      2022,
      5161
    ],
    [
      2030,
      3657
    ],
    [
      2040,
      3318
    ],
    [
      2093,
      3318
    ],
    [
      2099,
      2649
    ],
    [
      2099,
      2707
    ],
    [
      2099,
      2921
    ],
    [
      2099,
      3734
    ],
    [
      2099,
      3818
    ],
    [
      2105,
      4428
    ],
    [
      2113,
      3658
    ],
    [
      2113,
      3679
    ],
    [
      2146,
      2254
    ],
    [
      2146,
      3891
    ],
    [
      2155,
      3318
    ],
    [
      2164,
      4762
    ],
    [
      2174,
      4762
    ],
    [
      2178,
      4428
    ],
    [
      2198,
      3658
    ],
    [
      2198,
      3679
    ],
    [
      2226,
      3318
    ],
    [
      2234,
      4428
    ],
    [
      2237,
      4762
    ],
    [
      2239,
      3318
    ],
    [
      2239,
      4579
    ],
    [
      2241,
      4762
    ],
    [
      2254,
      2382
    ],
    [
      2254,
      2461
    ],
    [
      2254,
      2518
    ],
    [
      2254,
      2861
    ],
    [
      2254,
      3364
    ],
    [
      2254,
      3427
    ],
    [
      2254,
      3792
    ],
    [
      2254,
      3799
    ],
    [
      2254,
      3885
    ],
    [
      2254,
      3920
    ],
    [
      2254,
      3946
    ],
    [
      2254,
      4194
    ],
    [
      2254,
      4546
    ],
    [
      2254,
      5260
    ],
    [
      2265,
      4748
    ],
    [
      2267,
      5013
    ],
    [
      2270,
      4428
    ],
    [
      2271,
      3318
    ],
    [
      2279,
      2610
    ],
    [
      2285,
      3318
    ],
    [
      2304,
      4762
    ],
    [
      2306,
      4762
    ],
    [
      2310,
      4762
    ],
    [
      2315,
      2870
    ],
    [
      2315,
      3571
    ],
    [
      2342,
      2610
    ],
    [
      2344,
      2668
    ],
    [
      2344,
      2956
    ],
    [
      2344,
      3142
    ],
    [
      2344,
      3149
    ],
    [
      2344,
      3469
    ],
    [
      2344,
      3645
    ],
    [
      2344,
      3787
    ],
    [
      2344,
      3860
    ],
    [
      2344,
      4363
    ],
    [
      2344,
      5161
    ],
    [
      2345,
      3318
    ],
    [
      2348,
      4762
    ],
    [
      2376,
      3318
    ],
    [
      2376,
      4579
    ],
    [
      2382,
      3891
    ],
    [
      2385,
      3318
    ],
    [
      2399,
      3318
    ],
    [
      2399,
      4494
    ],
    [
      2399,
      4579
    ],
    [
      2400,
      2851
    ],
    [
      2400,
      4421
    ],
    [
      2400,
      4848
    ],
    [
      2400,
      4914
    ],
    [
      2400,
      4987
    ],
    [
      2402,
      2610
    ],
    [
      2414,
      3318
    ],
    [
      2417,
      2721
    ],
    [
      2426,
      4762
    ],
    [
      2432,
      2812
    ],
    [
      2432,
      2897
    ],
    [
      2432,
      3036
    ],
    [
      2456,
      2649
    ],
    [
      2456,
      2707
    ],
    [
      2456,
      2921
    ],
    [
      2456,
      3734
    ],
    [
      2456,
      3818
    ],
    [
      2461,
      3891
    ],
    [
      2467,
      2721
    ],
    [
      2467,
      4428
    ],
    [
      2483,
      4748
    ],
    [
      2500,
      2812
    ],
    [
      2500,
      2897
    ],
    [
      2500,
      2906
    ],
    [
      2500,
      2925
    ],
    [
      2500,
      3036
    ],
    [
      2510,
      3318
    ],
    [
      2510,
      4494
    ],
    [
      2510,
      4579
    ],
    [
      2512,
      4762
    ],
    [
      2518,
      3891
    ],
    [
      2534,
      3318
    ],
    [
      2542,
      3318
    ],
    [
      2561,
      3318
    ],
    [
      2594,
      2787
    ],
    [
      2594,
      3205
    ],
    [
      2610,
      2877
    ],
    [
      2610,
      3420
    ],
    [
      2610,
      3554
    ],
    [
      2610,
      3829
    ],
    [
      2610,
      4225
    ],
    [
      2610,
      4695
    ],
    [
      2613,
      4428
    ],
    [
      2617,
      4748
    ],
    [
      2649,
      2741
    ],
    [
      2649,
      2926
    ],
    [
      2649,
      3171
    ],
    [
      2649,
      3288
    ],
    [
      2649,
      3370
    ],
    [
      2649,
      3608
    ],
    [
      2649,
      3708
    ],
    [
      2649,
      3784
    ],
    [
      2649,
      3921
    ],
    [
      2649,
      4962
    ],
    [
      2649,
      4985
    ],
    [
      2649,
      5025
    ],
    [
      2654,
      4762
    ],
    [
      2656,
      3318
    ],
    [
      2668,
      3330
    ],
    [
      2688,
      3318
    ],
    [
      2690,
      2752
    ],
    [
      2690,
      2851
    ],
    [
      2690,
      3129
    ],
    [
      2690,
      3655
    ],
    [
      2690,
      4208
    ],
    [
      2690,
      4421
    ],
    [
      2690,
      4848
    ],
    [
      2690,
      4914
    ],
    [
      2690,
      4987
    ],
    [
      2690,
      5094
    ],
    [
      2690,
      5100
    ],
    [
      2702,
      3318
    ],
    [
      2707,
      2741
    ],
    [
      2707,
      2918
    ],
    [
      2707,
      2926
    ],
    [
      2707,
      3163
    ],
    [
      2707,
      3171
    ],
    [
      2707,
      3211
    ],
    [
      2707,
      3288
    ],
    [
      2707,
      3370
    ],
    [
      2707,
      3499
    ],
    [
      2707,
      3608
    ],
    [
      2707,
      3708
    ],
    [
      2707,
      3784
    ],
    [
      2707,
      3921
    ],
    [
      2707,
      4962
    ],
    [
      2707,
      4985
    ],
    [
      2707,
      5025
    ],
    [
      2707,
      5085
    ],
    [
      2714,
      2752
    ],
    [
      2714,
      2851
    ],
    [
      2714,
      3129
    ],
    [
      2714,
      3655
    ],
    [
      2714,
      4208
    ],
    [
      2714,
      4421
    ],
    [
      2714,
      4848
    ],
    [
      2714,
      4914
    ],
    [
      2714,
      4987
    ],
    [
      2714,
      5094
    ],
    [
      2714,
      5100
    ],
    [
      2717,
      2721
    ],
    [
      2721,
      2755
    ],
    [
      2721,
      2954
    ],
    [
      2721,
      3344
    ],
    [
      2721,
      3520
    ],
    [
      2721,
      3797
    ],
    [
      2721,
      3890
    ],
    [
      2721,
      3938
    ],
    [
      2721,
      4630
    ],
    [
      2721,
      5078
    ],
    [
      2721,
      5127
    ],
    [
      2721,
      5200
    ],
    [
      2741,
      2921
    ],
    [
      2741,
      3734
    ],
    [
      2741,
      3818
    ],
    [
      2753,
      3318
    ],
    [
      2755,
      3024
    ],
    [
      2755,
      3318
    ],
    [
      2755,
      4494
    ],
    [
      2755,
      4579
    ],
    [
      2756,
      4762
    ],
    [
      2757,
      3318
    ],
    [
      2783,
      4762
    ],
    [
      2793,
      2870
    ],
    [
      2793,
      3571
    ],
    [
      2800,
      4762
    ],
    [
      2812,
      3657
    ],
    [
      2824,
      3658
    ],
    [
      2824,
      3679
    ],
    [
      2828,
      4762
    ],
    [
      2833,
      4762
    ],
    [
      2837,
      4762
    ],
    [
      2852,
      3318
    ],
    [
      2852,
      4579
    ],
    [
      2860,
      3658
    ],
    [
      2860,
      3679
    ],
    [
      2861,
      3891
    ],
    [
      2870,
      3027
    ],
    [
      2870,
      3440
    ],
    [
      2870,
      3969
    ],
    [
      2870,
      3972
    ],
    [
      2870,
      4039
    ],
    [
      2870,
      4815
    ],
    [
      2870,
      4953
    ],
    [
      2870,
      5186
    ],
    [
      2878,
      3318
    ],
    [
      2897,
      3657
    ],
    [
      2901,
      4762
    ],
    [
      2906,
      3307
    ],
    [
      2918,
      2921
    ],
    [
      2918,
      3818
    ],
    [
      2921,
      2926
    ],
    [
      2921,
      3163
    ],
    [
      2921,
      3171
    ],
    [
      2921,
      3288
    ],
    [
      2921,
      3370
    ],
    [
      2921,
      3608
    ],
    [
      2921,
      3708
    ],
    [
      2921,
      3784
    ],
    [
      2921,
      3921
    ],
    [
      2921,
      4962
    ],
    [
      2921,
      4985
    ],
    [
      2921,
      5025
    ],
    [
      2926,
      3734
    ],
    [
      2926,
      3818
    ],
    [
      2932,
      3717
    ],
    [
      2932,
      3859
    ],
    [
      2954,
      3318
    ],
    [
      2954,
      4494
    ],
    [
      2954,
      4579
    ],
    [
      2956,
      3330
    ],
    [
      3024,
      3520
    ],
    [
      3024,
      3797
    ],
    [
      3024,
      4075
    ],
    [
      3024,
      4630
    ],
    [
      3024,
      5078
    ],
    [
      3024,
      5127
    ],
    [
      3024,
      5200
    ],
    [
      3027,
      3571
    ],
    [
      3036,
      3657
    ],
    [
      3044,
      4762
    ],
    [
      3065,
      3318
    ],
    [
      3077,
      4748
    ],
    [
      3080,
      3318
    ],
    [
      3083,
      3318
    ],
    [
      3112,
      4428
    ],
    [
      3138,
      4428
    ],
    [
      3142,
      3330
    ],
    [
      3149,
      3330
    ],
    [
      3151,
      4428
    ],
    [
      3159,
      4748
    ],
    [
      3163,
      3818
    ],
    [
      3171,
      3734
    ],
    [
      3171,
      3818
    ],
    [
      3177,
      4762
    ],
    [
      3184,
      4748
    ],
    [
      3221,
      4762
    ],
    [
      3259,
      3318
    ],
    [
      3267,
      3318
    ],
    [
      3267,
      4494
    ],
    [
      3267,
      4579
    ],
    [
      3275,
      3318
    ],
    [
      3284,
      4762
    ],
    [
      3286,
      4428
    ],
    [
      3288,
      3734
    ],
    [
      3288,
      3818
    ],
    [
      3307,
      3881
    ],
    [
      3314,
      4762
    ],
    [
      3318,
      3332
    ],
    [
      3318,
      3337
    ],
    [
      3318,
      3353
    ],
    [
      3318,
      3425
    ],
    [
      3318,
      3434
    ],
    [
      3318,
      3448
    ],
    [
      3318,
      3529
    ],
    [
      3318,
      3610
    ],
    [
      3318,
      3615
    ],
    [
      3318,
      3619
    ],
    [
      3318,
      3624
    ],
    [
      3318,
      3674
    ],
    [
      3318,
      3768
    ],
    [
      3318,
      3900
    ],
    [
      3318,
      3927
    ],
    [
      3318,
      4003
    ],
    [
      3318,
      4016
    ],
    [
      3318,
      4075
    ],
    [
      3318,
      4089
    ],
    [
      3318,
      4162
    ],
    [
      3318,
      4189
    ],
    [
      3318,
      4192
    ],
    [
      3318,
      4215
    ],
    [
      3318,
      4222
    ],
    [
      3318,
      4283
    ],
    [
      3318,
      4294
    ],
    [
      3318,
      4350
    ],
    [
      3318,
      4351
    ],
    [
      3318,
      4395
    ],
    [
      3318,
      4397
    ],
    [
      3318,
      4567
    ],
    [
      3318,
      4630
    ],
    [
      3318,
      4709
    ],
    [
      3318,
      4730
    ],
    [
      3318,
      4889
    ],
    [
      3318,
      4904
    ],
    [
      3318,
      4949
    ],
    [
      3318,
      4967
    ],
    [
      3318,
      5030
    ],
    [
      3318,
      5078
    ],
    [
      3318,
      5101
    ],
    [
      3318,
      5179
    ],
    [
      3318,
      5200
    ],
    [
      3318,
      5252
    ],
    [
      3318,
      5262
    ],
    [
      3318,
      5272
    ],
    [
      3330,
      3469
    ],
    [
      3330,
      3645
    ],
    [
      3330,
      3787
    ],
    [
      3330,
      3860
    ],
    [
      3330,
      4363
    ],
    [
      3330,
      5161
    ],
    [
      3339,
      3520
    ],
    [
      3339,
      4075
    ],
    [
      3339,
      4630
    ],
    [
      3339,
      5078
    ],
    [
      3339,
      5127
    ],
    [
      3339,
      5200
    ],
    [
      3344,
      4428
    ],
    [
      3353,
      4494
    ],
    [
      3353,
      4579
    ],
    [
      3364,
      3891
    ],
    [
      3366,
      4762
    ],
    [
      3370,
      3734
    ],
    [
      3370,
      3818
    ],
    [
      3373,
      4762
    ],
    [
      3378,
      4762
    ],
    [
      3379,
      4762
    ],
    [
      3415,
      3658
    ],
    [
      3415,
      3679
    ],
    [
      3427,
      3891
    ],
    [
      3440,
      3571
    ],
    [
      3447,
      4428
    ],
    [
      3450,
      4762
    ],
    [
      3495,
      4428
    ],
    [
      3510,
      4762
    ],
    [
      3516,
      4762
    ],
    [
      3520,
      4494
    ],
    [
      3520,
      4579
    ],
    [
      3529,
      4579
    ],
    [
      3553,
      4748
    ],
    [
      3559,
      4762
    ],
    [
      3571,
      3969
    ],
    [
      3571,
      3972
    ],
    [
      3571,
      4039
    ],
    [
      3571,
      4815
    ],
    [
      3571,
      4953
    ],
    [
      3571,
      5186
    ],
    [
      3599,
      3859
    ],
    [
      3608,
      3734
    ],
    [
      3608,
      3818
    ],
    [
      3610,
      4494
    ],
    [
      3610,
      4579
    ],
    [
      3623,
      4428
    ],
    [
      3658,
      3930
    ],
    [
      3658,
      3954
    ],
    [
      3658,
      3991
    ],
    [
      3658,
      4074
    ],
    [
      3658,
      4175
    ],
    [
      3658,
      4320
    ],
    [
      3658,
      4814
    ],
    [
      3674,
      4579
    ],
    [
      3679,
      3930
    ],
    [
      3679,
      3954
    ],
    [
      3679,
      3991
    ],
    [
      3679,
      4074
    ],
    [
      3679,
      4175
    ],
    [
      3679,
      4320
    ],
    [
      3679,
      4814
    ],
    [
      3708,
      3734
    ],
    [
      3708,
      3818
    ],
    [
      3717,
      4060
    ],
    [
      3717,
      5116
    ],
    [
      3717,
      5168
    ],
    [
      3726,
      4762
    ],
    [
      3734,
      3784
    ],
    [
      3734,
      3921
    ],
    [
      3734,
      4962
    ],
    [
      3734,
      4985
    ],
    [
      3734,
      5025
    ],
    [
      3784,
      3818
    ],
    [
      3792,
      3891
    ],
    [
      3797,
      4494
    ],
    [
      3797,
      4579
    ],
    [
      3799,
      3891
    ],
    [
      3811,
      4428
    ],
    [
      3818,
      3921
    ],
    [
      3818,
      4962
    ],
    [
      3818,
      4985
    ],
    [
      3818,
      5025
    ],
    [
      3822,
      4428
    ],
    [
      3844,
      4762
    ],
    [
      3859,
      4060
    ],
    [
      3859,
      4530
    ],
    [
      3859,
      5116
    ],
    [
      3859,
      5168
    ],
    [
      3874,
      4762
    ],
    [
      3885,
      3891
    ],
    [
      3891,
      3920
    ],
    [
      3891,
      3946
    ],
    [
      3891,
      4194
    ],
    [
      3891,
      4546
    ],
    [
      3891,
      5260
    ],
    [
      3900,
      4494
    ],
    [
      3900,
      4579
    ],
    [
      3911,
      4428
    ],
    [
      3938,
      4428
    ],
    [
      3943,
      4428
    ],
    [
      3973,
      4428
    ],
    [
      4038,
      4762
    ],
    [
      4075,
      4494
    ],
    [
      4075,
      4579
    ],
    [
      4088,
      4762
    ],
    [
      4094,
      4428
    ],
    [
      4113,
      4428
    ],
    [
      4148,
      4428
    ],
    [
      4355,
      4748
    ],
    [
      4364,
      4762
    ],
    [
      4428,
      4450
    ],
    [
      4428,
      4555
    ],
    [
      4428,
      4576
    ],
    [
      4428,
      4800
    ],
    [
      4428,
      4885
    ],
    [
      4428,
      5092
    ],
    [
      4428,
      5127
    ],
    [
      4428,
      5210
    ],
    [
      4465,
      4762
    ],
    [
      4481,
      4762
    ],
    [
      4494,
      4630
    ],
    [
      4494,
      4949
    ],
    [
      4494,
      5030
    ],
    [
      4494,
      5078
    ],
    [
      4494,
      5200
    ],
    [
      4579,
      4630
    ],
    [
      4579,
      4949
    ],
    [
      4579,
      5030
    ],
    [
      4579,
      5078
    ],
    [
      4579,
      5200
    ],
    [
      4638,
      4762
    ],
    [
      4748,
      4835
    ],
    [
      4748,
      4869
    ],
    [
      4748,
      5051
    ],
    [
      4762,
      4792
    ],
    [
      4762,
      4822
    ],
    [
      4762,
      4877
    ],
    [
      4762,
      4887
    ],
    [
      4762,
      4909
    ],
    [
      4762,
      4940
    ],
    [
      4762,
      4947
    ],
    [
      4762,
      4968
    ],
    [
      4762,
      5086
    ]
  ]
}