{
  "n_true_positives": 55,
  "n_positives": 55,
  "total_time": 0.8210475444793701,
  "date": "2025-01-28T08:49:49.238811",
  "backend": "BruteForce",
  "n_bins": 50,
  "eps": 0.02,
  "args": {
    "csvpath": [
      "../data/Certifair/predictions/compas-global-P1-combined.csv"
    ],
    "eps": 0.02,
    "n_bins": 50,
    "n_examples": null,
    "out_path": "../results/fairness//results/certifair//compas-global-P1-combined-eps0.02.json",
    "full_output": false,
    "verbose": false,
    "randomize_order": false,
    "backend": "bf",
    "blind_cols": null,
    "sample_cols": null,
    "pred": "prediction",
    "metric": "infinity",
    "max_time": null,
    "batchsize": null
  },
  "backend_meta": {
    "epsilon": 0.02,
    "decision_col": "prediction",
    "metric": "infinity",
    "is_exact": true,
    "is_sound": true,
    "is_complete": true
  },
  "positives": [
    [
      46,
      279
    ],
    [
      46,
      393
    ],
    [
      188,
      2022
    ],
    [
      229,
      279
    ],
    [
      229,
      393
    ],
    [
      231,
      279
    ],
    [
      231,
      393
    ],
    [
      249,
      279
    ],
    [
      249,
      393
    ],
    [
      279,
      681
    ],
    [
      279,
      1152
    ],
    [
      279,
      2146
    ],
    [
      279,
      2518
    ],
    [
      279,
      2861
    ],
    [
      279,
      3364
    ],
    [
      279,
      3799
    ],
    [
      279,
      3946
    ],
    [
      279,
      5260
    ],
    [
      313,
      621
    ],
    [
      313,
      815
    ],
    [
      393,
      681
    ],
    [
      393,
      1152
    ],
    [
      393,
      2146
    ],
    [
      393,
      2518
    ],
    [
      393,
      3364
    ],
    [
      393,
      3799
    ],
    [
      393,
      3946
    ],
    [
      393,
      5260
    ],
    [
      469,
      1581
    ],
    [
      500,
      1581
    ],
    [
      520,
      3708
    ],
    [
      711,
      3658
    ],
    [
      778,
      1581
    ],
    [
      789,
      1581
    ],
    [
      813,
      3734
    ],
    [
      839,
      2344
    ],
    [
      841,
      1581
    ],
    [
      871,
      2344
    ],
    [
      1044,
      2344
    ],
    [
      1164,
      2344
    ],
    [
      1275,
      2344
    ],
    [
      1434,
      1581
    ],
    [
      1435,
      1581
    ],
    [
      1581,
      1772
    ],
    [
      1581,
      2926
    ],
    [
      1581,
      3370
    ],
    [
      1581,
      3784
    ],
    [
      2254,
      2382
    ],
    [
      2254,
      4546
    ],
    [
      2344,
      2956
    ],
    [
      2344,
      3142
    ],
    [
      2344,
      3149
    ],
    [
      2344,
      4363
    ],
    [
      3370,
      3818
    ],
    [
      3415,
      3658
    ]
  ]
}