{
  "n_true_positives": 757,
  "n_positives": 757,
  "total_time": 0.8041644096374512,
  "date": "2025-01-28T08:49:48.495345",
  "backend": "BruteForce",
  "n_bins": 25,
  "eps": 0.04,
  "args": {
    "csvpath": [
      "../data/Certifair/predictions/compas-local-P1-combined.csv"
    ],
    "eps": 0.04,
    "n_bins": 25,
    "n_examples": null,
    "out_path": "../results/fairness//results/certifair//compas-local-P1-combined-eps0.04.json",
    "full_output": false,
    "verbose": false,
    "randomize_order": false,
    "backend": "bf",
    "blind_cols": null,
    "sample_cols": null,
    "pred": "prediction",
    "metric": "infinity",
    "max_time": null,
    "batchsize": null
  },
  "backend_meta": {
    "epsilon": 0.04,
    "decision_col": "prediction",
    "metric": "infinity",
    "is_exact": true,
    "is_sound": true,
    "is_complete": true
  },
  "positives": [
    [
      8,
      473
    ],
    [
      15,
      1574
    ],
    [
      15,
      2142
    ],
    [
      15,
      2279
    ],
    [
      15,
      3909
    ],
    [
      15,
      4472
    ],
    [
      23,
      2755
    ],
    [
      49,
      611
    ],
    [
      49,
      945
    ],
    [
      49,
      1190
    ],
    [
      49,
      1259
    ],
    [
      49,
      1260
    ],
    [
      49,
      2209
    ],
    [
      54,
      1156
    ],
    [
      54,
      5116
    ],
    [
      60,
      967
    ],
    [
      69,
      3594
    ],
    [
      85,
      1308
    ],
    [
      85,
      2982
    ],
    [
      85,
      3650
    ],
    [
      88,
      486
    ],
    [
      88,
      1968
    ],
    [
      88,
      2003
    ],
    [
      88,
      2764
    ],
    [
      88,
      2885
    ],
    [
      88,
      4128
    ],
    [
      89,
      2595
    ],
    [
      89,
      2982
    ],
    [
      102,
      3850
    ],
    [
      118,
      473
    ],
    [
      119,
      3781
    ],
    [
      137,
      773
    ],
    [
      137,
      1998
    ],
    [
      137,
      3185
    ],
    [
      137,
      3490
    ],
    [
      137,
      3534
    ],
    [
      141,
      2755
    ],
    [
      142,
      967
    ],
    [
      143,
      3618
    ],
    [
      183,
      2982
    ],
    [
      211,
      1312
    ],
    [
      211,
      1316
    ],
    [
      211,
      5181
    ],
    [
      212,
      570
    ],
    [
      212,
      910
    ],
    [
      212,
      1033
    ],
    [
      212,
      2246
    ],
    [
      212,
      4406
    ],
    [
      212,
      4991
    ],
    [
      225,
      1663
    ],
    [
      225,
      3551
    ],
    [
      263,
      433
    ],
    [
      270,
      2279
    ],
    [
      270,
      3554
    ],
    [
      300,
      1510
    ],
    [
      300,
      3009
    ],
    [
      309,
      486
    ],
    [
      309,
      1968
    ],
    [
      355,
      2800
    ],
    [
      355,
      3410
    ],
    [
      355,
      4909
    ],
    [
      405,
      2982
    ],
    [
      418,
      1190
    ],
    [
      433,
      3995
    ],
    [
      438,
      3999
    ],
    [
      440,
      967
    ],
    [
      440,
      5086
    ],
    [
      450,
      1747
    ],
    [
      450,
      2102
    ],
    [
      450,
      2491
    ],
    [
      450,
      3297
    ],
    [
      450,
      4046
    ],
    [
      450,
      4141
    ],
    [
      466,
      653
    ],
    [
      473,
      588
    ],
    [
      473,
      991
    ],
    [
      473,
      2256
    ],
    [
      473,
      2343
    ],
    [
      473,
      2729
    ],
    [
      473,
      2879
    ],
    [
      473,
      3733
    ],
    [
      473,
      4200
    ],
    [
      486,
      537
    ],
    [
      486,
      538
    ],
    [
      486,
      786
    ],
    [
      486,
      3263
    ],
    [
      486,
      4793
    ],
    [
      486,
      5190
    ],
    [
      505,
      3403
    ],
    [
      507,
      1574
    ],
    [
      507,
      2064
    ],
    [
      507,
      2142
    ],
    [
      507,
      2279
    ],
    [
      507,
      3554
    ],
    [
      507,
      3909
    ],
    [
      507,
      4436
    ],
    [
      507,
      4472
    ],
    [
      517,
      3594
    ],
    [
      530,
      2282
    ],
    [
      530,
      2595
    ],
    [
      530,
      2982
    ],
    [
      537,
      2003
    ],
    [
      537,
      2764
    ],
    [
      537,
      4128
    ],
    [
      538,
      1968
    ],
    [
      538,
      2003
    ],
    [
      538,
      2764
    ],
    [
      538,
      2885
    ],
    [
      538,
      4128
    ],
    [
      566,
      2000
    ],
    [
      566,
      3431
    ],
    [
      566,
      3858
    ],
    [
      566,
      5014
    ],
    [
      575,
      2595
    ],
    [
      575,
      2982
    ],
    [
      575,
      3650
    ],
    [
      588,
      3594
    ],
    [
      592,
      626
    ],
    [
      598,
      769
    ],
    [
      598,
      1545
    ],
    [
      598,
      1915
    ],
    [
      598,
      2497
    ],
    [
      598,
      3199
    ],
    [
      601,
      3410
    ],
    [
      611,
      1253
    ],
    [
      611,
      1942
    ],
    [
      611,
      2021
    ],
    [
      611,
      2792
    ],
    [
      611,
      4916
    ],
    [
      619,
      4410
    ],
    [
      626,
      1033
    ],
    [
      626,
      2886
    ],
    [
      626,
      3313
    ],
    [
      626,
      4406
    ],
    [
      626,
      4991
    ],
    [
      645,
      1308
    ],
    [
      645,
      2595
    ],
    [
      645,
      2982
    ],
    [
      653,
      696
    ],
    [
      653,
      4828
    ],
    [
      665,
      3410
    ],
    [
      685,
      3221
    ],
    [
      685,
      4481
    ],
    [
      708,
      3520
    ],
    [
      708,
      3797
    ],
    [
      708,
      5078
    ],
    [
      708,
      5200
    ],
    [
      718,
      2829
    ],
    [
      718,
      2914
    ],
    [
      720,
      1156
    ],
    [
      720,
      5116
    ],
    [
      728,
      1510
    ],
    [
      728,
      3009
    ],
    [
      735,
      3080
    ],
    [
      738,
      1545
    ],
    [
      738,
      3199
    ],
    [
      751,
      978
    ],
    [
      751,
      4078
    ],
    [
      751,
      4825
    ],
    [
      754,
      1545
    ],
    [
      754,
      2497
    ],
    [
      754,
      3199
    ],
    [
      769,
      1831
    ],
    [
      769,
      1888
    ],
    [
      769,
      2751
    ],
    [
      769,
      2944
    ],
    [
      769,
      3255
    ],
    [
      769,
      4127
    ],
    [
      769,
      4641
    ],
    [
      773,
      945
    ],
    [
      773,
      1260
    ],
    [
      773,
      2654
    ],
    [
      773,
      2828
    ],
    [
      773,
      3410
    ],
    [
      773,
      3510
    ],
    [
      773,
      3844
    ],
    [
      773,
      4038
    ],
    [
      777,
      2094
    ],
    [
      786,
      1968
    ],
    [
      786,
      2003
    ],
    [
      786,
      2764
    ],
    [
      786,
      4128
    ],
    [
      804,
      1009
    ],
    [
      804,
      2094
    ],
    [
      865,
      2072
    ],
    [
      873,
      2282
    ],
    [
      873,
      2595
    ],
    [
      873,
      3945
    ],
    [
      873,
      4041
    ],
    [
      873,
      4318
    ],
    [
      904,
      2142
    ],
    [
      904,
      2279
    ],
    [
      904,
      3554
    ],
    [
      909,
      1156
    ],
    [
      909,
      1942
    ],
    [
      909,
      5116
    ],
    [
      923,
      4838
    ],
    [
      930,
      2402
    ],
    [
      938,
      3978
    ],
    [
      943,
      948
    ],
    [
      945,
      3534
    ],
    [
      959,
      3248
    ],
    [
      959,
      3594
    ],
    [
      959,
      5224
    ],
    [
      964,
      967
    ],
    [
      967,
      1084
    ],
    [
      967,
      1497
    ],
    [
      967,
      2783
    ],
    [
      967,
      2800
    ],
    [
      967,
      2833
    ],
    [
      967,
      3410
    ],
    [
      967,
      3450
    ],
    [
      967,
      4465
    ],
    [
      967,
      4909
    ],
    [
      967,
      4947
    ],
    [
      972,
      3169
    ],
    [
      980,
      1085
    ],
    [
      980,
      2065
    ],
    [
      980,
      2458
    ],
    [
      980,
      3064
    ],
    [
      980,
      4570
    ],
    [
      991,
      3476
    ],
    [
      991,
      3594
    ],
    [
      1009,
      1314
    ],
    [
      1009,
      2742
    ],
    [
      1009,
      3315
    ],
    [
      1009,
      4627
    ],
    [
      1037,
      5223
    ],
    [
      1046,
      2142
    ],
    [
      1046,
      2279
    ],
    [
      1046,
      3554
    ],
    [
      1062,
      1308
    ],
    [
      1062,
      2595
    ],
    [
      1062,
      2982
    ],
    [
      1069,
      1308
    ],
    [
      1069,
      1613
    ],
    [
      1069,
      2595
    ],
    [
      1069,
      2982
    ],
    [
      1106,
      2165
    ],
    [
      1106,
      2167
    ],
    [
      1126,
      1545
    ],
    [
      1126,
      2497
    ],
    [
      1126,
      3199
    ],
    [
      1131,
      4241
    ],
    [
      1156,
      3042
    ],
    [
      1156,
      4842
    ],
    [
      1178,
      3827
    ],
    [
      1182,
      1362
    ],
    [
      1182,
      4734
    ],
    [
      1185,
      2065
    ],
    [
      1185,
      2458
    ],
    [
      1185,
      4570
    ],
    [
      1190,
      2021
    ],
    [
      1190,
      2035
    ],
    [
      1190,
      2350
    ],
    [
      1190,
      3534
    ],
    [
      1190,
      4366
    ],
    [
      1203,
      2053
    ],
    [
      1203,
      2760
    ],
    [
      1203,
      4660
    ],
    [
      1247,
      1876
    ],
    [
      1260,
      3534
    ],
    [
      1266,
      4410
    ],
    [
      1294,
      3169
    ],
    [
      1298,
      1356
    ],
    [
      1298,
      1913
    ],
    [
      1298,
      2003
    ],
    [
      1298,
      2374
    ],
    [
      1298,
      2684
    ],
    [
      1298,
      2764
    ],
    [
      1298,
      2813
    ],
    [
      1298,
      3387
    ],
    [
      1298,
      3632
    ],
    [
      1298,
      3977
    ],
    [
      1298,
      4128
    ],
    [
      1308,
      1512
    ],
    [
      1308,
      2152
    ],
    [
      1308,
      2509
    ],
    [
      1308,
      2555
    ],
    [
      1308,
      2637
    ],
    [
      1308,
      2774
    ],
    [
      1308,
      3098
    ],
    [
      1308,
      3967
    ],
    [
      1308,
      4167
    ],
    [
      1308,
      4452
    ],
    [
      1308,
      4484
    ],
    [
      1308,
      4683
    ],
    [
      1308,
      4719
    ],
    [
      1308,
      4789
    ],
    [
      1308,
      4928
    ],
    [
      1308,
      5002
    ],
    [
      1308,
      5247
    ],
    [
      1313,
      2595
    ],
    [
      1313,
      2982
    ],
    [
      1314,
      2094
    ],
    [
      1315,
      2877
    ],
    [
      1315,
      3829
    ],
    [
      1315,
      4225
    ],
    [
      1324,
      3379
    ],
    [
      1324,
      4762
    ],
    [
      1330,
      1356
    ],
    [
      1330,
      1913
    ],
    [
      1330,
      2003
    ],
    [
      1330,
      2374
    ],
    [
      1330,
      2684
    ],
    [
      1330,
      2764
    ],
    [
      1330,
      2813
    ],
    [
      1330,
      2885
    ],
    [
      1330,
      3387
    ],
    [
      1330,
      4128
    ],
    [
      1340,
      2402
    ],
    [
      1348,
      2613
    ],
    [
      1348,
      4555
    ],
    [
      1356,
      3089
    ],
    [
      1356,
      3384
    ],
    [
      1356,
      5042
    ],
    [
      1366,
      2094
    ],
    [
      1372,
      2000
    ],
    [
      1372,
      3431
    ],
    [
      1372,
      5014
    ],
    [
      1437,
      1894
    ],
    [
      1437,
      3751
    ],
    [
      1437,
      5141
    ],
    [
      1446,
      1545
    ],
    [
      1446,
      2497
    ],
    [
      1446,
      2808
    ],
    [
      1446,
      3199
    ],
    [
      1476,
      1968
    ],
    [
      1501,
      5123
    ],
    [
      1505,
      2142
    ],
    [
      1505,
      2279
    ],
    [
      1510,
      2072
    ],
    [
      1510,
      3795
    ],
    [
      1512,
      2982
    ],
    [
      1513,
      2661
    ],
    [
      1513,
      4754
    ],
    [
      1530,
      5127
    ],
    [
      1545,
      1547
    ],
    [
      1545,
      1831
    ],
    [
      1545,
      1888
    ],
    [
      1545,
      2697
    ],
    [
      1545,
      2751
    ],
    [
      1545,
      2944
    ],
    [
      1545,
      3255
    ],
    [
      1545,
      3305
    ],
    [
      1545,
      3749
    ],
    [
      1545,
      3959
    ],
    [
      1545,
      4127
    ],
    [
      1545,
      4358
    ],
    [
      1545,
      4641
    ],
    [
      1545,
      4684
    ],
    [
      1547,
      2497
    ],
    [
      1547,
      3199
    ],
    [
      1559,
      4838
    ],
    [
      1572,
      1968
    ],
    [
      1572,
      2003
    ],
    [
      1572,
      2764
    ],
    [
      1572,
      4128
    ],
    [
      1574,
      2532
    ],
    [
      1574,
      3075
    ],
    [
      1588,
      2755
    ],
    [
      1613,
      2001
    ],
    [
      1613,
      2316
    ],
    [
      1613,
      2637
    ],
    [
      1613,
      3367
    ],
    [
      1613,
      3913
    ],
    [
      1613,
      4683
    ],
    [
      1613,
      4719
    ],
    [
      1613,
      4928
    ],
    [
      1619,
      2000
    ],
    [
      1619,
      3431
    ],
    [
      1619,
      5014
    ],
    [
      1633,
      3024
    ],
    [
      1639,
      2755
    ],
    [
      1647,
      4566
    ],
    [
      1735,
      4476
    ],
    [
      1738,
      3003
    ],
    [
      1747,
      2153
    ],
    [
      1778,
      4410
    ],
    [
      1779,
      2755
    ],
    [
      1779,
      3318
    ],
    [
      1799,
      4410
    ],
    [
      1831,
      1915
    ],
    [
      1831,
      2497
    ],
    [
      1831,
      3199
    ],
    [
      1836,
      4410
    ],
    [
      1876,
      5100
    ],
    [
      1878,
      2039
    ],
    [
      1888,
      1915
    ],
    [
      1888,
      2497
    ],
    [
      1888,
      3199
    ],
    [
      1892,
      3978
    ],
    [
      1896,
      3410
    ],
    [
      1913,
      3089
    ],
    [
      1913,
      3384
    ],
    [
      1913,
      5042
    ],
    [
      1915,
      2751
    ],
    [
      1915,
      2944
    ],
    [
      1915,
      3255
    ],
    [
      1915,
      4127
    ],
    [
      1915,
      4641
    ],
    [
      1928,
      3471
    ],
    [
      1928,
      4225
    ],
    [
      1928,
      4920
    ],
    [
      1929,
      2402
    ],
    [
      1942,
      4842
    ],
    [
      1968,
      2049
    ],
    [
      1968,
      2074
    ],
    [
      1968,
      2727
    ],
    [
      1968,
      2898
    ],
    [
      1968,
      3263
    ],
    [
      1968,
      3961
    ],
    [
      1968,
      4458
    ],
    [
      1968,
      4793
    ],
    [
      1968,
      5142
    ],
    [
      1968,
      5190
    ],
    [
      1981,
      2279
    ],
    [
      1981,
      3554
    ],
    [
      1998,
      2800
    ],
    [
      1998,
      3410
    ],
    [
      1998,
      3844
    ],
    [
      1998,
      4038
    ],
    [
      1998,
      4909
    ],
    [
      2000,
      5022
    ],
    [
      2000,
      5277
    ],
    [
      2001,
      2982
    ],
    [
      2003,
      2049
    ],
    [
      2003,
      2074
    ],
    [
      2003,
      2727
    ],
    [
      2003,
      3089
    ],
    [
      2003,
      3263
    ],
    [
      2003,
      3384
    ],
    [
      2003,
      3961
    ],
    [
      2003,
      4458
    ],
    [
      2003,
      4793
    ],
    [
      2003,
      4811
    ],
    [
      2003,
      4841
    ],
    [
      2003,
      5042
    ],
    [
      2003,
      5142
    ],
    [
      2006,
      4591
    ],
    [
      2021,
      2209
    ],
    [
      2034,
      4805
    ],
    [
      2049,
      2764
    ],
    [
      2049,
      4128
    ],
    [
      2064,
      2532
    ],
    [
      2072,
      4391
    ],
    [
      2074,
      2764
    ],
    [
      2074,
      2885
    ],
    [
      2074,
      4128
    ],
    [
      2075,
      2890
    ],
    [
      2075,
      4591
    ],
    [
      2094,
      2742
    ],
    [
      2094,
      3315
    ],
    [
      2094,
      4627
    ],
    [
      2098,
      4301
    ],
    [
      2102,
      2153
    ],
    [
      2117,
      3003
    ],
    [
      2117,
      4356
    ],
    [
      2142,
      2532
    ],
    [
      2142,
      2924
    ],
    [
      2142,
      3075
    ],
    [
      2142,
      3351
    ],
    [
      2142,
      3471
    ],
    [
      2142,
      4183
    ],
    [
      2142,
      5087
    ],
    [
      2149,
      2349
    ],
    [
      2149,
      3501
    ],
    [
      2152,
      2982
    ],
    [
      2153,
      2491
    ],
    [
      2153,
      3297
    ],
    [
      2153,
      4046
    ],
    [
      2153,
      4141
    ],
    [
      2165,
      2321
    ],
    [
      2165,
      2818
    ],
    [
      2165,
      4595
    ],
    [
      2167,
      2321
    ],
    [
      2167,
      2818
    ],
    [
      2167,
      4595
    ],
    [
      2178,
      2613
    ],
    [
      2178,
      4555
    ],
    [
      2204,
      4457
    ],
    [
      2209,
      2792
    ],
    [
      2209,
      4916
    ],
    [
      2228,
      4410
    ],
    [
      2279,
      2532
    ],
    [
      2279,
      2625
    ],
    [
      2279,
      2919
    ],
    [
      2279,
      2924
    ],
    [
      2279,
      3160
    ],
    [
      2279,
      3250
    ],
    [
      2279,
      3351
    ],
    [
      2279,
      3471
    ],
    [
      2279,
      3502
    ],
    [
      2279,
      4183
    ],
    [
      2279,
      4225
    ],
    [
      2279,
      4259
    ],
    [
      2279,
      4533
    ],
    [
      2279,
      4920
    ],
    [
      2279,
      5087
    ],
    [
      2282,
      2930
    ],
    [
      2282,
      3098
    ],
    [
      2282,
      3790
    ],
    [
      2282,
      5203
    ],
    [
      2304,
      3379
    ],
    [
      2304,
      4762
    ],
    [
      2304,
      5086
    ],
    [
      2310,
      4762
    ],
    [
      2310,
      5086
    ],
    [
      2316,
      2982
    ],
    [
      2343,
      3248
    ],
    [
      2343,
      3594
    ],
    [
      2343,
      5224
    ],
    [
      2349,
      4838
    ],
    [
      2374,
      3089
    ],
    [
      2374,
      3384
    ],
    [
      2374,
      5042
    ],
    [
      2375,
      3272
    ],
    [
      2402,
      4266
    ],
    [
      2410,
      3865
    ],
    [
      2466,
      4557
    ],
    [
      2497,
      2697
    ],
    [
      2497,
      2751
    ],
    [
      2497,
      2944
    ],
    [
      2497,
      3255
    ],
    [
      2497,
      3305
    ],
    [
      2497,
      3749
    ],
    [
      2497,
      4127
    ],
    [
      2497,
      4358
    ],
    [
      2497,
      4641
    ],
    [
      2497,
      4684
    ],
    [
      2509,
      2595
    ],
    [
      2509,
      2982
    ],
    [
      2517,
      3977
    ],
    [
      2528,
      3978
    ],
    [
      2532,
      3554
    ],
    [
      2532,
      3909
    ],
    [
      2532,
      4436
    ],
    [
      2532,
      4472
    ],
    [
      2555,
      2595
    ],
    [
      2555,
      2982
    ],
    [
      2564,
      5223
    ],
    [
      2595,
      2637
    ],
    [
      2595,
      2930
    ],
    [
      2595,
      2943
    ],
    [
      2595,
      2988
    ],
    [
      2595,
      3367
    ],
    [
      2595,
      3790
    ],
    [
      2595,
      4401
    ],
    [
      2595,
      4683
    ],
    [
      2595,
      4789
    ],
    [
      2595,
      5203
    ],
    [
      2606,
      4197
    ],
    [
      2606,
      4948
    ],
    [
      2613,
      3623
    ],
    [
      2613,
      4148
    ],
    [
      2625,
      3554
    ],
    [
      2637,
      2982
    ],
    [
      2654,
      3185
    ],
    [
      2654,
      3534
    ],
    [
      2656,
      2755
    ],
    [
      2684,
      3089
    ],
    [
      2684,
      3384
    ],
    [
      2684,
      5042
    ],
    [
      2697,
      2808
    ],
    [
      2697,
      3199
    ],
    [
      2697,
      3394
    ],
    [
      2721,
      5200
    ],
    [
      2727,
      2764
    ],
    [
      2727,
      4128
    ],
    [
      2729,
      3476
    ],
    [
      2729,
      3594
    ],
    [
      2751,
      3199
    ],
    [
      2753,
      2755
    ],
    [
      2755,
      2954
    ],
    [
      2755,
      3065
    ],
    [
      2755,
      3080
    ],
    [
      2755,
      3529
    ],
    [
      2755,
      4294
    ],
    [
      2755,
      4351
    ],
    [
      2755,
      4709
    ],
    [
      2764,
      2898
    ],
    [
      2764,
      3089
    ],
    [
      2764,
      3263
    ],
    [
      2764,
      3384
    ],
    [
      2764,
      3961
    ],
    [
      2764,
      4458
    ],
    [
      2764,
      4793
    ],
    [
      2764,
      4811
    ],
    [
      2764,
      4841
    ],
    [
      2764,
      5042
    ],
    [
      2764,
      5142
    ],
    [
      2774,
      2982
    ],
    [
      2774,
      4522
    ],
    [
      2792,
      4842
    ],
    [
      2800,
      3185
    ],
    [
      2800,
      3490
    ],
    [
      2803,
      3501
    ],
    [
      2808,
      4879
    ],
    [
      2813,
      3089
    ],
    [
      2813,
      3384
    ],
    [
      2813,
      5042
    ],
    [
      2828,
      3185
    ],
    [
      2828,
      3534
    ],
    [
      2831,
      4734
    ],
    [
      2851,
      4421
    ],
    [
      2851,
      4848
    ],
    [
      2852,
      3080
    ],
    [
      2877,
      3420
    ],
    [
      2881,
      3394
    ],
    [
      2885,
      3089
    ],
    [
      2885,
      3384
    ],
    [
      2885,
      4458
    ],
    [
      2885,
      4811
    ],
    [
      2885,
      4841
    ],
    [
      2885,
      5042
    ],
    [
      2898,
      4128
    ],
    [
      2901,
      3379
    ],
    [
      2901,
      4762
    ],
    [
      2901,
      5086
    ],
    [
      2914,
      3369
    ],
    [
      2914,
      4934
    ],
    [
      2919,
      3554
    ],
    [
      2924,
      3554
    ],
    [
      2930,
      2982
    ],
    [
      2943,
      2982
    ],
    [
      2944,
      3199
    ],
    [
      2982,
      2988
    ],
    [
      2982,
      3098
    ],
    [
      2982,
      3292
    ],
    [
      2982,
      3367
    ],
    [
      2982,
      3790
    ],
    [
      2982,
      3913
    ],
    [
      2982,
      3967
    ],
    [
      2982,
      4167
    ],
    [
      2982,
      4297
    ],
    [
      2982,
      4401
    ],
    [
      2982,
      4452
    ],
    [
      2982,
      4453
    ],
    [
      2982,
      4484
    ],
    [
      2982,
      4637
    ],
    [
      2982,
      4683
    ],
    [
      2982,
      4719
    ],
    [
      2982,
      4789
    ],
    [
      2982,
      4928
    ],
    [
      2982,
      4976
    ],
    [
      2982,
      5002
    ],
    [
      2982,
      5247
    ],
    [
      2987,
      4410
    ],
    [
      3024,
      5200
    ],
    [
      3042,
      5116
    ],
    [
      3069,
      4410
    ],
    [
      3075,
      4410
    ],
    [
      3089,
      3387
    ],
    [
      3089,
      4128
    ],
    [
      3098,
      3650
    ],
    [
      3160,
      3554
    ],
    [
      3185,
      3410
    ],
    [
      3185,
      3510
    ],
    [
      3185,
      3844
    ],
    [
      3185,
      4038
    ],
    [
      3185,
      4909
    ],
    [
      3199,
      3255
    ],
    [
      3199,
      3305
    ],
    [
      3199,
      3749
    ],
    [
      3199,
      3959
    ],
    [
      3199,
      4127
    ],
    [
      3199,
      4358
    ],
    [
      3199,
      4641
    ],
    [
      3199,
      4684
    ],
    [
      3248,
      4825
    ],
    [
      3250,
      3554
    ],
    [
      3263,
      4128
    ],
    [
      3284,
      3379
    ],
    [
      3284,
      4762
    ],
    [
      3314,
      3379
    ],
    [
      3314,
      4762
    ],
    [
      3314,
      5086
    ],
    [
      3344,
      5127
    ],
    [
      3351,
      3554
    ],
    [
      3379,
      4364
    ],
    [
      3379,
      4947
    ],
    [
      3384,
      3387
    ],
    [
      3384,
      4128
    ],
    [
      3387,
      5042
    ],
    [
      3394,
      4684
    ],
    [
      3394,
      4844
    ],
    [
      3410,
      3490
    ],
    [
      3420,
      3829
    ],
    [
      3420,
      4225
    ],
    [
      3431,
      5022
    ],
    [
      3431,
      5277
    ],
    [
      3439,
      4793
    ],
    [
      3471,
      3554
    ],
    [
      3471,
      4695
    ],
    [
      3476,
      4825
    ],
    [
      3490,
      3844
    ],
    [
      3490,
      4038
    ],
    [
      3490,
      4909
    ],
    [
      3501,
      4838
    ],
    [
      3502,
      3554
    ],
    [
      3509,
      4245
    ],
    [
      3510,
      3534
    ],
    [
      3534,
      3844
    ],
    [
      3534,
      4038
    ],
    [
      3554,
      4183
    ],
    [
      3554,
      4225
    ],
    [
      3554,
      4533
    ],
    [
      3573,
      5014
    ],
    [
      3594,
      4200
    ],
    [
      3594,
      4825
    ],
    [
      3607,
      3978
    ],
    [
      3618,
      4707
    ],
    [
      3621,
      4457
    ],
    [
      3650,
      4453
    ],
    [
      3858,
      5022
    ],
    [
      3871,
      4452
    ],
    [
      3945,
      5203
    ],
    [
      3949,
      3977
    ],
    [
      3961,
      4128
    ],
    [
      3978,
      5227
    ],
    [
      4012,
      4091
    ],
    [
      4012,
      4241
    ],
    [
      4030,
      4640
    ],
    [
      4041,
      5203
    ],
    [
      4128,
      4458
    ],
    [
      4128,
      4793
    ],
    [
      4128,
      4811
    ],
    [
      4128,
      4841
    ],
    [
      4128,
      5042
    ],
    [
      4128,
      5142
    ],
    [
      4148,
      4555
    ],
    [
      4188,
      4220
    ],
    [
      4188,
      5223
    ],
    [
      4220,
      4325
    ],
    [
      4220,
      5061
    ],
    [
      4220,
      5230
    ],
    [
      4225,
      4695
    ],
    [
      4241,
      4313
    ],
    [
      4241,
      4750
    ],
    [
      4317,
      4699
    ],
    [
      4318,
      5203
    ],
    [
      4325,
      5223
    ],
    [
      4364,
      4762
    ],
    [
      4364,
      5086
    ],
    [
      4410,
      5230
    ],
    [
      4421,
      4987
    ],
    [
      4423,
      4852
    ],
    [
      4452,
      4522
    ],
    [
      4522,
      4683
    ],
    [
      4557,
      5211
    ],
    [
      4792,
      5086
    ],
    [
      4825,
      5224
    ],
    [
      4842,
      4916
    ],
    [
      4842,
      5116
    ],
    [
      4848,
      4987
    ],
    [
      5014,
      5277
    ],
    [
      5061,
      5223
    ]
  ]
}