{
  "n_true_positives": 54,
  "n_positives": 54,
  "total_time": 0.8343007564544678,
  "date": "2025-01-28T08:49:49.417435",
  "backend": "BruteForce",
  "n_bins": 50,
  "eps": 0.02,
  "args": {
    "csvpath": [
      "../data/Certifair/predictions/compas-local-P2-combined.csv"
    ],
    "eps": 0.02,
    "n_bins": 50,
    "n_examples": null,
    "out_path": "../results/fairness//results/certifair//compas-local-P2-combined-eps0.02.json",
    "full_output": false,
    "verbose": false,
    "randomize_order": false,
    "backend": "bf",
    "blind_cols": null,
    "sample_cols": null,
    "pred": "prediction",
    "metric": "infinity",
    "max_time": null,
    "batchsize": null
  },
  "backend_meta": {
    "epsilon": 0.02,
    "decision_col": "prediction",
    "metric": "infinity",
    "is_exact": true,
    "is_sound": true,
    "is_complete": true
  },
  "positives": [
    [
      49,
      1190
    ],
    [
      49,
      2209
    ],
    [
      138,
      4027
    ],
    [
      204,
      1295
    ],
    [
      282,
      1178
    ],
    [
      300,
      728
    ],
    [
      355,
      1998
    ],
    [
      376,
      1178
    ],
    [
      486,
      4793
    ],
    [
      598,
      3255
    ],
    [
      616,
      5195
    ],
    [
      785,
      4515
    ],
    [
      786,
      1968
    ],
    [
      804,
      4627
    ],
    [
      1033,
      3313
    ],
    [
      1033,
      4406
    ],
    [
      1156,
      4842
    ],
    [
      1178,
      3633
    ],
    [
      1196,
      3268
    ],
    [
      1295,
      1893
    ],
    [
      1295,
      2939
    ],
    [
      1314,
      4627
    ],
    [
      1356,
      2374
    ],
    [
      1574,
      4472
    ],
    [
      1633,
      4075
    ],
    [
      1894,
      5141
    ],
    [
      1913,
      2374
    ],
    [
      1944,
      3938
    ],
    [
      1968,
      4793
    ],
    [
      1998,
      3490
    ],
    [
      2304,
      2901
    ],
    [
      2366,
      4495
    ],
    [
      2464,
      3268
    ],
    [
      2497,
      3255
    ],
    [
      2517,
      3949
    ],
    [
      2564,
      5223
    ],
    [
      2583,
      4678
    ],
    [
      2742,
      4627
    ],
    [
      2877,
      3420
    ],
    [
      2901,
      3379
    ],
    [
      2939,
      2990
    ],
    [
      2982,
      4683
    ],
    [
      3064,
      4817
    ],
    [
      3199,
      4127
    ],
    [
      3248,
      5224
    ],
    [
      3313,
      4991
    ],
    [
      3410,
      3490
    ],
    [
      3420,
      3829
    ],
    [
      3749,
      4684
    ],
    [
      3909,
      4472
    ],
    [
      4041,
      4318
    ],
    [
      4045,
      4071
    ],
    [
      4406,
      4991
    ],
    [
      4825,
      5224
    ]
  ]
}