{
  "n_true_positives": 8,
  "n_positives": 8,
  "total_time": 0.8396565914154053,
  "date": "2025-01-28T08:49:46.883023",
  "backend": "BruteForce",
  "n_bins": 400,
  "eps": 0.0025,
  "args": {
    "csvpath": [
      "../data/Certifair/predictions/compas-base-P1-combined.csv"
    ],
    "eps": 0.0025,
    "n_bins": 400,
    "n_examples": null,
    "out_path": "../results/fairness//results/certifair//compas-base-P1-combined-eps0.0025.json",
    "full_output": false,
    "verbose": false,
    "randomize_order": false,
    "backend": "bf",
    "blind_cols": null,
    "sample_cols": null,
    "pred": "prediction",
    "metric": "infinity",
    "max_time": null,
    "batchsize": null
  },
  "backend_meta": {
    "epsilon": 0.0025,
    "decision_col": "prediction",
    "metric": "infinity",
    "is_exact": true,
    "is_sound": true,
    "is_complete": true
  },
  "positives": [
    [
      170,
      1926
    ],
    [
      288,
      3226
    ],
    [
      1170,
      3226
    ],
    [
      1233,
      3226
    ],
    [
      1926,
      4461
    ],
    [
      1926,
      4680
    ],
    [
      3191,
      3226
    ],
    [
      3226,
      4943
    ]
  ]
}