{
  "n_true_positives": 1233,
  "n_positives": 1233,
  "total_time": 0.8528327941894531,
  "date": "2025-01-28T08:49:49.435707",
  "backend": "BruteForce",
  "n_bins": 25,
  "eps": 0.04,
  "args": {
    "csvpath": [
      "../data/Certifair/predictions/compas-global-P2-combined.csv"
    ],
    "eps": 0.04,
    "n_bins": 25,
    "n_examples": null,
    "out_path": "../results/fairness//results/certifair//compas-global-P2-combined-eps0.04.json",
    "full_output": false,
    "verbose": false,
    "randomize_order": false,
    "backend": "bf",
    "blind_cols": null,
    "sample_cols": null,
    "pred": "prediction",
    "metric": "infinity",
    "max_time": null,
    "batchsize": null
  },
  "backend_meta": {
    "epsilon": 0.04,
    "decision_col": "prediction",
    "metric": "infinity",
    "is_exact": true,
    "is_sound": true,
    "is_complete": true
  },
  "positives": [
    [
      6,
      813
    ],
    [
      6,
      841
    ],
    [
      6,
      1434
    ],
    [
      6,
      1581
    ],
    [
      6,
      2649
    ],
    [
      6,
      2921
    ],
    [
      6,
      3288
    ],
    [
      6,
      3370
    ],
    [
      6,
      3734
    ],
    [
      6,
      3818
    ],
    [
      7,
      263
    ],
    [
      9,
      1643
    ],
    [
      15,
      2142
    ],
    [
      15,
      2279
    ],
    [
      19,
      758
    ],
    [
      23,
      2755
    ],
    [
      38,
      1103
    ],
    [
      38,
      3737
    ],
    [
      39,
      1643
    ],
    [
      46,
      2861
    ],
    [
      51,
      2513
    ],
    [
      54,
      720
    ],
    [
      54,
      1156
    ],
    [
      55,
      1518
    ],
    [
      55,
      3401
    ],
    [
      60,
      2310
    ],
    [
      60,
      2348
    ],
    [
      60,
      3314
    ],
    [
      60,
      4364
    ],
    [
      71,
      1242
    ],
    [
      99,
      1103
    ],
    [
      99,
      3737
    ],
    [
      100,
      962
    ],
    [
      100,
      1731
    ],
    [
      100,
      2708
    ],
    [
      100,
      3136
    ],
    [
      100,
      3433
    ],
    [
      100,
      3598
    ],
    [
      100,
      3643
    ],
    [
      100,
      4498
    ],
    [
      103,
      1944
    ],
    [
      103,
      3938
    ],
    [
      107,
      2778
    ],
    [
      116,
      1514
    ],
    [
      116,
      2868
    ],
    [
      116,
      4682
    ],
    [
      128,
      2778
    ],
    [
      128,
      4655
    ],
    [
      134,
      1518
    ],
    [
      136,
      2310
    ],
    [
      136,
      2348
    ],
    [
      136,
      3314
    ],
    [
      141,
      2755
    ],
    [
      142,
      2310
    ],
    [
      142,
      2348
    ],
    [
      142,
      3314
    ],
    [
      142,
      4364
    ],
    [
      169,
      758
    ],
    [
      169,
      1518
    ],
    [
      169,
      3401
    ],
    [
      185,
      758
    ],
    [
      199,
      3938
    ],
    [
      210,
      2909
    ],
    [
      210,
      3411
    ],
    [
      211,
      1312
    ],
    [
      211,
      1316
    ],
    [
      211,
      1550
    ],
    [
      211,
      3251
    ],
    [
      211,
      5181
    ],
    [
      223,
      3679
    ],
    [
      226,
      764
    ],
    [
      229,
      2861
    ],
    [
      230,
      962
    ],
    [
      230,
      1731
    ],
    [
      230,
      3136
    ],
    [
      231,
      2861
    ],
    [
      233,
      2500
    ],
    [
      233,
      3307
    ],
    [
      241,
      5078
    ],
    [
      249,
      2861
    ],
    [
      261,
      1518
    ],
    [
      261,
      3401
    ],
    [
      263,
      391
    ],
    [
      263,
      903
    ],
    [
      263,
      1035
    ],
    [
      263,
      2498
    ],
    [
      263,
      2980
    ],
    [
      263,
      4022
    ],
    [
      263,
      4181
    ],
    [
      263,
      4463
    ],
    [
      263,
      4728
    ],
    [
      267,
      5078
    ],
    [
      269,
      2778
    ],
    [
      270,
      2279
    ],
    [
      277,
      1103
    ],
    [
      277,
      3737
    ],
    [
      279,
      2861
    ],
    [
      285,
      720
    ],
    [
      290,
      1518
    ],
    [
      305,
      3938
    ],
    [
      313,
      621
    ],
    [
      313,
      815
    ],
    [
      313,
      1895
    ],
    [
      313,
      1909
    ],
    [
      313,
      2265
    ],
    [
      313,
      2483
    ],
    [
      313,
      2617
    ],
    [
      313,
      3077
    ],
    [
      313,
      3159
    ],
    [
      313,
      3184
    ],
    [
      313,
      3553
    ],
    [
      313,
      4835
    ],
    [
      313,
      4869
    ],
    [
      313,
      5051
    ],
    [
      340,
      4481
    ],
    [
      355,
      4631
    ],
    [
      356,
      2310
    ],
    [
      356,
      2348
    ],
    [
      356,
      3314
    ],
    [
      370,
      1989
    ],
    [
      370,
      4023
    ],
    [
      385,
      3938
    ],
    [
      387,
      1514
    ],
    [
      387,
      2868
    ],
    [
      387,
      4682
    ],
    [
      393,
      2861
    ],
    [
      395,
      764
    ],
    [
      412,
      1514
    ],
    [
      412,
      2868
    ],
    [
      412,
      4682
    ],
    [
      412,
      5255
    ],
    [
      414,
      5078
    ],
    [
      417,
      1265
    ],
    [
      430,
      962
    ],
    [
      430,
      1731
    ],
    [
      430,
      3136
    ],
    [
      430,
      3433
    ],
    [
      430,
      3643
    ],
    [
      440,
      2310
    ],
    [
      440,
      2348
    ],
    [
      440,
      3314
    ],
    [
      440,
      4364
    ],
    [
      440,
      5086
    ],
    [
      446,
      1928
    ],
    [
      448,
      3938
    ],
    [
      469,
      520
    ],
    [
      469,
      813
    ],
    [
      469,
      841
    ],
    [
      469,
      1434
    ],
    [
      469,
      1581
    ],
    [
      469,
      1941
    ],
    [
      469,
      2649
    ],
    [
      469,
      2707
    ],
    [
      469,
      2921
    ],
    [
      469,
      3288
    ],
    [
      469,
      3370
    ],
    [
      469,
      3734
    ],
    [
      469,
      3818
    ],
    [
      487,
      1103
    ],
    [
      487,
      3737
    ],
    [
      496,
      962
    ],
    [
      496,
      1731
    ],
    [
      496,
      2708
    ],
    [
      496,
      3136
    ],
    [
      496,
      3433
    ],
    [
      496,
      3598
    ],
    [
      496,
      3643
    ],
    [
      496,
      4498
    ],
    [
      500,
      520
    ],
    [
      500,
      813
    ],
    [
      500,
      841
    ],
    [
      500,
      1434
    ],
    [
      500,
      1581
    ],
    [
      500,
      1941
    ],
    [
      500,
      2649
    ],
    [
      500,
      2707
    ],
    [
      500,
      2921
    ],
    [
      500,
      3288
    ],
    [
      500,
      3370
    ],
    [
      500,
      3734
    ],
    [
      500,
      3818
    ],
    [
      506,
      3679
    ],
    [
      507,
      2142
    ],
    [
      507,
      2279
    ],
    [
      520,
      691
    ],
    [
      520,
      778
    ],
    [
      520,
      789
    ],
    [
      520,
      1435
    ],
    [
      520,
      1772
    ],
    [
      520,
      2099
    ],
    [
      520,
      2456
    ],
    [
      520,
      2741
    ],
    [
      520,
      2926
    ],
    [
      520,
      3608
    ],
    [
      520,
      3708
    ],
    [
      520,
      3784
    ],
    [
      520,
      4985
    ],
    [
      520,
      5025
    ],
    [
      524,
      962
    ],
    [
      524,
      1731
    ],
    [
      524,
      3136
    ],
    [
      539,
      3938
    ],
    [
      541,
      1265
    ],
    [
      542,
      2901
    ],
    [
      548,
      1265
    ],
    [
      562,
      1242
    ],
    [
      574,
      962
    ],
    [
      574,
      1731
    ],
    [
      574,
      3136
    ],
    [
      574,
      3433
    ],
    [
      574,
      3643
    ],
    [
      578,
      1235
    ],
    [
      578,
      1552
    ],
    [
      578,
      1697
    ],
    [
      578,
      1997
    ],
    [
      578,
      2537
    ],
    [
      578,
      2639
    ],
    [
      578,
      2946
    ],
    [
      578,
      3153
    ],
    [
      578,
      4296
    ],
    [
      578,
      4437
    ],
    [
      578,
      4479
    ],
    [
      578,
      4493
    ],
    [
      578,
      4866
    ],
    [
      578,
      5114
    ],
    [
      602,
      764
    ],
    [
      604,
      962
    ],
    [
      604,
      1731
    ],
    [
      604,
      3433
    ],
    [
      604,
      3643
    ],
    [
      611,
      1253
    ],
    [
      621,
      4355
    ],
    [
      634,
      3679
    ],
    [
      643,
      1514
    ],
    [
      643,
      2409
    ],
    [
      643,
      2868
    ],
    [
      643,
      4682
    ],
    [
      659,
      768
    ],
    [
      659,
      3571
    ],
    [
      671,
      2310
    ],
    [
      671,
      2348
    ],
    [
      671,
      3314
    ],
    [
      671,
      4364
    ],
    [
      681,
      2861
    ],
    [
      685,
      4481
    ],
    [
      691,
      841
    ],
    [
      691,
      859
    ],
    [
      691,
      1434
    ],
    [
      691,
      1581
    ],
    [
      691,
      1941
    ],
    [
      691,
      2707
    ],
    [
      691,
      2921
    ],
    [
      691,
      3370
    ],
    [
      691,
      3818
    ],
    [
      691,
      3921
    ],
    [
      701,
      1514
    ],
    [
      701,
      2409
    ],
    [
      701,
      2868
    ],
    [
      701,
      4682
    ],
    [
      703,
      3938
    ],
    [
      708,
      3797
    ],
    [
      711,
      3679
    ],
    [
      720,
      909
    ],
    [
      720,
      1781
    ],
    [
      720,
      1971
    ],
    [
      720,
      3042
    ],
    [
      720,
      3748
    ],
    [
      720,
      4530
    ],
    [
      720,
      4713
    ],
    [
      720,
      4842
    ],
    [
      720,
      5116
    ],
    [
      745,
      764
    ],
    [
      758,
      794
    ],
    [
      758,
      799
    ],
    [
      758,
      816
    ],
    [
      758,
      1159
    ],
    [
      758,
      1459
    ],
    [
      758,
      2081
    ],
    [
      758,
      2108
    ],
    [
      758,
      2272
    ],
    [
      758,
      2758
    ],
    [
      758,
      2801
    ],
    [
      758,
      3072
    ],
    [
      758,
      3175
    ],
    [
      758,
      3179
    ],
    [
      758,
      3580
    ],
    [
      758,
      3654
    ],
    [
      758,
      3742
    ],
    [
      758,
      3796
    ],
    [
      758,
      3798
    ],
    [
      758,
      4155
    ],
    [
      758,
      4396
    ],
    [
      758,
      4477
    ],
    [
      758,
      4592
    ],
    [
      758,
      4613
    ],
    [
      758,
      4741
    ],
    [
      758,
      4746
    ],
    [
      758,
      5147
    ],
    [
      759,
      3938
    ],
    [
      759,
      5078
    ],
    [
      764,
      1469
    ],
    [
      764,
      1853
    ],
    [
      764,
      2557
    ],
    [
      764,
      3584
    ],
    [
      765,
      1511
    ],
    [
      768,
      822
    ],
    [
      768,
      1938
    ],
    [
      768,
      2793
    ],
    [
      768,
      3027
    ],
    [
      768,
      3440
    ],
    [
      768,
      3969
    ],
    [
      768,
      4039
    ],
    [
      768,
      4815
    ],
    [
      768,
      5186
    ],
    [
      778,
      813
    ],
    [
      778,
      841
    ],
    [
      778,
      1434
    ],
    [
      778,
      1581
    ],
    [
      778,
      1941
    ],
    [
      778,
      2649
    ],
    [
      778,
      2707
    ],
    [
      778,
      2921
    ],
    [
      778,
      3288
    ],
    [
      778,
      3370
    ],
    [
      778,
      3734
    ],
    [
      778,
      3818
    ],
    [
      789,
      813
    ],
    [
      789,
      841
    ],
    [
      789,
      1434
    ],
    [
      789,
      1581
    ],
    [
      789,
      1941
    ],
    [
      789,
      2649
    ],
    [
      789,
      2707
    ],
    [
      789,
      2921
    ],
    [
      789,
      3288
    ],
    [
      789,
      3370
    ],
    [
      789,
      3734
    ],
    [
      789,
      3818
    ],
    [
      790,
      2348
    ],
    [
      790,
      3314
    ],
    [
      790,
      4364
    ],
    [
      805,
      1518
    ],
    [
      813,
      1328
    ],
    [
      813,
      1331
    ],
    [
      813,
      1435
    ],
    [
      813,
      1772
    ],
    [
      813,
      2926
    ],
    [
      813,
      3171
    ],
    [
      813,
      3784
    ],
    [
      813,
      4962
    ],
    [
      813,
      4985
    ],
    [
      815,
      4355
    ],
    [
      816,
      1518
    ],
    [
      816,
      3401
    ],
    [
      821,
      1514
    ],
    [
      821,
      2868
    ],
    [
      821,
      4682
    ],
    [
      821,
      5255
    ],
    [
      822,
      3571
    ],
    [
      835,
      2409
    ],
    [
      840,
      1896
    ],
    [
      840,
      4884
    ],
    [
      841,
      1328
    ],
    [
      841,
      1331
    ],
    [
      841,
      1435
    ],
    [
      841,
      1772
    ],
    [
      841,
      2099
    ],
    [
      841,
      2456
    ],
    [
      841,
      2926
    ],
    [
      841,
      3171
    ],
    [
      841,
      3608
    ],
    [
      841,
      3708
    ],
    [
      841,
      3784
    ],
    [
      841,
      4962
    ],
    [
      841,
      4985
    ],
    [
      854,
      1514
    ],
    [
      854,
      2868
    ],
    [
      854,
      4682
    ],
    [
      859,
      2099
    ],
    [
      859,
      2456
    ],
    [
      859,
      2741
    ],
    [
      859,
      2918
    ],
    [
      859,
      3163
    ],
    [
      859,
      3608
    ],
    [
      859,
      3708
    ],
    [
      859,
      5025
    ],
    [
      904,
      2142
    ],
    [
      904,
      2279
    ],
    [
      908,
      3938
    ],
    [
      908,
      5078
    ],
    [
      909,
      1156
    ],
    [
      914,
      1514
    ],
    [
      914,
      2868
    ],
    [
      914,
      4682
    ],
    [
      934,
      5078
    ],
    [
      935,
      3938
    ],
    [
      937,
      5078
    ],
    [
      939,
      2105
    ],
    [
      962,
      1025
    ],
    [
      962,
      1052
    ],
    [
      962,
      1272
    ],
    [
      962,
      1810
    ],
    [
      962,
      1987
    ],
    [
      962,
      2060
    ],
    [
      962,
      2584
    ],
    [
      962,
      2737
    ],
    [
      962,
      3049
    ],
    [
      962,
      3090
    ],
    [
      962,
      3360
    ],
    [
      962,
      3414
    ],
    [
      962,
      3613
    ],
    [
      962,
      4209
    ],
    [
      962,
      4346
    ],
    [
      962,
      4441
    ],
    [
      962,
      4584
    ],
    [
      962,
      4619
    ],
    [
      962,
      4675
    ],
    [
      962,
      4676
    ],
    [
      962,
      4786
    ],
    [
      962,
      5059
    ],
    [
      964,
      2310
    ],
    [
      964,
      2348
    ],
    [
      967,
      5086
    ],
    [
      971,
      1518
    ],
    [
      971,
      3401
    ],
    [
      977,
      2348
    ],
    [
      977,
      3314
    ],
    [
      986,
      1643
    ],
    [
      998,
      2352
    ],
    [
      1001,
      3938
    ],
    [
      1005,
      3938
    ],
    [
      1013,
      1103
    ],
    [
      1013,
      3737
    ],
    [
      1025,
      1731
    ],
    [
      1025,
      2708
    ],
    [
      1025,
      3136
    ],
    [
      1025,
      3433
    ],
    [
      1025,
      3598
    ],
    [
      1025,
      3643
    ],
    [
      1025,
      4498
    ],
    [
      1046,
      2142
    ],
    [
      1046,
      2279
    ],
    [
      1049,
      3938
    ],
    [
      1052,
      1731
    ],
    [
      1052,
      3136
    ],
    [
      1052,
      3433
    ],
    [
      1052,
      3643
    ],
    [
      1058,
      1103
    ],
    [
      1058,
      3737
    ],
    [
      1063,
      2360
    ],
    [
      1081,
      3938
    ],
    [
      1084,
      2310
    ],
    [
      1084,
      2348
    ],
    [
      1084,
      3314
    ],
    [
      1084,
      4364
    ],
    [
      1103,
      1127
    ],
    [
      1103,
      1135
    ],
    [
      1103,
      1416
    ],
    [
      1103,
      1725
    ],
    [
      1103,
      2088
    ],
    [
      1103,
      2283
    ],
    [
      1103,
      2499
    ],
    [
      1103,
      2686
    ],
    [
      1103,
      2761
    ],
    [
      1103,
      2889
    ],
    [
      1103,
      2997
    ],
    [
      1103,
      3076
    ],
    [
      1103,
      3280
    ],
    [
      1103,
      3461
    ],
    [
      1103,
      3526
    ],
    [
      1103,
      4190
    ],
    [
      1103,
      4473
    ],
    [
      1103,
      4581
    ],
    [
      1103,
      4769
    ],
    [
      1103,
      5001
    ],
    [
      1127,
      3737
    ],
    [
      1134,
      2310
    ],
    [
      1134,
      2348
    ],
    [
      1135,
      3737
    ],
    [
      1152,
      2861
    ],
    [
      1156,
      1942
    ],
    [
      1156,
      2792
    ],
    [
      1156,
      3042
    ],
    [
      1156,
      4842
    ],
    [
      1156,
      4916
    ],
    [
      1156,
      5116
    ],
    [
      1180,
      3938
    ],
    [
      1182,
      2746
    ],
    [
      1182,
      2798
    ],
    [
      1182,
      2831
    ],
    [
      1182,
      3203
    ],
    [
      1182,
      3386
    ],
    [
      1182,
      3702
    ],
    [
      1186,
      3785
    ],
    [
      1188,
      2105
    ],
    [
      1204,
      2310
    ],
    [
      1204,
      2348
    ],
    [
      1204,
      3314
    ],
    [
      1204,
      4364
    ],
    [
      1242,
      3996
    ],
    [
      1242,
      4138
    ],
    [
      1245,
      2513
    ],
    [
      1253,
      4916
    ],
    [
      1265,
      2842
    ],
    [
      1272,
      1731
    ],
    [
      1272,
      2708
    ],
    [
      1272,
      3433
    ],
    [
      1272,
      3598
    ],
    [
      1272,
      3643
    ],
    [
      1272,
      4498
    ],
    [
      1281,
      2310
    ],
    [
      1281,
      2348
    ],
    [
      1281,
      3314
    ],
    [
      1281,
      4364
    ],
    [
      1296,
      1731
    ],
    [
      1296,
      2708
    ],
    [
      1296,
      3433
    ],
    [
      1296,
      3598
    ],
    [
      1296,
      4498
    ],
    [
      1306,
      2310
    ],
    [
      1306,
      2348
    ],
    [
      1306,
      3314
    ],
    [
      1306,
      4364
    ],
    [
      1315,
      2877
    ],
    [
      1315,
      3420
    ],
    [
      1315,
      3554
    ],
    [
      1315,
      3829
    ],
    [
      1315,
      4225
    ],
    [
      1315,
      4695
    ],
    [
      1324,
      2174
    ],
    [
      1324,
      3284
    ],
    [
      1328,
      1434
    ],
    [
      1328,
      1581
    ],
    [
      1328,
      2649
    ],
    [
      1328,
      2921
    ],
    [
      1328,
      3288
    ],
    [
      1328,
      3370
    ],
    [
      1328,
      3734
    ],
    [
      1328,
      3818
    ],
    [
      1331,
      1434
    ],
    [
      1331,
      1581
    ],
    [
      1331,
      2649
    ],
    [
      1331,
      2921
    ],
    [
      1331,
      3288
    ],
    [
      1331,
      3370
    ],
    [
      1331,
      3734
    ],
    [
      1331,
      3818
    ],
    [
      1337,
      3938
    ],
    [
      1348,
      2105
    ],
    [
      1380,
      3938
    ],
    [
      1386,
      4075
    ],
    [
      1395,
      3938
    ],
    [
      1395,
      5078
    ],
    [
      1409,
      3938
    ],
    [
      1416,
      3737
    ],
    [
      1420,
      3679
    ],
    [
      1431,
      2141
    ],
    [
      1432,
      5078
    ],
    [
      1433,
      3679
    ],
    [
      1434,
      1435
    ],
    [
      1434,
      1772
    ],
    [
      1434,
      2099
    ],
    [
      1434,
      2456
    ],
    [
      1434,
      2926
    ],
    [
      1434,
      3171
    ],
    [
      1434,
      3608
    ],
    [
      1434,
      3708
    ],
    [
      1434,
      3784
    ],
    [
      1434,
      4962
    ],
    [
      1434,
      4985
    ],
    [
      1435,
      1581
    ],
    [
      1435,
      1941
    ],
    [
      1435,
      2649
    ],
    [
      1435,
      2707
    ],
    [
      1435,
      2921
    ],
    [
      1435,
      3288
    ],
    [
      1435,
      3370
    ],
    [
      1435,
      3734
    ],
    [
      1435,
      3818
    ],
    [
      1437,
      1894
    ],
    [
      1437,
      3751
    ],
    [
      1437,
      5141
    ],
    [
      1459,
      1518
    ],
    [
      1459,
      3401
    ],
    [
      1460,
      1518
    ],
    [
      1464,
      1643
    ],
    [
      1491,
      2870
    ],
    [
      1497,
      2310
    ],
    [
      1497,
      2348
    ],
    [
      1497,
      3314
    ],
    [
      1497,
      4364
    ],
    [
      1503,
      2105
    ],
    [
      1505,
      2142
    ],
    [
      1505,
      2279
    ],
    [
      1511,
      2536
    ],
    [
      1511,
      3531
    ],
    [
      1511,
      5077
    ],
    [
      1513,
      2661
    ],
    [
      1513,
      3205
    ],
    [
      1513,
      4754
    ],
    [
      1514,
      1598
    ],
    [
      1514,
      1702
    ],
    [
      1514,
      1730
    ],
    [
      1514,
      2007
    ],
    [
      1514,
      2227
    ],
    [
      1514,
      3104
    ],
    [
      1514,
      3346
    ],
    [
      1514,
      3622
    ],
    [
      1514,
      3990
    ],
    [
      1514,
      4040
    ],
    [
      1514,
      4112
    ],
    [
      1514,
      4757
    ],
    [
      1514,
      5050
    ],
    [
      1514,
      5149
    ],
    [
      1514,
      5188
    ],
    [
      1518,
      1519
    ],
    [
      1518,
      1846
    ],
    [
      1518,
      2043
    ],
    [
      1518,
      2339
    ],
    [
      1518,
      2419
    ],
    [
      1518,
      2507
    ],
    [
      1518,
      2520
    ],
    [
      1518,
      2801
    ],
    [
      1518,
      2935
    ],
    [
      1518,
      3072
    ],
    [
      1518,
      3137
    ],
    [
      1518,
      3172
    ],
    [
      1518,
      3530
    ],
    [
      1518,
      3569
    ],
    [
      1518,
      3580
    ],
    [
      1518,
      3654
    ],
    [
      1518,
      3732
    ],
    [
      1518,
      3742
    ],
    [
      1518,
      3814
    ],
    [
      1518,
      3914
    ],
    [
      1518,
      3974
    ],
    [
      1518,
      3983
    ],
    [
      1518,
      4166
    ],
    [
      1518,
      4244
    ],
    [
      1518,
      4266
    ],
    [
      1518,
      4339
    ],
    [
      1518,
      4396
    ],
    [
      1518,
      4477
    ],
    [
      1518,
      4525
    ],
    [
      1518,
      4613
    ],
    [
      1518,
      4712
    ],
    [
      1518,
      4741
    ],
    [
      1518,
      4746
    ],
    [
      1518,
      4955
    ],
    [
      1518,
      5174
    ],
    [
      1530,
      1944
    ],
    [
      1530,
      3938
    ],
    [
      1530,
      5127
    ],
    [
      1574,
      2142
    ],
    [
      1575,
      3938
    ],
    [
      1581,
      1772
    ],
    [
      1581,
      2099
    ],
    [
      1581,
      2456
    ],
    [
      1581,
      2926
    ],
    [
      1581,
      3171
    ],
    [
      1581,
      3608
    ],
    [
      1581,
      3708
    ],
    [
      1581,
      3784
    ],
    [
      1581,
      4962
    ],
    [
      1581,
      4985
    ],
    [
      1588,
      2755
    ],
    [
      1598,
      2868
    ],
    [
      1598,
      4682
    ],
    [
      1604,
      3411
    ],
    [
      1605,
      2105
    ],
    [
      1605,
      3623
    ],
    [
      1622,
      2310
    ],
    [
      1622,
      2348
    ],
    [
      1622,
      3314
    ],
    [
      1629,
      1643
    ],
    [
      1633,
      4630
    ],
    [
      1639,
      2755
    ],
    [
      1643,
      4447
    ],
    [
      1643,
      4760
    ],
    [
      1702,
      2868
    ],
    [
      1702,
      4682
    ],
    [
      1712,
      2513
    ],
    [
      1715,
      3938
    ],
    [
      1725,
      3737
    ],
    [
      1729,
      4075
    ],
    [
      1730,
      2868
    ],
    [
      1730,
      4682
    ],
    [
      1730,
      5255
    ],
    [
      1731,
      1810
    ],
    [
      1731,
      1937
    ],
    [
      1731,
      1987
    ],
    [
      1731,
      2060
    ],
    [
      1731,
      2584
    ],
    [
      1731,
      2737
    ],
    [
      1731,
      3049
    ],
    [
      1731,
      3090
    ],
    [
      1731,
      3360
    ],
    [
      1731,
      3414
    ],
    [
      1731,
      3613
    ],
    [
      1731,
      3714
    ],
    [
      1731,
      4209
    ],
    [
      1731,
      4346
    ],
    [
      1731,
      4441
    ],
    [
      1731,
      4584
    ],
    [
      1731,
      4619
    ],
    [
      1731,
      4675
    ],
    [
      1731,
      4676
    ],
    [
      1731,
      4786
    ],
    [
      1731,
      5059
    ],
    [
      1764,
      3679
    ],
    [
      1772,
      1941
    ],
    [
      1772,
      2649
    ],
    [
      1772,
      2707
    ],
    [
      1772,
      2921
    ],
    [
      1772,
      3288
    ],
    [
      1772,
      3370
    ],
    [
      1772,
      3734
    ],
    [
      1772,
      3818
    ],
    [
      1779,
      2755
    ],
    [
      1779,
      3318
    ],
    [
      1784,
      3938
    ],
    [
      1784,
      5078
    ],
    [
      1802,
      3073
    ],
    [
      1804,
      2310
    ],
    [
      1804,
      2348
    ],
    [
      1804,
      3314
    ],
    [
      1804,
      4364
    ],
    [
      1805,
      3938
    ],
    [
      1808,
      2106
    ],
    [
      1810,
      2708
    ],
    [
      1810,
      3136
    ],
    [
      1810,
      3433
    ],
    [
      1810,
      3598
    ],
    [
      1810,
      3643
    ],
    [
      1810,
      4498
    ],
    [
      1838,
      3938
    ],
    [
      1838,
      5078
    ],
    [
      1846,
      3401
    ],
    [
      1886,
      5078
    ],
    [
      1895,
      4355
    ],
    [
      1896,
      4631
    ],
    [
      1909,
      4355
    ],
    [
      1928,
      2279
    ],
    [
      1937,
      2708
    ],
    [
      1937,
      3433
    ],
    [
      1937,
      3598
    ],
    [
      1937,
      4498
    ],
    [
      1938,
      3571
    ],
    [
      1941,
      2099
    ],
    [
      1941,
      2456
    ],
    [
      1941,
      2741
    ],
    [
      1941,
      2926
    ],
    [
      1941,
      3608
    ],
    [
      1941,
      3708
    ],
    [
      1941,
      3784
    ],
    [
      1941,
      4985
    ],
    [
      1941,
      5025
    ],
    [
      1942,
      3881
    ],
    [
      1944,
      2417
    ],
    [
      1944,
      2467
    ],
    [
      1944,
      3344
    ],
    [
      1944,
      3890
    ],
    [
      1981,
      2279
    ],
    [
      1987,
      3136
    ],
    [
      1987,
      4498
    ],
    [
      2007,
      2868
    ],
    [
      2007,
      4682
    ],
    [
      2011,
      5078
    ],
    [
      2033,
      3938
    ],
    [
      2034,
      4805
    ],
    [
      2036,
      4301
    ],
    [
      2060,
      3433
    ],
    [
      2060,
      3643
    ],
    [
      2064,
      2142
    ],
    [
      2088,
      3737
    ],
    [
      2090,
      2868
    ],
    [
      2090,
      4682
    ],
    [
      2098,
      4301
    ],
    [
      2099,
      2707
    ],
    [
      2099,
      2921
    ],
    [
      2099,
      3370
    ],
    [
      2099,
      3818
    ],
    [
      2099,
      3921
    ],
    [
      2105,
      2178
    ],
    [
      2105,
      3973
    ],
    [
      2105,
      4113
    ],
    [
      2105,
      4148
    ],
    [
      2106,
      2787
    ],
    [
      2113,
      3679
    ],
    [
      2142,
      2532
    ],
    [
      2142,
      2924
    ],
    [
      2142,
      3075
    ],
    [
      2142,
      3351
    ],
    [
      2142,
      3471
    ],
    [
      2142,
      3554
    ],
    [
      2142,
      3909
    ],
    [
      2142,
      4183
    ],
    [
      2142,
      4436
    ],
    [
      2142,
      4472
    ],
    [
      2142,
      5087
    ],
    [
      2146,
      2861
    ],
    [
      2157,
      4988
    ],
    [
      2164,
      2310
    ],
    [
      2164,
      2348
    ],
    [
      2164,
      3314
    ],
    [
      2164,
      4364
    ],
    [
      2174,
      2901
    ],
    [
      2198,
      3679
    ],
    [
      2227,
      2409
    ],
    [
      2227,
      2868
    ],
    [
      2227,
      4682
    ],
    [
      2237,
      2310
    ],
    [
      2237,
      2348
    ],
    [
      2237,
      3314
    ],
    [
      2237,
      4364
    ],
    [
      2254,
      2861
    ],
    [
      2265,
      4355
    ],
    [
      2277,
      5078
    ],
    [
      2279,
      2532
    ],
    [
      2279,
      2625
    ],
    [
      2279,
      2919
    ],
    [
      2279,
      2924
    ],
    [
      2279,
      3160
    ],
    [
      2279,
      3250
    ],
    [
      2279,
      3351
    ],
    [
      2279,
      3471
    ],
    [
      2279,
      3502
    ],
    [
      2279,
      3554
    ],
    [
      2279,
      4183
    ],
    [
      2279,
      4225
    ],
    [
      2279,
      4259
    ],
    [
      2279,
      4533
    ],
    [
      2279,
      4695
    ],
    [
      2279,
      4920
    ],
    [
      2279,
      5087
    ],
    [
      2283,
      3737
    ],
    [
      2304,
      3284
    ],
    [
      2304,
      4947
    ],
    [
      2306,
      2310
    ],
    [
      2306,
      2348
    ],
    [
      2306,
      3314
    ],
    [
      2306,
      4364
    ],
    [
      2310,
      2426
    ],
    [
      2310,
      2512
    ],
    [
      2310,
      2756
    ],
    [
      2310,
      2783
    ],
    [
      2310,
      2833
    ],
    [
      2310,
      3044
    ],
    [
      2310,
      3366
    ],
    [
      2310,
      3378
    ],
    [
      2310,
      3450
    ],
    [
      2310,
      3516
    ],
    [
      2310,
      3559
    ],
    [
      2310,
      3726
    ],
    [
      2310,
      3874
    ],
    [
      2310,
      4088
    ],
    [
      2310,
      4465
    ],
    [
      2310,
      4792
    ],
    [
      2310,
      4877
    ],
    [
      2310,
      4947
    ],
    [
      2310,
      4968
    ],
    [
      2315,
      2870
    ],
    [
      2348,
      2426
    ],
    [
      2348,
      2512
    ],
    [
      2348,
      2756
    ],
    [
      2348,
      2783
    ],
    [
      2348,
      2833
    ],
    [
      2348,
      3044
    ],
    [
      2348,
      3177
    ],
    [
      2348,
      3366
    ],
    [
      2348,
      3378
    ],
    [
      2348,
      3450
    ],
    [
      2348,
      3516
    ],
    [
      2348,
      3559
    ],
    [
      2348,
      3726
    ],
    [
      2348,
      3874
    ],
    [
      2348,
      4088
    ],
    [
      2348,
      4465
    ],
    [
      2348,
      4792
    ],
    [
      2348,
      4877
    ],
    [
      2348,
      4947
    ],
    [
      2348,
      4968
    ],
    [
      2352,
      2829
    ],
    [
      2352,
      4254
    ],
    [
      2379,
      4687
    ],
    [
      2382,
      2861
    ],
    [
      2409,
      3346
    ],
    [
      2409,
      3473
    ],
    [
      2409,
      4757
    ],
    [
      2409,
      5149
    ],
    [
      2417,
      3938
    ],
    [
      2419,
      3401
    ],
    [
      2426,
      3314
    ],
    [
      2456,
      2707
    ],
    [
      2456,
      2921
    ],
    [
      2456,
      3370
    ],
    [
      2456,
      3818
    ],
    [
      2456,
      3921
    ],
    [
      2461,
      2861
    ],
    [
      2467,
      3520
    ],
    [
      2467,
      3938
    ],
    [
      2480,
      3938
    ],
    [
      2480,
      5078
    ],
    [
      2499,
      3737
    ],
    [
      2508,
      3938
    ],
    [
      2512,
      3314
    ],
    [
      2512,
      4364
    ],
    [
      2513,
      4019
    ],
    [
      2518,
      2861
    ],
    [
      2520,
      3401
    ],
    [
      2539,
      5078
    ],
    [
      2561,
      5078
    ],
    [
      2584,
      3136
    ],
    [
      2584,
      3433
    ],
    [
      2584,
      3643
    ],
    [
      2596,
      2778
    ],
    [
      2596,
      4655
    ],
    [
      2613,
      3623
    ],
    [
      2617,
      4355
    ],
    [
      2621,
      2778
    ],
    [
      2629,
      3938
    ],
    [
      2649,
      2926
    ],
    [
      2649,
      3171
    ],
    [
      2649,
      3784
    ],
    [
      2649,
      4962
    ],
    [
      2649,
      4985
    ],
    [
      2656,
      2755
    ],
    [
      2686,
      3737
    ],
    [
      2688,
      5078
    ],
    [
      2707,
      2741
    ],
    [
      2707,
      2926
    ],
    [
      2707,
      3608
    ],
    [
      2707,
      3708
    ],
    [
      2707,
      3784
    ],
    [
      2707,
      4985
    ],
    [
      2707,
      5025
    ],
    [
      2708,
      3090
    ],
    [
      2708,
      3613
    ],
    [
      2708,
      3714
    ],
    [
      2708,
      4786
    ],
    [
      2708,
      5059
    ],
    [
      2708,
      5098
    ],
    [
      2717,
      3797
    ],
    [
      2737,
      3136
    ],
    [
      2737,
      4498
    ],
    [
      2741,
      3921
    ],
    [
      2753,
      2755
    ],
    [
      2755,
      2852
    ],
    [
      2755,
      2954
    ],
    [
      2755,
      3065
    ],
    [
      2755,
      3080
    ],
    [
      2755,
      3529
    ],
    [
      2755,
      4294
    ],
    [
      2755,
      4351
    ],
    [
      2755,
      4709
    ],
    [
      2756,
      3314
    ],
    [
      2756,
      4364
    ],
    [
      2757,
      5078
    ],
    [
      2761,
      3737
    ],
    [
      2778,
      4656
    ],
    [
      2778,
      5232
    ],
    [
      2783,
      3314
    ],
    [
      2793,
      3571
    ],
    [
      2819,
      3938
    ],
    [
      2819,
      5078
    ],
    [
      2824,
      3679
    ],
    [
      2831,
      4734
    ],
    [
      2833,
      3314
    ],
    [
      2833,
      4364
    ],
    [
      2860,
      3679
    ],
    [
      2861,
      3364
    ],
    [
      2861,
      3792
    ],
    [
      2861,
      3799
    ],
    [
      2861,
      3920
    ],
    [
      2861,
      3946
    ],
    [
      2861,
      4194
    ],
    [
      2861,
      4546
    ],
    [
      2861,
      5260
    ],
    [
      2868,
      3104
    ],
    [
      2868,
      3346
    ],
    [
      2868,
      3614
    ],
    [
      2868,
      3622
    ],
    [
      2868,
      3990
    ],
    [
      2868,
      4040
    ],
    [
      2868,
      4112
    ],
    [
      2868,
      4757
    ],
    [
      2868,
      5050
    ],
    [
      2868,
      5149
    ],
    [
      2868,
      5188
    ],
    [
      2870,
      3440
    ],
    [
      2878,
      5078
    ],
    [
      2889,
      3737
    ],
    [
      2893,
      3938
    ],
    [
      2901,
      3284
    ],
    [
      2901,
      3874
    ],
    [
      2901,
      4947
    ],
    [
      2909,
      3073
    ],
    [
      2917,
      3938
    ],
    [
      2918,
      3921
    ],
    [
      2921,
      2926
    ],
    [
      2921,
      3171
    ],
    [
      2921,
      3608
    ],
    [
      2921,
      3708
    ],
    [
      2921,
      3784
    ],
    [
      2921,
      4962
    ],
    [
      2921,
      4985
    ],
    [
      2926,
      3288
    ],
    [
      2926,
      3370
    ],
    [
      2926,
      3734
    ],
    [
      2926,
      3818
    ],
    [
      2928,
      5078
    ],
    [
      2932,
      3599
    ],
    [
      2932,
      4481
    ],
    [
      2972,
      4655
    ],
    [
      3018,
      4925
    ],
    [
      3027,
      3571
    ],
    [
      3049,
      3433
    ],
    [
      3049,
      3643
    ],
    [
      3072,
      3401
    ],
    [
      3073,
      4220
    ],
    [
      3076,
      3737
    ],
    [
      3077,
      4355
    ],
    [
      3090,
      3433
    ],
    [
      3090,
      3598
    ],
    [
      3090,
      3643
    ],
    [
      3090,
      4498
    ],
    [
      3104,
      4682
    ],
    [
      3112,
      3938
    ],
    [
      3136,
      3414
    ],
    [
      3136,
      3714
    ],
    [
      3136,
      4209
    ],
    [
      3136,
      4346
    ],
    [
      3136,
      4441
    ],
    [
      3136,
      4584
    ],
    [
      3136,
      4619
    ],
    [
      3136,
      4675
    ],
    [
      3136,
      4676
    ],
    [
      3136,
      5059
    ],
    [
      3137,
      3401
    ],
    [
      3138,
      3938
    ],
    [
      3159,
      4355
    ],
    [
      3163,
      3921
    ],
    [
      3171,
      3288
    ],
    [
      3171,
      3370
    ],
    [
      3171,
      3734
    ],
    [
      3171,
      3818
    ],
    [
      3172,
      3401
    ],
    [
      3177,
      3314
    ],
    [
      3177,
      4364
    ],
    [
      3184,
      4355
    ],
    [
      3234,
      3938
    ],
    [
      3234,
      5078
    ],
    [
      3273,
      3938
    ],
    [
      3280,
      3737
    ],
    [
      3284,
      3379
    ],
    [
      3284,
      4638
    ],
    [
      3284,
      4762
    ],
    [
      3288,
      3784
    ],
    [
      3288,
      4962
    ],
    [
      3288,
      4985
    ],
    [
      3314,
      3366
    ],
    [
      3314,
      3378
    ],
    [
      3314,
      3450
    ],
    [
      3314,
      3516
    ],
    [
      3314,
      3559
    ],
    [
      3314,
      3726
    ],
    [
      3314,
      3874
    ],
    [
      3314,
      4088
    ],
    [
      3314,
      4465
    ],
    [
      3314,
      4792
    ],
    [
      3314,
      4877
    ],
    [
      3314,
      4947
    ],
    [
      3314,
      4968
    ],
    [
      3337,
      5078
    ],
    [
      3344,
      3938
    ],
    [
      3344,
      5127
    ],
    [
      3346,
      4682
    ],
    [
      3346,
      5255
    ],
    [
      3353,
      5078
    ],
    [
      3360,
      3433
    ],
    [
      3360,
      3643
    ],
    [
      3366,
      4364
    ],
    [
      3370,
      3608
    ],
    [
      3370,
      3708
    ],
    [
      3370,
      3784
    ],
    [
      3370,
      4962
    ],
    [
      3370,
      4985
    ],
    [
      3378,
      4364
    ],
    [
      3379,
      4947
    ],
    [
      3401,
      3569
    ],
    [
      3401,
      3580
    ],
    [
      3401,
      3654
    ],
    [
      3401,
      3732
    ],
    [
      3401,
      3742
    ],
    [
      3401,
      3814
    ],
    [
      3401,
      3983
    ],
    [
      3401,
      4166
    ],
    [
      3401,
      4244
    ],
    [
      3401,
      4396
    ],
    [
      3401,
      4477
    ],
    [
      3401,
      4712
    ],
    [
      3401,
      4741
    ],
    [
      3401,
      5174
    ],
    [
      3414,
      3433
    ],
    [
      3414,
      3643
    ],
    [
      3415,
      3679
    ],
    [
      3433,
      3613
    ],
    [
      3433,
      3714
    ],
    [
      3433,
      4209
    ],
    [
      3433,
      4346
    ],
    [
      3433,
      4441
    ],
    [
      3433,
      4584
    ],
    [
      3433,
      4675
    ],
    [
      3433,
      4786
    ],
    [
      3433,
      5059
    ],
    [
      3434,
      5078
    ],
    [
      3440,
      3571
    ],
    [
      3441,
      3938
    ],
    [
      3450,
      4364
    ],
    [
      3461,
      3737
    ],
    [
      3484,
      5078
    ],
    [
      3495,
      3938
    ],
    [
      3516,
      4364
    ],
    [
      3520,
      3797
    ],
    [
      3520,
      3890
    ],
    [
      3520,
      4722
    ],
    [
      3520,
      5030
    ],
    [
      3526,
      3737
    ],
    [
      3553,
      4355
    ],
    [
      3559,
      4364
    ],
    [
      3571,
      3969
    ],
    [
      3571,
      4039
    ],
    [
      3571,
      4815
    ],
    [
      3571,
      5186
    ],
    [
      3598,
      3613
    ],
    [
      3598,
      3714
    ],
    [
      3598,
      4786
    ],
    [
      3598,
      5059
    ],
    [
      3598,
      5098
    ],
    [
      3599,
      4638
    ],
    [
      3608,
      3818
    ],
    [
      3608,
      3921
    ],
    [
      3613,
      3643
    ],
    [
      3613,
      4498
    ],
    [
      3614,
      4682
    ],
    [
      3619,
      5078
    ],
    [
      3622,
      4682
    ],
    [
      3623,
      4148
    ],
    [
      3624,
      5078
    ],
    [
      3643,
      4209
    ],
    [
      3643,
      4346
    ],
    [
      3643,
      4441
    ],
    [
      3643,
      4584
    ],
    [
      3643,
      4675
    ],
    [
      3643,
      4786
    ],
    [
      3643,
      5059
    ],
    [
      3658,
      3679
    ],
    [
      3679,
      3930
    ],
    [
      3679,
      3954
    ],
    [
      3679,
      3991
    ],
    [
      3679,
      4074
    ],
    [
      3679,
      4175
    ],
    [
      3679,
      4320
    ],
    [
      3679,
      4814
    ],
    [
      3708,
      3818
    ],
    [
      3708,
      3921
    ],
    [
      3714,
      4498
    ],
    [
      3726,
      4364
    ],
    [
      3734,
      3784
    ],
    [
      3734,
      4962
    ],
    [
      3734,
      4985
    ],
    [
      3737,
      4190
    ],
    [
      3737,
      4473
    ],
    [
      3737,
      4581
    ],
    [
      3737,
      4769
    ],
    [
      3737,
      5001
    ],
    [
      3768,
      5078
    ],
    [
      3784,
      3818
    ],
    [
      3785,
      5098
    ],
    [
      3797,
      3938
    ],
    [
      3797,
      5078
    ],
    [
      3797,
      5200
    ],
    [
      3818,
      4962
    ],
    [
      3818,
      4985
    ],
    [
      3822,
      3938
    ],
    [
      3874,
      4364
    ],
    [
      3890,
      3938
    ],
    [
      3890,
      5078
    ],
    [
      3911,
      3938
    ],
    [
      3921,
      5025
    ],
    [
      3938,
      3943
    ],
    [
      3938,
      4499
    ],
    [
      3938,
      4576
    ],
    [
      3938,
      4620
    ],
    [
      3938,
      4722
    ],
    [
      3938,
      4923
    ],
    [
      3938,
      4927
    ],
    [
      3938,
      5156
    ],
    [
      3938,
      5237
    ],
    [
      3990,
      4682
    ],
    [
      4015,
      4418
    ],
    [
      4040,
      4682
    ],
    [
      4075,
      4630
    ],
    [
      4112,
      4682
    ],
    [
      4222,
      5078
    ],
    [
      4317,
      4699
    ],
    [
      4350,
      5078
    ],
    [
      4355,
      4835
    ],
    [
      4355,
      4869
    ],
    [
      4355,
      5051
    ],
    [
      4364,
      4792
    ],
    [
      4364,
      4947
    ],
    [
      4364,
      4968
    ],
    [
      4481,
      4638
    ],
    [
      4498,
      4786
    ],
    [
      4498,
      5059
    ],
    [
      4498,
      5098
    ],
    [
      4567,
      5078
    ],
    [
      4620,
      5078
    ],
    [
      4630,
      5200
    ],
    [
      4655,
      4656
    ],
    [
      4682,
      4757
    ],
    [
      4682,
      5050
    ],
    [
      4682,
      5188
    ],
    [
      4748,
      4869
    ],
    [
      4792,
      5086
    ],
    [
      4927,
      5078
    ],
    [
      4949,
      5078
    ],
    [
      4967,
      5078
    ],
    [
      5030,
      5078
    ],
    [
      5078,
      5156
    ],
    [
      5078,
      5262
    ],
    [
      5188,
      5255
    ]
  ]
}