{
  "n_true_positives": 117,
  "n_positives": 117,
  "total_time": 0.8162567615509033,
  "date": "2025-01-28T08:49:49.237602",
  "backend": "BruteForce",
  "n_bins": 50,
  "eps": 0.02,
  "args": {
    "csvpath": [
      "../data/Certifair/predictions/compas-global-P2-combined.csv"
    ],
    "eps": 0.02,
    "n_bins": 50,
    "n_examples": null,
    "out_path": "../results/fairness//results/certifair//compas-global-P2-combined-eps0.02.json",
    "full_output": false,
    "verbose": false,
    "randomize_order": false,
    "backend": "bf",
    "blind_cols": null,
    "sample_cols": null,
    "pred": "prediction",
    "metric": "infinity",
    "max_time": null,
    "batchsize": null
  },
  "backend_meta": {
    "epsilon": 0.02,
    "decision_col": "prediction",
    "metric": "infinity",
    "is_exact": true,
    "is_sound": true,
    "is_complete": true
  },
  "positives": [
    [
      6,
      813
    ],
    [
      6,
      3288
    ],
    [
      46,
      2861
    ],
    [
      71,
      1242
    ],
    [
      103,
      3938
    ],
    [
      116,
      4682
    ],
    [
      229,
      2861
    ],
    [
      231,
      2861
    ],
    [
      249,
      2861
    ],
    [
      277,
      3737
    ],
    [
      279,
      2861
    ],
    [
      313,
      621
    ],
    [
      313,
      815
    ],
    [
      387,
      4682
    ],
    [
      412,
      4682
    ],
    [
      469,
      841
    ],
    [
      469,
      1434
    ],
    [
      469,
      1581
    ],
    [
      469,
      3370
    ],
    [
      500,
      841
    ],
    [
      500,
      1434
    ],
    [
      500,
      1581
    ],
    [
      500,
      3370
    ],
    [
      520,
      3708
    ],
    [
      604,
      3643
    ],
    [
      643,
      2868
    ],
    [
      681,
      2861
    ],
    [
      691,
      1941
    ],
    [
      765,
      1511
    ],
    [
      778,
      841
    ],
    [
      778,
      1434
    ],
    [
      778,
      1581
    ],
    [
      778,
      3370
    ],
    [
      789,
      841
    ],
    [
      789,
      1434
    ],
    [
      789,
      1581
    ],
    [
      789,
      3370
    ],
    [
      813,
      1328
    ],
    [
      813,
      1331
    ],
    [
      813,
      3171
    ],
    [
      813,
      4962
    ],
    [
      821,
      4682
    ],
    [
      841,
      1435
    ],
    [
      841,
      1772
    ],
    [
      841,
      2926
    ],
    [
      841,
      3784
    ],
    [
      854,
      4682
    ],
    [
      1013,
      3737
    ],
    [
      1152,
      2861
    ],
    [
      1156,
      4842
    ],
    [
      1242,
      3996
    ],
    [
      1296,
      2708
    ],
    [
      1306,
      2310
    ],
    [
      1328,
      3288
    ],
    [
      1331,
      3288
    ],
    [
      1434,
      1435
    ],
    [
      1434,
      1772
    ],
    [
      1434,
      2926
    ],
    [
      1434,
      3784
    ],
    [
      1434,
      4985
    ],
    [
      1435,
      1581
    ],
    [
      1435,
      3370
    ],
    [
      1581,
      1772
    ],
    [
      1581,
      2926
    ],
    [
      1581,
      3784
    ],
    [
      1598,
      4682
    ],
    [
      1622,
      2310
    ],
    [
      1702,
      4682
    ],
    [
      1730,
      4682
    ],
    [
      1772,
      3370
    ],
    [
      1895,
      4355
    ],
    [
      1909,
      4355
    ],
    [
      1937,
      2708
    ],
    [
      1941,
      2099
    ],
    [
      1941,
      2456
    ],
    [
      1941,
      3608
    ],
    [
      1941,
      3708
    ],
    [
      1987,
      3136
    ],
    [
      2007,
      4682
    ],
    [
      2060,
      3643
    ],
    [
      2146,
      2861
    ],
    [
      2283,
      3737
    ],
    [
      2310,
      3044
    ],
    [
      2310,
      3516
    ],
    [
      2310,
      3874
    ],
    [
      2310,
      4792
    ],
    [
      2409,
      5149
    ],
    [
      2467,
      3938
    ],
    [
      2499,
      3737
    ],
    [
      2518,
      2861
    ],
    [
      2737,
      3136
    ],
    [
      2741,
      3921
    ],
    [
      2761,
      3737
    ],
    [
      2861,
      3364
    ],
    [
      2861,
      3799
    ],
    [
      2861,
      3946
    ],
    [
      2861,
      5260
    ],
    [
      2868,
      4757
    ],
    [
      2889,
      3737
    ],
    [
      2926,
      3370
    ],
    [
      3049,
      3643
    ],
    [
      3077,
      4355
    ],
    [
      3104,
      4682
    ],
    [
      3171,
      3288
    ],
    [
      3184,
      4355
    ],
    [
      3288,
      4962
    ],
    [
      3360,
      3643
    ],
    [
      3370,
      3784
    ],
    [
      3520,
      3797
    ],
    [
      3737,
      4581
    ],
    [
      3737,
      4769
    ],
    [
      3737,
      5001
    ],
    [
      3921,
      5025
    ],
    [
      4015,
      4418
    ],
    [
      4112,
      4682
    ],
    [
      4355,
      4835
    ],
    [
      4682,
      5188
    ]
  ]
}