{
  "n_true_positives": 26,
  "n_positives": 26,
  "total_time": 0.8179059028625488,
  "date": "2025-01-28T08:49:46.543871",
  "backend": "BruteForce",
  "n_bins": 100,
  "eps": 0.01,
  "args": {
    "csvpath": [
      "../data/Certifair/predictions/compas-global-P2-combined.csv"
    ],
    "eps": 0.01,
    "n_bins": 100,
    "n_examples": null,
    "out_path": "../results/fairness//results/certifair//compas-global-P2-combined-eps0.01.json",
    "full_output": false,
    "verbose": false,
    "randomize_order": false,
    "backend": "bf",
    "blind_cols": null,
    "sample_cols": null,
    "pred": "prediction",
    "metric": "infinity",
    "max_time": null,
    "batchsize": null
  },
  "backend_meta": {
    "epsilon": 0.01,
    "decision_col": "prediction",
    "metric": "infinity",
    "is_exact": true,
    "is_sound": true,
    "is_complete": true
  },
  "positives": [
    [
      46,
      2861
    ],
    [
      229,
      2861
    ],
    [
      249,
      2861
    ],
    [
      469,
      1434
    ],
    [
      500,
      1434
    ],
    [
      765,
      1511
    ],
    [
      778,
      841
    ],
    [
      778,
      3370
    ],
    [
      789,
      841
    ],
    [
      789,
      3370
    ],
    [
      841,
      1435
    ],
    [
      841,
      1772
    ],
    [
      841,
      2926
    ],
    [
      841,
      3784
    ],
    [
      1331,
      3288
    ],
    [
      1435,
      3370
    ],
    [
      1772,
      3370
    ],
    [
      2146,
      2861
    ],
    [
      2741,
      3921
    ],
    [
      2861,
      3364
    ],
    [
      2861,
      3799
    ],
    [
      2861,
      3946
    ],
    [
      2926,
      3370
    ],
    [
      3288,
      4962
    ],
    [
      3370,
      3784
    ],
    [
      3921,
      5025
    ]
  ]
}