{
  "n_true_positives": 34,
  "n_positives": 34,
  "total_time": 0.8260009288787842,
  "date": "2025-01-28T08:49:49.404372",
  "backend": "BruteForce",
  "n_bins": 50,
  "eps": 0.02,
  "args": {
    "csvpath": [
      "../data/Certifair/predictions/compas-local-P1-combined.csv"
    ],
    "eps": 0.02,
    "n_bins": 50,
    "n_examples": null,
    "out_path": "../results/fairness//results/certifair//compas-local-P1-combined-eps0.02.json",
    "full_output": false,
    "verbose": false,
    "randomize_order": false,
    "backend": "bf",
    "blind_cols": null,
    "sample_cols": null,
    "pred": "prediction",
    "metric": "infinity",
    "max_time": null,
    "batchsize": null
  },
  "backend_meta": {
    "epsilon": 0.02,
    "decision_col": "prediction",
    "metric": "infinity",
    "is_exact": true,
    "is_sound": true,
    "is_complete": true
  },
  "positives": [
    [
      49,
      1190
    ],
    [
      49,
      2209
    ],
    [
      473,
      991
    ],
    [
      473,
      2729
    ],
    [
      486,
      4793
    ],
    [
      598,
      2497
    ],
    [
      598,
      3199
    ],
    [
      769,
      1831
    ],
    [
      769,
      1888
    ],
    [
      769,
      2751
    ],
    [
      769,
      4641
    ],
    [
      786,
      1968
    ],
    [
      980,
      2065
    ],
    [
      1156,
      4842
    ],
    [
      1372,
      2000
    ],
    [
      1372,
      5014
    ],
    [
      1510,
      2072
    ],
    [
      1968,
      4793
    ],
    [
      1998,
      3410
    ],
    [
      2304,
      3379
    ],
    [
      2497,
      3255
    ],
    [
      2528,
      3978
    ],
    [
      2564,
      5223
    ],
    [
      2877,
      3420
    ],
    [
      2885,
      3089
    ],
    [
      2885,
      5042
    ],
    [
      2901,
      3379
    ],
    [
      2982,
      4683
    ],
    [
      3185,
      3410
    ],
    [
      3199,
      4127
    ],
    [
      3248,
      4825
    ],
    [
      3410,
      3490
    ],
    [
      3420,
      3829
    ],
    [
      4825,
      5224
    ]
  ]
}