{
  "n_true_positives": 369,
  "n_positives": 369,
  "total_time": 0.8462607860565186,
  "date": "2025-01-28T08:49:49.428285",
  "backend": "BruteForce",
  "n_bins": 25,
  "eps": 0.04,
  "args": {
    "csvpath": [
      "../data/Certifair/predictions/compas-global-P1-combined.csv"
    ],
    "eps": 0.04,
    "n_bins": 25,
    "n_examples": null,
    "out_path": "../results/fairness//results/certifair//compas-global-P1-combined-eps0.04.json",
    "full_output": false,
    "verbose": false,
    "randomize_order": false,
    "backend": "bf",
    "blind_cols": null,
    "sample_cols": null,
    "pred": "prediction",
    "metric": "infinity",
    "max_time": null,
    "batchsize": null
  },
  "backend_meta": {
    "epsilon": 0.04,
    "decision_col": "prediction",
    "metric": "infinity",
    "is_exact": true,
    "is_sound": true,
    "is_complete": true
  },
  "positives": [
    [
      6,
      1581
    ],
    [
      6,
      2649
    ],
    [
      6,
      2921
    ],
    [
      6,
      3734
    ],
    [
      6,
      3818
    ],
    [
      38,
      1103
    ],
    [
      46,
      279
    ],
    [
      46,
      393
    ],
    [
      46,
      2254
    ],
    [
      56,
      1960
    ],
    [
      84,
      2513
    ],
    [
      99,
      1103
    ],
    [
      188,
      2022
    ],
    [
      188,
      2344
    ],
    [
      218,
      2022
    ],
    [
      218,
      3330
    ],
    [
      223,
      3679
    ],
    [
      229,
      279
    ],
    [
      229,
      393
    ],
    [
      229,
      2254
    ],
    [
      231,
      279
    ],
    [
      231,
      393
    ],
    [
      231,
      2254
    ],
    [
      233,
      2500
    ],
    [
      233,
      3307
    ],
    [
      249,
      279
    ],
    [
      249,
      393
    ],
    [
      249,
      2254
    ],
    [
      277,
      1103
    ],
    [
      279,
      681
    ],
    [
      279,
      1152
    ],
    [
      279,
      2146
    ],
    [
      279,
      2382
    ],
    [
      279,
      2461
    ],
    [
      279,
      2518
    ],
    [
      279,
      2861
    ],
    [
      279,
      3364
    ],
    [
      279,
      3792
    ],
    [
      279,
      3799
    ],
    [
      279,
      3920
    ],
    [
      279,
      3946
    ],
    [
      279,
      4194
    ],
    [
      279,
      4546
    ],
    [
      279,
      5260
    ],
    [
      313,
      621
    ],
    [
      313,
      815
    ],
    [
      313,
      1895
    ],
    [
      313,
      1909
    ],
    [
      313,
      2265
    ],
    [
      313,
      2483
    ],
    [
      313,
      2617
    ],
    [
      313,
      3077
    ],
    [
      313,
      3159
    ],
    [
      313,
      3184
    ],
    [
      313,
      3553
    ],
    [
      313,
      4355
    ],
    [
      313,
      4835
    ],
    [
      313,
      4869
    ],
    [
      313,
      5051
    ],
    [
      393,
      681
    ],
    [
      393,
      1152
    ],
    [
      393,
      2146
    ],
    [
      393,
      2382
    ],
    [
      393,
      2461
    ],
    [
      393,
      2518
    ],
    [
      393,
      2861
    ],
    [
      393,
      3364
    ],
    [
      393,
      3792
    ],
    [
      393,
      3799
    ],
    [
      393,
      3920
    ],
    [
      393,
      3946
    ],
    [
      393,
      4194
    ],
    [
      393,
      4546
    ],
    [
      393,
      5260
    ],
    [
      446,
      2610
    ],
    [
      469,
      520
    ],
    [
      469,
      1581
    ],
    [
      469,
      2649
    ],
    [
      469,
      2707
    ],
    [
      469,
      2921
    ],
    [
      469,
      3734
    ],
    [
      469,
      3818
    ],
    [
      487,
      1103
    ],
    [
      500,
      520
    ],
    [
      500,
      1581
    ],
    [
      500,
      2649
    ],
    [
      500,
      2707
    ],
    [
      500,
      2921
    ],
    [
      500,
      3734
    ],
    [
      500,
      3818
    ],
    [
      506,
      3679
    ],
    [
      520,
      691
    ],
    [
      520,
      778
    ],
    [
      520,
      789
    ],
    [
      520,
      841
    ],
    [
      520,
      859
    ],
    [
      520,
      1434
    ],
    [
      520,
      1435
    ],
    [
      520,
      1772
    ],
    [
      520,
      1941
    ],
    [
      520,
      2099
    ],
    [
      520,
      2456
    ],
    [
      520,
      2741
    ],
    [
      520,
      2926
    ],
    [
      520,
      3370
    ],
    [
      520,
      3608
    ],
    [
      520,
      3708
    ],
    [
      520,
      3784
    ],
    [
      520,
      3921
    ],
    [
      520,
      4985
    ],
    [
      520,
      5025
    ],
    [
      634,
      3679
    ],
    [
      659,
      3571
    ],
    [
      681,
      2254
    ],
    [
      685,
      3221
    ],
    [
      685,
      4481
    ],
    [
      691,
      1581
    ],
    [
      691,
      2707
    ],
    [
      691,
      2921
    ],
    [
      691,
      3818
    ],
    [
      708,
      2721
    ],
    [
      711,
      3658
    ],
    [
      711,
      3679
    ],
    [
      752,
      2022
    ],
    [
      752,
      2344
    ],
    [
      768,
      3571
    ],
    [
      778,
      1581
    ],
    [
      778,
      2649
    ],
    [
      778,
      2707
    ],
    [
      778,
      2921
    ],
    [
      778,
      3734
    ],
    [
      778,
      3818
    ],
    [
      789,
      1581
    ],
    [
      789,
      2649
    ],
    [
      789,
      2707
    ],
    [
      789,
      2921
    ],
    [
      789,
      3734
    ],
    [
      789,
      3818
    ],
    [
      813,
      1581
    ],
    [
      813,
      2649
    ],
    [
      813,
      2921
    ],
    [
      813,
      3734
    ],
    [
      813,
      3818
    ],
    [
      822,
      3571
    ],
    [
      839,
      2022
    ],
    [
      839,
      2344
    ],
    [
      841,
      1581
    ],
    [
      841,
      2649
    ],
    [
      841,
      2707
    ],
    [
      841,
      2921
    ],
    [
      841,
      3734
    ],
    [
      841,
      3818
    ],
    [
      859,
      2707
    ],
    [
      871,
      2022
    ],
    [
      871,
      2344
    ],
    [
      972,
      1294
    ],
    [
      972,
      3169
    ],
    [
      1013,
      1103
    ],
    [
      1044,
      2022
    ],
    [
      1044,
      2344
    ],
    [
      1058,
      1103
    ],
    [
      1066,
      1253
    ],
    [
      1073,
      1247
    ],
    [
      1103,
      1127
    ],
    [
      1103,
      1135
    ],
    [
      1103,
      1416
    ],
    [
      1103,
      1725
    ],
    [
      1103,
      2088
    ],
    [
      1103,
      2283
    ],
    [
      1103,
      2499
    ],
    [
      1103,
      2686
    ],
    [
      1103,
      2761
    ],
    [
      1103,
      2889
    ],
    [
      1103,
      2997
    ],
    [
      1103,
      3076
    ],
    [
      1103,
      3280
    ],
    [
      1103,
      3461
    ],
    [
      1103,
      3526
    ],
    [
      1103,
      3737
    ],
    [
      1103,
      4190
    ],
    [
      1103,
      4473
    ],
    [
      1103,
      4581
    ],
    [
      1103,
      4769
    ],
    [
      1103,
      5001
    ],
    [
      1152,
      2254
    ],
    [
      1164,
      2022
    ],
    [
      1164,
      2344
    ],
    [
      1246,
      3330
    ],
    [
      1247,
      1291
    ],
    [
      1247,
      2752
    ],
    [
      1247,
      3129
    ],
    [
      1247,
      3655
    ],
    [
      1247,
      4208
    ],
    [
      1247,
      5094
    ],
    [
      1247,
      5100
    ],
    [
      1275,
      2022
    ],
    [
      1275,
      2344
    ],
    [
      1280,
      2344
    ],
    [
      1324,
      4762
    ],
    [
      1328,
      1581
    ],
    [
      1328,
      2649
    ],
    [
      1328,
      2921
    ],
    [
      1328,
      3734
    ],
    [
      1328,
      3818
    ],
    [
      1331,
      1581
    ],
    [
      1331,
      2649
    ],
    [
      1331,
      2921
    ],
    [
      1331,
      3734
    ],
    [
      1331,
      3818
    ],
    [
      1420,
      3679
    ],
    [
      1433,
      3679
    ],
    [
      1434,
      1581
    ],
    [
      1434,
      2649
    ],
    [
      1434,
      2707
    ],
    [
      1434,
      2921
    ],
    [
      1434,
      3734
    ],
    [
      1434,
      3818
    ],
    [
      1435,
      1581
    ],
    [
      1435,
      2649
    ],
    [
      1435,
      2707
    ],
    [
      1435,
      2921
    ],
    [
      1435,
      3734
    ],
    [
      1435,
      3818
    ],
    [
      1491,
      2870
    ],
    [
      1581,
      1772
    ],
    [
      1581,
      1941
    ],
    [
      1581,
      2099
    ],
    [
      1581,
      2456
    ],
    [
      1581,
      2926
    ],
    [
      1581,
      3171
    ],
    [
      1581,
      3288
    ],
    [
      1581,
      3370
    ],
    [
      1581,
      3608
    ],
    [
      1581,
      3708
    ],
    [
      1581,
      3784
    ],
    [
      1581,
      4962
    ],
    [
      1581,
      4985
    ],
    [
      1633,
      3024
    ],
    [
      1764,
      3679
    ],
    [
      1772,
      2649
    ],
    [
      1772,
      2707
    ],
    [
      1772,
      2921
    ],
    [
      1772,
      3734
    ],
    [
      1772,
      3818
    ],
    [
      1779,
      3318
    ],
    [
      1876,
      5100
    ],
    [
      1938,
      3571
    ],
    [
      1941,
      2707
    ],
    [
      1941,
      2921
    ],
    [
      1941,
      3818
    ],
    [
      1960,
      4333
    ],
    [
      1999,
      2960
    ],
    [
      2022,
      2956
    ],
    [
      2022,
      3142
    ],
    [
      2022,
      3149
    ],
    [
      2022,
      3469
    ],
    [
      2022,
      3645
    ],
    [
      2022,
      3860
    ],
    [
      2022,
      4363
    ],
    [
      2099,
      2707
    ],
    [
      2099,
      2921
    ],
    [
      2099,
      3818
    ],
    [
      2113,
      3679
    ],
    [
      2146,
      2254
    ],
    [
      2198,
      3679
    ],
    [
      2254,
      2382
    ],
    [
      2254,
      2461
    ],
    [
      2254,
      2518
    ],
    [
      2254,
      2861
    ],
    [
      2254,
      3364
    ],
    [
      2254,
      3427
    ],
    [
      2254,
      3792
    ],
    [
      2254,
      3799
    ],
    [
      2254,
      3885
    ],
    [
      2254,
      3920
    ],
    [
      2254,
      3946
    ],
    [
      2254,
      4194
    ],
    [
      2254,
      4546
    ],
    [
      2254,
      5260
    ],
    [
      2304,
      4762
    ],
    [
      2310,
      4762
    ],
    [
      2315,
      2870
    ],
    [
      2344,
      2668
    ],
    [
      2344,
      2956
    ],
    [
      2344,
      3142
    ],
    [
      2344,
      3149
    ],
    [
      2344,
      3787
    ],
    [
      2344,
      3860
    ],
    [
      2344,
      4363
    ],
    [
      2344,
      5161
    ],
    [
      2400,
      4421
    ],
    [
      2400,
      4848
    ],
    [
      2400,
      4914
    ],
    [
      2456,
      2707
    ],
    [
      2456,
      2921
    ],
    [
      2456,
      3818
    ],
    [
      2649,
      2926
    ],
    [
      2649,
      3171
    ],
    [
      2649,
      3288
    ],
    [
      2649,
      3370
    ],
    [
      2649,
      3784
    ],
    [
      2649,
      4962
    ],
    [
      2649,
      4985
    ],
    [
      2707,
      2741
    ],
    [
      2707,
      2926
    ],
    [
      2707,
      3370
    ],
    [
      2707,
      3608
    ],
    [
      2707,
      3708
    ],
    [
      2707,
      3784
    ],
    [
      2707,
      3921
    ],
    [
      2707,
      4985
    ],
    [
      2707,
      5025
    ],
    [
      2721,
      5200
    ],
    [
      2755,
      3318
    ],
    [
      2793,
      3571
    ],
    [
      2824,
      3679
    ],
    [
      2860,
      3679
    ],
    [
      2870,
      3440
    ],
    [
      2901,
      4762
    ],
    [
      2921,
      2926
    ],
    [
      2921,
      3171
    ],
    [
      2921,
      3288
    ],
    [
      2921,
      3370
    ],
    [
      2921,
      3608
    ],
    [
      2921,
      3708
    ],
    [
      2921,
      3784
    ],
    [
      2921,
      4962
    ],
    [
      2921,
      4985
    ],
    [
      2926,
      3734
    ],
    [
      2926,
      3818
    ],
    [
      3024,
      5200
    ],
    [
      3027,
      3571
    ],
    [
      3171,
      3734
    ],
    [
      3171,
      3818
    ],
    [
      3284,
      4762
    ],
    [
      3288,
      3734
    ],
    [
      3288,
      3818
    ],
    [
      3314,
      4762
    ],
    [
      3330,
      3469
    ],
    [
      3330,
      3645
    ],
    [
      3370,
      3734
    ],
    [
      3370,
      3818
    ],
    [
      3379,
      4762
    ],
    [
      3415,
      3658
    ],
    [
      3415,
      3679
    ],
    [
      3440,
      3571
    ],
    [
      3571,
      3969
    ],
    [
      3571,
      4039
    ],
    [
      3571,
      4815
    ],
    [
      3571,
      5186
    ],
    [
      3608,
      3818
    ],
    [
      3623,
      4428
    ],
    [
      3658,
      4814
    ],
    [
      3679,
      3930
    ],
    [
      3679,
      3954
    ],
    [
      3679,
      3991
    ],
    [
      3679,
      4074
    ],
    [
      3679,
      4175
    ],
    [
      3679,
      4320
    ],
    [
      3679,
      4814
    ],
    [
      3708,
      3818
    ],
    [
      3734,
      3784
    ],
    [
      3734,
      4962
    ],
    [
      3734,
      4985
    ],
    [
      3784,
      3818
    ],
    [
      3818,
      4962
    ],
    [
      3818,
      4985
    ],
    [
      4364,
      4762
    ],
    [
      4748,
      4869
    ]
  ]
}