{
  "n_true_positives": 13,
  "n_positives": 13,
  "total_time": 0.8236424922943115,
  "date": "2025-01-28T08:49:46.943188",
  "backend": "BruteForce",
  "n_bins": 200,
  "eps": 0.005,
  "args": {
    "csvpath": [
      "../data/Certifair/predictions/compas-global-P2-combined.csv"
    ],
    "eps": 0.005,
    "n_bins": 200,
    "n_examples": null,
    "out_path": "../results/fairness//results/certifair//compas-global-P2-combined-eps0.005.json",
    "full_output": false,
    "verbose": false,
    "randomize_order": false,
    "backend": "bf",
    "blind_cols": null,
    "sample_cols": null,
    "pred": "prediction",
    "metric": "infinity",
    "max_time": null,
    "batchsize": null
  },
  "backend_meta": {
    "epsilon": 0.005,
    "decision_col": "prediction",
    "metric": "infinity",
    "is_exact": true,
    "is_sound": true,
    "is_complete": true
  },
  "positives": [
    [
      46,
      2861
    ],
    [
      229,
      2861
    ],
    [
      249,
      2861
    ],
    [
      778,
      841
    ],
    [
      789,
      841
    ],
    [
      841,
      1435
    ],
    [
      841,
      1772
    ],
    [
      841,
      2926
    ],
    [
      841,
      3784
    ],
    [
      2146,
      2861
    ],
    [
      2861,
      3364
    ],
    [
      2861,
      3799
    ],
    [
      2861,
      3946
    ]
  ]
}