{
  "n_true_positives": 1148,
  "n_positives": 1148,
  "total_time": 0.8215382099151611,
  "date": "2025-01-28T08:49:49.635599",
  "backend": "BruteForce",
  "n_bins": 25,
  "eps": 0.04,
  "args": {
    "csvpath": [
      "../data/Certifair/predictions/compas-local-P2-combined.csv"
    ],
    "eps": 0.04,
    "n_bins": 25,
    "n_examples": null,
    "out_path": "../results/fairness//results/certifair//compas-local-P2-combined-eps0.04.json",
    "full_output": false,
    "verbose": false,
    "randomize_order": false,
    "backend": "bf",
    "blind_cols": null,
    "sample_cols": null,
    "pred": "prediction",
    "metric": "infinity",
    "max_time": null,
    "batchsize": null
  },
  "backend_meta": {
    "epsilon": 0.04,
    "decision_col": "prediction",
    "metric": "infinity",
    "is_exact": true,
    "is_sound": true,
    "is_complete": true
  },
  "positives": [
    [
      15,
      1574
    ],
    [
      15,
      2142
    ],
    [
      15,
      2279
    ],
    [
      15,
      3909
    ],
    [
      22,
      3845
    ],
    [
      23,
      2755
    ],
    [
      30,
      4678
    ],
    [
      32,
      1085
    ],
    [
      32,
      3064
    ],
    [
      49,
      611
    ],
    [
      49,
      945
    ],
    [
      49,
      1190
    ],
    [
      49,
      1259
    ],
    [
      49,
      1260
    ],
    [
      49,
      2209
    ],
    [
      54,
      720
    ],
    [
      54,
      1156
    ],
    [
      54,
      5116
    ],
    [
      60,
      967
    ],
    [
      60,
      2348
    ],
    [
      69,
      3594
    ],
    [
      82,
      4817
    ],
    [
      84,
      2513
    ],
    [
      85,
      1308
    ],
    [
      85,
      2982
    ],
    [
      85,
      3650
    ],
    [
      88,
      486
    ],
    [
      88,
      1968
    ],
    [
      88,
      2003
    ],
    [
      88,
      2764
    ],
    [
      88,
      4128
    ],
    [
      89,
      2595
    ],
    [
      89,
      2982
    ],
    [
      96,
      1720
    ],
    [
      96,
      3700
    ],
    [
      96,
      3863
    ],
    [
      102,
      3850
    ],
    [
      103,
      1944
    ],
    [
      110,
      4130
    ],
    [
      112,
      1954
    ],
    [
      112,
      4041
    ],
    [
      119,
      3781
    ],
    [
      136,
      2348
    ],
    [
      137,
      773
    ],
    [
      137,
      3490
    ],
    [
      137,
      3534
    ],
    [
      138,
      4027
    ],
    [
      141,
      2755
    ],
    [
      142,
      967
    ],
    [
      142,
      2348
    ],
    [
      158,
      2006
    ],
    [
      170,
      4678
    ],
    [
      183,
      2982
    ],
    [
      204,
      344
    ],
    [
      204,
      1295
    ],
    [
      204,
      1574
    ],
    [
      204,
      2342
    ],
    [
      204,
      2990
    ],
    [
      204,
      3605
    ],
    [
      204,
      3680
    ],
    [
      204,
      3909
    ],
    [
      204,
      4242
    ],
    [
      204,
      4362
    ],
    [
      204,
      4436
    ],
    [
      211,
      1312
    ],
    [
      211,
      1316
    ],
    [
      211,
      5181
    ],
    [
      212,
      570
    ],
    [
      212,
      910
    ],
    [
      212,
      2246
    ],
    [
      212,
      4406
    ],
    [
      234,
      1147
    ],
    [
      248,
      1147
    ],
    [
      248,
      4071
    ],
    [
      263,
      433
    ],
    [
      270,
      2279
    ],
    [
      270,
      3554
    ],
    [
      282,
      1178
    ],
    [
      282,
      1385
    ],
    [
      285,
      720
    ],
    [
      288,
      1033
    ],
    [
      288,
      4991
    ],
    [
      300,
      728
    ],
    [
      300,
      3795
    ],
    [
      309,
      486
    ],
    [
      309,
      1968
    ],
    [
      332,
      1147
    ],
    [
      332,
      4071
    ],
    [
      340,
      3221
    ],
    [
      344,
      1893
    ],
    [
      344,
      2939
    ],
    [
      355,
      1998
    ],
    [
      355,
      2800
    ],
    [
      355,
      3185
    ],
    [
      355,
      3410
    ],
    [
      355,
      4909
    ],
    [
      356,
      2348
    ],
    [
      376,
      1178
    ],
    [
      376,
      1385
    ],
    [
      405,
      2982
    ],
    [
      417,
      1265
    ],
    [
      418,
      1190
    ],
    [
      418,
      3185
    ],
    [
      433,
      3995
    ],
    [
      440,
      967
    ],
    [
      440,
      2348
    ],
    [
      440,
      5086
    ],
    [
      459,
      709
    ],
    [
      459,
      806
    ],
    [
      459,
      1278
    ],
    [
      459,
      3492
    ],
    [
      459,
      4509
    ],
    [
      459,
      5016
    ],
    [
      459,
      5144
    ],
    [
      466,
      653
    ],
    [
      473,
      3594
    ],
    [
      485,
      4515
    ],
    [
      486,
      537
    ],
    [
      486,
      538
    ],
    [
      486,
      786
    ],
    [
      486,
      3263
    ],
    [
      486,
      4793
    ],
    [
      486,
      5190
    ],
    [
      497,
      4452
    ],
    [
      507,
      1574
    ],
    [
      507,
      2142
    ],
    [
      507,
      2279
    ],
    [
      507,
      3554
    ],
    [
      507,
      3909
    ],
    [
      507,
      4436
    ],
    [
      516,
      5093
    ],
    [
      517,
      3594
    ],
    [
      530,
      2282
    ],
    [
      530,
      2595
    ],
    [
      530,
      2982
    ],
    [
      537,
      2003
    ],
    [
      537,
      2764
    ],
    [
      537,
      4128
    ],
    [
      538,
      1968
    ],
    [
      538,
      2003
    ],
    [
      538,
      2764
    ],
    [
      538,
      4128
    ],
    [
      541,
      1265
    ],
    [
      548,
      1265
    ],
    [
      570,
      1033
    ],
    [
      570,
      4991
    ],
    [
      575,
      2595
    ],
    [
      575,
      2982
    ],
    [
      575,
      3650
    ],
    [
      588,
      3594
    ],
    [
      592,
      626
    ],
    [
      592,
      1033
    ],
    [
      592,
      4991
    ],
    [
      598,
      738
    ],
    [
      598,
      754
    ],
    [
      598,
      1126
    ],
    [
      598,
      1446
    ],
    [
      598,
      1547
    ],
    [
      598,
      3255
    ],
    [
      598,
      3305
    ],
    [
      598,
      3749
    ],
    [
      598,
      3959
    ],
    [
      598,
      4127
    ],
    [
      598,
      4358
    ],
    [
      601,
      1998
    ],
    [
      601,
      3185
    ],
    [
      601,
      3410
    ],
    [
      611,
      1253
    ],
    [
      611,
      1942
    ],
    [
      611,
      2021
    ],
    [
      611,
      2792
    ],
    [
      611,
      4916
    ],
    [
      616,
      1089
    ],
    [
      616,
      3700
    ],
    [
      616,
      5195
    ],
    [
      626,
      2886
    ],
    [
      626,
      3313
    ],
    [
      626,
      4406
    ],
    [
      645,
      1308
    ],
    [
      645,
      2595
    ],
    [
      645,
      2982
    ],
    [
      653,
      696
    ],
    [
      653,
      4828
    ],
    [
      665,
      1998
    ],
    [
      665,
      3185
    ],
    [
      665,
      3410
    ],
    [
      671,
      2348
    ],
    [
      685,
      4481
    ],
    [
      708,
      3520
    ],
    [
      708,
      3797
    ],
    [
      708,
      5078
    ],
    [
      709,
      2775
    ],
    [
      710,
      2697
    ],
    [
      710,
      4684
    ],
    [
      710,
      4844
    ],
    [
      719,
      2697
    ],
    [
      719,
      4684
    ],
    [
      719,
      4844
    ],
    [
      720,
      909
    ],
    [
      720,
      1781
    ],
    [
      720,
      1971
    ],
    [
      720,
      3042
    ],
    [
      720,
      3748
    ],
    [
      720,
      4530
    ],
    [
      720,
      4713
    ],
    [
      720,
      4842
    ],
    [
      728,
      1510
    ],
    [
      728,
      2072
    ],
    [
      728,
      3009
    ],
    [
      732,
      2374
    ],
    [
      732,
      2813
    ],
    [
      732,
      3387
    ],
    [
      735,
      1074
    ],
    [
      735,
      3615
    ],
    [
      738,
      1545
    ],
    [
      738,
      2697
    ],
    [
      738,
      3199
    ],
    [
      738,
      4684
    ],
    [
      738,
      4844
    ],
    [
      750,
      982
    ],
    [
      750,
      1089
    ],
    [
      750,
      1618
    ],
    [
      750,
      1720
    ],
    [
      750,
      2501
    ],
    [
      750,
      2908
    ],
    [
      750,
      2937
    ],
    [
      750,
      3700
    ],
    [
      750,
      3863
    ],
    [
      750,
      4006
    ],
    [
      751,
      5224
    ],
    [
      754,
      1545
    ],
    [
      754,
      2497
    ],
    [
      754,
      2697
    ],
    [
      754,
      3199
    ],
    [
      754,
      4684
    ],
    [
      754,
      4844
    ],
    [
      760,
      982
    ],
    [
      760,
      1089
    ],
    [
      760,
      1618
    ],
    [
      760,
      1720
    ],
    [
      760,
      2501
    ],
    [
      760,
      2908
    ],
    [
      760,
      3700
    ],
    [
      760,
      4045
    ],
    [
      769,
      3255
    ],
    [
      769,
      4127
    ],
    [
      773,
      945
    ],
    [
      773,
      1260
    ],
    [
      773,
      2654
    ],
    [
      773,
      2828
    ],
    [
      773,
      3185
    ],
    [
      773,
      3410
    ],
    [
      773,
      3510
    ],
    [
      773,
      3844
    ],
    [
      773,
      4038
    ],
    [
      777,
      2094
    ],
    [
      777,
      4627
    ],
    [
      785,
      4515
    ],
    [
      785,
      5145
    ],
    [
      786,
      1968
    ],
    [
      786,
      2003
    ],
    [
      786,
      2764
    ],
    [
      786,
      4128
    ],
    [
      790,
      2348
    ],
    [
      804,
      1009
    ],
    [
      804,
      2094
    ],
    [
      804,
      4627
    ],
    [
      806,
      2775
    ],
    [
      824,
      2697
    ],
    [
      824,
      4684
    ],
    [
      824,
      4844
    ],
    [
      833,
      2374
    ],
    [
      833,
      2813
    ],
    [
      833,
      3387
    ],
    [
      873,
      2282
    ],
    [
      873,
      2595
    ],
    [
      873,
      4041
    ],
    [
      877,
      1033
    ],
    [
      877,
      4991
    ],
    [
      880,
      4091
    ],
    [
      897,
      2697
    ],
    [
      897,
      4684
    ],
    [
      897,
      4844
    ],
    [
      900,
      1996
    ],
    [
      900,
      3361
    ],
    [
      900,
      3728
    ],
    [
      904,
      2142
    ],
    [
      904,
      2279
    ],
    [
      904,
      3554
    ],
    [
      909,
      1156
    ],
    [
      909,
      1942
    ],
    [
      909,
      5116
    ],
    [
      910,
      1033
    ],
    [
      910,
      4991
    ],
    [
      919,
      1178
    ],
    [
      921,
      4678
    ],
    [
      923,
      4838
    ],
    [
      930,
      2402
    ],
    [
      938,
      3978
    ],
    [
      938,
      5227
    ],
    [
      945,
      3534
    ],
    [
      959,
      3594
    ],
    [
      959,
      5224
    ],
    [
      964,
      967
    ],
    [
      964,
      2348
    ],
    [
      967,
      1084
    ],
    [
      967,
      1497
    ],
    [
      967,
      1998
    ],
    [
      967,
      2783
    ],
    [
      967,
      2800
    ],
    [
      967,
      2833
    ],
    [
      967,
      3185
    ],
    [
      967,
      3410
    ],
    [
      967,
      3450
    ],
    [
      967,
      4465
    ],
    [
      967,
      4909
    ],
    [
      967,
      4947
    ],
    [
      972,
      3169
    ],
    [
      977,
      2348
    ],
    [
      981,
      2366
    ],
    [
      982,
      1147
    ],
    [
      982,
      4071
    ],
    [
      983,
      3119
    ],
    [
      991,
      3594
    ],
    [
      1009,
      1314
    ],
    [
      1009,
      2742
    ],
    [
      1009,
      3315
    ],
    [
      1026,
      1295
    ],
    [
      1026,
      1574
    ],
    [
      1026,
      2342
    ],
    [
      1026,
      2990
    ],
    [
      1026,
      3680
    ],
    [
      1026,
      3909
    ],
    [
      1026,
      4242
    ],
    [
      1026,
      4436
    ],
    [
      1033,
      1170
    ],
    [
      1033,
      1233
    ],
    [
      1033,
      2246
    ],
    [
      1033,
      2728
    ],
    [
      1033,
      2886
    ],
    [
      1033,
      3191
    ],
    [
      1033,
      3226
    ],
    [
      1033,
      3313
    ],
    [
      1033,
      4406
    ],
    [
      1033,
      4569
    ],
    [
      1033,
      4943
    ],
    [
      1033,
      5212
    ],
    [
      1037,
      5223
    ],
    [
      1041,
      2333
    ],
    [
      1041,
      2583
    ],
    [
      1041,
      2652
    ],
    [
      1046,
      2142
    ],
    [
      1046,
      2279
    ],
    [
      1046,
      3554
    ],
    [
      1054,
      4645
    ],
    [
      1062,
      1308
    ],
    [
      1062,
      2595
    ],
    [
      1062,
      2982
    ],
    [
      1062,
      4452
    ],
    [
      1063,
      2360
    ],
    [
      1069,
      1308
    ],
    [
      1069,
      1613
    ],
    [
      1069,
      2595
    ],
    [
      1069,
      2982
    ],
    [
      1069,
      4452
    ],
    [
      1074,
      2852
    ],
    [
      1084,
      2348
    ],
    [
      1085,
      1335
    ],
    [
      1085,
      2404
    ],
    [
      1085,
      2693
    ],
    [
      1085,
      3249
    ],
    [
      1085,
      3361
    ],
    [
      1085,
      4817
    ],
    [
      1123,
      3459
    ],
    [
      1123,
      3931
    ],
    [
      1126,
      1545
    ],
    [
      1126,
      2497
    ],
    [
      1126,
      2697
    ],
    [
      1126,
      3199
    ],
    [
      1126,
      4684
    ],
    [
      1126,
      4844
    ],
    [
      1131,
      4241
    ],
    [
      1134,
      2348
    ],
    [
      1141,
      1311
    ],
    [
      1141,
      2291
    ],
    [
      1141,
      4013
    ],
    [
      1141,
      4027
    ],
    [
      1147,
      1264
    ],
    [
      1147,
      1371
    ],
    [
      1147,
      1618
    ],
    [
      1147,
      2135
    ],
    [
      1147,
      2493
    ],
    [
      1147,
      2501
    ],
    [
      1147,
      2908
    ],
    [
      1147,
      2937
    ],
    [
      1147,
      3600
    ],
    [
      1147,
      3601
    ],
    [
      1147,
      3863
    ],
    [
      1147,
      4156
    ],
    [
      1147,
      4314
    ],
    [
      1147,
      4403
    ],
    [
      1147,
      4534
    ],
    [
      1147,
      4881
    ],
    [
      1156,
      3042
    ],
    [
      1156,
      4842
    ],
    [
      1166,
      4678
    ],
    [
      1170,
      4991
    ],
    [
      1178,
      2251
    ],
    [
      1178,
      2478
    ],
    [
      1178,
      3633
    ],
    [
      1178,
      4837
    ],
    [
      1182,
      2746
    ],
    [
      1182,
      2798
    ],
    [
      1182,
      2831
    ],
    [
      1182,
      3203
    ],
    [
      1182,
      3386
    ],
    [
      1182,
      3702
    ],
    [
      1183,
      5195
    ],
    [
      1190,
      2021
    ],
    [
      1190,
      2035
    ],
    [
      1190,
      2350
    ],
    [
      1190,
      3534
    ],
    [
      1190,
      4366
    ],
    [
      1196,
      3268
    ],
    [
      1203,
      2053
    ],
    [
      1203,
      2760
    ],
    [
      1203,
      4660
    ],
    [
      1204,
      2348
    ],
    [
      1219,
      2374
    ],
    [
      1219,
      2813
    ],
    [
      1219,
      3387
    ],
    [
      1219,
      3977
    ],
    [
      1233,
      4991
    ],
    [
      1247,
      1876
    ],
    [
      1260,
      3534
    ],
    [
      1265,
      2842
    ],
    [
      1278,
      1644
    ],
    [
      1278,
      2775
    ],
    [
      1281,
      2348
    ],
    [
      1294,
      3169
    ],
    [
      1295,
      1893
    ],
    [
      1295,
      2064
    ],
    [
      1295,
      2939
    ],
    [
      1295,
      4472
    ],
    [
      1295,
      4846
    ],
    [
      1298,
      1356
    ],
    [
      1298,
      1913
    ],
    [
      1298,
      2003
    ],
    [
      1298,
      2684
    ],
    [
      1298,
      2764
    ],
    [
      1298,
      3632
    ],
    [
      1298,
      4128
    ],
    [
      1306,
      2348
    ],
    [
      1308,
      1512
    ],
    [
      1308,
      2152
    ],
    [
      1308,
      2509
    ],
    [
      1308,
      2555
    ],
    [
      1308,
      2637
    ],
    [
      1308,
      2774
    ],
    [
      1308,
      3098
    ],
    [
      1308,
      3967
    ],
    [
      1308,
      4167
    ],
    [
      1308,
      4484
    ],
    [
      1308,
      4683
    ],
    [
      1308,
      4719
    ],
    [
      1308,
      4789
    ],
    [
      1308,
      4928
    ],
    [
      1308,
      5002
    ],
    [
      1308,
      5247
    ],
    [
      1313,
      2595
    ],
    [
      1313,
      2982
    ],
    [
      1314,
      2094
    ],
    [
      1314,
      4627
    ],
    [
      1315,
      2877
    ],
    [
      1315,
      3829
    ],
    [
      1315,
      4225
    ],
    [
      1324,
      2304
    ],
    [
      1324,
      3379
    ],
    [
      1324,
      4762
    ],
    [
      1330,
      1356
    ],
    [
      1330,
      1913
    ],
    [
      1330,
      2003
    ],
    [
      1330,
      2684
    ],
    [
      1330,
      2764
    ],
    [
      1330,
      4128
    ],
    [
      1335,
      3064
    ],
    [
      1340,
      2402
    ],
    [
      1348,
      2613
    ],
    [
      1348,
      4555
    ],
    [
      1349,
      1731
    ],
    [
      1349,
      3598
    ],
    [
      1349,
      4498
    ],
    [
      1356,
      2374
    ],
    [
      1356,
      2813
    ],
    [
      1356,
      2885
    ],
    [
      1356,
      3089
    ],
    [
      1356,
      3384
    ],
    [
      1356,
      3387
    ],
    [
      1356,
      5042
    ],
    [
      1366,
      2094
    ],
    [
      1366,
      4627
    ],
    [
      1385,
      2251
    ],
    [
      1385,
      2478
    ],
    [
      1385,
      3633
    ],
    [
      1385,
      4837
    ],
    [
      1437,
      3751
    ],
    [
      1437,
      5141
    ],
    [
      1446,
      1545
    ],
    [
      1446,
      2497
    ],
    [
      1446,
      2697
    ],
    [
      1446,
      2808
    ],
    [
      1446,
      3199
    ],
    [
      1446,
      4684
    ],
    [
      1446,
      4844
    ],
    [
      1476,
      1968
    ],
    [
      1481,
      4678
    ],
    [
      1497,
      2348
    ],
    [
      1501,
      5123
    ],
    [
      1505,
      2142
    ],
    [
      1505,
      2279
    ],
    [
      1510,
      3795
    ],
    [
      1512,
      2982
    ],
    [
      1513,
      2661
    ],
    [
      1513,
      4754
    ],
    [
      1530,
      1944
    ],
    [
      1530,
      5127
    ],
    [
      1538,
      4817
    ],
    [
      1545,
      1547
    ],
    [
      1545,
      3255
    ],
    [
      1545,
      3305
    ],
    [
      1545,
      3749
    ],
    [
      1545,
      3959
    ],
    [
      1545,
      4127
    ],
    [
      1545,
      4358
    ],
    [
      1547,
      2497
    ],
    [
      1547,
      2697
    ],
    [
      1547,
      3199
    ],
    [
      1547,
      4684
    ],
    [
      1547,
      4844
    ],
    [
      1551,
      4678
    ],
    [
      1557,
      4452
    ],
    [
      1559,
      4838
    ],
    [
      1565,
      2374
    ],
    [
      1565,
      2813
    ],
    [
      1565,
      3387
    ],
    [
      1572,
      1968
    ],
    [
      1572,
      2003
    ],
    [
      1572,
      2764
    ],
    [
      1572,
      4128
    ],
    [
      1574,
      1893
    ],
    [
      1574,
      2064
    ],
    [
      1574,
      2532
    ],
    [
      1574,
      2939
    ],
    [
      1574,
      3075
    ],
    [
      1574,
      4472
    ],
    [
      1574,
      4846
    ],
    [
      1588,
      2755
    ],
    [
      1613,
      2001
    ],
    [
      1613,
      2316
    ],
    [
      1613,
      2637
    ],
    [
      1613,
      3367
    ],
    [
      1613,
      3913
    ],
    [
      1613,
      4683
    ],
    [
      1613,
      4719
    ],
    [
      1613,
      4928
    ],
    [
      1618,
      4071
    ],
    [
      1622,
      2348
    ],
    [
      1633,
      4075
    ],
    [
      1633,
      4630
    ],
    [
      1636,
      2697
    ],
    [
      1636,
      4684
    ],
    [
      1636,
      4844
    ],
    [
      1639,
      2755
    ],
    [
      1644,
      3492
    ],
    [
      1644,
      5016
    ],
    [
      1644,
      5144
    ],
    [
      1688,
      1720
    ],
    [
      1688,
      2937
    ],
    [
      1688,
      3863
    ],
    [
      1693,
      5195
    ],
    [
      1706,
      2697
    ],
    [
      1706,
      4684
    ],
    [
      1706,
      4844
    ],
    [
      1738,
      3003
    ],
    [
      1761,
      1954
    ],
    [
      1761,
      4041
    ],
    [
      1779,
      2755
    ],
    [
      1779,
      3318
    ],
    [
      1785,
      5195
    ],
    [
      1804,
      2348
    ],
    [
      1831,
      3255
    ],
    [
      1831,
      4127
    ],
    [
      1876,
      5100
    ],
    [
      1878,
      2039
    ],
    [
      1888,
      3255
    ],
    [
      1888,
      4127
    ],
    [
      1893,
      2342
    ],
    [
      1893,
      2990
    ],
    [
      1893,
      3605
    ],
    [
      1893,
      3680
    ],
    [
      1893,
      3909
    ],
    [
      1893,
      4242
    ],
    [
      1893,
      4362
    ],
    [
      1893,
      4436
    ],
    [
      1894,
      3751
    ],
    [
      1894,
      5141
    ],
    [
      1896,
      1998
    ],
    [
      1896,
      3185
    ],
    [
      1896,
      3410
    ],
    [
      1913,
      2374
    ],
    [
      1913,
      2813
    ],
    [
      1913,
      2885
    ],
    [
      1913,
      3089
    ],
    [
      1913,
      3384
    ],
    [
      1913,
      3387
    ],
    [
      1913,
      5042
    ],
    [
      1915,
      3255
    ],
    [
      1915,
      4127
    ],
    [
      1920,
      3315
    ],
    [
      1921,
      2697
    ],
    [
      1921,
      4684
    ],
    [
      1921,
      4844
    ],
    [
      1926,
      4678
    ],
    [
      1928,
      3471
    ],
    [
      1928,
      4225
    ],
    [
      1928,
      4920
    ],
    [
      1929,
      2402
    ],
    [
      1942,
      4842
    ],
    [
      1944,
      2417
    ],
    [
      1944,
      2467
    ],
    [
      1944,
      3344
    ],
    [
      1944,
      3890
    ],
    [
      1944,
      3938
    ],
    [
      1946,
      2697
    ],
    [
      1946,
      4684
    ],
    [
      1946,
      4844
    ],
    [
      1947,
      2374
    ],
    [
      1968,
      2049
    ],
    [
      1968,
      2074
    ],
    [
      1968,
      2727
    ],
    [
      1968,
      2898
    ],
    [
      1968,
      3263
    ],
    [
      1968,
      3961
    ],
    [
      1968,
      4458
    ],
    [
      1968,
      4793
    ],
    [
      1968,
      5142
    ],
    [
      1968,
      5190
    ],
    [
      1981,
      2279
    ],
    [
      1981,
      3554
    ],
    [
      1998,
      3490
    ],
    [
      2001,
      2982
    ],
    [
      2001,
      4452
    ],
    [
      2003,
      2049
    ],
    [
      2003,
      2074
    ],
    [
      2003,
      2727
    ],
    [
      2003,
      2885
    ],
    [
      2003,
      3089
    ],
    [
      2003,
      3263
    ],
    [
      2003,
      3384
    ],
    [
      2003,
      3961
    ],
    [
      2003,
      4458
    ],
    [
      2003,
      4793
    ],
    [
      2003,
      4811
    ],
    [
      2003,
      4841
    ],
    [
      2003,
      5042
    ],
    [
      2003,
      5142
    ],
    [
      2021,
      2209
    ],
    [
      2034,
      4805
    ],
    [
      2035,
      3185
    ],
    [
      2049,
      2764
    ],
    [
      2049,
      4128
    ],
    [
      2064,
      2142
    ],
    [
      2064,
      2990
    ],
    [
      2064,
      3909
    ],
    [
      2064,
      4436
    ],
    [
      2065,
      4817
    ],
    [
      2072,
      3795
    ],
    [
      2072,
      3868
    ],
    [
      2074,
      2764
    ],
    [
      2074,
      4128
    ],
    [
      2094,
      2742
    ],
    [
      2094,
      3315
    ],
    [
      2098,
      4301
    ],
    [
      2117,
      3003
    ],
    [
      2117,
      4356
    ],
    [
      2125,
      5093
    ],
    [
      2142,
      2532
    ],
    [
      2142,
      2924
    ],
    [
      2142,
      3075
    ],
    [
      2142,
      3351
    ],
    [
      2142,
      3471
    ],
    [
      2142,
      4183
    ],
    [
      2142,
      4472
    ],
    [
      2142,
      5087
    ],
    [
      2149,
      2349
    ],
    [
      2149,
      3501
    ],
    [
      2152,
      2982
    ],
    [
      2154,
      2697
    ],
    [
      2154,
      4684
    ],
    [
      2154,
      4844
    ],
    [
      2164,
      2348
    ],
    [
      2178,
      2613
    ],
    [
      2178,
      4555
    ],
    [
      2209,
      2792
    ],
    [
      2209,
      4916
    ],
    [
      2237,
      2348
    ],
    [
      2246,
      4991
    ],
    [
      2279,
      2532
    ],
    [
      2279,
      2625
    ],
    [
      2279,
      2919
    ],
    [
      2279,
      2924
    ],
    [
      2279,
      3160
    ],
    [
      2279,
      3250
    ],
    [
      2279,
      3351
    ],
    [
      2279,
      3471
    ],
    [
      2279,
      3502
    ],
    [
      2279,
      4183
    ],
    [
      2279,
      4225
    ],
    [
      2279,
      4259
    ],
    [
      2279,
      4533
    ],
    [
      2279,
      4920
    ],
    [
      2279,
      5087
    ],
    [
      2282,
      2930
    ],
    [
      2282,
      3098
    ],
    [
      2282,
      3790
    ],
    [
      2282,
      3945
    ],
    [
      2282,
      4318
    ],
    [
      2282,
      5203
    ],
    [
      2304,
      2901
    ],
    [
      2304,
      3284
    ],
    [
      2304,
      3314
    ],
    [
      2304,
      4364
    ],
    [
      2304,
      4947
    ],
    [
      2306,
      2348
    ],
    [
      2310,
      2348
    ],
    [
      2310,
      4762
    ],
    [
      2310,
      5086
    ],
    [
      2316,
      2982
    ],
    [
      2316,
      4452
    ],
    [
      2333,
      4678
    ],
    [
      2342,
      2939
    ],
    [
      2342,
      4846
    ],
    [
      2343,
      3594
    ],
    [
      2343,
      5224
    ],
    [
      2348,
      2426
    ],
    [
      2348,
      2512
    ],
    [
      2348,
      2756
    ],
    [
      2348,
      2783
    ],
    [
      2348,
      2833
    ],
    [
      2348,
      3044
    ],
    [
      2348,
      3177
    ],
    [
      2348,
      3314
    ],
    [
      2348,
      3366
    ],
    [
      2348,
      3378
    ],
    [
      2348,
      3450
    ],
    [
      2348,
      3516
    ],
    [
      2348,
      3559
    ],
    [
      2348,
      3726
    ],
    [
      2348,
      3874
    ],
    [
      2348,
      4088
    ],
    [
      2348,
      4364
    ],
    [
      2348,
      4465
    ],
    [
      2348,
      4792
    ],
    [
      2348,
      4877
    ],
    [
      2348,
      4947
    ],
    [
      2348,
      4968
    ],
    [
      2349,
      4838
    ],
    [
      2350,
      3185
    ],
    [
      2352,
      2829
    ],
    [
      2366,
      4495
    ],
    [
      2366,
      4548
    ],
    [
      2374,
      2684
    ],
    [
      2374,
      3196
    ],
    [
      2374,
      3260
    ],
    [
      2374,
      3544
    ],
    [
      2374,
      3686
    ],
    [
      2374,
      4414
    ],
    [
      2374,
      4727
    ],
    [
      2375,
      3272
    ],
    [
      2379,
      4687
    ],
    [
      2400,
      4421
    ],
    [
      2400,
      4848
    ],
    [
      2402,
      4266
    ],
    [
      2404,
      3064
    ],
    [
      2405,
      4645
    ],
    [
      2410,
      3865
    ],
    [
      2449,
      4452
    ],
    [
      2458,
      4817
    ],
    [
      2464,
      3268
    ],
    [
      2466,
      4557
    ],
    [
      2497,
      3255
    ],
    [
      2497,
      3305
    ],
    [
      2497,
      3749
    ],
    [
      2497,
      4127
    ],
    [
      2497,
      4358
    ],
    [
      2501,
      4071
    ],
    [
      2509,
      2595
    ],
    [
      2509,
      2982
    ],
    [
      2517,
      3949
    ],
    [
      2532,
      3554
    ],
    [
      2532,
      3909
    ],
    [
      2532,
      4436
    ],
    [
      2555,
      2595
    ],
    [
      2555,
      2982
    ],
    [
      2563,
      2697
    ],
    [
      2563,
      4684
    ],
    [
      2563,
      4844
    ],
    [
      2564,
      5223
    ],
    [
      2583,
      4678
    ],
    [
      2595,
      2637
    ],
    [
      2595,
      2930
    ],
    [
      2595,
      2943
    ],
    [
      2595,
      2988
    ],
    [
      2595,
      3367
    ],
    [
      2595,
      3790
    ],
    [
      2595,
      4401
    ],
    [
      2595,
      4683
    ],
    [
      2595,
      4789
    ],
    [
      2595,
      5203
    ],
    [
      2606,
      4197
    ],
    [
      2606,
      4948
    ],
    [
      2613,
      3623
    ],
    [
      2613,
      4148
    ],
    [
      2625,
      3554
    ],
    [
      2637,
      2982
    ],
    [
      2637,
      4452
    ],
    [
      2652,
      4678
    ],
    [
      2654,
      3534
    ],
    [
      2656,
      2755
    ],
    [
      2684,
      2813
    ],
    [
      2684,
      2885
    ],
    [
      2684,
      3089
    ],
    [
      2684,
      3384
    ],
    [
      2684,
      3387
    ],
    [
      2684,
      5042
    ],
    [
      2693,
      3064
    ],
    [
      2697,
      3016
    ],
    [
      2697,
      3121
    ],
    [
      2697,
      3255
    ],
    [
      2697,
      3262
    ],
    [
      2697,
      3305
    ],
    [
      2697,
      3547
    ],
    [
      2697,
      3749
    ],
    [
      2697,
      3813
    ],
    [
      2697,
      3917
    ],
    [
      2697,
      3959
    ],
    [
      2697,
      4097
    ],
    [
      2697,
      4127
    ],
    [
      2697,
      4270
    ],
    [
      2697,
      4342
    ],
    [
      2697,
      4358
    ],
    [
      2697,
      4359
    ],
    [
      2697,
      4508
    ],
    [
      2697,
      4879
    ],
    [
      2697,
      5009
    ],
    [
      2697,
      5139
    ],
    [
      2700,
      3298
    ],
    [
      2717,
      3520
    ],
    [
      2717,
      3797
    ],
    [
      2717,
      3938
    ],
    [
      2727,
      2764
    ],
    [
      2727,
      4128
    ],
    [
      2728,
      4991
    ],
    [
      2729,
      3594
    ],
    [
      2742,
      4627
    ],
    [
      2751,
      3255
    ],
    [
      2751,
      4127
    ],
    [
      2753,
      2755
    ],
    [
      2755,
      2852
    ],
    [
      2755,
      2954
    ],
    [
      2755,
      3065
    ],
    [
      2755,
      3080
    ],
    [
      2755,
      3529
    ],
    [
      2755,
      4294
    ],
    [
      2755,
      4351
    ],
    [
      2755,
      4709
    ],
    [
      2764,
      2885
    ],
    [
      2764,
      2898
    ],
    [
      2764,
      3089
    ],
    [
      2764,
      3263
    ],
    [
      2764,
      3384
    ],
    [
      2764,
      3961
    ],
    [
      2764,
      4458
    ],
    [
      2764,
      4793
    ],
    [
      2764,
      4811
    ],
    [
      2764,
      4841
    ],
    [
      2764,
      5042
    ],
    [
      2764,
      5142
    ],
    [
      2774,
      2982
    ],
    [
      2774,
      4452
    ],
    [
      2774,
      4522
    ],
    [
      2775,
      3492
    ],
    [
      2775,
      5144
    ],
    [
      2792,
      4842
    ],
    [
      2800,
      3490
    ],
    [
      2803,
      3501
    ],
    [
      2808,
      4879
    ],
    [
      2813,
      3196
    ],
    [
      2813,
      3260
    ],
    [
      2813,
      3686
    ],
    [
      2813,
      3984
    ],
    [
      2813,
      4414
    ],
    [
      2813,
      4727
    ],
    [
      2828,
      3534
    ],
    [
      2829,
      5251
    ],
    [
      2831,
      4734
    ],
    [
      2845,
      4452
    ],
    [
      2852,
      3615
    ],
    [
      2852,
      4889
    ],
    [
      2877,
      3420
    ],
    [
      2881,
      3917
    ],
    [
      2885,
      4128
    ],
    [
      2886,
      4991
    ],
    [
      2898,
      4128
    ],
    [
      2901,
      3379
    ],
    [
      2901,
      4762
    ],
    [
      2901,
      5086
    ],
    [
      2908,
      4071
    ],
    [
      2909,
      4220
    ],
    [
      2912,
      4452
    ],
    [
      2914,
      5251
    ],
    [
      2919,
      3554
    ],
    [
      2924,
      3554
    ],
    [
      2930,
      2982
    ],
    [
      2932,
      3221
    ],
    [
      2939,
      2990
    ],
    [
      2939,
      3605
    ],
    [
      2939,
      3680
    ],
    [
      2939,
      3909
    ],
    [
      2939,
      4242
    ],
    [
      2939,
      4362
    ],
    [
      2939,
      4436
    ],
    [
      2943,
      2982
    ],
    [
      2943,
      4452
    ],
    [
      2944,
      3255
    ],
    [
      2944,
      4127
    ],
    [
      2982,
      2988
    ],
    [
      2982,
      3098
    ],
    [
      2982,
      3292
    ],
    [
      2982,
      3367
    ],
    [
      2982,
      3790
    ],
    [
      2982,
      3913
    ],
    [
      2982,
      3967
    ],
    [
      2982,
      4167
    ],
    [
      2982,
      4297
    ],
    [
      2982,
      4401
    ],
    [
      2982,
      4453
    ],
    [
      2982,
      4484
    ],
    [
      2982,
      4637
    ],
    [
      2982,
      4683
    ],
    [
      2982,
      4719
    ],
    [
      2982,
      4789
    ],
    [
      2982,
      4928
    ],
    [
      2982,
      4976
    ],
    [
      2982,
      5002
    ],
    [
      2982,
      5247
    ],
    [
      2990,
      4472
    ],
    [
      2990,
      4846
    ],
    [
      2998,
      3807
    ],
    [
      3016,
      4684
    ],
    [
      3016,
      4844
    ],
    [
      3042,
      5116
    ],
    [
      3063,
      3298
    ],
    [
      3064,
      3249
    ],
    [
      3064,
      3361
    ],
    [
      3064,
      4817
    ],
    [
      3073,
      4220
    ],
    [
      3089,
      4128
    ],
    [
      3098,
      3650
    ],
    [
      3119,
      4809
    ],
    [
      3121,
      4684
    ],
    [
      3121,
      4844
    ],
    [
      3160,
      3554
    ],
    [
      3181,
      3949
    ],
    [
      3185,
      3490
    ],
    [
      3185,
      3534
    ],
    [
      3191,
      4991
    ],
    [
      3196,
      3387
    ],
    [
      3199,
      3255
    ],
    [
      3199,
      3305
    ],
    [
      3199,
      3749
    ],
    [
      3199,
      3959
    ],
    [
      3199,
      4127
    ],
    [
      3199,
      4358
    ],
    [
      3221,
      4638
    ],
    [
      3226,
      4991
    ],
    [
      3248,
      3594
    ],
    [
      3248,
      5224
    ],
    [
      3250,
      3554
    ],
    [
      3255,
      4641
    ],
    [
      3255,
      4684
    ],
    [
      3260,
      3387
    ],
    [
      3262,
      4684
    ],
    [
      3262,
      4844
    ],
    [
      3263,
      4128
    ],
    [
      3268,
      3761
    ],
    [
      3268,
      4438
    ],
    [
      3268,
      4439
    ],
    [
      3268,
      5016
    ],
    [
      3268,
      5163
    ],
    [
      3284,
      3379
    ],
    [
      3284,
      4762
    ],
    [
      3305,
      4684
    ],
    [
      3305,
      4844
    ],
    [
      3313,
      4991
    ],
    [
      3314,
      3379
    ],
    [
      3314,
      4762
    ],
    [
      3314,
      5086
    ],
    [
      3315,
      4627
    ],
    [
      3344,
      5127
    ],
    [
      3351,
      3554
    ],
    [
      3367,
      4452
    ],
    [
      3368,
      4452
    ],
    [
      3379,
      4364
    ],
    [
      3379,
      4947
    ],
    [
      3384,
      4128
    ],
    [
      3387,
      3686
    ],
    [
      3387,
      3984
    ],
    [
      3387,
      4414
    ],
    [
      3387,
      4727
    ],
    [
      3410,
      3490
    ],
    [
      3411,
      4220
    ],
    [
      3416,
      5195
    ],
    [
      3420,
      3829
    ],
    [
      3420,
      4225
    ],
    [
      3439,
      4793
    ],
    [
      3459,
      3933
    ],
    [
      3459,
      4204
    ],
    [
      3471,
      3554
    ],
    [
      3471,
      4695
    ],
    [
      3476,
      5224
    ],
    [
      3490,
      3844
    ],
    [
      3490,
      4038
    ],
    [
      3490,
      4909
    ],
    [
      3501,
      4838
    ],
    [
      3502,
      3554
    ],
    [
      3510,
      3534
    ],
    [
      3520,
      5200
    ],
    [
      3525,
      4452
    ],
    [
      3534,
      3844
    ],
    [
      3534,
      4038
    ],
    [
      3547,
      4684
    ],
    [
      3547,
      4844
    ],
    [
      3554,
      4183
    ],
    [
      3554,
      4225
    ],
    [
      3554,
      4533
    ],
    [
      3594,
      4200
    ],
    [
      3594,
      4825
    ],
    [
      3604,
      4452
    ],
    [
      3605,
      4846
    ],
    [
      3650,
      4453
    ],
    [
      3680,
      4846
    ],
    [
      3681,
      5035
    ],
    [
      3713,
      5148
    ],
    [
      3749,
      4684
    ],
    [
      3749,
      4844
    ],
    [
      3797,
      5200
    ],
    [
      3813,
      4684
    ],
    [
      3813,
      4844
    ],
    [
      3909,
      4472
    ],
    [
      3909,
      4846
    ],
    [
      3913,
      4452
    ],
    [
      3917,
      4684
    ],
    [
      3917,
      4844
    ],
    [
      3931,
      3933
    ],
    [
      3931,
      4204
    ],
    [
      3945,
      4041
    ],
    [
      3949,
      3977
    ],
    [
      3959,
      4684
    ],
    [
      3959,
      4844
    ],
    [
      3961,
      4128
    ],
    [
      3977,
      3984
    ],
    [
      3977,
      4414
    ],
    [
      4012,
      4241
    ],
    [
      4041,
      4318
    ],
    [
      4041,
      5203
    ],
    [
      4045,
      4071
    ],
    [
      4045,
      4377
    ],
    [
      4091,
      4241
    ],
    [
      4097,
      4684
    ],
    [
      4097,
      4844
    ],
    [
      4127,
      4641
    ],
    [
      4127,
      4684
    ],
    [
      4128,
      4458
    ],
    [
      4128,
      4793
    ],
    [
      4128,
      4811
    ],
    [
      4128,
      4841
    ],
    [
      4128,
      5042
    ],
    [
      4128,
      5142
    ],
    [
      4148,
      4555
    ],
    [
      4188,
      5223
    ],
    [
      4225,
      4695
    ],
    [
      4241,
      4313
    ],
    [
      4241,
      4750
    ],
    [
      4242,
      4846
    ],
    [
      4245,
      5197
    ],
    [
      4258,
      4678
    ],
    [
      4270,
      4684
    ],
    [
      4270,
      4844
    ],
    [
      4317,
      4699
    ],
    [
      4325,
      5223
    ],
    [
      4342,
      4684
    ],
    [
      4342,
      4844
    ],
    [
      4358,
      4684
    ],
    [
      4358,
      4844
    ],
    [
      4359,
      4684
    ],
    [
      4359,
      4844
    ],
    [
      4362,
      4846
    ],
    [
      4364,
      4762
    ],
    [
      4364,
      5086
    ],
    [
      4385,
      4678
    ],
    [
      4406,
      4991
    ],
    [
      4423,
      4852
    ],
    [
      4436,
      4472
    ],
    [
      4436,
      4846
    ],
    [
      4452,
      4683
    ],
    [
      4452,
      4719
    ],
    [
      4452,
      4928
    ],
    [
      4452,
      5063
    ],
    [
      4461,
      4678
    ],
    [
      4508,
      4684
    ],
    [
      4508,
      4844
    ],
    [
      4522,
      4683
    ],
    [
      4542,
      4678
    ],
    [
      4557,
      5211
    ],
    [
      4569,
      4991
    ],
    [
      4570,
      4817
    ],
    [
      4628,
      5244
    ],
    [
      4630,
      5200
    ],
    [
      4643,
      4678
    ],
    [
      4678,
      4680
    ],
    [
      4678,
      4724
    ],
    [
      4678,
      5222
    ],
    [
      4684,
      4879
    ],
    [
      4684,
      5009
    ],
    [
      4684,
      5139
    ],
    [
      4748,
      4869
    ],
    [
      4792,
      5086
    ],
    [
      4825,
      5224
    ],
    [
      4842,
      4916
    ],
    [
      4842,
      5116
    ],
    [
      4844,
      4879
    ],
    [
      4844,
      5009
    ],
    [
      4844,
      5139
    ],
    [
      4943,
      4991
    ],
    [
      4991,
      5212
    ],
    [
      5061,
      5223
    ],
    [
      5078,
      5200
    ]
  ]
}