{
  "n_true_positives": 398,
  "n_positives": 398,
  "total_time": 0.1513528823852539,
  "date": "2025-01-28T08:49:49.690670",
  "backend": "BruteForce",
  "n_bins": 3,
  "eps": 0.28,
  "args": {
    "csvpath": [
      "../data/Certifair/predictions/german-base-P2-combined.csv"
    ],
    "eps": 0.28,
    "n_bins": 3,
    "n_examples": null,
    "out_path": "../results/fairness//results/certifair//german-base-P2-combined-eps0.28.json",
    "full_output": false,
    "verbose": false,
    "randomize_order": false,
    "backend": "bf",
    "blind_cols": null,
    "sample_cols": null,
    "pred": "prediction",
    "metric": "infinity",
    "max_time": null,
    "batchsize": null
  },
  "backend_meta": {
    "epsilon": 0.28,
    "decision_col": "prediction",
    "metric": "infinity",
    "is_exact": true,
    "is_sound": true,
    "is_complete": true
  },
  "positives": [
    [
      0,
      973
    ],
    [
      5,
      61
    ],
    [
      5,
      317
    ],
    [
      5,
      375
    ],
    [
      5,
      457
    ],
    [
      5,
      675
    ],
    [
      16,
      23
    ],
    [
      16,
      53
    ],
    [
      16,
      373
    ],
    [
      16,
      760
    ],
    [
      20,
      990
    ],
    [
      23,
      57
    ],
    [
      23,
      89
    ],
    [
      23,
      195
    ],
    [
      23,
      237
    ],
    [
      23,
      265
    ],
    [
      23,
      482
    ],
    [
      23,
      497
    ],
    [
      23,
      535
    ],
    [
      23,
      591
    ],
    [
      23,
      659
    ],
    [
      23,
      721
    ],
    [
      23,
      724
    ],
    [
      23,
      752
    ],
    [
      23,
      778
    ],
    [
      23,
      797
    ],
    [
      23,
      860
    ],
    [
      23,
      863
    ],
    [
      29,
      61
    ],
    [
      29,
      329
    ],
    [
      29,
      420
    ],
    [
      29,
      556
    ],
    [
      29,
      608
    ],
    [
      32,
      58
    ],
    [
      32,
      73
    ],
    [
      32,
      662
    ],
    [
      32,
      918
    ],
    [
      37,
      630
    ],
    [
      37,
      916
    ],
    [
      44,
      91
    ],
    [
      44,
      122
    ],
    [
      44,
      160
    ],
    [
      44,
      801
    ],
    [
      44,
      861
    ],
    [
      47,
      627
    ],
    [
      47,
      755
    ],
    [
      48,
      597
    ],
    [
      53,
      57
    ],
    [
      53,
      89
    ],
    [
      53,
      195
    ],
    [
      53,
      237
    ],
    [
      53,
      265
    ],
    [
      53,
      482
    ],
    [
      53,
      497
    ],
    [
      53,
      535
    ],
    [
      53,
      591
    ],
    [
      53,
      659
    ],
    [
      53,
      721
    ],
    [
      53,
      724
    ],
    [
      53,
      752
    ],
    [
      53,
      778
    ],
    [
      53,
      797
    ],
    [
      53,
      860
    ],
    [
      53,
      863
    ],
    [
      57,
      373
    ],
    [
      57,
      755
    ],
    [
      57,
      760
    ],
    [
      58,
      65
    ],
    [
      58,
      533
    ],
    [
      58,
      738
    ],
    [
      61,
      192
    ],
    [
      61,
      244
    ],
    [
      61,
      630
    ],
    [
      61,
      804
    ],
    [
      61,
      916
    ],
    [
      65,
      73
    ],
    [
      65,
      100
    ],
    [
      65,
      662
    ],
    [
      65,
      918
    ],
    [
      70,
      210
    ],
    [
      73,
      533
    ],
    [
      73,
      738
    ],
    [
      74,
      748
    ],
    [
      74,
      907
    ],
    [
      81,
      755
    ],
    [
      83,
      345
    ],
    [
      86,
      627
    ],
    [
      86,
      755
    ],
    [
      89,
      373
    ],
    [
      89,
      760
    ],
    [
      91,
      402
    ],
    [
      91,
      494
    ],
    [
      91,
      805
    ],
    [
      94,
      928
    ],
    [
      100,
      738
    ],
    [
      107,
      755
    ],
    [
      122,
      402
    ],
    [
      122,
      494
    ],
    [
      122,
      716
    ],
    [
      122,
      805
    ],
    [
      129,
      668
    ],
    [
      131,
      225
    ],
    [
      131,
      501
    ],
    [
      136,
      436
    ],
    [
      137,
      627
    ],
    [
      137,
      755
    ],
    [
      146,
      520
    ],
    [
      147,
      241
    ],
    [
      147,
      280
    ],
    [
      147,
      389
    ],
    [
      147,
      461
    ],
    [
      147,
      873
    ],
    [
      147,
      877
    ],
    [
      160,
      402
    ],
    [
      160,
      494
    ],
    [
      160,
      805
    ],
    [
      166,
      533
    ],
    [
      171,
      209
    ],
    [
      171,
      228
    ],
    [
      171,
      362
    ],
    [
      171,
      449
    ],
    [
      171,
      488
    ],
    [
      171,
      617
    ],
    [
      171,
      639
    ],
    [
      171,
      646
    ],
    [
      171,
      706
    ],
    [
      171,
      782
    ],
    [
      171,
      808
    ],
    [
      171,
      925
    ],
    [
      171,
      933
    ],
    [
      171,
      967
    ],
    [
      171,
      990
    ],
    [
      183,
      610
    ],
    [
      183,
      661
    ],
    [
      183,
      707
    ],
    [
      183,
      992
    ],
    [
      186,
      312
    ],
    [
      192,
      375
    ],
    [
      192,
      897
    ],
    [
      195,
      373
    ],
    [
      195,
      755
    ],
    [
      195,
      760
    ],
    [
      199,
      241
    ],
    [
      199,
      280
    ],
    [
      199,
      389
    ],
    [
      199,
      877
    ],
    [
      203,
      769
    ],
    [
      204,
      627
    ],
    [
      204,
      755
    ],
    [
      206,
      241
    ],
    [
      206,
      280
    ],
    [
      206,
      389
    ],
    [
      206,
      461
    ],
    [
      206,
      877
    ],
    [
      209,
      294
    ],
    [
      209,
      312
    ],
    [
      209,
      660
    ],
    [
      209,
      757
    ],
    [
      210,
      615
    ],
    [
      210,
      795
    ],
    [
      218,
      241
    ],
    [
      218,
      280
    ],
    [
      218,
      389
    ],
    [
      218,
      873
    ],
    [
      218,
      877
    ],
    [
      222,
      260
    ],
    [
      222,
      312
    ],
    [
      228,
      294
    ],
    [
      228,
      660
    ],
    [
      228,
      757
    ],
    [
      232,
      973
    ],
    [
      237,
      373
    ],
    [
      237,
      755
    ],
    [
      237,
      760
    ],
    [
      239,
      312
    ],
    [
      241,
      318
    ],
    [
      241,
      330
    ],
    [
      241,
      448
    ],
    [
      241,
      514
    ],
    [
      241,
      531
    ],
    [
      241,
      926
    ],
    [
      244,
      329
    ],
    [
      244,
      420
    ],
    [
      244,
      556
    ],
    [
      244,
      608
    ],
    [
      260,
      764
    ],
    [
      260,
      990
    ],
    [
      265,
      373
    ],
    [
      265,
      760
    ],
    [
      273,
      482
    ],
    [
      273,
      535
    ],
    [
      273,
      591
    ],
    [
      273,
      778
    ],
    [
      273,
      797
    ],
    [
      273,
      860
    ],
    [
      280,
      318
    ],
    [
      280,
      330
    ],
    [
      280,
      448
    ],
    [
      280,
      531
    ],
    [
      280,
      926
    ],
    [
      294,
      362
    ],
    [
      294,
      449
    ],
    [
      294,
      488
    ],
    [
      294,
      639
    ],
    [
      294,
      646
    ],
    [
      294,
      706
    ],
    [
      294,
      782
    ],
    [
      294,
      808
    ],
    [
      294,
      967
    ],
    [
      298,
      983
    ],
    [
      305,
      630
    ],
    [
      305,
      916
    ],
    [
      312,
      362
    ],
    [
      312,
      384
    ],
    [
      312,
      449
    ],
    [
      312,
      488
    ],
    [
      312,
      507
    ],
    [
      312,
      612
    ],
    [
      312,
      639
    ],
    [
      312,
      646
    ],
    [
      312,
      706
    ],
    [
      312,
      782
    ],
    [
      312,
      808
    ],
    [
      312,
      967
    ],
    [
      318,
      389
    ],
    [
      318,
      461
    ],
    [
      318,
      668
    ],
    [
      318,
      714
    ],
    [
      318,
      873
    ],
    [
      318,
      877
    ],
    [
      329,
      630
    ],
    [
      329,
      804
    ],
    [
      329,
      916
    ],
    [
      330,
      389
    ],
    [
      330,
      461
    ],
    [
      330,
      668
    ],
    [
      330,
      873
    ],
    [
      330,
      877
    ],
    [
      333,
      755
    ],
    [
      335,
      755
    ],
    [
      342,
      627
    ],
    [
      351,
      610
    ],
    [
      351,
      661
    ],
    [
      351,
      707
    ],
    [
      351,
      992
    ],
    [
      362,
      660
    ],
    [
      362,
      757
    ],
    [
      369,
      765
    ],
    [
      373,
      482
    ],
    [
      373,
      497
    ],
    [
      373,
      535
    ],
    [
      373,
      591
    ],
    [
      373,
      659
    ],
    [
      373,
      721
    ],
    [
      373,
      724
    ],
    [
      373,
      752
    ],
    [
      373,
      778
    ],
    [
      373,
      797
    ],
    [
      373,
      860
    ],
    [
      373,
      863
    ],
    [
      375,
      630
    ],
    [
      375,
      916
    ],
    [
      383,
      630
    ],
    [
      383,
      916
    ],
    [
      389,
      448
    ],
    [
      389,
      531
    ],
    [
      389,
      926
    ],
    [
      399,
      710
    ],
    [
      402,
      801
    ],
    [
      402,
      861
    ],
    [
      407,
      916
    ],
    [
      420,
      630
    ],
    [
      420,
      804
    ],
    [
      420,
      916
    ],
    [
      448,
      668
    ],
    [
      448,
      714
    ],
    [
      448,
      873
    ],
    [
      448,
      877
    ],
    [
      449,
      660
    ],
    [
      449,
      757
    ],
    [
      461,
      531
    ],
    [
      461,
      926
    ],
    [
      465,
      748
    ],
    [
      465,
      907
    ],
    [
      472,
      610
    ],
    [
      472,
      707
    ],
    [
      472,
      992
    ],
    [
      477,
      506
    ],
    [
      477,
      773
    ],
    [
      482,
      755
    ],
    [
      482,
      760
    ],
    [
      485,
      755
    ],
    [
      488,
      660
    ],
    [
      488,
      757
    ],
    [
      494,
      801
    ],
    [
      494,
      861
    ],
    [
      497,
      755
    ],
    [
      497,
      760
    ],
    [
      501,
      896
    ],
    [
      502,
      630
    ],
    [
      502,
      916
    ],
    [
      506,
      624
    ],
    [
      506,
      858
    ],
    [
      514,
      668
    ],
    [
      531,
      714
    ],
    [
      531,
      873
    ],
    [
      531,
      877
    ],
    [
      533,
      662
    ],
    [
      533,
      918
    ],
    [
      533,
      952
    ],
    [
      535,
      755
    ],
    [
      535,
      760
    ],
    [
      536,
      627
    ],
    [
      536,
      755
    ],
    [
      547,
      755
    ],
    [
      551,
      630
    ],
    [
      551,
      916
    ],
    [
      556,
      804
    ],
    [
      556,
      899
    ],
    [
      591,
      755
    ],
    [
      591,
      760
    ],
    [
      608,
      630
    ],
    [
      608,
      804
    ],
    [
      608,
      916
    ],
    [
      609,
      918
    ],
    [
      610,
      668
    ],
    [
      610,
      714
    ],
    [
      610,
      873
    ],
    [
      610,
      877
    ],
    [
      615,
      750
    ],
    [
      617,
      660
    ],
    [
      617,
      757
    ],
    [
      624,
      773
    ],
    [
      627,
      689
    ],
    [
      627,
      903
    ],
    [
      630,
      897
    ],
    [
      630,
      922
    ],
    [
      634,
      990
    ],
    [
      639,
      660
    ],
    [
      646,
      660
    ],
    [
      646,
      757
    ],
    [
      659,
      760
    ],
    [
      660,
      706
    ],
    [
      660,
      782
    ],
    [
      660,
      808
    ],
    [
      660,
      925
    ],
    [
      660,
      933
    ],
    [
      660,
      967
    ],
    [
      660,
      990
    ],
    [
      662,
      738
    ],
    [
      668,
      707
    ],
    [
      668,
      926
    ],
    [
      668,
      992
    ],
    [
      671,
      696
    ],
    [
      689,
      755
    ],
    [
      706,
      757
    ],
    [
      707,
      714
    ],
    [
      707,
      873
    ],
    [
      707,
      877
    ],
    [
      714,
      926
    ],
    [
      714,
      992
    ],
    [
      716,
      801
    ],
    [
      716,
      861
    ],
    [
      721,
      760
    ],
    [
      724,
      760
    ],
    [
      726,
      764
    ],
    [
      738,
      918
    ],
    [
      745,
      990
    ],
    [
      750,
      795
    ],
    [
      752,
      760
    ],
    [
      755,
      778
    ],
    [
      755,
      797
    ],
    [
      755,
      854
    ],
    [
      755,
      860
    ],
    [
      755,
      863
    ],
    [
      755,
      902
    ],
    [
      755,
      903
    ],
    [
      757,
      808
    ],
    [
      757,
      925
    ],
    [
      757,
      933
    ],
    [
      757,
      967
    ],
    [
      757,
      990
    ],
    [
      760,
      778
    ],
    [
      760,
      797
    ],
    [
      760,
      860
    ],
    [
      760,
      863
    ],
    [
      772,
      973
    ],
    [
      773,
      858
    ],
    [
      801,
      805
    ],
    [
      805,
      861
    ],
    [
      835,
      977
    ],
    [
      873,
      926
    ],
    [
      873,
      992
    ],
    [
      877,
      926
    ],
    [
      877,
      992
    ],
    [
      897,
      916
    ],
    [
      916,
      922
    ],
    [
      920,
      990
    ]
  ]
}