{
  "n_true_positives": 3,
  "n_positives": 3,
  "total_time": 0.1408703327178955,
  "date": "2025-01-28T08:49:48.252861",
  "backend": "BruteForce",
  "n_bins": 12,
  "eps": 0.08,
  "args": {
    "csvpath": [
      "../data/Certifair/predictions/german-global-P1-combined.csv"
    ],
    "eps": 0.08,
    "n_bins": 12,
    "n_examples": null,
    "out_path": "../results/fairness//results/certifair//german-global-P1-combined-eps0.08.json",
    "full_output": false,
    "verbose": false,
    "randomize_order": false,
    "backend": "bf",
    "blind_cols": null,
    "sample_cols": null,
    "pred": "prediction",
    "metric": "infinity",
    "max_time": null,
    "batchsize": null
  },
  "backend_meta": {
    "epsilon": 0.08,
    "decision_col": "prediction",
    "metric": "infinity",
    "is_exact": true,
    "is_sound": true,
    "is_complete": true
  },
  "positives": [
    [
      241,
      389
    ],
    [
      610,
      707
    ],
    [
      610,
      992
    ]
  ]
}