{
  "n_true_positives": 87,
  "n_positives": 87,
  "total_time": 0.13752460479736328,
  "date": "2025-01-28T08:49:52.520175",
  "backend": "BruteForce",
  "n_bins": 6,
  "eps": 0.16,
  "args": {
    "csvpath": [
      "../data/Certifair/predictions/german-local-P2-combined.csv"
    ],
    "eps": 0.16,
    "n_bins": 6,
    "n_examples": null,
    "out_path": "../results/fairness//results/certifair//german-local-P2-combined-eps0.16.json",
    "full_output": false,
    "verbose": false,
    "randomize_order": false,
    "backend": "bf",
    "blind_cols": null,
    "sample_cols": null,
    "pred": "prediction",
    "metric": "infinity",
    "max_time": null,
    "batchsize": null
  },
  "backend_meta": {
    "epsilon": 0.16,
    "decision_col": "prediction",
    "metric": "infinity",
    "is_exact": true,
    "is_sound": true,
    "is_complete": true
  },
  "positives": [
    [
      5,
      192
    ],
    [
      16,
      482
    ],
    [
      23,
      860
    ],
    [
      50,
      409
    ],
    [
      50,
      695
    ],
    [
      50,
      824
    ],
    [
      53,
      778
    ],
    [
      53,
      797
    ],
    [
      53,
      860
    ],
    [
      57,
      482
    ],
    [
      64,
      132
    ],
    [
      64,
      143
    ],
    [
      64,
      810
    ],
    [
      66,
      364
    ],
    [
      66,
      525
    ],
    [
      66,
      684
    ],
    [
      106,
      132
    ],
    [
      106,
      143
    ],
    [
      106,
      810
    ],
    [
      132,
      213
    ],
    [
      132,
      401
    ],
    [
      132,
      791
    ],
    [
      132,
      881
    ],
    [
      143,
      213
    ],
    [
      143,
      401
    ],
    [
      143,
      709
    ],
    [
      143,
      791
    ],
    [
      143,
      881
    ],
    [
      147,
      241
    ],
    [
      147,
      280
    ],
    [
      147,
      389
    ],
    [
      147,
      531
    ],
    [
      168,
      274
    ],
    [
      168,
      526
    ],
    [
      171,
      228
    ],
    [
      171,
      362
    ],
    [
      195,
      482
    ],
    [
      199,
      926
    ],
    [
      206,
      531
    ],
    [
      213,
      810
    ],
    [
      218,
      280
    ],
    [
      218,
      531
    ],
    [
      228,
      757
    ],
    [
      237,
      482
    ],
    [
      269,
      525
    ],
    [
      294,
      362
    ],
    [
      301,
      950
    ],
    [
      318,
      877
    ],
    [
      318,
      926
    ],
    [
      330,
      877
    ],
    [
      330,
      926
    ],
    [
      362,
      660
    ],
    [
      362,
      757
    ],
    [
      364,
      620
    ],
    [
      373,
      778
    ],
    [
      373,
      797
    ],
    [
      373,
      860
    ],
    [
      383,
      630
    ],
    [
      401,
      810
    ],
    [
      409,
      456
    ],
    [
      409,
      633
    ],
    [
      409,
      818
    ],
    [
      456,
      695
    ],
    [
      456,
      824
    ],
    [
      482,
      659
    ],
    [
      482,
      721
    ],
    [
      482,
      778
    ],
    [
      482,
      797
    ],
    [
      482,
      863
    ],
    [
      525,
      620
    ],
    [
      525,
      629
    ],
    [
      535,
      755
    ],
    [
      591,
      755
    ],
    [
      617,
      757
    ],
    [
      620,
      684
    ],
    [
      630,
      916
    ],
    [
      630,
      922
    ],
    [
      633,
      695
    ],
    [
      633,
      824
    ],
    [
      695,
      818
    ],
    [
      760,
      778
    ],
    [
      760,
      797
    ],
    [
      760,
      860
    ],
    [
      791,
      810
    ],
    [
      810,
      881
    ],
    [
      818,
      824
    ],
    [
      876,
      950
    ]
  ]
}