{
  "n_true_positives": 59,
  "n_positives": 59,
  "total_time": 0.15352869033813477,
  "date": "2025-01-28T08:49:49.915265",
  "backend": "BruteForce",
  "n_bins": 4,
  "eps": 0.24,
  "args": {
    "csvpath": [
      "../data/Certifair/predictions/german-global-P1-combined.csv"
    ],
    "eps": 0.24,
    "n_bins": 4,
    "n_examples": null,
    "out_path": "../results/fairness//results/certifair//german-global-P1-combined-eps0.24.json",
    "full_output": false,
    "verbose": false,
    "randomize_order": false,
    "backend": "bf",
    "blind_cols": null,
    "sample_cols": null,
    "pred": "prediction",
    "metric": "infinity",
    "max_time": null,
    "batchsize": null
  },
  "backend_meta": {
    "epsilon": 0.24,
    "decision_col": "prediction",
    "metric": "infinity",
    "is_exact": true,
    "is_sound": true,
    "is_complete": true
  },
  "positives": [
    [
      7,
      339
    ],
    [
      20,
      171
    ],
    [
      20,
      294
    ],
    [
      20,
      660
    ],
    [
      20,
      757
    ],
    [
      37,
      305
    ],
    [
      37,
      383
    ],
    [
      37,
      407
    ],
    [
      37,
      502
    ],
    [
      37,
      551
    ],
    [
      37,
      630
    ],
    [
      37,
      916
    ],
    [
      37,
      922
    ],
    [
      61,
      329
    ],
    [
      147,
      389
    ],
    [
      171,
      920
    ],
    [
      183,
      707
    ],
    [
      183,
      992
    ],
    [
      199,
      877
    ],
    [
      206,
      389
    ],
    [
      206,
      461
    ],
    [
      218,
      389
    ],
    [
      241,
      389
    ],
    [
      241,
      461
    ],
    [
      244,
      556
    ],
    [
      280,
      389
    ],
    [
      280,
      461
    ],
    [
      294,
      920
    ],
    [
      305,
      897
    ],
    [
      307,
      375
    ],
    [
      317,
      375
    ],
    [
      318,
      877
    ],
    [
      329,
      420
    ],
    [
      329,
      608
    ],
    [
      330,
      877
    ],
    [
      351,
      707
    ],
    [
      351,
      992
    ],
    [
      375,
      419
    ],
    [
      375,
      457
    ],
    [
      375,
      897
    ],
    [
      383,
      897
    ],
    [
      389,
      531
    ],
    [
      448,
      877
    ],
    [
      461,
      531
    ],
    [
      502,
      897
    ],
    [
      551,
      897
    ],
    [
      556,
      804
    ],
    [
      610,
      707
    ],
    [
      610,
      992
    ],
    [
      630,
      897
    ],
    [
      660,
      920
    ],
    [
      668,
      707
    ],
    [
      668,
      992
    ],
    [
      714,
      926
    ],
    [
      757,
      920
    ],
    [
      873,
      926
    ],
    [
      877,
      926
    ],
    [
      897,
      916
    ],
    [
      897,
      922
    ]
  ]
}