{
  "n_true_positives": 6,
  "n_positives": 6,
  "total_time": 0.142622709274292,
  "date": "2025-01-28T08:49:48.259164",
  "backend": "BruteForce",
  "n_bins": 12,
  "eps": 0.08,
  "args": {
    "csvpath": [
      "../data/Certifair/predictions/german-local-P2-combined.csv"
    ],
    "eps": 0.08,
    "n_bins": 12,
    "n_examples": null,
    "out_path": "../results/fairness//results/certifair//german-local-P2-combined-eps0.08.json",
    "full_output": false,
    "verbose": false,
    "randomize_order": false,
    "backend": "bf",
    "blind_cols": null,
    "sample_cols": null,
    "pred": "prediction",
    "metric": "infinity",
    "max_time": null,
    "batchsize": null
  },
  "backend_meta": {
    "epsilon": 0.08,
    "decision_col": "prediction",
    "metric": "infinity",
    "is_exact": true,
    "is_sound": true,
    "is_complete": true
  },
  "positives": [
    [
      143,
      401
    ],
    [
      147,
      280
    ],
    [
      301,
      950
    ],
    [
      409,
      456
    ],
    [
      525,
      620
    ],
    [
      630,
      916
    ]
  ]
}