{
  "n_true_positives": 230,
  "n_positives": 230,
  "total_time": 0.13728761672973633,
  "date": "2025-01-28T08:49:48.574494",
  "backend": "BruteForce",
  "n_bins": 4,
  "eps": 0.24,
  "args": {
    "csvpath": [
      "../data/Certifair/predictions/german-local-P1-combined.csv"
    ],
    "eps": 0.24,
    "n_bins": 4,
    "n_examples": null,
    "out_path": "../results/fairness//results/certifair//german-local-P1-combined-eps0.24.json",
    "full_output": false,
    "verbose": false,
    "randomize_order": false,
    "backend": "bf",
    "blind_cols": null,
    "sample_cols": null,
    "pred": "prediction",
    "metric": "infinity",
    "max_time": null,
    "batchsize": null
  },
  "backend_meta": {
    "epsilon": 0.24,
    "decision_col": "prediction",
    "metric": "infinity",
    "is_exact": true,
    "is_sound": true,
    "is_complete": true
  },
  "positives": [
    [
      5,
      375
    ],
    [
      16,
      237
    ],
    [
      16,
      482
    ],
    [
      16,
      778
    ],
    [
      16,
      797
    ],
    [
      16,
      860
    ],
    [
      23,
      57
    ],
    [
      23,
      195
    ],
    [
      23,
      497
    ],
    [
      23,
      659
    ],
    [
      23,
      721
    ],
    [
      23,
      863
    ],
    [
      37,
      630
    ],
    [
      44,
      716
    ],
    [
      50,
      352
    ],
    [
      50,
      633
    ],
    [
      50,
      818
    ],
    [
      53,
      57
    ],
    [
      53,
      195
    ],
    [
      53,
      497
    ],
    [
      53,
      659
    ],
    [
      53,
      721
    ],
    [
      53,
      863
    ],
    [
      57,
      237
    ],
    [
      57,
      373
    ],
    [
      57,
      482
    ],
    [
      57,
      778
    ],
    [
      57,
      797
    ],
    [
      64,
      132
    ],
    [
      64,
      143
    ],
    [
      64,
      181
    ],
    [
      64,
      249
    ],
    [
      64,
      320
    ],
    [
      64,
      452
    ],
    [
      64,
      650
    ],
    [
      64,
      810
    ],
    [
      66,
      364
    ],
    [
      66,
      525
    ],
    [
      66,
      684
    ],
    [
      106,
      132
    ],
    [
      106,
      143
    ],
    [
      106,
      810
    ],
    [
      129,
      661
    ],
    [
      131,
      501
    ],
    [
      132,
      213
    ],
    [
      132,
      401
    ],
    [
      132,
      709
    ],
    [
      132,
      791
    ],
    [
      132,
      881
    ],
    [
      143,
      213
    ],
    [
      143,
      401
    ],
    [
      143,
      709
    ],
    [
      143,
      791
    ],
    [
      143,
      881
    ],
    [
      147,
      218
    ],
    [
      164,
      638
    ],
    [
      168,
      274
    ],
    [
      171,
      209
    ],
    [
      171,
      228
    ],
    [
      171,
      449
    ],
    [
      171,
      488
    ],
    [
      171,
      617
    ],
    [
      171,
      706
    ],
    [
      171,
      808
    ],
    [
      171,
      925
    ],
    [
      171,
      933
    ],
    [
      171,
      967
    ],
    [
      181,
      213
    ],
    [
      181,
      791
    ],
    [
      181,
      881
    ],
    [
      192,
      375
    ],
    [
      195,
      237
    ],
    [
      195,
      373
    ],
    [
      195,
      482
    ],
    [
      195,
      760
    ],
    [
      195,
      778
    ],
    [
      195,
      797
    ],
    [
      195,
      860
    ],
    [
      199,
      877
    ],
    [
      199,
      926
    ],
    [
      206,
      241
    ],
    [
      206,
      280
    ],
    [
      206,
      389
    ],
    [
      206,
      461
    ],
    [
      206,
      531
    ],
    [
      209,
      294
    ],
    [
      209,
      362
    ],
    [
      209,
      646
    ],
    [
      209,
      660
    ],
    [
      210,
      615
    ],
    [
      210,
      795
    ],
    [
      213,
      249
    ],
    [
      213,
      320
    ],
    [
      213,
      452
    ],
    [
      213,
      650
    ],
    [
      213,
      810
    ],
    [
      218,
      241
    ],
    [
      218,
      280
    ],
    [
      218,
      389
    ],
    [
      218,
      531
    ],
    [
      228,
      362
    ],
    [
      228,
      660
    ],
    [
      228,
      757
    ],
    [
      237,
      265
    ],
    [
      237,
      328
    ],
    [
      237,
      497
    ],
    [
      237,
      659
    ],
    [
      237,
      721
    ],
    [
      237,
      752
    ],
    [
      237,
      863
    ],
    [
      244,
      556
    ],
    [
      249,
      791
    ],
    [
      249,
      881
    ],
    [
      260,
      974
    ],
    [
      265,
      482
    ],
    [
      265,
      778
    ],
    [
      265,
      797
    ],
    [
      265,
      860
    ],
    [
      269,
      364
    ],
    [
      269,
      525
    ],
    [
      269,
      684
    ],
    [
      274,
      526
    ],
    [
      294,
      449
    ],
    [
      294,
      488
    ],
    [
      294,
      706
    ],
    [
      294,
      808
    ],
    [
      294,
      967
    ],
    [
      305,
      630
    ],
    [
      318,
      877
    ],
    [
      318,
      926
    ],
    [
      320,
      791
    ],
    [
      320,
      881
    ],
    [
      328,
      482
    ],
    [
      328,
      778
    ],
    [
      328,
      797
    ],
    [
      328,
      860
    ],
    [
      330,
      877
    ],
    [
      330,
      926
    ],
    [
      343,
      803
    ],
    [
      352,
      409
    ],
    [
      352,
      456
    ],
    [
      352,
      824
    ],
    [
      362,
      449
    ],
    [
      362,
      488
    ],
    [
      362,
      639
    ],
    [
      362,
      706
    ],
    [
      362,
      808
    ],
    [
      362,
      967
    ],
    [
      364,
      620
    ],
    [
      364,
      629
    ],
    [
      373,
      497
    ],
    [
      373,
      659
    ],
    [
      373,
      721
    ],
    [
      373,
      863
    ],
    [
      375,
      630
    ],
    [
      383,
      630
    ],
    [
      399,
      710
    ],
    [
      401,
      810
    ],
    [
      409,
      633
    ],
    [
      409,
      818
    ],
    [
      448,
      877
    ],
    [
      448,
      926
    ],
    [
      449,
      660
    ],
    [
      452,
      791
    ],
    [
      452,
      881
    ],
    [
      456,
      633
    ],
    [
      456,
      818
    ],
    [
      465,
      907
    ],
    [
      482,
      497
    ],
    [
      482,
      659
    ],
    [
      482,
      721
    ],
    [
      482,
      752
    ],
    [
      482,
      863
    ],
    [
      488,
      646
    ],
    [
      488,
      660
    ],
    [
      497,
      760
    ],
    [
      497,
      778
    ],
    [
      497,
      797
    ],
    [
      497,
      860
    ],
    [
      502,
      630
    ],
    [
      513,
      557
    ],
    [
      525,
      620
    ],
    [
      525,
      629
    ],
    [
      525,
      780
    ],
    [
      525,
      859
    ],
    [
      535,
      755
    ],
    [
      555,
      671
    ],
    [
      556,
      804
    ],
    [
      583,
      638
    ],
    [
      591,
      755
    ],
    [
      615,
      750
    ],
    [
      617,
      660
    ],
    [
      617,
      757
    ],
    [
      620,
      684
    ],
    [
      629,
      684
    ],
    [
      630,
      897
    ],
    [
      630,
      916
    ],
    [
      630,
      922
    ],
    [
      633,
      695
    ],
    [
      633,
      824
    ],
    [
      638,
      643
    ],
    [
      646,
      808
    ],
    [
      650,
      747
    ],
    [
      650,
      791
    ],
    [
      650,
      881
    ],
    [
      659,
      760
    ],
    [
      659,
      778
    ],
    [
      659,
      797
    ],
    [
      659,
      860
    ],
    [
      660,
      706
    ],
    [
      660,
      808
    ],
    [
      660,
      925
    ],
    [
      660,
      933
    ],
    [
      660,
      967
    ],
    [
      695,
      818
    ],
    [
      709,
      810
    ],
    [
      721,
      760
    ],
    [
      721,
      778
    ],
    [
      721,
      797
    ],
    [
      721,
      860
    ],
    [
      752,
      778
    ],
    [
      752,
      797
    ],
    [
      752,
      860
    ],
    [
      760,
      863
    ],
    [
      778,
      863
    ],
    [
      791,
      810
    ],
    [
      797,
      863
    ],
    [
      810,
      881
    ],
    [
      818,
      824
    ],
    [
      860,
      863
    ]
  ]
}