{
  "n_true_positives": 595,
  "n_positives": 595,
  "total_time": 0.15648198127746582,
  "date": "2025-01-28T08:49:49.855322",
  "backend": "BruteForce",
  "n_bins": 3,
  "eps": 0.28,
  "args": {
    "csvpath": [
      "../data/Certifair/predictions/german-local-P1-combined.csv"
    ],
    "eps": 0.28,
    "n_bins": 3,
    "n_examples": null,
    "out_path": "../results/fairness//results/certifair//german-local-P1-combined-eps0.28.json",
    "full_output": false,
    "verbose": false,
    "randomize_order": false,
    "backend": "bf",
    "blind_cols": null,
    "sample_cols": null,
    "pred": "prediction",
    "metric": "infinity",
    "max_time": null,
    "batchsize": null
  },
  "backend_meta": {
    "epsilon": 0.28,
    "decision_col": "prediction",
    "metric": "infinity",
    "is_exact": true,
    "is_sound": true,
    "is_complete": true
  },
  "positives": [
    [
      2,
      237
    ],
    [
      2,
      482
    ],
    [
      2,
      778
    ],
    [
      2,
      797
    ],
    [
      2,
      860
    ],
    [
      5,
      61
    ],
    [
      5,
      317
    ],
    [
      5,
      375
    ],
    [
      5,
      457
    ],
    [
      5,
      675
    ],
    [
      16,
      23
    ],
    [
      16,
      53
    ],
    [
      16,
      237
    ],
    [
      16,
      373
    ],
    [
      16,
      482
    ],
    [
      16,
      760
    ],
    [
      16,
      778
    ],
    [
      16,
      797
    ],
    [
      16,
      860
    ],
    [
      20,
      990
    ],
    [
      23,
      57
    ],
    [
      23,
      89
    ],
    [
      23,
      195
    ],
    [
      23,
      265
    ],
    [
      23,
      497
    ],
    [
      23,
      535
    ],
    [
      23,
      591
    ],
    [
      23,
      659
    ],
    [
      23,
      721
    ],
    [
      23,
      724
    ],
    [
      23,
      752
    ],
    [
      23,
      863
    ],
    [
      29,
      61
    ],
    [
      29,
      329
    ],
    [
      29,
      420
    ],
    [
      29,
      556
    ],
    [
      29,
      608
    ],
    [
      37,
      630
    ],
    [
      44,
      364
    ],
    [
      44,
      525
    ],
    [
      44,
      684
    ],
    [
      44,
      716
    ],
    [
      47,
      755
    ],
    [
      50,
      166
    ],
    [
      50,
      352
    ],
    [
      50,
      633
    ],
    [
      50,
      818
    ],
    [
      50,
      952
    ],
    [
      53,
      57
    ],
    [
      53,
      89
    ],
    [
      53,
      195
    ],
    [
      53,
      265
    ],
    [
      53,
      497
    ],
    [
      53,
      535
    ],
    [
      53,
      591
    ],
    [
      53,
      659
    ],
    [
      53,
      721
    ],
    [
      53,
      724
    ],
    [
      53,
      752
    ],
    [
      53,
      863
    ],
    [
      57,
      237
    ],
    [
      57,
      373
    ],
    [
      57,
      482
    ],
    [
      57,
      755
    ],
    [
      57,
      760
    ],
    [
      57,
      778
    ],
    [
      57,
      797
    ],
    [
      57,
      860
    ],
    [
      61,
      192
    ],
    [
      61,
      244
    ],
    [
      61,
      630
    ],
    [
      61,
      804
    ],
    [
      64,
      132
    ],
    [
      64,
      143
    ],
    [
      64,
      181
    ],
    [
      64,
      249
    ],
    [
      64,
      320
    ],
    [
      64,
      364
    ],
    [
      64,
      452
    ],
    [
      64,
      525
    ],
    [
      64,
      650
    ],
    [
      64,
      684
    ],
    [
      64,
      810
    ],
    [
      66,
      132
    ],
    [
      66,
      143
    ],
    [
      66,
      181
    ],
    [
      66,
      235
    ],
    [
      66,
      249
    ],
    [
      66,
      320
    ],
    [
      66,
      364
    ],
    [
      66,
      452
    ],
    [
      66,
      525
    ],
    [
      66,
      650
    ],
    [
      66,
      684
    ],
    [
      66,
      716
    ],
    [
      66,
      787
    ],
    [
      66,
      810
    ],
    [
      70,
      210
    ],
    [
      74,
      748
    ],
    [
      74,
      907
    ],
    [
      81,
      755
    ],
    [
      83,
      345
    ],
    [
      85,
      520
    ],
    [
      86,
      755
    ],
    [
      89,
      237
    ],
    [
      89,
      373
    ],
    [
      89,
      482
    ],
    [
      89,
      760
    ],
    [
      89,
      778
    ],
    [
      89,
      797
    ],
    [
      89,
      860
    ],
    [
      106,
      132
    ],
    [
      106,
      143
    ],
    [
      106,
      181
    ],
    [
      106,
      249
    ],
    [
      106,
      320
    ],
    [
      106,
      364
    ],
    [
      106,
      452
    ],
    [
      106,
      525
    ],
    [
      106,
      650
    ],
    [
      106,
      684
    ],
    [
      106,
      810
    ],
    [
      107,
      755
    ],
    [
      115,
      638
    ],
    [
      122,
      716
    ],
    [
      129,
      661
    ],
    [
      131,
      225
    ],
    [
      131,
      501
    ],
    [
      132,
      213
    ],
    [
      132,
      269
    ],
    [
      132,
      401
    ],
    [
      132,
      620
    ],
    [
      132,
      629
    ],
    [
      132,
      709
    ],
    [
      132,
      780
    ],
    [
      132,
      791
    ],
    [
      132,
      859
    ],
    [
      132,
      881
    ],
    [
      136,
      436
    ],
    [
      137,
      755
    ],
    [
      143,
      213
    ],
    [
      143,
      269
    ],
    [
      143,
      401
    ],
    [
      143,
      620
    ],
    [
      143,
      629
    ],
    [
      143,
      709
    ],
    [
      143,
      780
    ],
    [
      143,
      791
    ],
    [
      143,
      859
    ],
    [
      143,
      881
    ],
    [
      146,
      520
    ],
    [
      147,
      199
    ],
    [
      147,
      206
    ],
    [
      147,
      218
    ],
    [
      147,
      318
    ],
    [
      147,
      330
    ],
    [
      147,
      448
    ],
    [
      158,
      276
    ],
    [
      158,
      285
    ],
    [
      158,
      835
    ],
    [
      159,
      237
    ],
    [
      159,
      482
    ],
    [
      159,
      778
    ],
    [
      159,
      797
    ],
    [
      159,
      860
    ],
    [
      164,
      638
    ],
    [
      166,
      409
    ],
    [
      166,
      456
    ],
    [
      166,
      695
    ],
    [
      166,
      803
    ],
    [
      166,
      824
    ],
    [
      168,
      274
    ],
    [
      171,
      209
    ],
    [
      171,
      228
    ],
    [
      171,
      449
    ],
    [
      171,
      488
    ],
    [
      171,
      617
    ],
    [
      171,
      639
    ],
    [
      171,
      706
    ],
    [
      171,
      782
    ],
    [
      171,
      808
    ],
    [
      171,
      925
    ],
    [
      171,
      933
    ],
    [
      171,
      967
    ],
    [
      171,
      990
    ],
    [
      181,
      213
    ],
    [
      181,
      269
    ],
    [
      181,
      401
    ],
    [
      181,
      620
    ],
    [
      181,
      629
    ],
    [
      181,
      780
    ],
    [
      181,
      791
    ],
    [
      181,
      859
    ],
    [
      181,
      881
    ],
    [
      183,
      661
    ],
    [
      186,
      312
    ],
    [
      192,
      375
    ],
    [
      192,
      897
    ],
    [
      192,
      916
    ],
    [
      195,
      237
    ],
    [
      195,
      373
    ],
    [
      195,
      482
    ],
    [
      195,
      755
    ],
    [
      195,
      760
    ],
    [
      195,
      778
    ],
    [
      195,
      797
    ],
    [
      195,
      860
    ],
    [
      199,
      241
    ],
    [
      199,
      280
    ],
    [
      199,
      389
    ],
    [
      199,
      531
    ],
    [
      199,
      877
    ],
    [
      199,
      926
    ],
    [
      203,
      769
    ],
    [
      204,
      755
    ],
    [
      206,
      241
    ],
    [
      206,
      280
    ],
    [
      206,
      389
    ],
    [
      206,
      461
    ],
    [
      206,
      531
    ],
    [
      206,
      877
    ],
    [
      206,
      926
    ],
    [
      209,
      294
    ],
    [
      209,
      312
    ],
    [
      209,
      362
    ],
    [
      209,
      646
    ],
    [
      209,
      660
    ],
    [
      209,
      757
    ],
    [
      210,
      615
    ],
    [
      210,
      795
    ],
    [
      213,
      249
    ],
    [
      213,
      320
    ],
    [
      213,
      364
    ],
    [
      213,
      452
    ],
    [
      213,
      525
    ],
    [
      213,
      650
    ],
    [
      213,
      684
    ],
    [
      213,
      810
    ],
    [
      218,
      241
    ],
    [
      218,
      280
    ],
    [
      218,
      389
    ],
    [
      218,
      531
    ],
    [
      218,
      873
    ],
    [
      218,
      877
    ],
    [
      218,
      926
    ],
    [
      222,
      260
    ],
    [
      222,
      312
    ],
    [
      228,
      294
    ],
    [
      228,
      362
    ],
    [
      228,
      646
    ],
    [
      228,
      660
    ],
    [
      228,
      757
    ],
    [
      235,
      620
    ],
    [
      237,
      265
    ],
    [
      237,
      322
    ],
    [
      237,
      328
    ],
    [
      237,
      497
    ],
    [
      237,
      535
    ],
    [
      237,
      591
    ],
    [
      237,
      659
    ],
    [
      237,
      669
    ],
    [
      237,
      721
    ],
    [
      237,
      724
    ],
    [
      237,
      752
    ],
    [
      237,
      863
    ],
    [
      239,
      312
    ],
    [
      241,
      318
    ],
    [
      241,
      330
    ],
    [
      241,
      448
    ],
    [
      241,
      514
    ],
    [
      244,
      329
    ],
    [
      244,
      420
    ],
    [
      244,
      556
    ],
    [
      244,
      608
    ],
    [
      249,
      269
    ],
    [
      249,
      401
    ],
    [
      249,
      620
    ],
    [
      249,
      629
    ],
    [
      249,
      780
    ],
    [
      249,
      791
    ],
    [
      249,
      859
    ],
    [
      249,
      881
    ],
    [
      260,
      726
    ],
    [
      260,
      764
    ],
    [
      260,
      944
    ],
    [
      260,
      974
    ],
    [
      260,
      990
    ],
    [
      265,
      373
    ],
    [
      265,
      482
    ],
    [
      265,
      760
    ],
    [
      265,
      778
    ],
    [
      265,
      797
    ],
    [
      265,
      860
    ],
    [
      269,
      320
    ],
    [
      269,
      364
    ],
    [
      269,
      452
    ],
    [
      269,
      525
    ],
    [
      269,
      650
    ],
    [
      269,
      684
    ],
    [
      269,
      810
    ],
    [
      273,
      535
    ],
    [
      273,
      591
    ],
    [
      274,
      526
    ],
    [
      280,
      318
    ],
    [
      280,
      330
    ],
    [
      280,
      448
    ],
    [
      294,
      449
    ],
    [
      294,
      488
    ],
    [
      294,
      639
    ],
    [
      294,
      706
    ],
    [
      294,
      782
    ],
    [
      294,
      808
    ],
    [
      294,
      967
    ],
    [
      298,
      983
    ],
    [
      305,
      630
    ],
    [
      312,
      384
    ],
    [
      312,
      449
    ],
    [
      312,
      488
    ],
    [
      312,
      507
    ],
    [
      312,
      612
    ],
    [
      312,
      639
    ],
    [
      312,
      706
    ],
    [
      312,
      782
    ],
    [
      312,
      808
    ],
    [
      312,
      967
    ],
    [
      318,
      389
    ],
    [
      318,
      461
    ],
    [
      318,
      531
    ],
    [
      318,
      610
    ],
    [
      318,
      668
    ],
    [
      318,
      707
    ],
    [
      318,
      714
    ],
    [
      318,
      873
    ],
    [
      318,
      877
    ],
    [
      318,
      926
    ],
    [
      318,
      992
    ],
    [
      320,
      401
    ],
    [
      320,
      620
    ],
    [
      320,
      629
    ],
    [
      320,
      747
    ],
    [
      320,
      780
    ],
    [
      320,
      791
    ],
    [
      320,
      859
    ],
    [
      320,
      881
    ],
    [
      322,
      482
    ],
    [
      322,
      778
    ],
    [
      322,
      797
    ],
    [
      322,
      860
    ],
    [
      328,
      482
    ],
    [
      328,
      778
    ],
    [
      328,
      797
    ],
    [
      328,
      860
    ],
    [
      329,
      630
    ],
    [
      329,
      804
    ],
    [
      330,
      389
    ],
    [
      330,
      461
    ],
    [
      330,
      531
    ],
    [
      330,
      610
    ],
    [
      330,
      668
    ],
    [
      330,
      707
    ],
    [
      330,
      873
    ],
    [
      330,
      877
    ],
    [
      330,
      926
    ],
    [
      330,
      992
    ],
    [
      333,
      755
    ],
    [
      335,
      755
    ],
    [
      343,
      409
    ],
    [
      343,
      695
    ],
    [
      343,
      803
    ],
    [
      343,
      824
    ],
    [
      351,
      661
    ],
    [
      352,
      409
    ],
    [
      352,
      456
    ],
    [
      352,
      695
    ],
    [
      352,
      824
    ],
    [
      362,
      449
    ],
    [
      362,
      488
    ],
    [
      362,
      639
    ],
    [
      362,
      706
    ],
    [
      362,
      782
    ],
    [
      362,
      808
    ],
    [
      362,
      925
    ],
    [
      362,
      967
    ],
    [
      362,
      990
    ],
    [
      364,
      401
    ],
    [
      364,
      402
    ],
    [
      364,
      494
    ],
    [
      364,
      620
    ],
    [
      364,
      629
    ],
    [
      364,
      780
    ],
    [
      364,
      791
    ],
    [
      364,
      805
    ],
    [
      364,
      859
    ],
    [
      364,
      881
    ],
    [
      373,
      497
    ],
    [
      373,
      535
    ],
    [
      373,
      591
    ],
    [
      373,
      659
    ],
    [
      373,
      721
    ],
    [
      373,
      724
    ],
    [
      373,
      752
    ],
    [
      373,
      863
    ],
    [
      375,
      630
    ],
    [
      383,
      630
    ],
    [
      389,
      448
    ],
    [
      399,
      710
    ],
    [
      401,
      452
    ],
    [
      401,
      525
    ],
    [
      401,
      650
    ],
    [
      401,
      684
    ],
    [
      401,
      810
    ],
    [
      402,
      525
    ],
    [
      402,
      684
    ],
    [
      402,
      716
    ],
    [
      409,
      633
    ],
    [
      409,
      818
    ],
    [
      409,
      952
    ],
    [
      420,
      630
    ],
    [
      420,
      804
    ],
    [
      448,
      531
    ],
    [
      448,
      668
    ],
    [
      448,
      714
    ],
    [
      448,
      873
    ],
    [
      448,
      877
    ],
    [
      448,
      926
    ],
    [
      449,
      660
    ],
    [
      449,
      757
    ],
    [
      452,
      620
    ],
    [
      452,
      629
    ],
    [
      452,
      780
    ],
    [
      452,
      791
    ],
    [
      452,
      859
    ],
    [
      452,
      881
    ],
    [
      456,
      633
    ],
    [
      456,
      818
    ],
    [
      456,
      952
    ],
    [
      465,
      748
    ],
    [
      465,
      907
    ],
    [
      482,
      497
    ],
    [
      482,
      535
    ],
    [
      482,
      591
    ],
    [
      482,
      659
    ],
    [
      482,
      669
    ],
    [
      482,
      721
    ],
    [
      482,
      724
    ],
    [
      482,
      752
    ],
    [
      482,
      863
    ],
    [
      485,
      755
    ],
    [
      488,
      646
    ],
    [
      488,
      660
    ],
    [
      488,
      757
    ],
    [
      494,
      525
    ],
    [
      494,
      684
    ],
    [
      497,
      755
    ],
    [
      497,
      760
    ],
    [
      497,
      778
    ],
    [
      497,
      797
    ],
    [
      497,
      860
    ],
    [
      501,
      896
    ],
    [
      502,
      630
    ],
    [
      513,
      557
    ],
    [
      513,
      878
    ],
    [
      514,
      531
    ],
    [
      514,
      610
    ],
    [
      514,
      668
    ],
    [
      514,
      707
    ],
    [
      514,
      992
    ],
    [
      525,
      620
    ],
    [
      525,
      629
    ],
    [
      525,
      709
    ],
    [
      525,
      780
    ],
    [
      525,
      791
    ],
    [
      525,
      805
    ],
    [
      525,
      859
    ],
    [
      525,
      881
    ],
    [
      535,
      755
    ],
    [
      535,
      760
    ],
    [
      535,
      778
    ],
    [
      535,
      797
    ],
    [
      535,
      860
    ],
    [
      536,
      755
    ],
    [
      547,
      755
    ],
    [
      551,
      630
    ],
    [
      555,
      671
    ],
    [
      556,
      804
    ],
    [
      556,
      899
    ],
    [
      575,
      695
    ],
    [
      575,
      803
    ],
    [
      583,
      638
    ],
    [
      591,
      755
    ],
    [
      591,
      760
    ],
    [
      591,
      778
    ],
    [
      591,
      797
    ],
    [
      591,
      860
    ],
    [
      608,
      630
    ],
    [
      608,
      804
    ],
    [
      610,
      661
    ],
    [
      615,
      750
    ],
    [
      617,
      646
    ],
    [
      617,
      660
    ],
    [
      617,
      757
    ],
    [
      620,
      650
    ],
    [
      620,
      684
    ],
    [
      620,
      716
    ],
    [
      620,
      787
    ],
    [
      620,
      810
    ],
    [
      627,
      755
    ],
    [
      629,
      650
    ],
    [
      629,
      684
    ],
    [
      629,
      810
    ],
    [
      630,
      897
    ],
    [
      630,
      916
    ],
    [
      630,
      922
    ],
    [
      633,
      695
    ],
    [
      633,
      803
    ],
    [
      633,
      824
    ],
    [
      634,
      990
    ],
    [
      638,
      643
    ],
    [
      639,
      660
    ],
    [
      646,
      782
    ],
    [
      646,
      808
    ],
    [
      646,
      933
    ],
    [
      646,
      990
    ],
    [
      650,
      747
    ],
    [
      650,
      780
    ],
    [
      650,
      791
    ],
    [
      650,
      859
    ],
    [
      650,
      881
    ],
    [
      659,
      760
    ],
    [
      659,
      778
    ],
    [
      659,
      797
    ],
    [
      659,
      860
    ],
    [
      660,
      706
    ],
    [
      660,
      782
    ],
    [
      660,
      808
    ],
    [
      660,
      925
    ],
    [
      660,
      933
    ],
    [
      660,
      967
    ],
    [
      660,
      990
    ],
    [
      661,
      707
    ],
    [
      661,
      992
    ],
    [
      669,
      778
    ],
    [
      669,
      797
    ],
    [
      669,
      860
    ],
    [
      684,
      780
    ],
    [
      684,
      791
    ],
    [
      684,
      805
    ],
    [
      684,
      859
    ],
    [
      684,
      881
    ],
    [
      689,
      755
    ],
    [
      695,
      818
    ],
    [
      695,
      952
    ],
    [
      706,
      757
    ],
    [
      709,
      810
    ],
    [
      716,
      801
    ],
    [
      716,
      805
    ],
    [
      716,
      861
    ],
    [
      721,
      760
    ],
    [
      721,
      778
    ],
    [
      721,
      797
    ],
    [
      721,
      860
    ],
    [
      724,
      760
    ],
    [
      724,
      778
    ],
    [
      724,
      797
    ],
    [
      724,
      860
    ],
    [
      726,
      841
    ],
    [
      745,
      990
    ],
    [
      750,
      795
    ],
    [
      752,
      760
    ],
    [
      752,
      778
    ],
    [
      752,
      797
    ],
    [
      752,
      860
    ],
    [
      755,
      854
    ],
    [
      755,
      863
    ],
    [
      755,
      902
    ],
    [
      755,
      903
    ],
    [
      757,
      808
    ],
    [
      757,
      925
    ],
    [
      757,
      933
    ],
    [
      757,
      967
    ],
    [
      757,
      990
    ],
    [
      760,
      863
    ],
    [
      778,
      863
    ],
    [
      780,
      810
    ],
    [
      791,
      810
    ],
    [
      797,
      863
    ],
    [
      803,
      818
    ],
    [
      803,
      952
    ],
    [
      810,
      859
    ],
    [
      810,
      881
    ],
    [
      818,
      824
    ],
    [
      824,
      952
    ],
    [
      835,
      977
    ],
    [
      860,
      863
    ],
    [
      920,
      990
    ]
  ]
}