{
  "n_true_positives": 5,
  "n_positives": 5,
  "total_time": 0.1527242660522461,
  "date": "2025-01-28T08:49:49.895664",
  "backend": "BruteForce",
  "n_bins": 3,
  "eps": 0.28,
  "args": {
    "csvpath": [
      "../data/Certifair/predictions/german-global-P2-combined.csv"
    ],
    "eps": 0.28,
    "n_bins": 3,
    "n_examples": null,
    "out_path": "../results/fairness//results/certifair//german-global-P2-combined-eps0.28.json",
    "full_output": false,
    "verbose": false,
    "randomize_order": false,
    "backend": "bf",
    "blind_cols": null,
    "sample_cols": null,
    "pred": "prediction",
    "metric": "infinity",
    "max_time": null,
    "batchsize": null
  },
  "backend_meta": {
    "epsilon": 0.28,
    "decision_col": "prediction",
    "metric": "infinity",
    "is_exact": true,
    "is_sound": true,
    "is_complete": true
  },
  "positives": [
    [
      83,
      345
    ],
    [
      314,
      718
    ],
    [
      366,
      935
    ],
    [
      671,
      696
    ],
    [
      718,
      862
    ]
  ]
}