{
  "n_true_positives": 0,
  "n_positives": 0,
  "total_time": 0.14499902725219727,
  "date": "2025-01-28T08:49:45.841359",
  "backend": "BruteForce",
  "n_bins": 400,
  "eps": 0.0025,
  "args": {
    "csvpath": [
      "../data/Certifair/predictions/german-local-P1-combined.csv"
    ],
    "eps": 0.0025,
    "n_bins": 400,
    "n_examples": null,
    "out_path": "../results/fairness//results/certifair//german-local-P1-combined-eps0.0025.json",
    "full_output": false,
    "verbose": false,
    "randomize_order": false,
    "backend": "bf",
    "blind_cols": null,
    "sample_cols": null,
    "pred": "prediction",
    "metric": "infinity",
    "max_time": null,
    "batchsize": null
  },
  "backend_meta": {
    "epsilon": 0.0025,
    "decision_col": "prediction",
    "metric": "infinity",
    "is_exact": true,
    "is_sound": true,
    "is_complete": true
  },
  "positives": []
}