{
  "n_true_positives": 107,
  "n_positives": 107,
  "total_time": 0.1357285976409912,
  "date": "2025-01-28T08:49:52.519223",
  "backend": "BruteForce",
  "n_bins": 6,
  "eps": 0.16,
  "args": {
    "csvpath": [
      "../data/Certifair/predictions/german-local-P1-combined.csv"
    ],
    "eps": 0.16,
    "n_bins": 6,
    "n_examples": null,
    "out_path": "../results/fairness//results/certifair//german-local-P1-combined-eps0.16.json",
    "full_output": false,
    "verbose": false,
    "randomize_order": false,
    "backend": "bf",
    "blind_cols": null,
    "sample_cols": null,
    "pred": "prediction",
    "metric": "infinity",
    "max_time": null,
    "batchsize": null
  },
  "backend_meta": {
    "epsilon": 0.16,
    "decision_col": "prediction",
    "metric": "infinity",
    "is_exact": true,
    "is_sound": true,
    "is_complete": true
  },
  "positives": [
    [
      16,
      237
    ],
    [
      16,
      482
    ],
    [
      16,
      778
    ],
    [
      16,
      797
    ],
    [
      16,
      860
    ],
    [
      50,
      352
    ],
    [
      50,
      633
    ],
    [
      50,
      818
    ],
    [
      57,
      482
    ],
    [
      64,
      132
    ],
    [
      64,
      143
    ],
    [
      64,
      810
    ],
    [
      66,
      364
    ],
    [
      66,
      525
    ],
    [
      66,
      684
    ],
    [
      106,
      132
    ],
    [
      106,
      143
    ],
    [
      106,
      810
    ],
    [
      132,
      213
    ],
    [
      132,
      401
    ],
    [
      132,
      791
    ],
    [
      132,
      881
    ],
    [
      143,
      213
    ],
    [
      143,
      401
    ],
    [
      143,
      709
    ],
    [
      143,
      791
    ],
    [
      143,
      881
    ],
    [
      147,
      218
    ],
    [
      168,
      274
    ],
    [
      171,
      228
    ],
    [
      195,
      237
    ],
    [
      195,
      482
    ],
    [
      195,
      778
    ],
    [
      195,
      797
    ],
    [
      195,
      860
    ],
    [
      199,
      926
    ],
    [
      206,
      531
    ],
    [
      209,
      362
    ],
    [
      210,
      615
    ],
    [
      210,
      795
    ],
    [
      213,
      810
    ],
    [
      218,
      280
    ],
    [
      218,
      531
    ],
    [
      228,
      757
    ],
    [
      237,
      265
    ],
    [
      237,
      328
    ],
    [
      237,
      497
    ],
    [
      237,
      659
    ],
    [
      237,
      721
    ],
    [
      237,
      752
    ],
    [
      237,
      863
    ],
    [
      265,
      778
    ],
    [
      265,
      797
    ],
    [
      265,
      860
    ],
    [
      269,
      525
    ],
    [
      274,
      526
    ],
    [
      318,
      877
    ],
    [
      318,
      926
    ],
    [
      328,
      797
    ],
    [
      328,
      860
    ],
    [
      330,
      877
    ],
    [
      330,
      926
    ],
    [
      352,
      456
    ],
    [
      362,
      449
    ],
    [
      362,
      488
    ],
    [
      362,
      639
    ],
    [
      362,
      706
    ],
    [
      362,
      808
    ],
    [
      364,
      620
    ],
    [
      383,
      630
    ],
    [
      401,
      810
    ],
    [
      409,
      633
    ],
    [
      409,
      818
    ],
    [
      456,
      633
    ],
    [
      456,
      818
    ],
    [
      482,
      659
    ],
    [
      482,
      721
    ],
    [
      482,
      863
    ],
    [
      497,
      778
    ],
    [
      497,
      797
    ],
    [
      497,
      860
    ],
    [
      525,
      620
    ],
    [
      525,
      629
    ],
    [
      535,
      755
    ],
    [
      583,
      638
    ],
    [
      591,
      755
    ],
    [
      617,
      757
    ],
    [
      620,
      684
    ],
    [
      630,
      916
    ],
    [
      630,
      922
    ],
    [
      633,
      695
    ],
    [
      633,
      824
    ],
    [
      659,
      778
    ],
    [
      659,
      797
    ],
    [
      659,
      860
    ],
    [
      695,
      818
    ],
    [
      721,
      778
    ],
    [
      721,
      797
    ],
    [
      721,
      860
    ],
    [
      752,
      797
    ],
    [
      752,
      860
    ],
    [
      778,
      863
    ],
    [
      791,
      810
    ],
    [
      797,
      863
    ],
    [
      810,
      881
    ],
    [
      818,
      824
    ],
    [
      860,
      863
    ]
  ]
}