{
  "n_true_positives": 14,
  "n_positives": 14,
  "total_time": 0.13492798805236816,
  "date": "2025-01-28T08:49:48.243501",
  "backend": "BruteForce",
  "n_bins": 12,
  "eps": 0.08,
  "args": {
    "csvpath": [
      "../data/Certifair/predictions/german-local-P1-combined.csv"
    ],
    "eps": 0.08,
    "n_bins": 12,
    "n_examples": null,
    "out_path": "../results/fairness//results/certifair//german-local-P1-combined-eps0.08.json",
    "full_output": false,
    "verbose": false,
    "randomize_order": false,
    "backend": "bf",
    "blind_cols": null,
    "sample_cols": null,
    "pred": "prediction",
    "metric": "infinity",
    "max_time": null,
    "batchsize": null
  },
  "backend_meta": {
    "epsilon": 0.08,
    "decision_col": "prediction",
    "metric": "infinity",
    "is_exact": true,
    "is_sound": true,
    "is_complete": true
  },
  "positives": [
    [
      50,
      818
    ],
    [
      143,
      401
    ],
    [
      147,
      218
    ],
    [
      195,
      237
    ],
    [
      195,
      797
    ],
    [
      195,
      860
    ],
    [
      237,
      497
    ],
    [
      237,
      721
    ],
    [
      456,
      818
    ],
    [
      497,
      860
    ],
    [
      525,
      620
    ],
    [
      630,
      916
    ],
    [
      797,
      863
    ],
    [
      860,
      863
    ]
  ]
}