{
  "n_true_positives": 45,
  "n_positives": 45,
  "total_time": 0.13516855239868164,
  "date": "2025-01-28T08:49:52.624675",
  "backend": "BruteForce",
  "n_bins": 8,
  "eps": 0.12,
  "args": {
    "csvpath": [
      "../data/Certifair/predictions/german-local-P2-combined.csv"
    ],
    "eps": 0.12,
    "n_bins": 8,
    "n_examples": null,
    "out_path": "../results/fairness//results/certifair//german-local-P2-combined-eps0.12.json",
    "full_output": false,
    "verbose": false,
    "randomize_order": false,
    "backend": "bf",
    "blind_cols": null,
    "sample_cols": null,
    "pred": "prediction",
    "metric": "infinity",
    "max_time": null,
    "batchsize": null
  },
  "backend_meta": {
    "epsilon": 0.12,
    "decision_col": "prediction",
    "metric": "infinity",
    "is_exact": true,
    "is_sound": true,
    "is_complete": true
  },
  "positives": [
    [
      50,
      409
    ],
    [
      50,
      824
    ],
    [
      53,
      778
    ],
    [
      57,
      482
    ],
    [
      64,
      132
    ],
    [
      64,
      143
    ],
    [
      64,
      810
    ],
    [
      66,
      525
    ],
    [
      106,
      143
    ],
    [
      132,
      213
    ],
    [
      132,
      791
    ],
    [
      132,
      881
    ],
    [
      143,
      213
    ],
    [
      143,
      401
    ],
    [
      143,
      881
    ],
    [
      147,
      280
    ],
    [
      168,
      526
    ],
    [
      171,
      362
    ],
    [
      195,
      482
    ],
    [
      199,
      926
    ],
    [
      206,
      531
    ],
    [
      213,
      810
    ],
    [
      218,
      280
    ],
    [
      294,
      362
    ],
    [
      301,
      950
    ],
    [
      330,
      877
    ],
    [
      330,
      926
    ],
    [
      362,
      660
    ],
    [
      364,
      620
    ],
    [
      373,
      778
    ],
    [
      383,
      630
    ],
    [
      409,
      456
    ],
    [
      409,
      633
    ],
    [
      409,
      818
    ],
    [
      456,
      695
    ],
    [
      456,
      824
    ],
    [
      482,
      797
    ],
    [
      482,
      863
    ],
    [
      525,
      620
    ],
    [
      620,
      684
    ],
    [
      630,
      916
    ],
    [
      633,
      824
    ],
    [
      791,
      810
    ],
    [
      810,
      881
    ],
    [
      818,
      824
    ]
  ]
}