{
  "n_true_positives": 6,
  "n_positives": 6,
  "total_time": 0.1424722671508789,
  "date": "2025-01-28T08:49:48.887292",
  "backend": "BruteForce",
  "n_bins": 12,
  "eps": 0.08,
  "args": {
    "csvpath": [
      "../data/Certifair/predictions/german-base-P1-combined.csv"
    ],
    "eps": 0.08,
    "n_bins": 12,
    "n_examples": null,
    "out_path": "../results/fairness//results/certifair//german-base-P1-combined-eps0.08.json",
    "full_output": false,
    "verbose": false,
    "randomize_order": false,
    "backend": "bf",
    "blind_cols": null,
    "sample_cols": null,
    "pred": "prediction",
    "metric": "infinity",
    "max_time": null,
    "batchsize": null
  },
  "backend_meta": {
    "epsilon": 0.08,
    "decision_col": "prediction",
    "metric": "infinity",
    "is_exact": true,
    "is_sound": true,
    "is_complete": true
  },
  "positives": [
    [
      147,
      280
    ],
    [
      241,
      531
    ],
    [
      383,
      916
    ],
    [
      506,
      624
    ],
    [
      533,
      918
    ],
    [
      916,
      922
    ]
  ]
}