{
  "n_true_positives": 228,
  "n_positives": 228,
  "total_time": 0.15383505821228027,
  "date": "2025-01-28T08:49:49.862374",
  "backend": "BruteForce",
  "n_bins": 3,
  "eps": 0.32,
  "args": {
    "csvpath": [
      "../data/Certifair/predictions/german-global-P1-combined.csv"
    ],
    "eps": 0.32,
    "n_bins": 3,
    "n_examples": null,
    "out_path": "../results/fairness//results/certifair//german-global-P1-combined-eps0.32.json",
    "full_output": false,
    "verbose": false,
    "randomize_order": false,
    "backend": "bf",
    "blind_cols": null,
    "sample_cols": null,
    "pred": "prediction",
    "metric": "infinity",
    "max_time": null,
    "batchsize": null
  },
  "backend_meta": {
    "epsilon": 0.32,
    "decision_col": "prediction",
    "metric": "infinity",
    "is_exact": true,
    "is_sound": true,
    "is_complete": true
  },
  "positives": [
    [
      5,
      61
    ],
    [
      5,
      317
    ],
    [
      5,
      457
    ],
    [
      5,
      675
    ],
    [
      5,
      897
    ],
    [
      7,
      339
    ],
    [
      12,
      757
    ],
    [
      13,
      698
    ],
    [
      20,
      171
    ],
    [
      20,
      228
    ],
    [
      20,
      294
    ],
    [
      20,
      312
    ],
    [
      20,
      362
    ],
    [
      20,
      617
    ],
    [
      20,
      660
    ],
    [
      20,
      757
    ],
    [
      20,
      990
    ],
    [
      29,
      61
    ],
    [
      29,
      420
    ],
    [
      29,
      556
    ],
    [
      29,
      608
    ],
    [
      37,
      305
    ],
    [
      37,
      329
    ],
    [
      37,
      375
    ],
    [
      37,
      383
    ],
    [
      37,
      407
    ],
    [
      37,
      502
    ],
    [
      37,
      551
    ],
    [
      37,
      630
    ],
    [
      37,
      916
    ],
    [
      37,
      922
    ],
    [
      60,
      492
    ],
    [
      61,
      192
    ],
    [
      61,
      244
    ],
    [
      61,
      305
    ],
    [
      61,
      329
    ],
    [
      61,
      375
    ],
    [
      61,
      383
    ],
    [
      61,
      407
    ],
    [
      61,
      502
    ],
    [
      61,
      551
    ],
    [
      61,
      630
    ],
    [
      61,
      804
    ],
    [
      61,
      916
    ],
    [
      61,
      922
    ],
    [
      68,
      492
    ],
    [
      70,
      492
    ],
    [
      87,
      661
    ],
    [
      87,
      707
    ],
    [
      87,
      992
    ],
    [
      123,
      789
    ],
    [
      123,
      944
    ],
    [
      129,
      183
    ],
    [
      129,
      351
    ],
    [
      129,
      610
    ],
    [
      129,
      668
    ],
    [
      147,
      389
    ],
    [
      147,
      461
    ],
    [
      147,
      714
    ],
    [
      147,
      873
    ],
    [
      147,
      877
    ],
    [
      148,
      339
    ],
    [
      157,
      222
    ],
    [
      171,
      634
    ],
    [
      171,
      920
    ],
    [
      183,
      661
    ],
    [
      183,
      707
    ],
    [
      183,
      992
    ],
    [
      192,
      897
    ],
    [
      199,
      389
    ],
    [
      199,
      461
    ],
    [
      199,
      610
    ],
    [
      199,
      668
    ],
    [
      199,
      714
    ],
    [
      199,
      873
    ],
    [
      199,
      877
    ],
    [
      206,
      389
    ],
    [
      206,
      461
    ],
    [
      206,
      873
    ],
    [
      206,
      877
    ],
    [
      207,
      222
    ],
    [
      218,
      389
    ],
    [
      218,
      461
    ],
    [
      218,
      714
    ],
    [
      218,
      873
    ],
    [
      218,
      877
    ],
    [
      228,
      920
    ],
    [
      241,
      389
    ],
    [
      241,
      461
    ],
    [
      241,
      472
    ],
    [
      241,
      544
    ],
    [
      241,
      714
    ],
    [
      241,
      873
    ],
    [
      241,
      877
    ],
    [
      244,
      420
    ],
    [
      244,
      556
    ],
    [
      244,
      608
    ],
    [
      280,
      389
    ],
    [
      280,
      461
    ],
    [
      280,
      714
    ],
    [
      280,
      873
    ],
    [
      280,
      877
    ],
    [
      294,
      634
    ],
    [
      294,
      920
    ],
    [
      305,
      420
    ],
    [
      305,
      608
    ],
    [
      305,
      897
    ],
    [
      307,
      375
    ],
    [
      307,
      922
    ],
    [
      312,
      634
    ],
    [
      312,
      920
    ],
    [
      314,
      718
    ],
    [
      314,
      862
    ],
    [
      317,
      375
    ],
    [
      317,
      922
    ],
    [
      318,
      389
    ],
    [
      318,
      461
    ],
    [
      318,
      610
    ],
    [
      318,
      668
    ],
    [
      318,
      714
    ],
    [
      318,
      873
    ],
    [
      318,
      877
    ],
    [
      329,
      420
    ],
    [
      329,
      556
    ],
    [
      329,
      608
    ],
    [
      329,
      675
    ],
    [
      329,
      897
    ],
    [
      330,
      389
    ],
    [
      330,
      461
    ],
    [
      330,
      610
    ],
    [
      330,
      668
    ],
    [
      330,
      714
    ],
    [
      330,
      873
    ],
    [
      330,
      877
    ],
    [
      338,
      556
    ],
    [
      339,
      349
    ],
    [
      351,
      661
    ],
    [
      351,
      707
    ],
    [
      351,
      992
    ],
    [
      362,
      920
    ],
    [
      375,
      419
    ],
    [
      375,
      420
    ],
    [
      375,
      457
    ],
    [
      375,
      608
    ],
    [
      375,
      675
    ],
    [
      375,
      897
    ],
    [
      383,
      420
    ],
    [
      383,
      608
    ],
    [
      383,
      897
    ],
    [
      389,
      448
    ],
    [
      389,
      514
    ],
    [
      389,
      531
    ],
    [
      389,
      926
    ],
    [
      407,
      420
    ],
    [
      407,
      608
    ],
    [
      407,
      897
    ],
    [
      419,
      922
    ],
    [
      420,
      502
    ],
    [
      420,
      551
    ],
    [
      420,
      630
    ],
    [
      420,
      804
    ],
    [
      420,
      916
    ],
    [
      420,
      922
    ],
    [
      448,
      461
    ],
    [
      448,
      610
    ],
    [
      448,
      668
    ],
    [
      448,
      714
    ],
    [
      448,
      873
    ],
    [
      448,
      877
    ],
    [
      461,
      514
    ],
    [
      461,
      531
    ],
    [
      461,
      926
    ],
    [
      472,
      707
    ],
    [
      472,
      992
    ],
    [
      502,
      608
    ],
    [
      502,
      897
    ],
    [
      514,
      610
    ],
    [
      514,
      668
    ],
    [
      514,
      714
    ],
    [
      514,
      873
    ],
    [
      514,
      877
    ],
    [
      531,
      714
    ],
    [
      531,
      873
    ],
    [
      531,
      877
    ],
    [
      551,
      608
    ],
    [
      551,
      897
    ],
    [
      556,
      804
    ],
    [
      556,
      899
    ],
    [
      608,
      630
    ],
    [
      608,
      804
    ],
    [
      608,
      916
    ],
    [
      608,
      922
    ],
    [
      609,
      690
    ],
    [
      610,
      661
    ],
    [
      610,
      707
    ],
    [
      610,
      926
    ],
    [
      610,
      992
    ],
    [
      617,
      920
    ],
    [
      630,
      897
    ],
    [
      634,
      660
    ],
    [
      634,
      757
    ],
    [
      634,
      990
    ],
    [
      660,
      745
    ],
    [
      660,
      920
    ],
    [
      661,
      668
    ],
    [
      668,
      707
    ],
    [
      668,
      926
    ],
    [
      668,
      992
    ],
    [
      707,
      714
    ],
    [
      707,
      873
    ],
    [
      707,
      877
    ],
    [
      714,
      926
    ],
    [
      714,
      992
    ],
    [
      726,
      841
    ],
    [
      745,
      757
    ],
    [
      745,
      990
    ],
    [
      757,
      775
    ],
    [
      757,
      920
    ],
    [
      775,
      990
    ],
    [
      789,
      841
    ],
    [
      841,
      944
    ],
    [
      873,
      926
    ],
    [
      873,
      992
    ],
    [
      877,
      926
    ],
    [
      877,
      992
    ],
    [
      897,
      916
    ],
    [
      897,
      922
    ],
    [
      920,
      990
    ]
  ]
}