{
  "n_true_positives": 54,
  "n_positives": 54,
  "total_time": 0.1390078067779541,
  "date": "2025-01-28T08:49:52.525357",
  "backend": "BruteForce",
  "n_bins": 6,
  "eps": 0.16,
  "args": {
    "csvpath": [
      "../data/Certifair/predictions/german-base-P2-combined.csv"
    ],
    "eps": 0.16,
    "n_bins": 6,
    "n_examples": null,
    "out_path": "../results/fairness//results/certifair//german-base-P2-combined-eps0.16.json",
    "full_output": false,
    "verbose": false,
    "randomize_order": false,
    "backend": "bf",
    "blind_cols": null,
    "sample_cols": null,
    "pred": "prediction",
    "metric": "infinity",
    "max_time": null,
    "batchsize": null
  },
  "backend_meta": {
    "epsilon": 0.16,
    "decision_col": "prediction",
    "metric": "infinity",
    "is_exact": true,
    "is_sound": true,
    "is_complete": true
  },
  "positives": [
    [
      23,
      482
    ],
    [
      23,
      860
    ],
    [
      53,
      482
    ],
    [
      53,
      778
    ],
    [
      53,
      797
    ],
    [
      53,
      860
    ],
    [
      65,
      73
    ],
    [
      73,
      738
    ],
    [
      147,
      241
    ],
    [
      147,
      280
    ],
    [
      147,
      389
    ],
    [
      171,
      228
    ],
    [
      171,
      362
    ],
    [
      210,
      615
    ],
    [
      210,
      795
    ],
    [
      218,
      280
    ],
    [
      228,
      757
    ],
    [
      241,
      531
    ],
    [
      280,
      531
    ],
    [
      294,
      362
    ],
    [
      305,
      916
    ],
    [
      318,
      877
    ],
    [
      330,
      877
    ],
    [
      362,
      660
    ],
    [
      362,
      757
    ],
    [
      373,
      482
    ],
    [
      373,
      778
    ],
    [
      373,
      797
    ],
    [
      373,
      860
    ],
    [
      375,
      916
    ],
    [
      383,
      630
    ],
    [
      383,
      916
    ],
    [
      389,
      531
    ],
    [
      461,
      531
    ],
    [
      477,
      506
    ],
    [
      477,
      773
    ],
    [
      502,
      916
    ],
    [
      506,
      624
    ],
    [
      506,
      858
    ],
    [
      533,
      662
    ],
    [
      533,
      918
    ],
    [
      535,
      755
    ],
    [
      536,
      627
    ],
    [
      591,
      755
    ],
    [
      617,
      757
    ],
    [
      624,
      773
    ],
    [
      630,
      922
    ],
    [
      760,
      778
    ],
    [
      760,
      797
    ],
    [
      760,
      860
    ],
    [
      773,
      858
    ],
    [
      877,
      926
    ],
    [
      897,
      916
    ],
    [
      916,
      922
    ]
  ]
}