{
  "n_true_positives": 19,
  "n_positives": 19,
  "total_time": 0.14720582962036133,
  "date": "2025-01-28T08:49:49.233626",
  "backend": "BruteForce",
  "n_bins": 6,
  "eps": 0.16,
  "args": {
    "csvpath": [
      "../data/Certifair/predictions/german-global-P1-combined.csv"
    ],
    "eps": 0.16,
    "n_bins": 6,
    "n_examples": null,
    "out_path": "../results/fairness//results/certifair//german-global-P1-combined-eps0.16.json",
    "full_output": false,
    "verbose": false,
    "randomize_order": false,
    "backend": "bf",
    "blind_cols": null,
    "sample_cols": null,
    "pred": "prediction",
    "metric": "infinity",
    "max_time": null,
    "batchsize": null
  },
  "backend_meta": {
    "epsilon": 0.16,
    "decision_col": "prediction",
    "metric": "infinity",
    "is_exact": true,
    "is_sound": true,
    "is_complete": true
  },
  "positives": [
    [
      20,
      757
    ],
    [
      37,
      383
    ],
    [
      37,
      922
    ],
    [
      147,
      389
    ],
    [
      241,
      389
    ],
    [
      241,
      461
    ],
    [
      280,
      389
    ],
    [
      318,
      877
    ],
    [
      330,
      877
    ],
    [
      375,
      897
    ],
    [
      383,
      897
    ],
    [
      389,
      531
    ],
    [
      461,
      531
    ],
    [
      610,
      707
    ],
    [
      610,
      992
    ],
    [
      757,
      920
    ],
    [
      877,
      926
    ],
    [
      897,
      916
    ],
    [
      897,
      922
    ]
  ]
}