{
  "n_true_positives": 22,
  "n_positives": 22,
  "total_time": 0.1370236873626709,
  "date": "2025-01-28T08:49:52.521319",
  "backend": "BruteForce",
  "n_bins": 8,
  "eps": 0.12,
  "args": {
    "csvpath": [
      "../data/Certifair/predictions/german-base-P2-combined.csv"
    ],
    "eps": 0.12,
    "n_bins": 8,
    "n_examples": null,
    "out_path": "../results/fairness//results/certifair//german-base-P2-combined-eps0.12.json",
    "full_output": false,
    "verbose": false,
    "randomize_order": false,
    "backend": "bf",
    "blind_cols": null,
    "sample_cols": null,
    "pred": "prediction",
    "metric": "infinity",
    "max_time": null,
    "batchsize": null
  },
  "backend_meta": {
    "epsilon": 0.12,
    "decision_col": "prediction",
    "metric": "infinity",
    "is_exact": true,
    "is_sound": true,
    "is_complete": true
  },
  "positives": [
    [
      23,
      482
    ],
    [
      53,
      778
    ],
    [
      73,
      738
    ],
    [
      147,
      280
    ],
    [
      171,
      362
    ],
    [
      218,
      280
    ],
    [
      241,
      531
    ],
    [
      294,
      362
    ],
    [
      330,
      877
    ],
    [
      362,
      660
    ],
    [
      373,
      482
    ],
    [
      373,
      778
    ],
    [
      383,
      630
    ],
    [
      383,
      916
    ],
    [
      389,
      531
    ],
    [
      477,
      506
    ],
    [
      506,
      624
    ],
    [
      533,
      662
    ],
    [
      533,
      918
    ],
    [
      624,
      773
    ],
    [
      877,
      926
    ],
    [
      916,
      922
    ]
  ]
}