{
  "n_true_positives": 157,
  "n_positives": 157,
  "total_time": 0.15091872215270996,
  "date": "2025-01-28T08:49:49.612570",
  "backend": "BruteForce",
  "n_bins": 4,
  "eps": 0.24,
  "args": {
    "csvpath": [
      "../data/Certifair/predictions/german-base-P2-combined.csv"
    ],
    "eps": 0.24,
    "n_bins": 4,
    "n_examples": null,
    "out_path": "../results/fairness//results/certifair//german-base-P2-combined-eps0.24.json",
    "full_output": false,
    "verbose": false,
    "randomize_order": false,
    "backend": "bf",
    "blind_cols": null,
    "sample_cols": null,
    "pred": "prediction",
    "metric": "infinity",
    "max_time": null,
    "batchsize": null
  },
  "backend_meta": {
    "epsilon": 0.24,
    "decision_col": "prediction",
    "metric": "infinity",
    "is_exact": true,
    "is_sound": true,
    "is_complete": true
  },
  "positives": [
    [
      5,
      375
    ],
    [
      23,
      57
    ],
    [
      23,
      195
    ],
    [
      23,
      237
    ],
    [
      23,
      482
    ],
    [
      23,
      497
    ],
    [
      23,
      659
    ],
    [
      23,
      721
    ],
    [
      23,
      778
    ],
    [
      23,
      797
    ],
    [
      23,
      860
    ],
    [
      23,
      863
    ],
    [
      32,
      73
    ],
    [
      37,
      630
    ],
    [
      37,
      916
    ],
    [
      47,
      627
    ],
    [
      53,
      57
    ],
    [
      53,
      195
    ],
    [
      53,
      237
    ],
    [
      53,
      482
    ],
    [
      53,
      497
    ],
    [
      53,
      659
    ],
    [
      53,
      721
    ],
    [
      53,
      778
    ],
    [
      53,
      797
    ],
    [
      53,
      860
    ],
    [
      53,
      863
    ],
    [
      57,
      373
    ],
    [
      58,
      533
    ],
    [
      65,
      73
    ],
    [
      73,
      738
    ],
    [
      86,
      627
    ],
    [
      131,
      501
    ],
    [
      137,
      627
    ],
    [
      147,
      241
    ],
    [
      147,
      280
    ],
    [
      147,
      389
    ],
    [
      171,
      209
    ],
    [
      171,
      228
    ],
    [
      171,
      362
    ],
    [
      171,
      449
    ],
    [
      171,
      488
    ],
    [
      171,
      617
    ],
    [
      171,
      646
    ],
    [
      171,
      706
    ],
    [
      171,
      808
    ],
    [
      171,
      925
    ],
    [
      171,
      933
    ],
    [
      171,
      967
    ],
    [
      183,
      610
    ],
    [
      183,
      707
    ],
    [
      183,
      992
    ],
    [
      192,
      375
    ],
    [
      195,
      373
    ],
    [
      195,
      760
    ],
    [
      199,
      877
    ],
    [
      204,
      627
    ],
    [
      206,
      241
    ],
    [
      206,
      280
    ],
    [
      206,
      389
    ],
    [
      206,
      461
    ],
    [
      209,
      294
    ],
    [
      209,
      660
    ],
    [
      210,
      615
    ],
    [
      210,
      795
    ],
    [
      218,
      241
    ],
    [
      218,
      280
    ],
    [
      218,
      389
    ],
    [
      228,
      660
    ],
    [
      228,
      757
    ],
    [
      237,
      373
    ],
    [
      237,
      760
    ],
    [
      241,
      531
    ],
    [
      244,
      556
    ],
    [
      273,
      482
    ],
    [
      273,
      778
    ],
    [
      280,
      531
    ],
    [
      294,
      362
    ],
    [
      294,
      449
    ],
    [
      294,
      488
    ],
    [
      294,
      706
    ],
    [
      294,
      808
    ],
    [
      294,
      967
    ],
    [
      305,
      630
    ],
    [
      305,
      916
    ],
    [
      318,
      877
    ],
    [
      330,
      877
    ],
    [
      351,
      610
    ],
    [
      351,
      707
    ],
    [
      351,
      992
    ],
    [
      362,
      660
    ],
    [
      362,
      757
    ],
    [
      373,
      482
    ],
    [
      373,
      497
    ],
    [
      373,
      659
    ],
    [
      373,
      721
    ],
    [
      373,
      778
    ],
    [
      373,
      797
    ],
    [
      373,
      860
    ],
    [
      373,
      863
    ],
    [
      375,
      630
    ],
    [
      375,
      916
    ],
    [
      383,
      630
    ],
    [
      383,
      916
    ],
    [
      389,
      531
    ],
    [
      399,
      710
    ],
    [
      407,
      916
    ],
    [
      448,
      877
    ],
    [
      449,
      660
    ],
    [
      461,
      531
    ],
    [
      465,
      907
    ],
    [
      477,
      506
    ],
    [
      477,
      773
    ],
    [
      482,
      760
    ],
    [
      488,
      660
    ],
    [
      497,
      760
    ],
    [
      502,
      630
    ],
    [
      502,
      916
    ],
    [
      506,
      624
    ],
    [
      506,
      858
    ],
    [
      533,
      662
    ],
    [
      533,
      918
    ],
    [
      535,
      755
    ],
    [
      536,
      627
    ],
    [
      551,
      916
    ],
    [
      556,
      804
    ],
    [
      591,
      755
    ],
    [
      610,
      668
    ],
    [
      615,
      750
    ],
    [
      617,
      660
    ],
    [
      617,
      757
    ],
    [
      624,
      773
    ],
    [
      627,
      689
    ],
    [
      627,
      903
    ],
    [
      630,
      897
    ],
    [
      630,
      922
    ],
    [
      646,
      660
    ],
    [
      659,
      760
    ],
    [
      660,
      706
    ],
    [
      660,
      808
    ],
    [
      660,
      925
    ],
    [
      660,
      933
    ],
    [
      660,
      967
    ],
    [
      668,
      707
    ],
    [
      668,
      992
    ],
    [
      714,
      926
    ],
    [
      721,
      760
    ],
    [
      760,
      778
    ],
    [
      760,
      797
    ],
    [
      760,
      860
    ],
    [
      760,
      863
    ],
    [
      772,
      973
    ],
    [
      773,
      858
    ],
    [
      873,
      926
    ],
    [
      877,
      926
    ],
    [
      897,
      916
    ],
    [
      916,
      922
    ]
  ]
}