{
  "n_true_positives": 161,
  "n_positives": 161,
  "total_time": 5.994747877120972,
  "date": "2025-01-28T08:49:57.301436",
  "backend": "BruteForce",
  "n_bins": 3,
  "eps": 0.32,
  "args": {
    "csvpath": [
      "../data/lcifr/predictions/predictions_adult_dl2-0.0.csv"
    ],
    "eps": 0.32,
    "n_bins": 3,
    "n_examples": null,
    "out_path": "../results/fairness//results/lcifr//predictions_adult_dl2-0.0-eps0.32.json",
    "full_output": false,
    "verbose": false,
    "randomize_order": false,
    "backend": "bf",
    "blind_cols": null,
    "sample_cols": null,
    "pred": "Prediction",
    "metric": "infinity",
    "max_time": null,
    "batchsize": null
  },
  "backend_meta": {
    "epsilon": 0.32,
    "decision_col": "Prediction",
    "metric": "infinity",
    "is_exact": true,
    "is_sound": true,
    "is_complete": true
  },
  "positives": [
    [
      225,
      7616
    ],
    [
      225,
      24712
    ],
    [
      297,
      14981
    ],
    [
      365,
      28290
    ],
    [
      480,
      5108
    ],
    [
      724,
      16416
    ],
    [
      729,
      9612
    ],
    [
      729,
      12217
    ],
    [
      1424,
      26098
    ],
    [
      1824,
      3648
    ],
    [
      1824,
      10068
    ],
    [
      1824,
      25978
    ],
    [
      1962,
      7973
    ],
    [
      1985,
      10708
    ],
    [
      2060,
      29042
    ],
    [
      2100,
      8381
    ],
    [
      2124,
      9981
    ],
    [
      2124,
      13005
    ],
    [
      2124,
      24292
    ],
    [
      2557,
      10068
    ],
    [
      2869,
      23692
    ],
    [
      3026,
      24817
    ],
    [
      3204,
      7394
    ],
    [
      3287,
      9547
    ],
    [
      3419,
      26989
    ],
    [
      3648,
      12881
    ],
    [
      3648,
      21197
    ],
    [
      3648,
      22642
    ],
    [
      3898,
      14527
    ],
    [
      4021,
      9547
    ],
    [
      4083,
      5221
    ],
    [
      4084,
      24712
    ],
    [
      4911,
      20419
    ],
    [
      5108,
      5510
    ],
    [
      5108,
      15916
    ],
    [
      5221,
      21936
    ],
    [
      5419,
      26098
    ],
    [
      5510,
      26989
    ],
    [
      5556,
      10647
    ],
    [
      5864,
      6818
    ],
    [
      5864,
      7386
    ],
    [
      5864,
      9038
    ],
    [
      5864,
      14693
    ],
    [
      5864,
      21882
    ],
    [
      5864,
      22898
    ],
    [
      5864,
      25801
    ],
    [
      5911,
      28202
    ],
    [
      5913,
      7145
    ],
    [
      5913,
      14001
    ],
    [
      5996,
      19163
    ],
    [
      6068,
      19967
    ],
    [
      6194,
      22451
    ],
    [
      6388,
      21150
    ],
    [
      7167,
      7616
    ],
    [
      7167,
      12354
    ],
    [
      7167,
      23476
    ],
    [
      7228,
      14586
    ],
    [
      7228,
      25370
    ],
    [
      7228,
      28696
    ],
    [
      7260,
      10414
    ],
    [
      7260,
      22566
    ],
    [
      7260,
      25691
    ],
    [
      7386,
      9140
    ],
    [
      7386,
      19297
    ],
    [
      7386,
      21197
    ],
    [
      7616,
      10647
    ],
    [
      7616,
      15359
    ],
    [
      7616,
      16244
    ],
    [
      7616,
      20092
    ],
    [
      7824,
      8702
    ],
    [
      8120,
      15474
    ],
    [
      8120,
      26087
    ],
    [
      8626,
      19084
    ],
    [
      8702,
      15354
    ],
    [
      8702,
      23222
    ],
    [
      8784,
      10080
    ],
    [
      8784,
      24266
    ],
    [
      9140,
      21882
    ],
    [
      9140,
      22898
    ],
    [
      9140,
      25801
    ],
    [
      9214,
      29972
    ],
    [
      9418,
      11259
    ],
    [
      9547,
      13349
    ],
    [
      9612,
      10891
    ],
    [
      9612,
      22566
    ],
    [
      10068,
      12881
    ],
    [
      10068,
      22642
    ],
    [
      10091,
      18511
    ],
    [
      10095,
      18039
    ],
    [
      10414,
      12217
    ],
    [
      10414,
      26626
    ],
    [
      10647,
      24712
    ],
    [
      10798,
      29147
    ],
    [
      10833,
      24712
    ],
    [
      10891,
      12217
    ],
    [
      11117,
      14757
    ],
    [
      11259,
      27217
    ],
    [
      11396,
      18399
    ],
    [
      11442,
      16244
    ],
    [
      12112,
      21225
    ],
    [
      12160,
      19680
    ],
    [
      12206,
      21882
    ],
    [
      12217,
      22566
    ],
    [
      12311,
      13005
    ],
    [
      12354,
      20092
    ],
    [
      12881,
      14343
    ],
    [
      12881,
      25978
    ],
    [
      13005,
      21464
    ],
    [
      13005,
      25854
    ],
    [
      13012,
      23476
    ],
    [
      13199,
      21056
    ],
    [
      13378,
      21464
    ],
    [
      13378,
      25854
    ],
    [
      13690,
      15676
    ],
    [
      13893,
      29553
    ],
    [
      13912,
      14527
    ],
    [
      14247,
      14853
    ],
    [
      14275,
      16244
    ],
    [
      14343,
      21197
    ],
    [
      14343,
      22642
    ],
    [
      14528,
      27695
    ],
    [
      14853,
      26516
    ],
    [
      14887,
      18004
    ],
    [
      14931,
      26482
    ],
    [
      15359,
      23476
    ],
    [
      15408,
      26098
    ],
    [
      15474,
      24035
    ],
    [
      15756,
      24712
    ],
    [
      15916,
      26989
    ],
    [
      16244,
      24712
    ],
    [
      16536,
      28700
    ],
    [
      16604,
      21870
    ],
    [
      16669,
      26989
    ],
    [
      16984,
      24676
    ],
    [
      17159,
      24970
    ],
    [
      17289,
      27208
    ],
    [
      18395,
      19783
    ],
    [
      18395,
      25748
    ],
    [
      19185,
      29553
    ],
    [
      19297,
      21882
    ],
    [
      19297,
      22898
    ],
    [
      19297,
      25801
    ],
    [
      20092,
      23476
    ],
    [
      20419,
      24712
    ],
    [
      21159,
      27274
    ],
    [
      21197,
      21882
    ],
    [
      21197,
      22898
    ],
    [
      21197,
      25801
    ],
    [
      21197,
      25978
    ],
    [
      21870,
      24181
    ],
    [
      22252,
      24970
    ],
    [
      22566,
      26626
    ],
    [
      22642,
      25978
    ],
    [
      22729,
      24546
    ],
    [
      22915,
      24712
    ],
    [
      23679,
      24712
    ],
    [
      25547,
      29089
    ],
    [
      25691,
      26626
    ],
    [
      26561,
      26914
    ],
    [
      28146,
      29769
    ],
    [
      29174,
      29487
    ]
  ]
}