{
  "n_true_positives": 57,
  "n_positives": 57,
  "total_time": 6.047581434249878,
  "date": "2025-01-28T08:49:57.097405",
  "backend": "BruteForce",
  "n_bins": 4,
  "eps": 0.24,
  "args": {
    "csvpath": [
      "../data/lcifr/predictions/predictions_adult_dl2-0.0.csv"
    ],
    "eps": 0.24,
    "n_bins": 4,
    "n_examples": null,
    "out_path": "../results/fairness//results/lcifr//predictions_adult_dl2-0.0-eps0.24.json",
    "full_output": false,
    "verbose": false,
    "randomize_order": false,
    "backend": "bf",
    "blind_cols": null,
    "sample_cols": null,
    "pred": "Prediction",
    "metric": "infinity",
    "max_time": null,
    "batchsize": null
  },
  "backend_meta": {
    "epsilon": 0.24,
    "decision_col": "Prediction",
    "metric": "infinity",
    "is_exact": true,
    "is_sound": true,
    "is_complete": true
  },
  "positives": [
    [
      729,
      9612
    ],
    [
      729,
      12217
    ],
    [
      2060,
      29042
    ],
    [
      2124,
      13005
    ],
    [
      2869,
      23692
    ],
    [
      3648,
      12881
    ],
    [
      3898,
      14527
    ],
    [
      4084,
      24712
    ],
    [
      5108,
      5510
    ],
    [
      5108,
      15916
    ],
    [
      5510,
      26989
    ],
    [
      5864,
      6818
    ],
    [
      5913,
      14001
    ],
    [
      6194,
      22451
    ],
    [
      6388,
      21150
    ],
    [
      7167,
      7616
    ],
    [
      7167,
      23476
    ],
    [
      7260,
      10414
    ],
    [
      7260,
      22566
    ],
    [
      7260,
      25691
    ],
    [
      7386,
      9140
    ],
    [
      7386,
      19297
    ],
    [
      7386,
      21197
    ],
    [
      7616,
      10647
    ],
    [
      8120,
      15474
    ],
    [
      8626,
      19084
    ],
    [
      8702,
      15354
    ],
    [
      8784,
      24266
    ],
    [
      9140,
      22898
    ],
    [
      9140,
      25801
    ],
    [
      10068,
      12881
    ],
    [
      10833,
      24712
    ],
    [
      10891,
      12217
    ],
    [
      11117,
      14757
    ],
    [
      11396,
      18399
    ],
    [
      12217,
      22566
    ],
    [
      12311,
      13005
    ],
    [
      12354,
      20092
    ],
    [
      12881,
      14343
    ],
    [
      12881,
      25978
    ],
    [
      13005,
      21464
    ],
    [
      13005,
      25854
    ],
    [
      13199,
      21056
    ],
    [
      13893,
      29553
    ],
    [
      15408,
      26098
    ],
    [
      15474,
      24035
    ],
    [
      15916,
      26989
    ],
    [
      16244,
      24712
    ],
    [
      17159,
      24970
    ],
    [
      19297,
      21882
    ],
    [
      19297,
      22898
    ],
    [
      19297,
      25801
    ],
    [
      20092,
      23476
    ],
    [
      21197,
      21882
    ],
    [
      22252,
      24970
    ],
    [
      23679,
      24712
    ],
    [
      26561,
      26914
    ]
  ]
}