{
  "n_true_positives": 26,
  "n_positives": 26,
  "total_time": 5.975827932357788,
  "date": "2025-01-28T08:49:56.754793",
  "backend": "BruteForce",
  "n_bins": 5,
  "eps": 0.2,
  "args": {
    "csvpath": [
      "../data/lcifr/predictions/predictions_adult_dl2-0.0.csv"
    ],
    "eps": 0.2,
    "n_bins": 5,
    "n_examples": null,
    "out_path": "../results/fairness//results/lcifr//predictions_adult_dl2-0.0-eps0.2.json",
    "full_output": false,
    "verbose": false,
    "randomize_order": false,
    "backend": "bf",
    "blind_cols": null,
    "sample_cols": null,
    "pred": "Prediction",
    "metric": "infinity",
    "max_time": null,
    "batchsize": null
  },
  "backend_meta": {
    "epsilon": 0.2,
    "decision_col": "Prediction",
    "metric": "infinity",
    "is_exact": true,
    "is_sound": true,
    "is_complete": true
  },
  "positives": [
    [
      729,
      12217
    ],
    [
      2124,
      13005
    ],
    [
      2869,
      23692
    ],
    [
      5108,
      5510
    ],
    [
      5913,
      14001
    ],
    [
      6194,
      22451
    ],
    [
      8120,
      15474
    ],
    [
      8626,
      19084
    ],
    [
      8784,
      24266
    ],
    [
      9140,
      22898
    ],
    [
      9140,
      25801
    ],
    [
      10833,
      24712
    ],
    [
      11117,
      14757
    ],
    [
      12217,
      22566
    ],
    [
      12311,
      13005
    ],
    [
      13005,
      21464
    ],
    [
      13005,
      25854
    ],
    [
      13199,
      21056
    ],
    [
      15916,
      26989
    ],
    [
      16244,
      24712
    ],
    [
      17159,
      24970
    ],
    [
      19297,
      25801
    ],
    [
      20092,
      23476
    ],
    [
      21197,
      21882
    ],
    [
      22252,
      24970
    ],
    [
      26561,
      26914
    ]
  ]
}