{
  "n_true_positives": 82,
  "n_positives": 82,
  "total_time": 6.0215370655059814,
  "date": "2025-01-28T08:49:57.083370",
  "backend": "BruteForce",
  "n_bins": 3,
  "eps": 0.28,
  "args": {
    "csvpath": [
      "../data/lcifr/predictions/predictions_adult_dl2-0.0.csv"
    ],
    "eps": 0.28,
    "n_bins": 3,
    "n_examples": null,
    "out_path": "../results/fairness//results/lcifr//predictions_adult_dl2-0.0-eps0.28.json",
    "full_output": false,
    "verbose": false,
    "randomize_order": false,
    "backend": "bf",
    "blind_cols": null,
    "sample_cols": null,
    "pred": "Prediction",
    "metric": "infinity",
    "max_time": null,
    "batchsize": null
  },
  "backend_meta": {
    "epsilon": 0.28,
    "decision_col": "Prediction",
    "metric": "infinity",
    "is_exact": true,
    "is_sound": true,
    "is_complete": true
  },
  "positives": [
    [
      225,
      24712
    ],
    [
      724,
      16416
    ],
    [
      729,
      9612
    ],
    [
      729,
      12217
    ],
    [
      1985,
      10708
    ],
    [
      2060,
      29042
    ],
    [
      2124,
      13005
    ],
    [
      2869,
      23692
    ],
    [
      3287,
      9547
    ],
    [
      3648,
      12881
    ],
    [
      3898,
      14527
    ],
    [
      4021,
      9547
    ],
    [
      4084,
      24712
    ],
    [
      5108,
      5510
    ],
    [
      5108,
      15916
    ],
    [
      5510,
      26989
    ],
    [
      5864,
      6818
    ],
    [
      5864,
      7386
    ],
    [
      5864,
      9038
    ],
    [
      5864,
      21882
    ],
    [
      5864,
      22898
    ],
    [
      5864,
      25801
    ],
    [
      5913,
      14001
    ],
    [
      5996,
      19163
    ],
    [
      6194,
      22451
    ],
    [
      6388,
      21150
    ],
    [
      7167,
      7616
    ],
    [
      7167,
      23476
    ],
    [
      7228,
      25370
    ],
    [
      7228,
      28696
    ],
    [
      7260,
      10414
    ],
    [
      7260,
      22566
    ],
    [
      7260,
      25691
    ],
    [
      7386,
      9140
    ],
    [
      7386,
      19297
    ],
    [
      7386,
      21197
    ],
    [
      7616,
      10647
    ],
    [
      7616,
      20092
    ],
    [
      8120,
      15474
    ],
    [
      8626,
      19084
    ],
    [
      8702,
      15354
    ],
    [
      8784,
      24266
    ],
    [
      9140,
      21882
    ],
    [
      9140,
      22898
    ],
    [
      9140,
      25801
    ],
    [
      9612,
      22566
    ],
    [
      10068,
      12881
    ],
    [
      10414,
      12217
    ],
    [
      10647,
      24712
    ],
    [
      10798,
      29147
    ],
    [
      10833,
      24712
    ],
    [
      10891,
      12217
    ],
    [
      11117,
      14757
    ],
    [
      11396,
      18399
    ],
    [
      12217,
      22566
    ],
    [
      12311,
      13005
    ],
    [
      12354,
      20092
    ],
    [
      12881,
      14343
    ],
    [
      12881,
      25978
    ],
    [
      13005,
      21464
    ],
    [
      13005,
      25854
    ],
    [
      13199,
      21056
    ],
    [
      13690,
      15676
    ],
    [
      13893,
      29553
    ],
    [
      15408,
      26098
    ],
    [
      15474,
      24035
    ],
    [
      15916,
      26989
    ],
    [
      16244,
      24712
    ],
    [
      16536,
      28700
    ],
    [
      17159,
      24970
    ],
    [
      18395,
      25748
    ],
    [
      19297,
      21882
    ],
    [
      19297,
      22898
    ],
    [
      19297,
      25801
    ],
    [
      20092,
      23476
    ],
    [
      21197,
      21882
    ],
    [
      21870,
      24181
    ],
    [
      22252,
      24970
    ],
    [
      22915,
      24712
    ],
    [
      23679,
      24712
    ],
    [
      26561,
      26914
    ],
    [
      29174,
      29487
    ]
  ]
}