{
  "n_true_positives": 31,
  "n_positives": 31,
  "total_time": 0.6635489463806152,
  "date": "2025-01-28T08:49:50.983392",
  "backend": "BruteForce",
  "n_bins": 5,
  "eps": 0.2,
  "args": {
    "csvpath": [
      "../data/lcifr/predictions/predictions_compas_dl2-1.0.csv"
    ],
    "eps": 0.2,
    "n_bins": 5,
    "n_examples": null,
    "out_path": "../results/fairness//results/lcifr//predictions_compas_dl2-1.0-eps0.2.json",
    "full_output": false,
    "verbose": false,
    "randomize_order": false,
    "backend": "bf",
    "blind_cols": null,
    "sample_cols": null,
    "pred": "Prediction",
    "metric": "infinity",
    "max_time": null,
    "batchsize": null
  },
  "backend_meta": {
    "epsilon": 0.2,
    "decision_col": "Prediction",
    "metric": "infinity",
    "is_exact": true,
    "is_sound": true,
    "is_complete": true
  },
  "positives": [
    [
      22,
      2147
    ],
    [
      22,
      2846
    ],
    [
      22,
      2857
    ],
    [
      85,
      684
    ],
    [
      85,
      3466
    ],
    [
      239,
      3720
    ],
    [
      303,
      1175
    ],
    [
      674,
      1517
    ],
    [
      682,
      2147
    ],
    [
      682,
      2846
    ],
    [
      684,
      3711
    ],
    [
      1234,
      1673
    ],
    [
      2055,
      3466
    ],
    [
      2116,
      2147
    ],
    [
      2116,
      2846
    ],
    [
      2147,
      2298
    ],
    [
      2179,
      3466
    ],
    [
      2298,
      2846
    ],
    [
      2655,
      2704
    ],
    [
      2655,
      2744
    ],
    [
      2704,
      2729
    ],
    [
      2713,
      3307
    ],
    [
      2729,
      2744
    ],
    [
      2729,
      3411
    ],
    [
      2729,
      4194
    ],
    [
      2896,
      3711
    ],
    [
      3137,
      3585
    ],
    [
      3466,
      3711
    ],
    [
      3466,
      4003
    ],
    [
      3524,
      3720
    ],
    [
      3585,
      4195
    ]
  ]
}