{
  "n_true_positives": 526,
  "n_positives": 526,
  "total_time": 0.6620078086853027,
  "date": "2025-01-28T08:49:51.188337",
  "backend": "BruteForce",
  "n_bins": 3,
  "eps": 0.28,
  "args": {
    "csvpath": [
      "../data/lcifr/predictions/predictions_compas_dl2-1.0.csv"
    ],
    "eps": 0.28,
    "n_bins": 3,
    "n_examples": null,
    "out_path": "../results/fairness//results/lcifr//predictions_compas_dl2-1.0-eps0.28.json",
    "full_output": false,
    "verbose": false,
    "randomize_order": false,
    "backend": "bf",
    "blind_cols": null,
    "sample_cols": null,
    "pred": "Prediction",
    "metric": "infinity",
    "max_time": null,
    "batchsize": null
  },
  "backend_meta": {
    "epsilon": 0.28,
    "decision_col": "Prediction",
    "metric": "infinity",
    "is_exact": true,
    "is_sound": true,
    "is_complete": true
  },
  "positives": [
    [
      0,
      2147
    ],
    [
      0,
      2846
    ],
    [
      0,
      2857
    ],
    [
      5,
      1748
    ],
    [
      5,
      3080
    ],
    [
      15,
      2655
    ],
    [
      15,
      2729
    ],
    [
      22,
      434
    ],
    [
      22,
      804
    ],
    [
      22,
      986
    ],
    [
      22,
      1141
    ],
    [
      22,
      1525
    ],
    [
      22,
      1726
    ],
    [
      22,
      1770
    ],
    [
      22,
      2089
    ],
    [
      22,
      2147
    ],
    [
      22,
      2340
    ],
    [
      22,
      2557
    ],
    [
      22,
      2762
    ],
    [
      22,
      2846
    ],
    [
      22,
      2857
    ],
    [
      22,
      2896
    ],
    [
      22,
      2948
    ],
    [
      22,
      3073
    ],
    [
      22,
      3173
    ],
    [
      22,
      3205
    ],
    [
      22,
      3382
    ],
    [
      22,
      3426
    ],
    [
      22,
      3690
    ],
    [
      22,
      4049
    ],
    [
      25,
      684
    ],
    [
      25,
      3466
    ],
    [
      73,
      2655
    ],
    [
      73,
      2729
    ],
    [
      78,
      239
    ],
    [
      78,
      2237
    ],
    [
      78,
      3524
    ],
    [
      78,
      3770
    ],
    [
      85,
      684
    ],
    [
      85,
      1296
    ],
    [
      85,
      1423
    ],
    [
      85,
      1449
    ],
    [
      85,
      1530
    ],
    [
      85,
      1731
    ],
    [
      85,
      2382
    ],
    [
      85,
      2389
    ],
    [
      85,
      2604
    ],
    [
      85,
      2896
    ],
    [
      85,
      3264
    ],
    [
      85,
      3466
    ],
    [
      85,
      3660
    ],
    [
      87,
      303
    ],
    [
      89,
      3711
    ],
    [
      93,
      1748
    ],
    [
      93,
      3080
    ],
    [
      130,
      3585
    ],
    [
      130,
      3892
    ],
    [
      155,
      1517
    ],
    [
      155,
      3819
    ],
    [
      193,
      2655
    ],
    [
      193,
      2729
    ],
    [
      230,
      2388
    ],
    [
      230,
      2496
    ],
    [
      230,
      2530
    ],
    [
      230,
      3524
    ],
    [
      239,
      295
    ],
    [
      239,
      329
    ],
    [
      239,
      499
    ],
    [
      239,
      675
    ],
    [
      239,
      742
    ],
    [
      239,
      1015
    ],
    [
      239,
      2028
    ],
    [
      239,
      2218
    ],
    [
      239,
      2231
    ],
    [
      239,
      2265
    ],
    [
      239,
      2639
    ],
    [
      239,
      2887
    ],
    [
      239,
      2908
    ],
    [
      239,
      2951
    ],
    [
      239,
      2974
    ],
    [
      239,
      3067
    ],
    [
      239,
      3169
    ],
    [
      239,
      3226
    ],
    [
      239,
      3292
    ],
    [
      239,
      3495
    ],
    [
      239,
      3720
    ],
    [
      239,
      3975
    ],
    [
      243,
      1231
    ],
    [
      243,
      3903
    ],
    [
      246,
      2147
    ],
    [
      246,
      2857
    ],
    [
      288,
      379
    ],
    [
      288,
      1544
    ],
    [
      288,
      3738
    ],
    [
      295,
      2237
    ],
    [
      295,
      3524
    ],
    [
      295,
      3770
    ],
    [
      298,
      745
    ],
    [
      298,
      2787
    ],
    [
      303,
      482
    ],
    [
      303,
      669
    ],
    [
      303,
      1175
    ],
    [
      303,
      2750
    ],
    [
      303,
      4199
    ],
    [
      304,
      684
    ],
    [
      304,
      3466
    ],
    [
      324,
      1748
    ],
    [
      324,
      3080
    ],
    [
      329,
      2237
    ],
    [
      329,
      3524
    ],
    [
      329,
      3770
    ],
    [
      337,
      2655
    ],
    [
      337,
      2729
    ],
    [
      367,
      684
    ],
    [
      367,
      1525
    ],
    [
      367,
      2147
    ],
    [
      367,
      2846
    ],
    [
      367,
      2896
    ],
    [
      367,
      2948
    ],
    [
      367,
      3382
    ],
    [
      367,
      3466
    ],
    [
      367,
      4049
    ],
    [
      374,
      1748
    ],
    [
      374,
      3080
    ],
    [
      423,
      4143
    ],
    [
      434,
      1673
    ],
    [
      434,
      2282
    ],
    [
      434,
      3356
    ],
    [
      434,
      3804
    ],
    [
      434,
      4149
    ],
    [
      449,
      1269
    ],
    [
      449,
      1548
    ],
    [
      449,
      2168
    ],
    [
      449,
      2613
    ],
    [
      449,
      2729
    ],
    [
      449,
      3154
    ],
    [
      449,
      3570
    ],
    [
      462,
      3524
    ],
    [
      481,
      3892
    ],
    [
      485,
      2729
    ],
    [
      489,
      1234
    ],
    [
      489,
      2904
    ],
    [
      499,
      2237
    ],
    [
      499,
      3524
    ],
    [
      499,
      3770
    ],
    [
      506,
      1038
    ],
    [
      506,
      3820
    ],
    [
      516,
      1748
    ],
    [
      516,
      3080
    ],
    [
      659,
      1259
    ],
    [
      665,
      1234
    ],
    [
      674,
      1517
    ],
    [
      674,
      1938
    ],
    [
      674,
      3585
    ],
    [
      675,
      3524
    ],
    [
      679,
      741
    ],
    [
      682,
      684
    ],
    [
      682,
      986
    ],
    [
      682,
      1141
    ],
    [
      682,
      1525
    ],
    [
      682,
      2147
    ],
    [
      682,
      2762
    ],
    [
      682,
      2846
    ],
    [
      682,
      2857
    ],
    [
      682,
      2896
    ],
    [
      682,
      2948
    ],
    [
      682,
      3173
    ],
    [
      682,
      3382
    ],
    [
      682,
      3466
    ],
    [
      682,
      4049
    ],
    [
      684,
      753
    ],
    [
      684,
      1009
    ],
    [
      684,
      1621
    ],
    [
      684,
      1711
    ],
    [
      684,
      2055
    ],
    [
      684,
      2116
    ],
    [
      684,
      2179
    ],
    [
      684,
      2298
    ],
    [
      684,
      3322
    ],
    [
      684,
      3500
    ],
    [
      684,
      3711
    ],
    [
      684,
      3973
    ],
    [
      684,
      4003
    ],
    [
      741,
      1234
    ],
    [
      741,
      1467
    ],
    [
      741,
      2904
    ],
    [
      741,
      3564
    ],
    [
      742,
      2237
    ],
    [
      742,
      3524
    ],
    [
      742,
      3770
    ],
    [
      745,
      1403
    ],
    [
      745,
      1498
    ],
    [
      753,
      1525
    ],
    [
      753,
      2147
    ],
    [
      753,
      2846
    ],
    [
      753,
      2896
    ],
    [
      753,
      2948
    ],
    [
      753,
      3382
    ],
    [
      753,
      3466
    ],
    [
      753,
      4049
    ],
    [
      840,
      1038
    ],
    [
      896,
      2655
    ],
    [
      896,
      2729
    ],
    [
      986,
      2116
    ],
    [
      986,
      2298
    ],
    [
      1003,
      2078
    ],
    [
      1009,
      2896
    ],
    [
      1009,
      2948
    ],
    [
      1009,
      3382
    ],
    [
      1009,
      3466
    ],
    [
      1015,
      2237
    ],
    [
      1015,
      3524
    ],
    [
      1015,
      3770
    ],
    [
      1038,
      1120
    ],
    [
      1038,
      2140
    ],
    [
      1038,
      3857
    ],
    [
      1097,
      1403
    ],
    [
      1097,
      1498
    ],
    [
      1103,
      1517
    ],
    [
      1141,
      2116
    ],
    [
      1141,
      2298
    ],
    [
      1145,
      2655
    ],
    [
      1145,
      2729
    ],
    [
      1175,
      3826
    ],
    [
      1207,
      3139
    ],
    [
      1207,
      3634
    ],
    [
      1207,
      3659
    ],
    [
      1231,
      3139
    ],
    [
      1231,
      3634
    ],
    [
      1231,
      3659
    ],
    [
      1234,
      1284
    ],
    [
      1234,
      1584
    ],
    [
      1234,
      1673
    ],
    [
      1234,
      2211
    ],
    [
      1234,
      2282
    ],
    [
      1234,
      2669
    ],
    [
      1234,
      3615
    ],
    [
      1234,
      3637
    ],
    [
      1234,
      3778
    ],
    [
      1234,
      3863
    ],
    [
      1269,
      3411
    ],
    [
      1269,
      4134
    ],
    [
      1269,
      4194
    ],
    [
      1296,
      2055
    ],
    [
      1296,
      2179
    ],
    [
      1296,
      3711
    ],
    [
      1296,
      4003
    ],
    [
      1350,
      1403
    ],
    [
      1350,
      1498
    ],
    [
      1351,
      2655
    ],
    [
      1351,
      2729
    ],
    [
      1403,
      3393
    ],
    [
      1403,
      3826
    ],
    [
      1423,
      2055
    ],
    [
      1423,
      2179
    ],
    [
      1423,
      3711
    ],
    [
      1423,
      4003
    ],
    [
      1437,
      1942
    ],
    [
      1449,
      2055
    ],
    [
      1449,
      2179
    ],
    [
      1449,
      3711
    ],
    [
      1449,
      4003
    ],
    [
      1464,
      1517
    ],
    [
      1467,
      2211
    ],
    [
      1478,
      3892
    ],
    [
      1498,
      3393
    ],
    [
      1498,
      3826
    ],
    [
      1517,
      2023
    ],
    [
      1517,
      2849
    ],
    [
      1525,
      1621
    ],
    [
      1525,
      2116
    ],
    [
      1525,
      2298
    ],
    [
      1525,
      3322
    ],
    [
      1530,
      2055
    ],
    [
      1530,
      2179
    ],
    [
      1530,
      3711
    ],
    [
      1530,
      4003
    ],
    [
      1543,
      2388
    ],
    [
      1543,
      2496
    ],
    [
      1548,
      1797
    ],
    [
      1548,
      2704
    ],
    [
      1548,
      2744
    ],
    [
      1548,
      3411
    ],
    [
      1548,
      4098
    ],
    [
      1548,
      4194
    ],
    [
      1562,
      3585
    ],
    [
      1584,
      2904
    ],
    [
      1621,
      2147
    ],
    [
      1621,
      2846
    ],
    [
      1621,
      2896
    ],
    [
      1621,
      2948
    ],
    [
      1621,
      3382
    ],
    [
      1621,
      3466
    ],
    [
      1621,
      4049
    ],
    [
      1673,
      1770
    ],
    [
      1673,
      2089
    ],
    [
      1673,
      2147
    ],
    [
      1673,
      2340
    ],
    [
      1673,
      2557
    ],
    [
      1673,
      2846
    ],
    [
      1673,
      2857
    ],
    [
      1673,
      3514
    ],
    [
      1673,
      3690
    ],
    [
      1711,
      2896
    ],
    [
      1711,
      2948
    ],
    [
      1711,
      3382
    ],
    [
      1711,
      3466
    ],
    [
      1731,
      2055
    ],
    [
      1731,
      2179
    ],
    [
      1731,
      3711
    ],
    [
      1731,
      4003
    ],
    [
      1748,
      2433
    ],
    [
      1748,
      3900
    ],
    [
      1770,
      2282
    ],
    [
      1770,
      3356
    ],
    [
      1770,
      3804
    ],
    [
      1770,
      4149
    ],
    [
      1797,
      2168
    ],
    [
      1797,
      2613
    ],
    [
      1797,
      3154
    ],
    [
      1797,
      3570
    ],
    [
      1857,
      2655
    ],
    [
      1857,
      2729
    ],
    [
      1942,
      2824
    ],
    [
      2028,
      2237
    ],
    [
      2028,
      3524
    ],
    [
      2028,
      3770
    ],
    [
      2055,
      2382
    ],
    [
      2055,
      2389
    ],
    [
      2055,
      2604
    ],
    [
      2055,
      3264
    ],
    [
      2055,
      3466
    ],
    [
      2055,
      3660
    ],
    [
      2089,
      2282
    ],
    [
      2089,
      4149
    ],
    [
      2116,
      2147
    ],
    [
      2116,
      2762
    ],
    [
      2116,
      2846
    ],
    [
      2116,
      2857
    ],
    [
      2116,
      2896
    ],
    [
      2116,
      2948
    ],
    [
      2116,
      3173
    ],
    [
      2116,
      3382
    ],
    [
      2116,
      3466
    ],
    [
      2116,
      4049
    ],
    [
      2147,
      2282
    ],
    [
      2147,
      2298
    ],
    [
      2147,
      2429
    ],
    [
      2147,
      3356
    ],
    [
      2147,
      3804
    ],
    [
      2147,
      4149
    ],
    [
      2155,
      2729
    ],
    [
      2168,
      2704
    ],
    [
      2168,
      2744
    ],
    [
      2168,
      3411
    ],
    [
      2168,
      4098
    ],
    [
      2168,
      4194
    ],
    [
      2177,
      2655
    ],
    [
      2177,
      2729
    ],
    [
      2179,
      2382
    ],
    [
      2179,
      2389
    ],
    [
      2179,
      2604
    ],
    [
      2179,
      3264
    ],
    [
      2179,
      3466
    ],
    [
      2179,
      3660
    ],
    [
      2211,
      2904
    ],
    [
      2218,
      2237
    ],
    [
      2218,
      3524
    ],
    [
      2218,
      3770
    ],
    [
      2231,
      2237
    ],
    [
      2231,
      3524
    ],
    [
      2231,
      3770
    ],
    [
      2237,
      2265
    ],
    [
      2237,
      2639
    ],
    [
      2237,
      2887
    ],
    [
      2237,
      2908
    ],
    [
      2237,
      3169
    ],
    [
      2237,
      3226
    ],
    [
      2237,
      3292
    ],
    [
      2237,
      3495
    ],
    [
      2237,
      3975
    ],
    [
      2265,
      3524
    ],
    [
      2265,
      3770
    ],
    [
      2282,
      2340
    ],
    [
      2282,
      2557
    ],
    [
      2282,
      2846
    ],
    [
      2282,
      2857
    ],
    [
      2282,
      3690
    ],
    [
      2298,
      2762
    ],
    [
      2298,
      2846
    ],
    [
      2298,
      2857
    ],
    [
      2298,
      2896
    ],
    [
      2298,
      2948
    ],
    [
      2298,
      3173
    ],
    [
      2298,
      3382
    ],
    [
      2298,
      3466
    ],
    [
      2298,
      4049
    ],
    [
      2340,
      4149
    ],
    [
      2382,
      3711
    ],
    [
      2382,
      4003
    ],
    [
      2388,
      3720
    ],
    [
      2389,
      3711
    ],
    [
      2389,
      4003
    ],
    [
      2429,
      2846
    ],
    [
      2433,
      3080
    ],
    [
      2496,
      3720
    ],
    [
      2530,
      3720
    ],
    [
      2549,
      2655
    ],
    [
      2549,
      2729
    ],
    [
      2557,
      4149
    ],
    [
      2604,
      3711
    ],
    [
      2604,
      4003
    ],
    [
      2613,
      3411
    ],
    [
      2613,
      4098
    ],
    [
      2613,
      4194
    ],
    [
      2639,
      3524
    ],
    [
      2639,
      3770
    ],
    [
      2655,
      2704
    ],
    [
      2655,
      2744
    ],
    [
      2655,
      2905
    ],
    [
      2655,
      2966
    ],
    [
      2655,
      3111
    ],
    [
      2655,
      3340
    ],
    [
      2655,
      3411
    ],
    [
      2655,
      3616
    ],
    [
      2655,
      3685
    ],
    [
      2655,
      3943
    ],
    [
      2655,
      3993
    ],
    [
      2655,
      4076
    ],
    [
      2655,
      4135
    ],
    [
      2655,
      4194
    ],
    [
      2667,
      3281
    ],
    [
      2704,
      2729
    ],
    [
      2713,
      3307
    ],
    [
      2729,
      2744
    ],
    [
      2729,
      2905
    ],
    [
      2729,
      2966
    ],
    [
      2729,
      3111
    ],
    [
      2729,
      3340
    ],
    [
      2729,
      3411
    ],
    [
      2729,
      3616
    ],
    [
      2729,
      3685
    ],
    [
      2729,
      3943
    ],
    [
      2729,
      3993
    ],
    [
      2729,
      4076
    ],
    [
      2729,
      4098
    ],
    [
      2729,
      4135
    ],
    [
      2729,
      4194
    ],
    [
      2846,
      3356
    ],
    [
      2846,
      3804
    ],
    [
      2846,
      4149
    ],
    [
      2857,
      3356
    ],
    [
      2857,
      3804
    ],
    [
      2857,
      4149
    ],
    [
      2887,
      3524
    ],
    [
      2887,
      3770
    ],
    [
      2896,
      3322
    ],
    [
      2896,
      3500
    ],
    [
      2896,
      3711
    ],
    [
      2906,
      3826
    ],
    [
      2908,
      3524
    ],
    [
      2908,
      3770
    ],
    [
      2916,
      3071
    ],
    [
      2948,
      3500
    ],
    [
      2948,
      3711
    ],
    [
      2949,
      3139
    ],
    [
      2949,
      3634
    ],
    [
      2949,
      3659
    ],
    [
      2951,
      3524
    ],
    [
      2951,
      3770
    ],
    [
      2974,
      3524
    ],
    [
      2974,
      3770
    ],
    [
      3067,
      3524
    ],
    [
      3067,
      3770
    ],
    [
      3080,
      3900
    ],
    [
      3090,
      3466
    ],
    [
      3137,
      3585
    ],
    [
      3137,
      3892
    ],
    [
      3139,
      3482
    ],
    [
      3139,
      3903
    ],
    [
      3139,
      3982
    ],
    [
      3154,
      3411
    ],
    [
      3154,
      4098
    ],
    [
      3154,
      4194
    ],
    [
      3169,
      3524
    ],
    [
      3169,
      3770
    ],
    [
      3226,
      3524
    ],
    [
      3226,
      3770
    ],
    [
      3264,
      3711
    ],
    [
      3264,
      4003
    ],
    [
      3281,
      3513
    ],
    [
      3281,
      3556
    ],
    [
      3292,
      3524
    ],
    [
      3292,
      3770
    ],
    [
      3307,
      3351
    ],
    [
      3382,
      3500
    ],
    [
      3382,
      3711
    ],
    [
      3411,
      3570
    ],
    [
      3466,
      3500
    ],
    [
      3466,
      3711
    ],
    [
      3466,
      3973
    ],
    [
      3466,
      4003
    ],
    [
      3482,
      3634
    ],
    [
      3482,
      3659
    ],
    [
      3495,
      3524
    ],
    [
      3495,
      3770
    ],
    [
      3524,
      3720
    ],
    [
      3524,
      3975
    ],
    [
      3570,
      4098
    ],
    [
      3570,
      4194
    ],
    [
      3585,
      3707
    ],
    [
      3585,
      4195
    ],
    [
      3600,
      3711
    ],
    [
      3634,
      3903
    ],
    [
      3634,
      3982
    ],
    [
      3659,
      3903
    ],
    [
      3659,
      3982
    ],
    [
      3660,
      3711
    ],
    [
      3660,
      4003
    ],
    [
      3690,
      4149
    ],
    [
      3711,
      3978
    ],
    [
      3720,
      3770
    ],
    [
      3770,
      3975
    ],
    [
      3826,
      3873
    ],
    [
      3892,
      4195
    ],
    [
      4109,
      4143
    ]
  ]
}