{
  "n_true_positives": 0,
  "n_positives": 0,
  "total_time": 0.684281587600708,
  "date": "2025-01-28T08:49:50.714982",
  "backend": "BruteForce",
  "n_bins": 25,
  "eps": 0.04,
  "args": {
    "csvpath": [
      "../data/lcifr/predictions/predictions_compas_dl2-1.0.csv"
    ],
    "eps": 0.04,
    "n_bins": 25,
    "n_examples": null,
    "out_path": "../results/fairness//results/lcifr//predictions_compas_dl2-1.0-eps0.04.json",
    "full_output": false,
    "verbose": false,
    "randomize_order": false,
    "backend": "bf",
    "blind_cols": null,
    "sample_cols": null,
    "pred": "Prediction",
    "metric": "infinity",
    "max_time": null,
    "batchsize": null
  },
  "backend_meta": {
    "epsilon": 0.04,
    "decision_col": "Prediction",
    "metric": "infinity",
    "is_exact": true,
    "is_sound": true,
    "is_complete": true
  },
  "positives": []
}