{
  "n_true_positives": 2,
  "n_positives": 2,
  "total_time": 5.876685380935669,
  "date": "2025-01-28T08:49:56.927425",
  "backend": "BruteForce",
  "n_bins": 4,
  "eps": 0.24,
  "args": {
    "csvpath": [
      "../data/lcifr/predictions/predictions_adult_dl2-10.0.csv"
    ],
    "eps": 0.24,
    "n_bins": 4,
    "n_examples": null,
    "out_path": "../results/fairness//results/lcifr//predictions_adult_dl2-10.0-eps0.24.json",
    "full_output": false,
    "verbose": false,
    "randomize_order": false,
    "backend": "bf",
    "blind_cols": null,
    "sample_cols": null,
    "pred": "Prediction",
    "metric": "infinity",
    "max_time": null,
    "batchsize": null
  },
  "backend_meta": {
    "epsilon": 0.24,
    "decision_col": "Prediction",
    "metric": "infinity",
    "is_exact": true,
    "is_sound": true,
    "is_complete": true
  },
  "positives": [
    [
      11164,
      14702
    ],
    [
      15459,
      24817
    ]
  ]
}