{
  "n_true_positives": 8,
  "n_positives": 8,
  "total_time": 6.010409116744995,
  "date": "2025-01-28T08:49:57.272108",
  "backend": "BruteForce",
  "n_bins": 3,
  "eps": 0.32,
  "args": {
    "csvpath": [
      "../data/lcifr/predictions/predictions_adult_dl2-10.0.csv"
    ],
    "eps": 0.32,
    "n_bins": 3,
    "n_examples": null,
    "out_path": "../results/fairness//results/lcifr//predictions_adult_dl2-10.0-eps0.32.json",
    "full_output": false,
    "verbose": false,
    "randomize_order": false,
    "backend": "bf",
    "blind_cols": null,
    "sample_cols": null,
    "pred": "Prediction",
    "metric": "infinity",
    "max_time": null,
    "batchsize": null
  },
  "backend_meta": {
    "epsilon": 0.32,
    "decision_col": "Prediction",
    "metric": "infinity",
    "is_exact": true,
    "is_sound": true,
    "is_complete": true
  },
  "positives": [
    [
      5996,
      19163
    ],
    [
      8255,
      11164
    ],
    [
      11164,
      14702
    ],
    [
      11164,
      27951
    ],
    [
      15459,
      24817
    ],
    [
      17465,
      27836
    ],
    [
      21979,
      23852
    ],
    [
      21979,
      26137
    ]
  ]
}