{
  "n_true_positives": 9,
  "n_positives": 9,
  "total_time": 0.6631767749786377,
  "date": "2025-01-28T08:49:50.939049",
  "backend": "BruteForce",
  "n_bins": 6,
  "eps": 0.16,
  "args": {
    "csvpath": [
      "../data/lcifr/predictions/predictions_compas_dl2-1.0.csv"
    ],
    "eps": 0.16,
    "n_bins": 6,
    "n_examples": null,
    "out_path": "../results/fairness//results/lcifr//predictions_compas_dl2-1.0-eps0.16.json",
    "full_output": false,
    "verbose": false,
    "randomize_order": false,
    "backend": "bf",
    "blind_cols": null,
    "sample_cols": null,
    "pred": "Prediction",
    "metric": "infinity",
    "max_time": null,
    "batchsize": null
  },
  "backend_meta": {
    "epsilon": 0.16,
    "decision_col": "Prediction",
    "metric": "infinity",
    "is_exact": true,
    "is_sound": true,
    "is_complete": true
  },
  "positives": [
    [
      22,
      2147
    ],
    [
      22,
      2857
    ],
    [
      85,
      3466
    ],
    [
      303,
      1175
    ],
    [
      684,
      3711
    ],
    [
      2704,
      2729
    ],
    [
      2729,
      2744
    ],
    [
      3466,
      3711
    ],
    [
      3524,
      3720
    ]
  ]
}