{
  "n_true_positives": 10,
  "n_positives": 10,
  "total_time": 0.7398574352264404,
  "date": "2025-01-28T08:49:51.107214",
  "backend": "BruteForce",
  "n_bins": 25,
  "eps": 0.04,
  "args": {
    "csvpath": [
      "../data/lcifr/predictions/predictions_compas_dl2-0.0.csv"
    ],
    "eps": 0.04,
    "n_bins": 25,
    "n_examples": null,
    "out_path": "../results/fairness//results/lcifr//predictions_compas_dl2-0.0-eps0.04.json",
    "full_output": false,
    "verbose": false,
    "randomize_order": false,
    "backend": "bf",
    "blind_cols": null,
    "sample_cols": null,
    "pred": "Prediction",
    "metric": "infinity",
    "max_time": null,
    "batchsize": null
  },
  "backend_meta": {
    "epsilon": 0.04,
    "decision_col": "Prediction",
    "metric": "infinity",
    "is_exact": true,
    "is_sound": true,
    "is_complete": true
  },
  "positives": [
    [
      86,
      1359
    ],
    [
      95,
      1359
    ],
    [
      108,
      1359
    ],
    [
      301,
      546
    ],
    [
      301,
      1616
    ],
    [
      301,
      2984
    ],
    [
      611,
      1359
    ],
    [
      1228,
      1359
    ],
    [
      1359,
      1570
    ],
    [
      1359,
      1856
    ]
  ]
}