{
  "n_true_positives": 2679,
  "n_positives": 2679,
  "total_time": 0.769935131072998,
  "date": "2025-01-28T08:49:51.083215",
  "backend": "BruteForce",
  "n_bins": 4,
  "eps": 0.24,
  "args": {
    "csvpath": [
      "../data/lcifr/predictions/predictions_compas_dl2-0.0.csv"
    ],
    "eps": 0.24,
    "n_bins": 4,
    "n_examples": null,
    "out_path": "../results/fairness//results/lcifr//predictions_compas_dl2-0.0-eps0.24.json",
    "full_output": false,
    "verbose": false,
    "randomize_order": false,
    "backend": "bf",
    "blind_cols": null,
    "sample_cols": null,
    "pred": "Prediction",
    "metric": "infinity",
    "max_time": null,
    "batchsize": null
  },
  "backend_meta": {
    "epsilon": 0.24,
    "decision_col": "Prediction",
    "metric": "infinity",
    "is_exact": true,
    "is_sound": true,
    "is_complete": true
  },
  "positives": [
    [
      3,
      1418
    ],
    [
      3,
      1675
    ],
    [
      3,
      2525
    ],
    [
      3,
      2532
    ],
    [
      3,
      3258
    ],
    [
      3,
      3595
    ],
    [
      3,
      3928
    ],
    [
      5,
      86
    ],
    [
      5,
      95
    ],
    [
      5,
      108
    ],
    [
      5,
      138
    ],
    [
      5,
      207
    ],
    [
      5,
      241
    ],
    [
      5,
      324
    ],
    [
      5,
      374
    ],
    [
      5,
      611
    ],
    [
      5,
      736
    ],
    [
      5,
      1228
    ],
    [
      5,
      1570
    ],
    [
      5,
      1615
    ],
    [
      5,
      1856
    ],
    [
      5,
      2433
    ],
    [
      5,
      2690
    ],
    [
      5,
      3671
    ],
    [
      12,
      986
    ],
    [
      12,
      1141
    ],
    [
      12,
      1525
    ],
    [
      12,
      2762
    ],
    [
      12,
      2896
    ],
    [
      12,
      2948
    ],
    [
      12,
      3173
    ],
    [
      12,
      3382
    ],
    [
      12,
      4049
    ],
    [
      15,
      449
    ],
    [
      15,
      2704
    ],
    [
      15,
      2729
    ],
    [
      15,
      2744
    ],
    [
      15,
      3411
    ],
    [
      15,
      4098
    ],
    [
      15,
      4194
    ],
    [
      16,
      681
    ],
    [
      16,
      835
    ],
    [
      19,
      1296
    ],
    [
      19,
      1407
    ],
    [
      19,
      1423
    ],
    [
      19,
      1449
    ],
    [
      19,
      1530
    ],
    [
      19,
      1731
    ],
    [
      19,
      2382
    ],
    [
      19,
      2389
    ],
    [
      19,
      2604
    ],
    [
      19,
      3264
    ],
    [
      19,
      3269
    ],
    [
      19,
      3589
    ],
    [
      19,
      3660
    ],
    [
      19,
      4011
    ],
    [
      22,
      3205
    ],
    [
      22,
      3426
    ],
    [
      29,
      764
    ],
    [
      29,
      884
    ],
    [
      29,
      1209
    ],
    [
      29,
      1742
    ],
    [
      29,
      2792
    ],
    [
      31,
      194
    ],
    [
      31,
      831
    ],
    [
      31,
      3199
    ],
    [
      31,
      3288
    ],
    [
      31,
      3462
    ],
    [
      33,
      1296
    ],
    [
      33,
      1423
    ],
    [
      33,
      1449
    ],
    [
      33,
      1530
    ],
    [
      33,
      1731
    ],
    [
      33,
      2382
    ],
    [
      33,
      2604
    ],
    [
      33,
      3264
    ],
    [
      33,
      3660
    ],
    [
      37,
      1418
    ],
    [
      37,
      1675
    ],
    [
      37,
      1742
    ],
    [
      37,
      2525
    ],
    [
      37,
      2532
    ],
    [
      37,
      3595
    ],
    [
      37,
      3928
    ],
    [
      59,
      77
    ],
    [
      59,
      546
    ],
    [
      59,
      676
    ],
    [
      59,
      1616
    ],
    [
      59,
      1988
    ],
    [
      59,
      2032
    ],
    [
      59,
      2042
    ],
    [
      59,
      2318
    ],
    [
      59,
      2331
    ],
    [
      59,
      2542
    ],
    [
      59,
      2984
    ],
    [
      59,
      3172
    ],
    [
      59,
      4177
    ],
    [
      70,
      470
    ],
    [
      70,
      704
    ],
    [
      70,
      2761
    ],
    [
      70,
      2822
    ],
    [
      70,
      3423
    ],
    [
      73,
      449
    ],
    [
      73,
      2655
    ],
    [
      73,
      2704
    ],
    [
      73,
      2729
    ],
    [
      73,
      2744
    ],
    [
      73,
      3340
    ],
    [
      73,
      3411
    ],
    [
      73,
      4098
    ],
    [
      73,
      4194
    ],
    [
      77,
      213
    ],
    [
      77,
      277
    ],
    [
      77,
      301
    ],
    [
      77,
      336
    ],
    [
      77,
      533
    ],
    [
      77,
      605
    ],
    [
      77,
      692
    ],
    [
      77,
      731
    ],
    [
      77,
      776
    ],
    [
      77,
      919
    ],
    [
      77,
      1046
    ],
    [
      77,
      1083
    ],
    [
      77,
      1196
    ],
    [
      77,
      1277
    ],
    [
      77,
      1555
    ],
    [
      77,
      1647
    ],
    [
      77,
      1656
    ],
    [
      77,
      1697
    ],
    [
      77,
      1828
    ],
    [
      77,
      1912
    ],
    [
      77,
      1945
    ],
    [
      77,
      2015
    ],
    [
      77,
      2022
    ],
    [
      77,
      2049
    ],
    [
      77,
      2159
    ],
    [
      77,
      2200
    ],
    [
      77,
      2403
    ],
    [
      77,
      2437
    ],
    [
      77,
      2450
    ],
    [
      77,
      2462
    ],
    [
      77,
      2500
    ],
    [
      77,
      2588
    ],
    [
      77,
      2589
    ],
    [
      77,
      2593
    ],
    [
      77,
      2603
    ],
    [
      77,
      2707
    ],
    [
      77,
      2710
    ],
    [
      77,
      2786
    ],
    [
      77,
      3221
    ],
    [
      77,
      3249
    ],
    [
      77,
      3327
    ],
    [
      77,
      3334
    ],
    [
      77,
      3422
    ],
    [
      77,
      3432
    ],
    [
      77,
      3713
    ],
    [
      77,
      3935
    ],
    [
      77,
      4001
    ],
    [
      77,
      4002
    ],
    [
      77,
      4005
    ],
    [
      77,
      4044
    ],
    [
      77,
      4132
    ],
    [
      77,
      4196
    ],
    [
      77,
      4218
    ],
    [
      78,
      2237
    ],
    [
      86,
      263
    ],
    [
      86,
      270
    ],
    [
      86,
      290
    ],
    [
      86,
      372
    ],
    [
      86,
      606
    ],
    [
      86,
      635
    ],
    [
      86,
      821
    ],
    [
      86,
      935
    ],
    [
      86,
      955
    ],
    [
      86,
      1014
    ],
    [
      86,
      1030
    ],
    [
      86,
      1033
    ],
    [
      86,
      1359
    ],
    [
      86,
      1540
    ],
    [
      86,
      1710
    ],
    [
      86,
      1778
    ],
    [
      86,
      1804
    ],
    [
      86,
      1831
    ],
    [
      86,
      1834
    ],
    [
      86,
      2807
    ],
    [
      86,
      2995
    ],
    [
      86,
      3089
    ],
    [
      86,
      3103
    ],
    [
      86,
      3225
    ],
    [
      86,
      3285
    ],
    [
      86,
      3306
    ],
    [
      86,
      3324
    ],
    [
      86,
      3401
    ],
    [
      86,
      3708
    ],
    [
      86,
      3792
    ],
    [
      86,
      3866
    ],
    [
      86,
      3900
    ],
    [
      86,
      4010
    ],
    [
      86,
      4028
    ],
    [
      86,
      4029
    ],
    [
      86,
      4034
    ],
    [
      86,
      4136
    ],
    [
      86,
      4170
    ],
    [
      89,
      684
    ],
    [
      89,
      1296
    ],
    [
      89,
      1423
    ],
    [
      89,
      1449
    ],
    [
      89,
      1525
    ],
    [
      89,
      2896
    ],
    [
      89,
      2948
    ],
    [
      89,
      3264
    ],
    [
      89,
      3382
    ],
    [
      89,
      4049
    ],
    [
      91,
      144
    ],
    [
      91,
      175
    ],
    [
      91,
      216
    ],
    [
      91,
      275
    ],
    [
      91,
      381
    ],
    [
      91,
      517
    ],
    [
      91,
      868
    ],
    [
      91,
      895
    ],
    [
      91,
      1434
    ],
    [
      91,
      1606
    ],
    [
      91,
      1649
    ],
    [
      91,
      1745
    ],
    [
      91,
      1756
    ],
    [
      91,
      1888
    ],
    [
      91,
      2283
    ],
    [
      91,
      2297
    ],
    [
      91,
      2342
    ],
    [
      91,
      2432
    ],
    [
      91,
      2651
    ],
    [
      91,
      2882
    ],
    [
      91,
      3023
    ],
    [
      91,
      3668
    ],
    [
      91,
      3836
    ],
    [
      91,
      3915
    ],
    [
      91,
      4012
    ],
    [
      91,
      4214
    ],
    [
      91,
      4219
    ],
    [
      93,
      324
    ],
    [
      93,
      374
    ],
    [
      93,
      516
    ],
    [
      93,
      1748
    ],
    [
      93,
      2433
    ],
    [
      93,
      3080
    ],
    [
      95,
      263
    ],
    [
      95,
      270
    ],
    [
      95,
      290
    ],
    [
      95,
      372
    ],
    [
      95,
      606
    ],
    [
      95,
      635
    ],
    [
      95,
      821
    ],
    [
      95,
      935
    ],
    [
      95,
      955
    ],
    [
      95,
      1014
    ],
    [
      95,
      1030
    ],
    [
      95,
      1033
    ],
    [
      95,
      1359
    ],
    [
      95,
      1540
    ],
    [
      95,
      1710
    ],
    [
      95,
      1778
    ],
    [
      95,
      1804
    ],
    [
      95,
      1831
    ],
    [
      95,
      1834
    ],
    [
      95,
      2807
    ],
    [
      95,
      2995
    ],
    [
      95,
      3089
    ],
    [
      95,
      3103
    ],
    [
      95,
      3225
    ],
    [
      95,
      3285
    ],
    [
      95,
      3306
    ],
    [
      95,
      3324
    ],
    [
      95,
      3401
    ],
    [
      95,
      3708
    ],
    [
      95,
      3792
    ],
    [
      95,
      3866
    ],
    [
      95,
      3900
    ],
    [
      95,
      4010
    ],
    [
      95,
      4028
    ],
    [
      95,
      4029
    ],
    [
      95,
      4034
    ],
    [
      95,
      4136
    ],
    [
      95,
      4170
    ],
    [
      108,
      263
    ],
    [
      108,
      270
    ],
    [
      108,
      290
    ],
    [
      108,
      372
    ],
    [
      108,
      606
    ],
    [
      108,
      635
    ],
    [
      108,
      821
    ],
    [
      108,
      935
    ],
    [
      108,
      955
    ],
    [
      108,
      1014
    ],
    [
      108,
      1030
    ],
    [
      108,
      1033
    ],
    [
      108,
      1359
    ],
    [
      108,
      1540
    ],
    [
      108,
      1710
    ],
    [
      108,
      1778
    ],
    [
      108,
      1804
    ],
    [
      108,
      1831
    ],
    [
      108,
      1834
    ],
    [
      108,
      2807
    ],
    [
      108,
      2995
    ],
    [
      108,
      3089
    ],
    [
      108,
      3103
    ],
    [
      108,
      3225
    ],
    [
      108,
      3285
    ],
    [
      108,
      3306
    ],
    [
      108,
      3324
    ],
    [
      108,
      3401
    ],
    [
      108,
      3708
    ],
    [
      108,
      3792
    ],
    [
      108,
      3866
    ],
    [
      108,
      3900
    ],
    [
      108,
      4010
    ],
    [
      108,
      4028
    ],
    [
      108,
      4029
    ],
    [
      108,
      4034
    ],
    [
      108,
      4136
    ],
    [
      108,
      4170
    ],
    [
      118,
      1407
    ],
    [
      118,
      3269
    ],
    [
      118,
      3589
    ],
    [
      118,
      4011
    ],
    [
      119,
      986
    ],
    [
      119,
      1141
    ],
    [
      119,
      1525
    ],
    [
      119,
      2762
    ],
    [
      119,
      2896
    ],
    [
      119,
      2948
    ],
    [
      119,
      3173
    ],
    [
      119,
      3382
    ],
    [
      119,
      4049
    ],
    [
      135,
      2461
    ],
    [
      138,
      263
    ],
    [
      138,
      270
    ],
    [
      138,
      606
    ],
    [
      138,
      1014
    ],
    [
      138,
      1033
    ],
    [
      138,
      1359
    ],
    [
      138,
      1540
    ],
    [
      138,
      1778
    ],
    [
      138,
      1804
    ],
    [
      138,
      1831
    ],
    [
      138,
      1834
    ],
    [
      138,
      2807
    ],
    [
      138,
      2995
    ],
    [
      138,
      3103
    ],
    [
      138,
      3285
    ],
    [
      138,
      3306
    ],
    [
      138,
      3324
    ],
    [
      138,
      3401
    ],
    [
      138,
      3792
    ],
    [
      138,
      3866
    ],
    [
      138,
      3900
    ],
    [
      138,
      4010
    ],
    [
      138,
      4029
    ],
    [
      138,
      4034
    ],
    [
      138,
      4170
    ],
    [
      144,
      525
    ],
    [
      144,
      800
    ],
    [
      144,
      949
    ],
    [
      144,
      1092
    ],
    [
      144,
      1132
    ],
    [
      144,
      1324
    ],
    [
      144,
      1379
    ],
    [
      144,
      1989
    ],
    [
      144,
      2191
    ],
    [
      144,
      2270
    ],
    [
      144,
      2516
    ],
    [
      144,
      2718
    ],
    [
      144,
      2845
    ],
    [
      144,
      3302
    ],
    [
      144,
      3584
    ],
    [
      144,
      3665
    ],
    [
      144,
      4025
    ],
    [
      144,
      4142
    ],
    [
      152,
      546
    ],
    [
      152,
      676
    ],
    [
      152,
      1616
    ],
    [
      152,
      2032
    ],
    [
      152,
      2984
    ],
    [
      152,
      3172
    ],
    [
      175,
      949
    ],
    [
      175,
      1092
    ],
    [
      175,
      1132
    ],
    [
      175,
      1324
    ],
    [
      175,
      1379
    ],
    [
      175,
      2191
    ],
    [
      175,
      2270
    ],
    [
      175,
      2516
    ],
    [
      175,
      2718
    ],
    [
      175,
      2845
    ],
    [
      175,
      3302
    ],
    [
      175,
      3665
    ],
    [
      175,
      4014
    ],
    [
      175,
      4025
    ],
    [
      193,
      449
    ],
    [
      193,
      2704
    ],
    [
      193,
      2729
    ],
    [
      193,
      2744
    ],
    [
      193,
      3411
    ],
    [
      193,
      4098
    ],
    [
      193,
      4194
    ],
    [
      194,
      819
    ],
    [
      194,
      1084
    ],
    [
      194,
      1890
    ],
    [
      194,
      3521
    ],
    [
      207,
      263
    ],
    [
      207,
      270
    ],
    [
      207,
      290
    ],
    [
      207,
      372
    ],
    [
      207,
      606
    ],
    [
      207,
      635
    ],
    [
      207,
      821
    ],
    [
      207,
      935
    ],
    [
      207,
      955
    ],
    [
      207,
      1014
    ],
    [
      207,
      1030
    ],
    [
      207,
      1033
    ],
    [
      207,
      1359
    ],
    [
      207,
      1540
    ],
    [
      207,
      1710
    ],
    [
      207,
      1778
    ],
    [
      207,
      1804
    ],
    [
      207,
      1831
    ],
    [
      207,
      1834
    ],
    [
      207,
      2807
    ],
    [
      207,
      2995
    ],
    [
      207,
      3089
    ],
    [
      207,
      3103
    ],
    [
      207,
      3225
    ],
    [
      207,
      3285
    ],
    [
      207,
      3306
    ],
    [
      207,
      3324
    ],
    [
      207,
      3401
    ],
    [
      207,
      3708
    ],
    [
      207,
      3792
    ],
    [
      207,
      3866
    ],
    [
      207,
      3900
    ],
    [
      207,
      4010
    ],
    [
      207,
      4028
    ],
    [
      207,
      4029
    ],
    [
      207,
      4034
    ],
    [
      207,
      4136
    ],
    [
      207,
      4170
    ],
    [
      213,
      546
    ],
    [
      213,
      676
    ],
    [
      213,
      1616
    ],
    [
      213,
      1988
    ],
    [
      213,
      2032
    ],
    [
      213,
      2042
    ],
    [
      213,
      2331
    ],
    [
      213,
      2984
    ],
    [
      213,
      3172
    ],
    [
      213,
      4177
    ],
    [
      216,
      949
    ],
    [
      216,
      1092
    ],
    [
      216,
      1132
    ],
    [
      216,
      1324
    ],
    [
      216,
      1379
    ],
    [
      216,
      2191
    ],
    [
      216,
      2270
    ],
    [
      216,
      2516
    ],
    [
      216,
      2718
    ],
    [
      216,
      2845
    ],
    [
      216,
      3302
    ],
    [
      216,
      3665
    ],
    [
      216,
      4014
    ],
    [
      216,
      4025
    ],
    [
      224,
      845
    ],
    [
      230,
      2388
    ],
    [
      230,
      2496
    ],
    [
      239,
      2237
    ],
    [
      239,
      2388
    ],
    [
      239,
      2496
    ],
    [
      239,
      2530
    ],
    [
      241,
      263
    ],
    [
      241,
      270
    ],
    [
      241,
      606
    ],
    [
      241,
      1014
    ],
    [
      241,
      1033
    ],
    [
      241,
      1359
    ],
    [
      241,
      1540
    ],
    [
      241,
      1778
    ],
    [
      241,
      1804
    ],
    [
      241,
      1831
    ],
    [
      241,
      1834
    ],
    [
      241,
      2807
    ],
    [
      241,
      2995
    ],
    [
      241,
      3103
    ],
    [
      241,
      3285
    ],
    [
      241,
      3306
    ],
    [
      241,
      3324
    ],
    [
      241,
      3401
    ],
    [
      241,
      3792
    ],
    [
      241,
      3866
    ],
    [
      241,
      3900
    ],
    [
      241,
      4010
    ],
    [
      241,
      4029
    ],
    [
      241,
      4034
    ],
    [
      241,
      4170
    ],
    [
      243,
      1456
    ],
    [
      243,
      3260
    ],
    [
      243,
      3384
    ],
    [
      243,
      3385
    ],
    [
      263,
      611
    ],
    [
      263,
      736
    ],
    [
      263,
      1228
    ],
    [
      263,
      1570
    ],
    [
      263,
      1615
    ],
    [
      263,
      1856
    ],
    [
      263,
      2690
    ],
    [
      263,
      3671
    ],
    [
      270,
      324
    ],
    [
      270,
      374
    ],
    [
      270,
      611
    ],
    [
      270,
      736
    ],
    [
      270,
      1228
    ],
    [
      270,
      1570
    ],
    [
      270,
      1615
    ],
    [
      270,
      1856
    ],
    [
      270,
      2433
    ],
    [
      270,
      2690
    ],
    [
      270,
      3671
    ],
    [
      274,
      1418
    ],
    [
      274,
      1675
    ],
    [
      274,
      1742
    ],
    [
      274,
      2525
    ],
    [
      274,
      2532
    ],
    [
      274,
      3595
    ],
    [
      274,
      3928
    ],
    [
      275,
      525
    ],
    [
      275,
      800
    ],
    [
      275,
      1132
    ],
    [
      275,
      1324
    ],
    [
      275,
      1989
    ],
    [
      275,
      2191
    ],
    [
      275,
      2270
    ],
    [
      275,
      2516
    ],
    [
      275,
      2718
    ],
    [
      275,
      3584
    ],
    [
      275,
      3665
    ],
    [
      275,
      4142
    ],
    [
      277,
      546
    ],
    [
      277,
      676
    ],
    [
      277,
      1616
    ],
    [
      277,
      1988
    ],
    [
      277,
      2032
    ],
    [
      277,
      2042
    ],
    [
      277,
      2331
    ],
    [
      277,
      2984
    ],
    [
      277,
      3172
    ],
    [
      277,
      4177
    ],
    [
      290,
      611
    ],
    [
      290,
      1228
    ],
    [
      290,
      1570
    ],
    [
      290,
      1856
    ],
    [
      295,
      2237
    ],
    [
      301,
      546
    ],
    [
      301,
      676
    ],
    [
      301,
      1616
    ],
    [
      301,
      1988
    ],
    [
      301,
      2032
    ],
    [
      301,
      2042
    ],
    [
      301,
      2318
    ],
    [
      301,
      2331
    ],
    [
      301,
      2542
    ],
    [
      301,
      2984
    ],
    [
      301,
      3172
    ],
    [
      301,
      4177
    ],
    [
      311,
      465
    ],
    [
      311,
      806
    ],
    [
      311,
      853
    ],
    [
      324,
      1359
    ],
    [
      324,
      1540
    ],
    [
      324,
      1778
    ],
    [
      324,
      1834
    ],
    [
      324,
      3866
    ],
    [
      324,
      3900
    ],
    [
      324,
      4029
    ],
    [
      329,
      2237
    ],
    [
      336,
      546
    ],
    [
      336,
      676
    ],
    [
      336,
      1616
    ],
    [
      336,
      1988
    ],
    [
      336,
      2032
    ],
    [
      336,
      2042
    ],
    [
      336,
      2331
    ],
    [
      336,
      2984
    ],
    [
      336,
      3172
    ],
    [
      336,
      4177
    ],
    [
      337,
      449
    ],
    [
      337,
      2704
    ],
    [
      337,
      2729
    ],
    [
      337,
      2744
    ],
    [
      337,
      3411
    ],
    [
      337,
      4098
    ],
    [
      337,
      4194
    ],
    [
      350,
      766
    ],
    [
      350,
      1739
    ],
    [
      350,
      3120
    ],
    [
      350,
      3505
    ],
    [
      350,
      4023
    ],
    [
      369,
      2104
    ],
    [
      369,
      3779
    ],
    [
      372,
      611
    ],
    [
      372,
      1228
    ],
    [
      372,
      1570
    ],
    [
      372,
      1856
    ],
    [
      374,
      1359
    ],
    [
      374,
      1540
    ],
    [
      374,
      1778
    ],
    [
      374,
      1834
    ],
    [
      374,
      3866
    ],
    [
      374,
      3900
    ],
    [
      374,
      4029
    ],
    [
      376,
      1746
    ],
    [
      376,
      2068
    ],
    [
      376,
      3673
    ],
    [
      378,
      1407
    ],
    [
      378,
      3269
    ],
    [
      378,
      3589
    ],
    [
      378,
      4011
    ],
    [
      381,
      949
    ],
    [
      381,
      1092
    ],
    [
      381,
      1132
    ],
    [
      381,
      1324
    ],
    [
      381,
      1379
    ],
    [
      381,
      2191
    ],
    [
      381,
      2270
    ],
    [
      381,
      2516
    ],
    [
      381,
      2718
    ],
    [
      381,
      2845
    ],
    [
      381,
      3302
    ],
    [
      381,
      3665
    ],
    [
      381,
      4014
    ],
    [
      381,
      4025
    ],
    [
      407,
      1296
    ],
    [
      407,
      1423
    ],
    [
      407,
      1449
    ],
    [
      407,
      1530
    ],
    [
      407,
      1731
    ],
    [
      407,
      2382
    ],
    [
      407,
      2604
    ],
    [
      407,
      3264
    ],
    [
      407,
      3660
    ],
    [
      409,
      3269
    ],
    [
      420,
      704
    ],
    [
      420,
      1689
    ],
    [
      434,
      3073
    ],
    [
      434,
      3205
    ],
    [
      434,
      3426
    ],
    [
      442,
      546
    ],
    [
      442,
      676
    ],
    [
      442,
      1616
    ],
    [
      442,
      2032
    ],
    [
      442,
      2984
    ],
    [
      442,
      3172
    ],
    [
      449,
      485
    ],
    [
      449,
      896
    ],
    [
      449,
      1145
    ],
    [
      449,
      1351
    ],
    [
      449,
      1797
    ],
    [
      449,
      2155
    ],
    [
      449,
      2177
    ],
    [
      449,
      2549
    ],
    [
      449,
      2966
    ],
    [
      449,
      3111
    ],
    [
      449,
      3616
    ],
    [
      449,
      3943
    ],
    [
      449,
      3993
    ],
    [
      449,
      4076
    ],
    [
      470,
      2256
    ],
    [
      470,
      3740
    ],
    [
      470,
      3988
    ],
    [
      470,
      4042
    ],
    [
      471,
      764
    ],
    [
      471,
      884
    ],
    [
      471,
      1742
    ],
    [
      471,
      3595
    ],
    [
      481,
      2256
    ],
    [
      481,
      3988
    ],
    [
      485,
      2704
    ],
    [
      485,
      2744
    ],
    [
      485,
      3411
    ],
    [
      485,
      4098
    ],
    [
      485,
      4194
    ],
    [
      499,
      2237
    ],
    [
      502,
      1407
    ],
    [
      502,
      3269
    ],
    [
      502,
      3589
    ],
    [
      502,
      4011
    ],
    [
      506,
      525
    ],
    [
      506,
      800
    ],
    [
      506,
      1964
    ],
    [
      506,
      1989
    ],
    [
      506,
      2176
    ],
    [
      506,
      2344
    ],
    [
      506,
      2854
    ],
    [
      506,
      3584
    ],
    [
      506,
      3666
    ],
    [
      506,
      3895
    ],
    [
      506,
      4142
    ],
    [
      511,
      3857
    ],
    [
      516,
      1993
    ],
    [
      516,
      2870
    ],
    [
      516,
      3170
    ],
    [
      516,
      3855
    ],
    [
      517,
      525
    ],
    [
      517,
      800
    ],
    [
      517,
      1132
    ],
    [
      517,
      1324
    ],
    [
      517,
      1989
    ],
    [
      517,
      2191
    ],
    [
      517,
      2270
    ],
    [
      517,
      3584
    ],
    [
      517,
      4142
    ],
    [
      524,
      766
    ],
    [
      524,
      1739
    ],
    [
      524,
      3120
    ],
    [
      524,
      3505
    ],
    [
      524,
      4023
    ],
    [
      525,
      840
    ],
    [
      525,
      868
    ],
    [
      525,
      1120
    ],
    [
      525,
      1434
    ],
    [
      525,
      1649
    ],
    [
      525,
      1745
    ],
    [
      525,
      2140
    ],
    [
      525,
      2297
    ],
    [
      525,
      2342
    ],
    [
      525,
      2432
    ],
    [
      525,
      2882
    ],
    [
      525,
      3023
    ],
    [
      525,
      3668
    ],
    [
      525,
      3836
    ],
    [
      525,
      3857
    ],
    [
      525,
      4012
    ],
    [
      525,
      4214
    ],
    [
      525,
      4219
    ],
    [
      533,
      546
    ],
    [
      533,
      676
    ],
    [
      533,
      1616
    ],
    [
      533,
      1988
    ],
    [
      533,
      2032
    ],
    [
      533,
      2042
    ],
    [
      533,
      2331
    ],
    [
      533,
      2984
    ],
    [
      533,
      3172
    ],
    [
      533,
      4177
    ],
    [
      535,
      546
    ],
    [
      535,
      676
    ],
    [
      535,
      1616
    ],
    [
      535,
      2032
    ],
    [
      535,
      2984
    ],
    [
      535,
      3172
    ],
    [
      546,
      605
    ],
    [
      546,
      692
    ],
    [
      546,
      731
    ],
    [
      546,
      776
    ],
    [
      546,
      900
    ],
    [
      546,
      919
    ],
    [
      546,
      1046
    ],
    [
      546,
      1083
    ],
    [
      546,
      1093
    ],
    [
      546,
      1156
    ],
    [
      546,
      1196
    ],
    [
      546,
      1277
    ],
    [
      546,
      1300
    ],
    [
      546,
      1339
    ],
    [
      546,
      1516
    ],
    [
      546,
      1521
    ],
    [
      546,
      1555
    ],
    [
      546,
      1647
    ],
    [
      546,
      1656
    ],
    [
      546,
      1697
    ],
    [
      546,
      1828
    ],
    [
      546,
      1909
    ],
    [
      546,
      1912
    ],
    [
      546,
      1945
    ],
    [
      546,
      2015
    ],
    [
      546,
      2022
    ],
    [
      546,
      2043
    ],
    [
      546,
      2049
    ],
    [
      546,
      2159
    ],
    [
      546,
      2200
    ],
    [
      546,
      2244
    ],
    [
      546,
      2280
    ],
    [
      546,
      2403
    ],
    [
      546,
      2410
    ],
    [
      546,
      2437
    ],
    [
      546,
      2450
    ],
    [
      546,
      2462
    ],
    [
      546,
      2500
    ],
    [
      546,
      2588
    ],
    [
      546,
      2589
    ],
    [
      546,
      2603
    ],
    [
      546,
      2627
    ],
    [
      546,
      2707
    ],
    [
      546,
      2710
    ],
    [
      546,
      2720
    ],
    [
      546,
      2786
    ],
    [
      546,
      3040
    ],
    [
      546,
      3058
    ],
    [
      546,
      3115
    ],
    [
      546,
      3221
    ],
    [
      546,
      3249
    ],
    [
      546,
      3327
    ],
    [
      546,
      3407
    ],
    [
      546,
      3422
    ],
    [
      546,
      3432
    ],
    [
      546,
      3497
    ],
    [
      546,
      3694
    ],
    [
      546,
      3713
    ],
    [
      546,
      3798
    ],
    [
      546,
      3922
    ],
    [
      546,
      3935
    ],
    [
      546,
      3963
    ],
    [
      546,
      3976
    ],
    [
      546,
      3983
    ],
    [
      546,
      4001
    ],
    [
      546,
      4005
    ],
    [
      546,
      4044
    ],
    [
      546,
      4117
    ],
    [
      546,
      4132
    ],
    [
      546,
      4189
    ],
    [
      546,
      4196
    ],
    [
      546,
      4218
    ],
    [
      550,
      1296
    ],
    [
      550,
      1423
    ],
    [
      550,
      1449
    ],
    [
      550,
      1530
    ],
    [
      550,
      1731
    ],
    [
      550,
      2382
    ],
    [
      550,
      2389
    ],
    [
      550,
      2604
    ],
    [
      550,
      3264
    ],
    [
      550,
      3269
    ],
    [
      550,
      3660
    ],
    [
      564,
      2988
    ],
    [
      568,
      1301
    ],
    [
      568,
      3275
    ],
    [
      574,
      764
    ],
    [
      574,
      1742
    ],
    [
      574,
      3595
    ],
    [
      589,
      2631
    ],
    [
      599,
      2374
    ],
    [
      605,
      676
    ],
    [
      605,
      1616
    ],
    [
      605,
      1988
    ],
    [
      605,
      2032
    ],
    [
      605,
      2042
    ],
    [
      605,
      2331
    ],
    [
      605,
      2984
    ],
    [
      605,
      3172
    ],
    [
      605,
      4177
    ],
    [
      606,
      611
    ],
    [
      606,
      736
    ],
    [
      606,
      1228
    ],
    [
      606,
      1570
    ],
    [
      606,
      1615
    ],
    [
      606,
      1856
    ],
    [
      606,
      2690
    ],
    [
      606,
      3671
    ],
    [
      611,
      635
    ],
    [
      611,
      821
    ],
    [
      611,
      935
    ],
    [
      611,
      955
    ],
    [
      611,
      1014
    ],
    [
      611,
      1030
    ],
    [
      611,
      1033
    ],
    [
      611,
      1359
    ],
    [
      611,
      1540
    ],
    [
      611,
      1710
    ],
    [
      611,
      1778
    ],
    [
      611,
      1804
    ],
    [
      611,
      1831
    ],
    [
      611,
      1834
    ],
    [
      611,
      2807
    ],
    [
      611,
      2995
    ],
    [
      611,
      3089
    ],
    [
      611,
      3103
    ],
    [
      611,
      3225
    ],
    [
      611,
      3285
    ],
    [
      611,
      3306
    ],
    [
      611,
      3324
    ],
    [
      611,
      3401
    ],
    [
      611,
      3708
    ],
    [
      611,
      3792
    ],
    [
      611,
      3866
    ],
    [
      611,
      3900
    ],
    [
      611,
      4010
    ],
    [
      611,
      4028
    ],
    [
      611,
      4029
    ],
    [
      611,
      4034
    ],
    [
      611,
      4136
    ],
    [
      611,
      4170
    ],
    [
      635,
      1228
    ],
    [
      635,
      1570
    ],
    [
      635,
      1856
    ],
    [
      636,
      845
    ],
    [
      676,
      692
    ],
    [
      676,
      731
    ],
    [
      676,
      776
    ],
    [
      676,
      900
    ],
    [
      676,
      919
    ],
    [
      676,
      1046
    ],
    [
      676,
      1083
    ],
    [
      676,
      1093
    ],
    [
      676,
      1156
    ],
    [
      676,
      1196
    ],
    [
      676,
      1277
    ],
    [
      676,
      1300
    ],
    [
      676,
      1339
    ],
    [
      676,
      1516
    ],
    [
      676,
      1521
    ],
    [
      676,
      1555
    ],
    [
      676,
      1647
    ],
    [
      676,
      1656
    ],
    [
      676,
      1697
    ],
    [
      676,
      1828
    ],
    [
      676,
      1909
    ],
    [
      676,
      1912
    ],
    [
      676,
      1945
    ],
    [
      676,
      2015
    ],
    [
      676,
      2022
    ],
    [
      676,
      2043
    ],
    [
      676,
      2049
    ],
    [
      676,
      2159
    ],
    [
      676,
      2200
    ],
    [
      676,
      2244
    ],
    [
      676,
      2280
    ],
    [
      676,
      2403
    ],
    [
      676,
      2410
    ],
    [
      676,
      2437
    ],
    [
      676,
      2450
    ],
    [
      676,
      2462
    ],
    [
      676,
      2500
    ],
    [
      676,
      2588
    ],
    [
      676,
      2589
    ],
    [
      676,
      2603
    ],
    [
      676,
      2627
    ],
    [
      676,
      2707
    ],
    [
      676,
      2710
    ],
    [
      676,
      2720
    ],
    [
      676,
      2786
    ],
    [
      676,
      3058
    ],
    [
      676,
      3115
    ],
    [
      676,
      3221
    ],
    [
      676,
      3249
    ],
    [
      676,
      3327
    ],
    [
      676,
      3407
    ],
    [
      676,
      3422
    ],
    [
      676,
      3432
    ],
    [
      676,
      3497
    ],
    [
      676,
      3694
    ],
    [
      676,
      3713
    ],
    [
      676,
      3798
    ],
    [
      676,
      3922
    ],
    [
      676,
      3935
    ],
    [
      676,
      3963
    ],
    [
      676,
      3976
    ],
    [
      676,
      3983
    ],
    [
      676,
      4001
    ],
    [
      676,
      4005
    ],
    [
      676,
      4044
    ],
    [
      676,
      4117
    ],
    [
      676,
      4132
    ],
    [
      676,
      4189
    ],
    [
      676,
      4196
    ],
    [
      676,
      4218
    ],
    [
      679,
      3024
    ],
    [
      684,
      3600
    ],
    [
      684,
      3978
    ],
    [
      692,
      1616
    ],
    [
      692,
      1988
    ],
    [
      692,
      2032
    ],
    [
      692,
      2042
    ],
    [
      692,
      2331
    ],
    [
      692,
      2984
    ],
    [
      692,
      3172
    ],
    [
      692,
      4177
    ],
    [
      704,
      735
    ],
    [
      704,
      2256
    ],
    [
      704,
      3740
    ],
    [
      704,
      3742
    ],
    [
      704,
      3988
    ],
    [
      711,
      804
    ],
    [
      711,
      1726
    ],
    [
      721,
      1296
    ],
    [
      721,
      1423
    ],
    [
      721,
      1449
    ],
    [
      721,
      1530
    ],
    [
      721,
      1731
    ],
    [
      721,
      2382
    ],
    [
      721,
      2604
    ],
    [
      721,
      3264
    ],
    [
      721,
      3660
    ],
    [
      731,
      1616
    ],
    [
      731,
      1988
    ],
    [
      731,
      2032
    ],
    [
      731,
      2042
    ],
    [
      731,
      2331
    ],
    [
      731,
      2984
    ],
    [
      731,
      3172
    ],
    [
      731,
      4177
    ],
    [
      735,
      1689
    ],
    [
      735,
      3879
    ],
    [
      736,
      1014
    ],
    [
      736,
      1033
    ],
    [
      736,
      1359
    ],
    [
      736,
      1540
    ],
    [
      736,
      1778
    ],
    [
      736,
      1804
    ],
    [
      736,
      1831
    ],
    [
      736,
      1834
    ],
    [
      736,
      2807
    ],
    [
      736,
      2995
    ],
    [
      736,
      3103
    ],
    [
      736,
      3285
    ],
    [
      736,
      3306
    ],
    [
      736,
      3324
    ],
    [
      736,
      3401
    ],
    [
      736,
      3792
    ],
    [
      736,
      3866
    ],
    [
      736,
      3900
    ],
    [
      736,
      4010
    ],
    [
      736,
      4029
    ],
    [
      736,
      4034
    ],
    [
      736,
      4170
    ],
    [
      742,
      2237
    ],
    [
      764,
      1043
    ],
    [
      764,
      2745
    ],
    [
      766,
      1165
    ],
    [
      766,
      3231
    ],
    [
      776,
      1616
    ],
    [
      776,
      1988
    ],
    [
      776,
      2032
    ],
    [
      776,
      2042
    ],
    [
      776,
      2331
    ],
    [
      776,
      2984
    ],
    [
      776,
      3172
    ],
    [
      776,
      4177
    ],
    [
      794,
      1606
    ],
    [
      794,
      1756
    ],
    [
      797,
      1492
    ],
    [
      797,
      3110
    ],
    [
      800,
      840
    ],
    [
      800,
      868
    ],
    [
      800,
      1120
    ],
    [
      800,
      1434
    ],
    [
      800,
      1606
    ],
    [
      800,
      1649
    ],
    [
      800,
      1745
    ],
    [
      800,
      2140
    ],
    [
      800,
      2297
    ],
    [
      800,
      2342
    ],
    [
      800,
      2432
    ],
    [
      800,
      2882
    ],
    [
      800,
      3023
    ],
    [
      800,
      3668
    ],
    [
      800,
      3836
    ],
    [
      800,
      3857
    ],
    [
      800,
      4012
    ],
    [
      800,
      4214
    ],
    [
      800,
      4219
    ],
    [
      804,
      1110
    ],
    [
      804,
      1837
    ],
    [
      804,
      2120
    ],
    [
      804,
      2506
    ],
    [
      804,
      2592
    ],
    [
      804,
      2702
    ],
    [
      804,
      2769
    ],
    [
      804,
      3041
    ],
    [
      804,
      3073
    ],
    [
      804,
      3205
    ],
    [
      804,
      3426
    ],
    [
      804,
      3905
    ],
    [
      807,
      1179
    ],
    [
      819,
      3462
    ],
    [
      821,
      1228
    ],
    [
      821,
      1570
    ],
    [
      821,
      1856
    ],
    [
      827,
      1569
    ],
    [
      830,
      986
    ],
    [
      830,
      1141
    ],
    [
      830,
      1525
    ],
    [
      830,
      2762
    ],
    [
      830,
      2896
    ],
    [
      830,
      2948
    ],
    [
      830,
      3173
    ],
    [
      830,
      3382
    ],
    [
      830,
      4049
    ],
    [
      831,
      1890
    ],
    [
      840,
      1132
    ],
    [
      840,
      1989
    ],
    [
      840,
      2191
    ],
    [
      840,
      3584
    ],
    [
      840,
      4142
    ],
    [
      845,
      2444
    ],
    [
      845,
      2677
    ],
    [
      849,
      1192
    ],
    [
      849,
      2593
    ],
    [
      849,
      3334
    ],
    [
      849,
      4002
    ],
    [
      849,
      4044
    ],
    [
      849,
      4132
    ],
    [
      849,
      4196
    ],
    [
      858,
      2486
    ],
    [
      868,
      1132
    ],
    [
      868,
      1324
    ],
    [
      868,
      1989
    ],
    [
      868,
      2191
    ],
    [
      868,
      2270
    ],
    [
      868,
      2516
    ],
    [
      868,
      2718
    ],
    [
      868,
      3584
    ],
    [
      868,
      3665
    ],
    [
      868,
      4142
    ],
    [
      872,
      1174
    ],
    [
      884,
      1043
    ],
    [
      884,
      2745
    ],
    [
      888,
      974
    ],
    [
      888,
      3335
    ],
    [
      888,
      4048
    ],
    [
      895,
      949
    ],
    [
      895,
      1092
    ],
    [
      895,
      1132
    ],
    [
      895,
      1324
    ],
    [
      895,
      1379
    ],
    [
      895,
      2191
    ],
    [
      895,
      2270
    ],
    [
      895,
      2516
    ],
    [
      895,
      2718
    ],
    [
      895,
      2845
    ],
    [
      895,
      3302
    ],
    [
      895,
      3665
    ],
    [
      895,
      4014
    ],
    [
      895,
      4025
    ],
    [
      896,
      2704
    ],
    [
      896,
      2729
    ],
    [
      896,
      2744
    ],
    [
      896,
      3411
    ],
    [
      896,
      4098
    ],
    [
      896,
      4194
    ],
    [
      900,
      1616
    ],
    [
      900,
      2032
    ],
    [
      900,
      2984
    ],
    [
      900,
      3172
    ],
    [
      905,
      1234
    ],
    [
      905,
      2904
    ],
    [
      905,
      3514
    ],
    [
      915,
      974
    ],
    [
      915,
      4048
    ],
    [
      919,
      1616
    ],
    [
      919,
      1988
    ],
    [
      919,
      2032
    ],
    [
      919,
      2042
    ],
    [
      919,
      2331
    ],
    [
      919,
      2984
    ],
    [
      919,
      3172
    ],
    [
      919,
      4177
    ],
    [
      923,
      1116
    ],
    [
      923,
      1301
    ],
    [
      923,
      3157
    ],
    [
      923,
      3275
    ],
    [
      935,
      1228
    ],
    [
      935,
      1570
    ],
    [
      935,
      1856
    ],
    [
      939,
      1407
    ],
    [
      939,
      1530
    ],
    [
      939,
      1731
    ],
    [
      939,
      2382
    ],
    [
      939,
      2389
    ],
    [
      939,
      2604
    ],
    [
      939,
      3269
    ],
    [
      939,
      3589
    ],
    [
      939,
      3660
    ],
    [
      939,
      4011
    ],
    [
      949,
      1649
    ],
    [
      949,
      1745
    ],
    [
      949,
      1888
    ],
    [
      949,
      2283
    ],
    [
      949,
      2297
    ],
    [
      949,
      2342
    ],
    [
      949,
      2432
    ],
    [
      949,
      2651
    ],
    [
      949,
      2882
    ],
    [
      949,
      3023
    ],
    [
      949,
      3836
    ],
    [
      949,
      3915
    ],
    [
      955,
      1228
    ],
    [
      955,
      1570
    ],
    [
      955,
      1856
    ],
    [
      970,
      3904
    ],
    [
      974,
      1674
    ],
    [
      974,
      2080
    ],
    [
      974,
      2101
    ],
    [
      974,
      2573
    ],
    [
      974,
      2834
    ],
    [
      974,
      2941
    ],
    [
      974,
      3247
    ],
    [
      974,
      3449
    ],
    [
      974,
      3825
    ],
    [
      974,
      4123
    ],
    [
      986,
      1110
    ],
    [
      986,
      1837
    ],
    [
      986,
      2120
    ],
    [
      986,
      2506
    ],
    [
      986,
      2592
    ],
    [
      986,
      2702
    ],
    [
      986,
      2769
    ],
    [
      986,
      3041
    ],
    [
      986,
      3073
    ],
    [
      986,
      3205
    ],
    [
      986,
      3426
    ],
    [
      986,
      3905
    ],
    [
      1011,
      3258
    ],
    [
      1014,
      1228
    ],
    [
      1014,
      1570
    ],
    [
      1014,
      1615
    ],
    [
      1014,
      1856
    ],
    [
      1014,
      2690
    ],
    [
      1014,
      3671
    ],
    [
      1030,
      1228
    ],
    [
      1030,
      1570
    ],
    [
      1030,
      1856
    ],
    [
      1033,
      1228
    ],
    [
      1033,
      1570
    ],
    [
      1033,
      1615
    ],
    [
      1033,
      1856
    ],
    [
      1033,
      2690
    ],
    [
      1033,
      3671
    ],
    [
      1034,
      1407
    ],
    [
      1034,
      3269
    ],
    [
      1034,
      3589
    ],
    [
      1034,
      4011
    ],
    [
      1041,
      1296
    ],
    [
      1041,
      1423
    ],
    [
      1041,
      1449
    ],
    [
      1041,
      1530
    ],
    [
      1041,
      1731
    ],
    [
      1041,
      2382
    ],
    [
      1041,
      2389
    ],
    [
      1041,
      2604
    ],
    [
      1041,
      3264
    ],
    [
      1041,
      3269
    ],
    [
      1041,
      3660
    ],
    [
      1043,
      1209
    ],
    [
      1043,
      1742
    ],
    [
      1043,
      2792
    ],
    [
      1046,
      1616
    ],
    [
      1046,
      1988
    ],
    [
      1046,
      2032
    ],
    [
      1046,
      2042
    ],
    [
      1046,
      2331
    ],
    [
      1046,
      2984
    ],
    [
      1046,
      3172
    ],
    [
      1046,
      4177
    ],
    [
      1059,
      1296
    ],
    [
      1059,
      1423
    ],
    [
      1059,
      1449
    ],
    [
      1059,
      1530
    ],
    [
      1059,
      1731
    ],
    [
      1059,
      2382
    ],
    [
      1059,
      2389
    ],
    [
      1059,
      2604
    ],
    [
      1059,
      3264
    ],
    [
      1059,
      3269
    ],
    [
      1059,
      3660
    ],
    [
      1077,
      1407
    ],
    [
      1077,
      3269
    ],
    [
      1077,
      3589
    ],
    [
      1077,
      4011
    ],
    [
      1083,
      1616
    ],
    [
      1083,
      1988
    ],
    [
      1083,
      2032
    ],
    [
      1083,
      2042
    ],
    [
      1083,
      2318
    ],
    [
      1083,
      2331
    ],
    [
      1083,
      2542
    ],
    [
      1083,
      2984
    ],
    [
      1083,
      3172
    ],
    [
      1083,
      4177
    ],
    [
      1084,
      3288
    ],
    [
      1084,
      3462
    ],
    [
      1092,
      1649
    ],
    [
      1092,
      1745
    ],
    [
      1092,
      1888
    ],
    [
      1092,
      2283
    ],
    [
      1092,
      2297
    ],
    [
      1092,
      2342
    ],
    [
      1092,
      2432
    ],
    [
      1092,
      2651
    ],
    [
      1092,
      2882
    ],
    [
      1092,
      3023
    ],
    [
      1092,
      3836
    ],
    [
      1092,
      3915
    ],
    [
      1093,
      1616
    ],
    [
      1093,
      2032
    ],
    [
      1093,
      2984
    ],
    [
      1093,
      3172
    ],
    [
      1110,
      1141
    ],
    [
      1110,
      1525
    ],
    [
      1110,
      2762
    ],
    [
      1110,
      3173
    ],
    [
      1110,
      4049
    ],
    [
      1116,
      2849
    ],
    [
      1120,
      1132
    ],
    [
      1120,
      1989
    ],
    [
      1120,
      2191
    ],
    [
      1120,
      3584
    ],
    [
      1120,
      4142
    ],
    [
      1132,
      1434
    ],
    [
      1132,
      1606
    ],
    [
      1132,
      1649
    ],
    [
      1132,
      1745
    ],
    [
      1132,
      1888
    ],
    [
      1132,
      2140
    ],
    [
      1132,
      2283
    ],
    [
      1132,
      2297
    ],
    [
      1132,
      2342
    ],
    [
      1132,
      2432
    ],
    [
      1132,
      2651
    ],
    [
      1132,
      2882
    ],
    [
      1132,
      3023
    ],
    [
      1132,
      3668
    ],
    [
      1132,
      3836
    ],
    [
      1132,
      3857
    ],
    [
      1132,
      3915
    ],
    [
      1132,
      4012
    ],
    [
      1132,
      4214
    ],
    [
      1132,
      4219
    ],
    [
      1140,
      1407
    ],
    [
      1140,
      3269
    ],
    [
      1140,
      3589
    ],
    [
      1140,
      4011
    ],
    [
      1141,
      1837
    ],
    [
      1141,
      2120
    ],
    [
      1141,
      2506
    ],
    [
      1141,
      2592
    ],
    [
      1141,
      2702
    ],
    [
      1141,
      2769
    ],
    [
      1141,
      3041
    ],
    [
      1141,
      3073
    ],
    [
      1141,
      3205
    ],
    [
      1141,
      3426
    ],
    [
      1141,
      3905
    ],
    [
      1145,
      2655
    ],
    [
      1145,
      2704
    ],
    [
      1145,
      2729
    ],
    [
      1145,
      2744
    ],
    [
      1145,
      3340
    ],
    [
      1145,
      3411
    ],
    [
      1145,
      4098
    ],
    [
      1145,
      4194
    ],
    [
      1156,
      1616
    ],
    [
      1156,
      2032
    ],
    [
      1156,
      2984
    ],
    [
      1156,
      3172
    ],
    [
      1160,
      1407
    ],
    [
      1160,
      3269
    ],
    [
      1160,
      3589
    ],
    [
      1160,
      4011
    ],
    [
      1190,
      1449
    ],
    [
      1190,
      3440
    ],
    [
      1192,
      1195
    ],
    [
      1192,
      1492
    ],
    [
      1192,
      1707
    ],
    [
      1192,
      1980
    ],
    [
      1192,
      2268
    ],
    [
      1192,
      2318
    ],
    [
      1192,
      2542
    ],
    [
      1192,
      3110
    ],
    [
      1192,
      3544
    ],
    [
      1192,
      3942
    ],
    [
      1196,
      1616
    ],
    [
      1196,
      1988
    ],
    [
      1196,
      2032
    ],
    [
      1196,
      2042
    ],
    [
      1196,
      2331
    ],
    [
      1196,
      2984
    ],
    [
      1196,
      3172
    ],
    [
      1196,
      4177
    ],
    [
      1221,
      3143
    ],
    [
      1228,
      1359
    ],
    [
      1228,
      1540
    ],
    [
      1228,
      1710
    ],
    [
      1228,
      1778
    ],
    [
      1228,
      1804
    ],
    [
      1228,
      1831
    ],
    [
      1228,
      1834
    ],
    [
      1228,
      2807
    ],
    [
      1228,
      2995
    ],
    [
      1228,
      3089
    ],
    [
      1228,
      3103
    ],
    [
      1228,
      3225
    ],
    [
      1228,
      3285
    ],
    [
      1228,
      3306
    ],
    [
      1228,
      3324
    ],
    [
      1228,
      3401
    ],
    [
      1228,
      3708
    ],
    [
      1228,
      3792
    ],
    [
      1228,
      3866
    ],
    [
      1228,
      3900
    ],
    [
      1228,
      4010
    ],
    [
      1228,
      4028
    ],
    [
      1228,
      4029
    ],
    [
      1228,
      4034
    ],
    [
      1228,
      4136
    ],
    [
      1228,
      4170
    ],
    [
      1235,
      2024
    ],
    [
      1248,
      1506
    ],
    [
      1248,
      3527
    ],
    [
      1264,
      1296
    ],
    [
      1264,
      1407
    ],
    [
      1264,
      1423
    ],
    [
      1264,
      1449
    ],
    [
      1264,
      1530
    ],
    [
      1264,
      1731
    ],
    [
      1264,
      2382
    ],
    [
      1264,
      2389
    ],
    [
      1264,
      2604
    ],
    [
      1264,
      3264
    ],
    [
      1264,
      3269
    ],
    [
      1264,
      3589
    ],
    [
      1264,
      3660
    ],
    [
      1264,
      4011
    ],
    [
      1265,
      1407
    ],
    [
      1265,
      3269
    ],
    [
      1265,
      3589
    ],
    [
      1265,
      4011
    ],
    [
      1277,
      1616
    ],
    [
      1277,
      1988
    ],
    [
      1277,
      2032
    ],
    [
      1277,
      2042
    ],
    [
      1277,
      2331
    ],
    [
      1277,
      2984
    ],
    [
      1277,
      3172
    ],
    [
      1277,
      4177
    ],
    [
      1296,
      1399
    ],
    [
      1296,
      1481
    ],
    [
      1296,
      1571
    ],
    [
      1296,
      1955
    ],
    [
      1296,
      2220
    ],
    [
      1296,
      2335
    ],
    [
      1296,
      2345
    ],
    [
      1296,
      2711
    ],
    [
      1296,
      3600
    ],
    [
      1296,
      3730
    ],
    [
      1296,
      3978
    ],
    [
      1296,
      3994
    ],
    [
      1296,
      4130
    ],
    [
      1300,
      1616
    ],
    [
      1300,
      2032
    ],
    [
      1300,
      2984
    ],
    [
      1300,
      3172
    ],
    [
      1301,
      2849
    ],
    [
      1324,
      1434
    ],
    [
      1324,
      1649
    ],
    [
      1324,
      1745
    ],
    [
      1324,
      1888
    ],
    [
      1324,
      2283
    ],
    [
      1324,
      2297
    ],
    [
      1324,
      2342
    ],
    [
      1324,
      2432
    ],
    [
      1324,
      2651
    ],
    [
      1324,
      2882
    ],
    [
      1324,
      3023
    ],
    [
      1324,
      3668
    ],
    [
      1324,
      3836
    ],
    [
      1324,
      3915
    ],
    [
      1324,
      4012
    ],
    [
      1324,
      4214
    ],
    [
      1324,
      4219
    ],
    [
      1339,
      1616
    ],
    [
      1339,
      2032
    ],
    [
      1339,
      2984
    ],
    [
      1339,
      3172
    ],
    [
      1346,
      2316
    ],
    [
      1346,
      3527
    ],
    [
      1351,
      2655
    ],
    [
      1351,
      2704
    ],
    [
      1351,
      2729
    ],
    [
      1351,
      2744
    ],
    [
      1351,
      3340
    ],
    [
      1351,
      3411
    ],
    [
      1351,
      4098
    ],
    [
      1351,
      4194
    ],
    [
      1359,
      1570
    ],
    [
      1359,
      1615
    ],
    [
      1359,
      1856
    ],
    [
      1359,
      2433
    ],
    [
      1359,
      2690
    ],
    [
      1359,
      3671
    ],
    [
      1374,
      3513
    ],
    [
      1379,
      1649
    ],
    [
      1379,
      1745
    ],
    [
      1379,
      1888
    ],
    [
      1379,
      2283
    ],
    [
      1379,
      2297
    ],
    [
      1379,
      2342
    ],
    [
      1379,
      2432
    ],
    [
      1379,
      2651
    ],
    [
      1379,
      2882
    ],
    [
      1379,
      3023
    ],
    [
      1379,
      3836
    ],
    [
      1379,
      3915
    ],
    [
      1384,
      3514
    ],
    [
      1388,
      2374
    ],
    [
      1399,
      1423
    ],
    [
      1399,
      1449
    ],
    [
      1399,
      1530
    ],
    [
      1399,
      2604
    ],
    [
      1399,
      3264
    ],
    [
      1399,
      3660
    ],
    [
      1407,
      1565
    ],
    [
      1407,
      2149
    ],
    [
      1407,
      2152
    ],
    [
      1407,
      2206
    ],
    [
      1407,
      2626
    ],
    [
      1407,
      2998
    ],
    [
      1407,
      3027
    ],
    [
      1407,
      3124
    ],
    [
      1407,
      3165
    ],
    [
      1407,
      3558
    ],
    [
      1407,
      4085
    ],
    [
      1418,
      2789
    ],
    [
      1418,
      3992
    ],
    [
      1423,
      1481
    ],
    [
      1423,
      1571
    ],
    [
      1423,
      1955
    ],
    [
      1423,
      2220
    ],
    [
      1423,
      2335
    ],
    [
      1423,
      2345
    ],
    [
      1423,
      2711
    ],
    [
      1423,
      3600
    ],
    [
      1423,
      3730
    ],
    [
      1423,
      3978
    ],
    [
      1423,
      3994
    ],
    [
      1423,
      4130
    ],
    [
      1434,
      1989
    ],
    [
      1434,
      2191
    ],
    [
      1434,
      2270
    ],
    [
      1434,
      3584
    ],
    [
      1434,
      4142
    ],
    [
      1449,
      1481
    ],
    [
      1449,
      1571
    ],
    [
      1449,
      1955
    ],
    [
      1449,
      2220
    ],
    [
      1449,
      2335
    ],
    [
      1449,
      2345
    ],
    [
      1449,
      2711
    ],
    [
      1449,
      3730
    ],
    [
      1449,
      3994
    ],
    [
      1449,
      4130
    ],
    [
      1453,
      3984
    ],
    [
      1467,
      3024
    ],
    [
      1478,
      3988
    ],
    [
      1481,
      1530
    ],
    [
      1481,
      1731
    ],
    [
      1481,
      2382
    ],
    [
      1481,
      2389
    ],
    [
      1481,
      2604
    ],
    [
      1481,
      3264
    ],
    [
      1481,
      3269
    ],
    [
      1481,
      3660
    ],
    [
      1492,
      1506
    ],
    [
      1492,
      3527
    ],
    [
      1492,
      3684
    ],
    [
      1506,
      3110
    ],
    [
      1516,
      1616
    ],
    [
      1516,
      2032
    ],
    [
      1516,
      2984
    ],
    [
      1516,
      3172
    ],
    [
      1521,
      1616
    ],
    [
      1521,
      2032
    ],
    [
      1521,
      2984
    ],
    [
      1521,
      3172
    ],
    [
      1525,
      1837
    ],
    [
      1525,
      2120
    ],
    [
      1525,
      2702
    ],
    [
      1525,
      2769
    ],
    [
      1525,
      3205
    ],
    [
      1525,
      3426
    ],
    [
      1525,
      3600
    ],
    [
      1525,
      3905
    ],
    [
      1525,
      3978
    ],
    [
      1530,
      1571
    ],
    [
      1530,
      2335
    ],
    [
      1530,
      2345
    ],
    [
      1530,
      2711
    ],
    [
      1530,
      3994
    ],
    [
      1530,
      4130
    ],
    [
      1540,
      1570
    ],
    [
      1540,
      1615
    ],
    [
      1540,
      1856
    ],
    [
      1540,
      2433
    ],
    [
      1540,
      2690
    ],
    [
      1540,
      3671
    ],
    [
      1548,
      1797
    ],
    [
      1555,
      1616
    ],
    [
      1555,
      1988
    ],
    [
      1555,
      2032
    ],
    [
      1555,
      2042
    ],
    [
      1555,
      2318
    ],
    [
      1555,
      2331
    ],
    [
      1555,
      2542
    ],
    [
      1555,
      2984
    ],
    [
      1555,
      3172
    ],
    [
      1555,
      4177
    ],
    [
      1565,
      3269
    ],
    [
      1565,
      3589
    ],
    [
      1565,
      4011
    ],
    [
      1570,
      1710
    ],
    [
      1570,
      1778
    ],
    [
      1570,
      1804
    ],
    [
      1570,
      1831
    ],
    [
      1570,
      1834
    ],
    [
      1570,
      2807
    ],
    [
      1570,
      2995
    ],
    [
      1570,
      3089
    ],
    [
      1570,
      3103
    ],
    [
      1570,
      3225
    ],
    [
      1570,
      3285
    ],
    [
      1570,
      3306
    ],
    [
      1570,
      3324
    ],
    [
      1570,
      3401
    ],
    [
      1570,
      3708
    ],
    [
      1570,
      3792
    ],
    [
      1570,
      3866
    ],
    [
      1570,
      3900
    ],
    [
      1570,
      4010
    ],
    [
      1570,
      4028
    ],
    [
      1570,
      4029
    ],
    [
      1570,
      4034
    ],
    [
      1570,
      4136
    ],
    [
      1570,
      4170
    ],
    [
      1571,
      2604
    ],
    [
      1571,
      3264
    ],
    [
      1571,
      3660
    ],
    [
      1597,
      3838
    ],
    [
      1606,
      2516
    ],
    [
      1606,
      3808
    ],
    [
      1606,
      4142
    ],
    [
      1615,
      1778
    ],
    [
      1615,
      1804
    ],
    [
      1615,
      1831
    ],
    [
      1615,
      1834
    ],
    [
      1615,
      2807
    ],
    [
      1615,
      2995
    ],
    [
      1615,
      3103
    ],
    [
      1615,
      3285
    ],
    [
      1615,
      3306
    ],
    [
      1615,
      3324
    ],
    [
      1615,
      3401
    ],
    [
      1615,
      3792
    ],
    [
      1615,
      3866
    ],
    [
      1615,
      3900
    ],
    [
      1615,
      4010
    ],
    [
      1615,
      4029
    ],
    [
      1615,
      4034
    ],
    [
      1615,
      4170
    ],
    [
      1616,
      1647
    ],
    [
      1616,
      1656
    ],
    [
      1616,
      1697
    ],
    [
      1616,
      1828
    ],
    [
      1616,
      1909
    ],
    [
      1616,
      1912
    ],
    [
      1616,
      1945
    ],
    [
      1616,
      1947
    ],
    [
      1616,
      2015
    ],
    [
      1616,
      2022
    ],
    [
      1616,
      2043
    ],
    [
      1616,
      2049
    ],
    [
      1616,
      2159
    ],
    [
      1616,
      2200
    ],
    [
      1616,
      2244
    ],
    [
      1616,
      2280
    ],
    [
      1616,
      2403
    ],
    [
      1616,
      2410
    ],
    [
      1616,
      2437
    ],
    [
      1616,
      2450
    ],
    [
      1616,
      2462
    ],
    [
      1616,
      2500
    ],
    [
      1616,
      2588
    ],
    [
      1616,
      2589
    ],
    [
      1616,
      2603
    ],
    [
      1616,
      2627
    ],
    [
      1616,
      2707
    ],
    [
      1616,
      2710
    ],
    [
      1616,
      2720
    ],
    [
      1616,
      2786
    ],
    [
      1616,
      3040
    ],
    [
      1616,
      3058
    ],
    [
      1616,
      3115
    ],
    [
      1616,
      3221
    ],
    [
      1616,
      3249
    ],
    [
      1616,
      3327
    ],
    [
      1616,
      3407
    ],
    [
      1616,
      3422
    ],
    [
      1616,
      3432
    ],
    [
      1616,
      3497
    ],
    [
      1616,
      3694
    ],
    [
      1616,
      3713
    ],
    [
      1616,
      3798
    ],
    [
      1616,
      3922
    ],
    [
      1616,
      3935
    ],
    [
      1616,
      3963
    ],
    [
      1616,
      3976
    ],
    [
      1616,
      3983
    ],
    [
      1616,
      4001
    ],
    [
      1616,
      4005
    ],
    [
      1616,
      4044
    ],
    [
      1616,
      4117
    ],
    [
      1616,
      4132
    ],
    [
      1616,
      4189
    ],
    [
      1616,
      4196
    ],
    [
      1616,
      4218
    ],
    [
      1647,
      1988
    ],
    [
      1647,
      2032
    ],
    [
      1647,
      2042
    ],
    [
      1647,
      2331
    ],
    [
      1647,
      2984
    ],
    [
      1647,
      3172
    ],
    [
      1647,
      4177
    ],
    [
      1649,
      1989
    ],
    [
      1649,
      2191
    ],
    [
      1649,
      2270
    ],
    [
      1649,
      2516
    ],
    [
      1649,
      2718
    ],
    [
      1649,
      2845
    ],
    [
      1649,
      3302
    ],
    [
      1649,
      3584
    ],
    [
      1649,
      3665
    ],
    [
      1649,
      4025
    ],
    [
      1649,
      4142
    ],
    [
      1656,
      1988
    ],
    [
      1656,
      2032
    ],
    [
      1656,
      2042
    ],
    [
      1656,
      2331
    ],
    [
      1656,
      2984
    ],
    [
      1656,
      3172
    ],
    [
      1656,
      4177
    ],
    [
      1674,
      3335
    ],
    [
      1674,
      4048
    ],
    [
      1675,
      2789
    ],
    [
      1675,
      3992
    ],
    [
      1676,
      2519
    ],
    [
      1689,
      2256
    ],
    [
      1689,
      2992
    ],
    [
      1689,
      3347
    ],
    [
      1689,
      3988
    ],
    [
      1697,
      1988
    ],
    [
      1697,
      2032
    ],
    [
      1697,
      2042
    ],
    [
      1697,
      2318
    ],
    [
      1697,
      2331
    ],
    [
      1697,
      2542
    ],
    [
      1697,
      2984
    ],
    [
      1697,
      3172
    ],
    [
      1697,
      4177
    ],
    [
      1707,
      2593
    ],
    [
      1707,
      3334
    ],
    [
      1707,
      4002
    ],
    [
      1707,
      4044
    ],
    [
      1707,
      4132
    ],
    [
      1707,
      4196
    ],
    [
      1710,
      1856
    ],
    [
      1731,
      2345
    ],
    [
      1731,
      2711
    ],
    [
      1731,
      3994
    ],
    [
      1731,
      4130
    ],
    [
      1739,
      3231
    ],
    [
      1742,
      2430
    ],
    [
      1742,
      2745
    ],
    [
      1742,
      2789
    ],
    [
      1742,
      3992
    ],
    [
      1745,
      1989
    ],
    [
      1745,
      2191
    ],
    [
      1745,
      2270
    ],
    [
      1745,
      2516
    ],
    [
      1745,
      2718
    ],
    [
      1745,
      2845
    ],
    [
      1745,
      3302
    ],
    [
      1745,
      3584
    ],
    [
      1745,
      3665
    ],
    [
      1745,
      4025
    ],
    [
      1745,
      4142
    ],
    [
      1756,
      2868
    ],
    [
      1770,
      3073
    ],
    [
      1770,
      3205
    ],
    [
      1770,
      3426
    ],
    [
      1778,
      1856
    ],
    [
      1778,
      2433
    ],
    [
      1778,
      2690
    ],
    [
      1778,
      3671
    ],
    [
      1795,
      3231
    ],
    [
      1797,
      2613
    ],
    [
      1797,
      3154
    ],
    [
      1797,
      3411
    ],
    [
      1797,
      3570
    ],
    [
      1797,
      4098
    ],
    [
      1797,
      4194
    ],
    [
      1804,
      1856
    ],
    [
      1804,
      2690
    ],
    [
      1804,
      3671
    ],
    [
      1828,
      1988
    ],
    [
      1828,
      2032
    ],
    [
      1828,
      2042
    ],
    [
      1828,
      2331
    ],
    [
      1828,
      2984
    ],
    [
      1828,
      3172
    ],
    [
      1828,
      4177
    ],
    [
      1831,
      1856
    ],
    [
      1831,
      2690
    ],
    [
      1831,
      3671
    ],
    [
      1834,
      1856
    ],
    [
      1834,
      2433
    ],
    [
      1834,
      2690
    ],
    [
      1834,
      3671
    ],
    [
      1837,
      2762
    ],
    [
      1837,
      3173
    ],
    [
      1837,
      4049
    ],
    [
      1856,
      2807
    ],
    [
      1856,
      2995
    ],
    [
      1856,
      3089
    ],
    [
      1856,
      3103
    ],
    [
      1856,
      3225
    ],
    [
      1856,
      3285
    ],
    [
      1856,
      3306
    ],
    [
      1856,
      3324
    ],
    [
      1856,
      3401
    ],
    [
      1856,
      3708
    ],
    [
      1856,
      3792
    ],
    [
      1856,
      3866
    ],
    [
      1856,
      3900
    ],
    [
      1856,
      4010
    ],
    [
      1856,
      4028
    ],
    [
      1856,
      4029
    ],
    [
      1856,
      4034
    ],
    [
      1856,
      4136
    ],
    [
      1856,
      4170
    ],
    [
      1857,
      2655
    ],
    [
      1857,
      2704
    ],
    [
      1857,
      2729
    ],
    [
      1857,
      2744
    ],
    [
      1857,
      3340
    ],
    [
      1857,
      3411
    ],
    [
      1857,
      4194
    ],
    [
      1875,
      2133
    ],
    [
      1888,
      2191
    ],
    [
      1888,
      2270
    ],
    [
      1888,
      2516
    ],
    [
      1888,
      2718
    ],
    [
      1888,
      2845
    ],
    [
      1888,
      3302
    ],
    [
      1888,
      3665
    ],
    [
      1888,
      4014
    ],
    [
      1888,
      4025
    ],
    [
      1890,
      2884
    ],
    [
      1890,
      3199
    ],
    [
      1890,
      3462
    ],
    [
      1909,
      2032
    ],
    [
      1909,
      2984
    ],
    [
      1909,
      3172
    ],
    [
      1912,
      1988
    ],
    [
      1912,
      2032
    ],
    [
      1912,
      2042
    ],
    [
      1912,
      2331
    ],
    [
      1912,
      2984
    ],
    [
      1912,
      3172
    ],
    [
      1912,
      4177
    ],
    [
      1942,
      2033
    ],
    [
      1945,
      1988
    ],
    [
      1945,
      2032
    ],
    [
      1945,
      2042
    ],
    [
      1945,
      2331
    ],
    [
      1945,
      2984
    ],
    [
      1945,
      3172
    ],
    [
      1945,
      4177
    ],
    [
      1947,
      2331
    ],
    [
      1950,
      2048
    ],
    [
      1950,
      4133
    ],
    [
      1955,
      3264
    ],
    [
      1964,
      3857
    ],
    [
      1968,
      2258
    ],
    [
      1968,
      3241
    ],
    [
      1968,
      4029
    ],
    [
      1980,
      2593
    ],
    [
      1980,
      3334
    ],
    [
      1980,
      4002
    ],
    [
      1981,
      3942
    ],
    [
      1984,
      2206
    ],
    [
      1988,
      2015
    ],
    [
      1988,
      2022
    ],
    [
      1988,
      2049
    ],
    [
      1988,
      2159
    ],
    [
      1988,
      2200
    ],
    [
      1988,
      2403
    ],
    [
      1988,
      2437
    ],
    [
      1988,
      2450
    ],
    [
      1988,
      2462
    ],
    [
      1988,
      2500
    ],
    [
      1988,
      2588
    ],
    [
      1988,
      2589
    ],
    [
      1988,
      2593
    ],
    [
      1988,
      2603
    ],
    [
      1988,
      2707
    ],
    [
      1988,
      2710
    ],
    [
      1988,
      2786
    ],
    [
      1988,
      3221
    ],
    [
      1988,
      3249
    ],
    [
      1988,
      3327
    ],
    [
      1988,
      3334
    ],
    [
      1988,
      3422
    ],
    [
      1988,
      3432
    ],
    [
      1988,
      3713
    ],
    [
      1988,
      3935
    ],
    [
      1988,
      4001
    ],
    [
      1988,
      4002
    ],
    [
      1988,
      4005
    ],
    [
      1988,
      4044
    ],
    [
      1988,
      4132
    ],
    [
      1988,
      4196
    ],
    [
      1988,
      4218
    ],
    [
      1989,
      2140
    ],
    [
      1989,
      2297
    ],
    [
      1989,
      2342
    ],
    [
      1989,
      2432
    ],
    [
      1989,
      2882
    ],
    [
      1989,
      3023
    ],
    [
      1989,
      3668
    ],
    [
      1989,
      3836
    ],
    [
      1989,
      3857
    ],
    [
      1989,
      4012
    ],
    [
      1989,
      4214
    ],
    [
      1989,
      4219
    ],
    [
      2015,
      2032
    ],
    [
      2015,
      2042
    ],
    [
      2015,
      2318
    ],
    [
      2015,
      2331
    ],
    [
      2015,
      2542
    ],
    [
      2015,
      2984
    ],
    [
      2015,
      3172
    ],
    [
      2015,
      4177
    ],
    [
      2022,
      2032
    ],
    [
      2022,
      2042
    ],
    [
      2022,
      2331
    ],
    [
      2022,
      2984
    ],
    [
      2022,
      3172
    ],
    [
      2022,
      4177
    ],
    [
      2024,
      2419
    ],
    [
      2032,
      2043
    ],
    [
      2032,
      2049
    ],
    [
      2032,
      2159
    ],
    [
      2032,
      2200
    ],
    [
      2032,
      2244
    ],
    [
      2032,
      2280
    ],
    [
      2032,
      2403
    ],
    [
      2032,
      2410
    ],
    [
      2032,
      2437
    ],
    [
      2032,
      2450
    ],
    [
      2032,
      2462
    ],
    [
      2032,
      2500
    ],
    [
      2032,
      2588
    ],
    [
      2032,
      2589
    ],
    [
      2032,
      2603
    ],
    [
      2032,
      2627
    ],
    [
      2032,
      2707
    ],
    [
      2032,
      2710
    ],
    [
      2032,
      2720
    ],
    [
      2032,
      2786
    ],
    [
      2032,
      3058
    ],
    [
      2032,
      3115
    ],
    [
      2032,
      3221
    ],
    [
      2032,
      3249
    ],
    [
      2032,
      3327
    ],
    [
      2032,
      3407
    ],
    [
      2032,
      3422
    ],
    [
      2032,
      3432
    ],
    [
      2032,
      3481
    ],
    [
      2032,
      3497
    ],
    [
      2032,
      3694
    ],
    [
      2032,
      3713
    ],
    [
      2032,
      3798
    ],
    [
      2032,
      3922
    ],
    [
      2032,
      3935
    ],
    [
      2032,
      3963
    ],
    [
      2032,
      3976
    ],
    [
      2032,
      3983
    ],
    [
      2032,
      4001
    ],
    [
      2032,
      4005
    ],
    [
      2032,
      4044
    ],
    [
      2032,
      4117
    ],
    [
      2032,
      4132
    ],
    [
      2032,
      4189
    ],
    [
      2032,
      4196
    ],
    [
      2032,
      4218
    ],
    [
      2042,
      2049
    ],
    [
      2042,
      2159
    ],
    [
      2042,
      2200
    ],
    [
      2042,
      2403
    ],
    [
      2042,
      2437
    ],
    [
      2042,
      2450
    ],
    [
      2042,
      2462
    ],
    [
      2042,
      2500
    ],
    [
      2042,
      2588
    ],
    [
      2042,
      2589
    ],
    [
      2042,
      2593
    ],
    [
      2042,
      2603
    ],
    [
      2042,
      2707
    ],
    [
      2042,
      2710
    ],
    [
      2042,
      2786
    ],
    [
      2042,
      3221
    ],
    [
      2042,
      3249
    ],
    [
      2042,
      3327
    ],
    [
      2042,
      3334
    ],
    [
      2042,
      3422
    ],
    [
      2042,
      3432
    ],
    [
      2042,
      3713
    ],
    [
      2042,
      3935
    ],
    [
      2042,
      4001
    ],
    [
      2042,
      4002
    ],
    [
      2042,
      4005
    ],
    [
      2042,
      4044
    ],
    [
      2042,
      4132
    ],
    [
      2042,
      4196
    ],
    [
      2042,
      4218
    ],
    [
      2043,
      2984
    ],
    [
      2043,
      3172
    ],
    [
      2049,
      2331
    ],
    [
      2049,
      2984
    ],
    [
      2049,
      3172
    ],
    [
      2049,
      4177
    ],
    [
      2061,
      2374
    ],
    [
      2080,
      3335
    ],
    [
      2080,
      4048
    ],
    [
      2089,
      3073
    ],
    [
      2089,
      3205
    ],
    [
      2089,
      3426
    ],
    [
      2101,
      3335
    ],
    [
      2101,
      4048
    ],
    [
      2104,
      3231
    ],
    [
      2104,
      4127
    ],
    [
      2109,
      2374
    ],
    [
      2120,
      2762
    ],
    [
      2120,
      3173
    ],
    [
      2120,
      4049
    ],
    [
      2126,
      3269
    ],
    [
      2138,
      3735
    ],
    [
      2140,
      2191
    ],
    [
      2140,
      3584
    ],
    [
      2140,
      4142
    ],
    [
      2147,
      3205
    ],
    [
      2147,
      3426
    ],
    [
      2149,
      3269
    ],
    [
      2149,
      3589
    ],
    [
      2149,
      4011
    ],
    [
      2152,
      3269
    ],
    [
      2152,
      3589
    ],
    [
      2152,
      4011
    ],
    [
      2153,
      2374
    ],
    [
      2155,
      2704
    ],
    [
      2155,
      2744
    ],
    [
      2155,
      3411
    ],
    [
      2155,
      4098
    ],
    [
      2155,
      4194
    ],
    [
      2159,
      2331
    ],
    [
      2159,
      2984
    ],
    [
      2159,
      3172
    ],
    [
      2159,
      4177
    ],
    [
      2176,
      3857
    ],
    [
      2177,
      2655
    ],
    [
      2177,
      2704
    ],
    [
      2177,
      2729
    ],
    [
      2177,
      2744
    ],
    [
      2177,
      3340
    ],
    [
      2177,
      3411
    ],
    [
      2177,
      4098
    ],
    [
      2177,
      4194
    ],
    [
      2191,
      2283
    ],
    [
      2191,
      2297
    ],
    [
      2191,
      2342
    ],
    [
      2191,
      2432
    ],
    [
      2191,
      2651
    ],
    [
      2191,
      2882
    ],
    [
      2191,
      3023
    ],
    [
      2191,
      3668
    ],
    [
      2191,
      3836
    ],
    [
      2191,
      3857
    ],
    [
      2191,
      3915
    ],
    [
      2191,
      4012
    ],
    [
      2191,
      4214
    ],
    [
      2191,
      4219
    ],
    [
      2200,
      2318
    ],
    [
      2200,
      2331
    ],
    [
      2200,
      2542
    ],
    [
      2200,
      2984
    ],
    [
      2200,
      3172
    ],
    [
      2200,
      4177
    ],
    [
      2206,
      3269
    ],
    [
      2206,
      3589
    ],
    [
      2206,
      4011
    ],
    [
      2218,
      2237
    ],
    [
      2220,
      3264
    ],
    [
      2233,
      2884
    ],
    [
      2233,
      3199
    ],
    [
      2237,
      2639
    ],
    [
      2237,
      2887
    ],
    [
      2237,
      2908
    ],
    [
      2237,
      3169
    ],
    [
      2237,
      3226
    ],
    [
      2237,
      3292
    ],
    [
      2237,
      3770
    ],
    [
      2237,
      3975
    ],
    [
      2244,
      2984
    ],
    [
      2244,
      3172
    ],
    [
      2256,
      2822
    ],
    [
      2268,
      2593
    ],
    [
      2268,
      3334
    ],
    [
      2268,
      4002
    ],
    [
      2268,
      4044
    ],
    [
      2268,
      4132
    ],
    [
      2268,
      4196
    ],
    [
      2270,
      2283
    ],
    [
      2270,
      2297
    ],
    [
      2270,
      2342
    ],
    [
      2270,
      2432
    ],
    [
      2270,
      2651
    ],
    [
      2270,
      2882
    ],
    [
      2270,
      3023
    ],
    [
      2270,
      3668
    ],
    [
      2270,
      3836
    ],
    [
      2270,
      3915
    ],
    [
      2270,
      4012
    ],
    [
      2270,
      4214
    ],
    [
      2270,
      4219
    ],
    [
      2280,
      2984
    ],
    [
      2280,
      3172
    ],
    [
      2283,
      2516
    ],
    [
      2283,
      2718
    ],
    [
      2283,
      2845
    ],
    [
      2283,
      3302
    ],
    [
      2283,
      3665
    ],
    [
      2283,
      4014
    ],
    [
      2283,
      4025
    ],
    [
      2297,
      2516
    ],
    [
      2297,
      2718
    ],
    [
      2297,
      2845
    ],
    [
      2297,
      3302
    ],
    [
      2297,
      3584
    ],
    [
      2297,
      3665
    ],
    [
      2297,
      4025
    ],
    [
      2297,
      4142
    ],
    [
      2318,
      2403
    ],
    [
      2318,
      2593
    ],
    [
      2318,
      2603
    ],
    [
      2318,
      2710
    ],
    [
      2318,
      2786
    ],
    [
      2318,
      3249
    ],
    [
      2318,
      3334
    ],
    [
      2318,
      3422
    ],
    [
      2318,
      3935
    ],
    [
      2318,
      4002
    ],
    [
      2318,
      4044
    ],
    [
      2318,
      4132
    ],
    [
      2318,
      4196
    ],
    [
      2331,
      2403
    ],
    [
      2331,
      2437
    ],
    [
      2331,
      2450
    ],
    [
      2331,
      2462
    ],
    [
      2331,
      2500
    ],
    [
      2331,
      2588
    ],
    [
      2331,
      2589
    ],
    [
      2331,
      2593
    ],
    [
      2331,
      2603
    ],
    [
      2331,
      2707
    ],
    [
      2331,
      2710
    ],
    [
      2331,
      2786
    ],
    [
      2331,
      3221
    ],
    [
      2331,
      3249
    ],
    [
      2331,
      3327
    ],
    [
      2331,
      3334
    ],
    [
      2331,
      3422
    ],
    [
      2331,
      3432
    ],
    [
      2331,
      3481
    ],
    [
      2331,
      3713
    ],
    [
      2331,
      3935
    ],
    [
      2331,
      4001
    ],
    [
      2331,
      4002
    ],
    [
      2331,
      4005
    ],
    [
      2331,
      4044
    ],
    [
      2331,
      4132
    ],
    [
      2331,
      4196
    ],
    [
      2331,
      4218
    ],
    [
      2335,
      2604
    ],
    [
      2335,
      3264
    ],
    [
      2335,
      3660
    ],
    [
      2340,
      3073
    ],
    [
      2340,
      3205
    ],
    [
      2340,
      3426
    ],
    [
      2342,
      2516
    ],
    [
      2342,
      2718
    ],
    [
      2342,
      2845
    ],
    [
      2342,
      3302
    ],
    [
      2342,
      3584
    ],
    [
      2342,
      3665
    ],
    [
      2342,
      4025
    ],
    [
      2342,
      4142
    ],
    [
      2344,
      3857
    ],
    [
      2345,
      2382
    ],
    [
      2345,
      2389
    ],
    [
      2345,
      2604
    ],
    [
      2345,
      3264
    ],
    [
      2345,
      3269
    ],
    [
      2345,
      3660
    ],
    [
      2366,
      2884
    ],
    [
      2366,
      3199
    ],
    [
      2374,
      2883
    ],
    [
      2374,
      3354
    ],
    [
      2374,
      3655
    ],
    [
      2382,
      2711
    ],
    [
      2382,
      3994
    ],
    [
      2382,
      4130
    ],
    [
      2385,
      3269
    ],
    [
      2388,
      3524
    ],
    [
      2388,
      3720
    ],
    [
      2389,
      2711
    ],
    [
      2389,
      3994
    ],
    [
      2389,
      4130
    ],
    [
      2403,
      2542
    ],
    [
      2403,
      2984
    ],
    [
      2403,
      3172
    ],
    [
      2403,
      4177
    ],
    [
      2410,
      2984
    ],
    [
      2410,
      3172
    ],
    [
      2430,
      3595
    ],
    [
      2432,
      2516
    ],
    [
      2432,
      2718
    ],
    [
      2432,
      2845
    ],
    [
      2432,
      3302
    ],
    [
      2432,
      3584
    ],
    [
      2432,
      3665
    ],
    [
      2432,
      4025
    ],
    [
      2432,
      4142
    ],
    [
      2433,
      3866
    ],
    [
      2433,
      3900
    ],
    [
      2433,
      4029
    ],
    [
      2437,
      2984
    ],
    [
      2437,
      3172
    ],
    [
      2437,
      4177
    ],
    [
      2450,
      2984
    ],
    [
      2450,
      3172
    ],
    [
      2450,
      4177
    ],
    [
      2462,
      2984
    ],
    [
      2462,
      3172
    ],
    [
      2462,
      4177
    ],
    [
      2496,
      3524
    ],
    [
      2496,
      3720
    ],
    [
      2500,
      2984
    ],
    [
      2500,
      3172
    ],
    [
      2500,
      4177
    ],
    [
      2506,
      2762
    ],
    [
      2506,
      3173
    ],
    [
      2516,
      2651
    ],
    [
      2516,
      2882
    ],
    [
      2516,
      3023
    ],
    [
      2516,
      3668
    ],
    [
      2516,
      3836
    ],
    [
      2516,
      3915
    ],
    [
      2516,
      4219
    ],
    [
      2525,
      2789
    ],
    [
      2525,
      3992
    ],
    [
      2530,
      3524
    ],
    [
      2530,
      3720
    ],
    [
      2530,
      3770
    ],
    [
      2532,
      2789
    ],
    [
      2532,
      3992
    ],
    [
      2542,
      2593
    ],
    [
      2542,
      2603
    ],
    [
      2542,
      2710
    ],
    [
      2542,
      2786
    ],
    [
      2542,
      3249
    ],
    [
      2542,
      3334
    ],
    [
      2542,
      3422
    ],
    [
      2542,
      3935
    ],
    [
      2542,
      4002
    ],
    [
      2542,
      4044
    ],
    [
      2542,
      4132
    ],
    [
      2542,
      4196
    ],
    [
      2549,
      2655
    ],
    [
      2549,
      2704
    ],
    [
      2549,
      2729
    ],
    [
      2549,
      2744
    ],
    [
      2549,
      3340
    ],
    [
      2549,
      3411
    ],
    [
      2549,
      4098
    ],
    [
      2549,
      4194
    ],
    [
      2557,
      3073
    ],
    [
      2557,
      3205
    ],
    [
      2557,
      3426
    ],
    [
      2573,
      3335
    ],
    [
      2573,
      4048
    ],
    [
      2588,
      2984
    ],
    [
      2588,
      3172
    ],
    [
      2588,
      4177
    ],
    [
      2589,
      2984
    ],
    [
      2589,
      3172
    ],
    [
      2589,
      4177
    ],
    [
      2592,
      2762
    ],
    [
      2592,
      3173
    ],
    [
      2593,
      3110
    ],
    [
      2593,
      3942
    ],
    [
      2593,
      4177
    ],
    [
      2603,
      2984
    ],
    [
      2603,
      3172
    ],
    [
      2603,
      4177
    ],
    [
      2604,
      2711
    ],
    [
      2604,
      3994
    ],
    [
      2604,
      4130
    ],
    [
      2626,
      3269
    ],
    [
      2626,
      3589
    ],
    [
      2626,
      4011
    ],
    [
      2627,
      2984
    ],
    [
      2627,
      3172
    ],
    [
      2646,
      3335
    ],
    [
      2651,
      2718
    ],
    [
      2651,
      2845
    ],
    [
      2651,
      3302
    ],
    [
      2651,
      3665
    ],
    [
      2651,
      4014
    ],
    [
      2651,
      4025
    ],
    [
      2655,
      2905
    ],
    [
      2655,
      3111
    ],
    [
      2655,
      3616
    ],
    [
      2655,
      3685
    ],
    [
      2655,
      3993
    ],
    [
      2655,
      4076
    ],
    [
      2655,
      4135
    ],
    [
      2667,
      3281
    ],
    [
      2667,
      3513
    ],
    [
      2690,
      2807
    ],
    [
      2690,
      2995
    ],
    [
      2690,
      3103
    ],
    [
      2690,
      3285
    ],
    [
      2690,
      3306
    ],
    [
      2690,
      3324
    ],
    [
      2690,
      3401
    ],
    [
      2690,
      3792
    ],
    [
      2690,
      3866
    ],
    [
      2690,
      3900
    ],
    [
      2690,
      4010
    ],
    [
      2690,
      4029
    ],
    [
      2690,
      4034
    ],
    [
      2690,
      4170
    ],
    [
      2700,
      3335
    ],
    [
      2702,
      2762
    ],
    [
      2702,
      3173
    ],
    [
      2702,
      4049
    ],
    [
      2703,
      3335
    ],
    [
      2704,
      2905
    ],
    [
      2704,
      2966
    ],
    [
      2704,
      3111
    ],
    [
      2704,
      3616
    ],
    [
      2704,
      3685
    ],
    [
      2704,
      3943
    ],
    [
      2704,
      3993
    ],
    [
      2704,
      4076
    ],
    [
      2704,
      4135
    ],
    [
      2707,
      2984
    ],
    [
      2707,
      3172
    ],
    [
      2707,
      4177
    ],
    [
      2710,
      2984
    ],
    [
      2710,
      3172
    ],
    [
      2710,
      4177
    ],
    [
      2711,
      3264
    ],
    [
      2711,
      3269
    ],
    [
      2711,
      3660
    ],
    [
      2713,
      3351
    ],
    [
      2718,
      2882
    ],
    [
      2718,
      3023
    ],
    [
      2718,
      3668
    ],
    [
      2718,
      3836
    ],
    [
      2718,
      3915
    ],
    [
      2718,
      4219
    ],
    [
      2720,
      2984
    ],
    [
      2720,
      3172
    ],
    [
      2729,
      2905
    ],
    [
      2729,
      2966
    ],
    [
      2729,
      3111
    ],
    [
      2729,
      3616
    ],
    [
      2729,
      3685
    ],
    [
      2729,
      3943
    ],
    [
      2729,
      3993
    ],
    [
      2729,
      4076
    ],
    [
      2729,
      4135
    ],
    [
      2744,
      2905
    ],
    [
      2744,
      2966
    ],
    [
      2744,
      3111
    ],
    [
      2744,
      3616
    ],
    [
      2744,
      3685
    ],
    [
      2744,
      3943
    ],
    [
      2744,
      3993
    ],
    [
      2744,
      4076
    ],
    [
      2744,
      4135
    ],
    [
      2745,
      3595
    ],
    [
      2761,
      4042
    ],
    [
      2762,
      2769
    ],
    [
      2762,
      3041
    ],
    [
      2762,
      3073
    ],
    [
      2762,
      3205
    ],
    [
      2762,
      3426
    ],
    [
      2762,
      3905
    ],
    [
      2769,
      3173
    ],
    [
      2769,
      4049
    ],
    [
      2779,
      3857
    ],
    [
      2786,
      2984
    ],
    [
      2786,
      3172
    ],
    [
      2786,
      4177
    ],
    [
      2789,
      3595
    ],
    [
      2789,
      3928
    ],
    [
      2807,
      3671
    ],
    [
      2822,
      3740
    ],
    [
      2822,
      3988
    ],
    [
      2822,
      4042
    ],
    [
      2834,
      3335
    ],
    [
      2834,
      4048
    ],
    [
      2845,
      2882
    ],
    [
      2845,
      3023
    ],
    [
      2845,
      3836
    ],
    [
      2845,
      3915
    ],
    [
      2846,
      3205
    ],
    [
      2846,
      3426
    ],
    [
      2849,
      3436
    ],
    [
      2854,
      3857
    ],
    [
      2857,
      3073
    ],
    [
      2857,
      3205
    ],
    [
      2857,
      3426
    ],
    [
      2874,
      3335
    ],
    [
      2882,
      3302
    ],
    [
      2882,
      3584
    ],
    [
      2882,
      3665
    ],
    [
      2882,
      4025
    ],
    [
      2882,
      4142
    ],
    [
      2884,
      3147
    ],
    [
      2884,
      3298
    ],
    [
      2896,
      3600
    ],
    [
      2896,
      3978
    ],
    [
      2904,
      3024
    ],
    [
      2905,
      3340
    ],
    [
      2905,
      3411
    ],
    [
      2905,
      4194
    ],
    [
      2941,
      3335
    ],
    [
      2941,
      4048
    ],
    [
      2948,
      3600
    ],
    [
      2948,
      3978
    ],
    [
      2966,
      3411
    ],
    [
      2966,
      4098
    ],
    [
      2966,
      4194
    ],
    [
      2984,
      3040
    ],
    [
      2984,
      3058
    ],
    [
      2984,
      3115
    ],
    [
      2984,
      3221
    ],
    [
      2984,
      3249
    ],
    [
      2984,
      3327
    ],
    [
      2984,
      3407
    ],
    [
      2984,
      3422
    ],
    [
      2984,
      3432
    ],
    [
      2984,
      3481
    ],
    [
      2984,
      3497
    ],
    [
      2984,
      3694
    ],
    [
      2984,
      3713
    ],
    [
      2984,
      3798
    ],
    [
      2984,
      3922
    ],
    [
      2984,
      3935
    ],
    [
      2984,
      3963
    ],
    [
      2984,
      3976
    ],
    [
      2984,
      3983
    ],
    [
      2984,
      4001
    ],
    [
      2984,
      4005
    ],
    [
      2984,
      4044
    ],
    [
      2984,
      4117
    ],
    [
      2984,
      4132
    ],
    [
      2984,
      4189
    ],
    [
      2984,
      4196
    ],
    [
      2984,
      4218
    ],
    [
      2995,
      3671
    ],
    [
      2998,
      3269
    ],
    [
      2998,
      3589
    ],
    [
      2998,
      4011
    ],
    [
      3023,
      3302
    ],
    [
      3023,
      3584
    ],
    [
      3023,
      3665
    ],
    [
      3023,
      4025
    ],
    [
      3023,
      4142
    ],
    [
      3027,
      3269
    ],
    [
      3027,
      3589
    ],
    [
      3027,
      4011
    ],
    [
      3040,
      3172
    ],
    [
      3041,
      3173
    ],
    [
      3058,
      3172
    ],
    [
      3073,
      3173
    ],
    [
      3073,
      3514
    ],
    [
      3073,
      3690
    ],
    [
      3094,
      3944
    ],
    [
      3103,
      3671
    ],
    [
      3110,
      3334
    ],
    [
      3110,
      3527
    ],
    [
      3110,
      3684
    ],
    [
      3110,
      4002
    ],
    [
      3111,
      3340
    ],
    [
      3111,
      3411
    ],
    [
      3111,
      4098
    ],
    [
      3111,
      4194
    ],
    [
      3115,
      3172
    ],
    [
      3120,
      3231
    ],
    [
      3124,
      3269
    ],
    [
      3124,
      3589
    ],
    [
      3124,
      4011
    ],
    [
      3139,
      3260
    ],
    [
      3147,
      3199
    ],
    [
      3149,
      3335
    ],
    [
      3165,
      3269
    ],
    [
      3165,
      3589
    ],
    [
      3165,
      4011
    ],
    [
      3172,
      3221
    ],
    [
      3172,
      3249
    ],
    [
      3172,
      3327
    ],
    [
      3172,
      3407
    ],
    [
      3172,
      3422
    ],
    [
      3172,
      3432
    ],
    [
      3172,
      3497
    ],
    [
      3172,
      3694
    ],
    [
      3172,
      3713
    ],
    [
      3172,
      3798
    ],
    [
      3172,
      3922
    ],
    [
      3172,
      3935
    ],
    [
      3172,
      3963
    ],
    [
      3172,
      3976
    ],
    [
      3172,
      3983
    ],
    [
      3172,
      4001
    ],
    [
      3172,
      4005
    ],
    [
      3172,
      4044
    ],
    [
      3172,
      4117
    ],
    [
      3172,
      4132
    ],
    [
      3172,
      4189
    ],
    [
      3172,
      4196
    ],
    [
      3172,
      4218
    ],
    [
      3173,
      3205
    ],
    [
      3173,
      3426
    ],
    [
      3173,
      3905
    ],
    [
      3199,
      3298
    ],
    [
      3205,
      3690
    ],
    [
      3205,
      4049
    ],
    [
      3221,
      4177
    ],
    [
      3231,
      3258
    ],
    [
      3231,
      3505
    ],
    [
      3231,
      3773
    ],
    [
      3231,
      3779
    ],
    [
      3231,
      4023
    ],
    [
      3247,
      3335
    ],
    [
      3247,
      4048
    ],
    [
      3249,
      4177
    ],
    [
      3260,
      3634
    ],
    [
      3260,
      3659
    ],
    [
      3264,
      3600
    ],
    [
      3264,
      3730
    ],
    [
      3264,
      3978
    ],
    [
      3264,
      3994
    ],
    [
      3264,
      4130
    ],
    [
      3269,
      3558
    ],
    [
      3269,
      3994
    ],
    [
      3269,
      4085
    ],
    [
      3269,
      4130
    ],
    [
      3285,
      3671
    ],
    [
      3302,
      3836
    ],
    [
      3302,
      3915
    ],
    [
      3306,
      3671
    ],
    [
      3307,
      3351
    ],
    [
      3324,
      3671
    ],
    [
      3327,
      4177
    ],
    [
      3334,
      4177
    ],
    [
      3335,
      3436
    ],
    [
      3335,
      3449
    ],
    [
      3335,
      3825
    ],
    [
      3335,
      4123
    ],
    [
      3340,
      3616
    ],
    [
      3340,
      3685
    ],
    [
      3340,
      3993
    ],
    [
      3340,
      4076
    ],
    [
      3340,
      4135
    ],
    [
      3382,
      3600
    ],
    [
      3382,
      3978
    ],
    [
      3384,
      3659
    ],
    [
      3385,
      3454
    ],
    [
      3401,
      3671
    ],
    [
      3411,
      3616
    ],
    [
      3411,
      3685
    ],
    [
      3411,
      3943
    ],
    [
      3411,
      3993
    ],
    [
      3411,
      4076
    ],
    [
      3411,
      4135
    ],
    [
      3422,
      4177
    ],
    [
      3423,
      4042
    ],
    [
      3426,
      3690
    ],
    [
      3426,
      4049
    ],
    [
      3432,
      4177
    ],
    [
      3449,
      4048
    ],
    [
      3454,
      3519
    ],
    [
      3454,
      4174
    ],
    [
      3462,
      3521
    ],
    [
      3479,
      3923
    ],
    [
      3513,
      3556
    ],
    [
      3514,
      3586
    ],
    [
      3514,
      4128
    ],
    [
      3558,
      3589
    ],
    [
      3558,
      4011
    ],
    [
      3584,
      3668
    ],
    [
      3584,
      3836
    ],
    [
      3584,
      3857
    ],
    [
      3584,
      4012
    ],
    [
      3584,
      4214
    ],
    [
      3584,
      4219
    ],
    [
      3589,
      4085
    ],
    [
      3595,
      3992
    ],
    [
      3600,
      4049
    ],
    [
      3616,
      4098
    ],
    [
      3616,
      4194
    ],
    [
      3660,
      3994
    ],
    [
      3660,
      4130
    ],
    [
      3665,
      3668
    ],
    [
      3665,
      3836
    ],
    [
      3665,
      3915
    ],
    [
      3665,
      4219
    ],
    [
      3668,
      4142
    ],
    [
      3671,
      3792
    ],
    [
      3671,
      3866
    ],
    [
      3671,
      3900
    ],
    [
      3671,
      4010
    ],
    [
      3671,
      4029
    ],
    [
      3671,
      4034
    ],
    [
      3671,
      4170
    ],
    [
      3685,
      4194
    ],
    [
      3713,
      4177
    ],
    [
      3825,
      4048
    ],
    [
      3836,
      4025
    ],
    [
      3836,
      4142
    ],
    [
      3857,
      3895
    ],
    [
      3857,
      4142
    ],
    [
      3879,
      3988
    ],
    [
      3905,
      4049
    ],
    [
      3915,
      4014
    ],
    [
      3915,
      4025
    ],
    [
      3928,
      3992
    ],
    [
      3935,
      4177
    ],
    [
      3943,
      4098
    ],
    [
      3943,
      4194
    ],
    [
      3978,
      4049
    ],
    [
      3993,
      4098
    ],
    [
      3993,
      4194
    ],
    [
      4001,
      4177
    ],
    [
      4002,
      4177
    ],
    [
      4005,
      4177
    ],
    [
      4011,
      4085
    ],
    [
      4012,
      4142
    ],
    [
      4044,
      4177
    ],
    [
      4048,
      4123
    ],
    [
      4076,
      4098
    ],
    [
      4076,
      4194
    ],
    [
      4132,
      4177
    ],
    [
      4135,
      4194
    ],
    [
      4142,
      4214
    ],
    [
      4142,
      4219
    ],
    [
      4177,
      4196
    ],
    [
      4177,
      4218
    ]
  ]
}