{
  "n_true_positives": 265,
  "n_positives": 265,
  "total_time": 0.6884913444519043,
  "date": "2025-01-28T08:49:50.860511",
  "backend": "BruteForce",
  "n_bins": 8,
  "eps": 0.12,
  "args": {
    "csvpath": [
      "../data/lcifr/predictions/predictions_compas_dl2-0.0.csv"
    ],
    "eps": 0.12,
    "n_bins": 8,
    "n_examples": null,
    "out_path": "../results/fairness//results/lcifr//predictions_compas_dl2-0.0-eps0.12.json",
    "full_output": false,
    "verbose": false,
    "randomize_order": false,
    "backend": "bf",
    "blind_cols": null,
    "sample_cols": null,
    "pred": "Prediction",
    "metric": "infinity",
    "max_time": null,
    "batchsize": null
  },
  "backend_meta": {
    "epsilon": 0.12,
    "decision_col": "Prediction",
    "metric": "infinity",
    "is_exact": true,
    "is_sound": true,
    "is_complete": true
  },
  "positives": [
    [
      31,
      194
    ],
    [
      31,
      3462
    ],
    [
      37,
      3595
    ],
    [
      77,
      301
    ],
    [
      86,
      270
    ],
    [
      86,
      1014
    ],
    [
      86,
      1033
    ],
    [
      86,
      1359
    ],
    [
      86,
      1831
    ],
    [
      86,
      2807
    ],
    [
      86,
      2995
    ],
    [
      86,
      3103
    ],
    [
      86,
      3306
    ],
    [
      86,
      3792
    ],
    [
      93,
      516
    ],
    [
      95,
      270
    ],
    [
      95,
      1033
    ],
    [
      95,
      1359
    ],
    [
      95,
      1831
    ],
    [
      95,
      2807
    ],
    [
      95,
      2995
    ],
    [
      95,
      3103
    ],
    [
      95,
      3306
    ],
    [
      95,
      3792
    ],
    [
      108,
      270
    ],
    [
      108,
      1033
    ],
    [
      108,
      1359
    ],
    [
      108,
      1831
    ],
    [
      108,
      2807
    ],
    [
      108,
      2995
    ],
    [
      108,
      3103
    ],
    [
      108,
      3306
    ],
    [
      108,
      3792
    ],
    [
      138,
      270
    ],
    [
      138,
      1359
    ],
    [
      175,
      949
    ],
    [
      175,
      1092
    ],
    [
      175,
      2845
    ],
    [
      175,
      3302
    ],
    [
      175,
      4025
    ],
    [
      207,
      270
    ],
    [
      207,
      1033
    ],
    [
      207,
      1359
    ],
    [
      207,
      1831
    ],
    [
      207,
      2807
    ],
    [
      207,
      2995
    ],
    [
      207,
      3103
    ],
    [
      207,
      3306
    ],
    [
      207,
      3792
    ],
    [
      216,
      949
    ],
    [
      216,
      1092
    ],
    [
      216,
      2845
    ],
    [
      216,
      3302
    ],
    [
      216,
      4025
    ],
    [
      241,
      270
    ],
    [
      241,
      1359
    ],
    [
      270,
      611
    ],
    [
      270,
      736
    ],
    [
      270,
      1228
    ],
    [
      270,
      1570
    ],
    [
      270,
      1615
    ],
    [
      270,
      1856
    ],
    [
      270,
      2690
    ],
    [
      270,
      3671
    ],
    [
      274,
      3595
    ],
    [
      301,
      546
    ],
    [
      301,
      676
    ],
    [
      301,
      1616
    ],
    [
      301,
      1988
    ],
    [
      301,
      2032
    ],
    [
      301,
      2042
    ],
    [
      301,
      2331
    ],
    [
      301,
      2984
    ],
    [
      301,
      3172
    ],
    [
      301,
      4177
    ],
    [
      336,
      546
    ],
    [
      336,
      1616
    ],
    [
      336,
      2984
    ],
    [
      336,
      3172
    ],
    [
      381,
      949
    ],
    [
      381,
      1092
    ],
    [
      381,
      2845
    ],
    [
      381,
      3302
    ],
    [
      381,
      4025
    ],
    [
      525,
      3857
    ],
    [
      546,
      605
    ],
    [
      546,
      919
    ],
    [
      546,
      1196
    ],
    [
      546,
      1277
    ],
    [
      546,
      1647
    ],
    [
      546,
      1656
    ],
    [
      546,
      1828
    ],
    [
      546,
      1912
    ],
    [
      546,
      1945
    ],
    [
      546,
      2022
    ],
    [
      546,
      2437
    ],
    [
      546,
      2450
    ],
    [
      546,
      3432
    ],
    [
      546,
      3713
    ],
    [
      546,
      4005
    ],
    [
      546,
      4218
    ],
    [
      605,
      676
    ],
    [
      605,
      1616
    ],
    [
      605,
      2032
    ],
    [
      605,
      2984
    ],
    [
      605,
      3172
    ],
    [
      611,
      1014
    ],
    [
      611,
      1033
    ],
    [
      611,
      1359
    ],
    [
      611,
      1831
    ],
    [
      611,
      2807
    ],
    [
      611,
      2995
    ],
    [
      611,
      3103
    ],
    [
      611,
      3306
    ],
    [
      611,
      3792
    ],
    [
      676,
      919
    ],
    [
      676,
      1196
    ],
    [
      676,
      1277
    ],
    [
      676,
      1647
    ],
    [
      676,
      1656
    ],
    [
      676,
      1828
    ],
    [
      676,
      1912
    ],
    [
      676,
      1945
    ],
    [
      676,
      2022
    ],
    [
      676,
      2437
    ],
    [
      676,
      2450
    ],
    [
      676,
      3432
    ],
    [
      676,
      3713
    ],
    [
      676,
      4005
    ],
    [
      676,
      4218
    ],
    [
      736,
      1359
    ],
    [
      800,
      3857
    ],
    [
      895,
      949
    ],
    [
      895,
      1092
    ],
    [
      895,
      2845
    ],
    [
      895,
      3302
    ],
    [
      895,
      4025
    ],
    [
      905,
      3514
    ],
    [
      919,
      1616
    ],
    [
      919,
      2032
    ],
    [
      919,
      2984
    ],
    [
      919,
      3172
    ],
    [
      939,
      1407
    ],
    [
      939,
      3589
    ],
    [
      939,
      4011
    ],
    [
      949,
      1888
    ],
    [
      949,
      2283
    ],
    [
      949,
      2651
    ],
    [
      949,
      3915
    ],
    [
      986,
      3205
    ],
    [
      986,
      3426
    ],
    [
      1033,
      1228
    ],
    [
      1033,
      1570
    ],
    [
      1033,
      1856
    ],
    [
      1092,
      1888
    ],
    [
      1092,
      2283
    ],
    [
      1092,
      2651
    ],
    [
      1092,
      3915
    ],
    [
      1141,
      3205
    ],
    [
      1141,
      3426
    ],
    [
      1196,
      1616
    ],
    [
      1196,
      2032
    ],
    [
      1196,
      2984
    ],
    [
      1196,
      3172
    ],
    [
      1228,
      1359
    ],
    [
      1228,
      1831
    ],
    [
      1228,
      2807
    ],
    [
      1228,
      2995
    ],
    [
      1228,
      3103
    ],
    [
      1228,
      3306
    ],
    [
      1228,
      3792
    ],
    [
      1277,
      1616
    ],
    [
      1277,
      2032
    ],
    [
      1277,
      2984
    ],
    [
      1277,
      3172
    ],
    [
      1359,
      1570
    ],
    [
      1359,
      1615
    ],
    [
      1359,
      1856
    ],
    [
      1359,
      2690
    ],
    [
      1359,
      3671
    ],
    [
      1570,
      1831
    ],
    [
      1570,
      2807
    ],
    [
      1570,
      2995
    ],
    [
      1570,
      3103
    ],
    [
      1570,
      3306
    ],
    [
      1570,
      3792
    ],
    [
      1616,
      1647
    ],
    [
      1616,
      1656
    ],
    [
      1616,
      1828
    ],
    [
      1616,
      1912
    ],
    [
      1616,
      1945
    ],
    [
      1616,
      2022
    ],
    [
      1616,
      2437
    ],
    [
      1616,
      2450
    ],
    [
      1616,
      3432
    ],
    [
      1616,
      3713
    ],
    [
      1616,
      4005
    ],
    [
      1616,
      4218
    ],
    [
      1647,
      2032
    ],
    [
      1647,
      2984
    ],
    [
      1647,
      3172
    ],
    [
      1656,
      2032
    ],
    [
      1656,
      2984
    ],
    [
      1656,
      3172
    ],
    [
      1797,
      4098
    ],
    [
      1828,
      2032
    ],
    [
      1828,
      2984
    ],
    [
      1828,
      3172
    ],
    [
      1831,
      1856
    ],
    [
      1856,
      2807
    ],
    [
      1856,
      2995
    ],
    [
      1856,
      3103
    ],
    [
      1856,
      3306
    ],
    [
      1856,
      3792
    ],
    [
      1888,
      2845
    ],
    [
      1888,
      3302
    ],
    [
      1888,
      4025
    ],
    [
      1912,
      2032
    ],
    [
      1912,
      2984
    ],
    [
      1912,
      3172
    ],
    [
      1945,
      2032
    ],
    [
      1945,
      2984
    ],
    [
      1945,
      3172
    ],
    [
      1968,
      2258
    ],
    [
      1989,
      3857
    ],
    [
      2022,
      2032
    ],
    [
      2022,
      2984
    ],
    [
      2022,
      3172
    ],
    [
      2032,
      2437
    ],
    [
      2032,
      2450
    ],
    [
      2032,
      3432
    ],
    [
      2032,
      3713
    ],
    [
      2032,
      4005
    ],
    [
      2032,
      4218
    ],
    [
      2237,
      3770
    ],
    [
      2283,
      2845
    ],
    [
      2283,
      3302
    ],
    [
      2283,
      4025
    ],
    [
      2437,
      2984
    ],
    [
      2437,
      3172
    ],
    [
      2450,
      2984
    ],
    [
      2450,
      3172
    ],
    [
      2651,
      2845
    ],
    [
      2651,
      3302
    ],
    [
      2651,
      4025
    ],
    [
      2762,
      3205
    ],
    [
      2762,
      3426
    ],
    [
      2789,
      3595
    ],
    [
      2845,
      3915
    ],
    [
      2984,
      3432
    ],
    [
      2984,
      3713
    ],
    [
      2984,
      4005
    ],
    [
      2984,
      4218
    ],
    [
      3172,
      3432
    ],
    [
      3172,
      3713
    ],
    [
      3172,
      4005
    ],
    [
      3172,
      4218
    ],
    [
      3173,
      3205
    ],
    [
      3173,
      3426
    ],
    [
      3302,
      3915
    ],
    [
      3479,
      3923
    ],
    [
      3584,
      3857
    ],
    [
      3595,
      3992
    ],
    [
      3857,
      4142
    ],
    [
      3915,
      4025
    ]
  ]
}