{
  "n_true_positives": 2,
  "n_positives": 2,
  "total_time": 6.1598076820373535,
  "date": "2025-01-28T08:49:56.953799",
  "backend": "BruteForce",
  "n_bins": 12,
  "eps": 0.08,
  "args": {
    "csvpath": [
      "../data/lcifr/predictions/predictions_adult_dl2-0.0.csv"
    ],
    "eps": 0.08,
    "n_bins": 12,
    "n_examples": null,
    "out_path": "../results/fairness//results/lcifr//predictions_adult_dl2-0.0-eps0.08.json",
    "full_output": false,
    "verbose": false,
    "randomize_order": false,
    "backend": "bf",
    "blind_cols": null,
    "sample_cols": null,
    "pred": "Prediction",
    "metric": "infinity",
    "max_time": null,
    "batchsize": null
  },
  "backend_meta": {
    "epsilon": 0.08,
    "decision_col": "Prediction",
    "metric": "infinity",
    "is_exact": true,
    "is_sound": true,
    "is_complete": true
  },
  "positives": [
    [
      2124,
      13005
    ],
    [
      9140,
      25801
    ]
  ]
}