{
  "n_true_positives": 20,
  "n_positives": 20,
  "total_time": 6.070870399475098,
  "date": "2025-01-28T08:49:57.020458",
  "backend": "BruteForce",
  "n_bins": 6,
  "eps": 0.16,
  "args": {
    "csvpath": [
      "../data/lcifr/predictions/predictions_adult_dl2-0.0.csv"
    ],
    "eps": 0.16,
    "n_bins": 6,
    "n_examples": null,
    "out_path": "../results/fairness//results/lcifr//predictions_adult_dl2-0.0-eps0.16.json",
    "full_output": false,
    "verbose": false,
    "randomize_order": false,
    "backend": "bf",
    "blind_cols": null,
    "sample_cols": null,
    "pred": "Prediction",
    "metric": "infinity",
    "max_time": null,
    "batchsize": null
  },
  "backend_meta": {
    "epsilon": 0.16,
    "decision_col": "Prediction",
    "metric": "infinity",
    "is_exact": true,
    "is_sound": true,
    "is_complete": true
  },
  "positives": [
    [
      729,
      12217
    ],
    [
      2124,
      13005
    ],
    [
      5108,
      5510
    ],
    [
      5913,
      14001
    ],
    [
      8120,
      15474
    ],
    [
      8626,
      19084
    ],
    [
      9140,
      22898
    ],
    [
      9140,
      25801
    ],
    [
      12217,
      22566
    ],
    [
      12311,
      13005
    ],
    [
      13005,
      21464
    ],
    [
      13005,
      25854
    ],
    [
      13199,
      21056
    ],
    [
      15916,
      26989
    ],
    [
      17159,
      24970
    ],
    [
      19297,
      25801
    ],
    [
      20092,
      23476
    ],
    [
      21197,
      21882
    ],
    [
      22252,
      24970
    ],
    [
      26561,
      26914
    ]
  ]
}