{
  "n_true_positives": 0,
  "n_positives": 0,
  "total_time": 0.11554455757141113,
  "date": "2025-01-28T08:49:48.852522",
  "backend": "BruteForce",
  "n_bins": 6,
  "eps": 0.16,
  "args": {
    "csvpath": [
      "../data/lcifr/predictions/predictions_german_dl2-0.0.csv"
    ],
    "eps": 0.16,
    "n_bins": 6,
    "n_examples": null,
    "out_path": "../results/fairness//results/lcifr//predictions_german_dl2-0.0-eps0.16.json",
    "full_output": false,
    "verbose": false,
    "randomize_order": false,
    "backend": "bf",
    "blind_cols": null,
    "sample_cols": null,
    "pred": "Prediction",
    "metric": "infinity",
    "max_time": null,
    "batchsize": null
  },
  "backend_meta": {
    "epsilon": 0.16,
    "decision_col": "Prediction",
    "metric": "infinity",
    "is_exact": true,
    "is_sound": true,
    "is_complete": true
  },
  "positives": []
}