{
  "n_true_positives": 0,
  "n_positives": 0,
  "total_time": 5.963253974914551,
  "date": "2025-01-28T08:49:56.746434",
  "backend": "BruteForce",
  "n_bins": 8,
  "eps": 0.12,
  "args": {
    "csvpath": [
      "../data/lcifr/predictions/predictions_adult_dl2-10.0.csv"
    ],
    "eps": 0.12,
    "n_bins": 8,
    "n_examples": null,
    "out_path": "../results/fairness//results/lcifr//predictions_adult_dl2-10.0-eps0.12.json",
    "full_output": false,
    "verbose": false,
    "randomize_order": false,
    "backend": "bf",
    "blind_cols": null,
    "sample_cols": null,
    "pred": "Prediction",
    "metric": "infinity",
    "max_time": null,
    "batchsize": null
  },
  "backend_meta": {
    "epsilon": 0.12,
    "decision_col": "Prediction",
    "metric": "infinity",
    "is_exact": true,
    "is_sound": true,
    "is_complete": true
  },
  "positives": []
}