{
  "n_true_positives": 0,
  "n_positives": 0,
  "total_time": 0.6404306888580322,
  "date": "2025-01-28T08:49:49.370649",
  "backend": "BruteForce",
  "n_bins": 400,
  "eps": 0.0025,
  "args": {
    "csvpath": [
      "../data/lcifr/predictions/predictions_compas_dl2-0.0.csv"
    ],
    "eps": 0.0025,
    "n_bins": 400,
    "n_examples": null,
    "out_path": "../results/fairness//results/lcifr//predictions_compas_dl2-0.0-eps0.0025.json",
    "full_output": false,
    "verbose": false,
    "randomize_order": false,
    "backend": "bf",
    "blind_cols": null,
    "sample_cols": null,
    "pred": "Prediction",
    "metric": "infinity",
    "max_time": null,
    "batchsize": null
  },
  "backend_meta": {
    "epsilon": 0.0025,
    "decision_col": "Prediction",
    "metric": "infinity",
    "is_exact": true,
    "is_sound": true,
    "is_complete": true
  },
  "positives": []
}