{
  "n_true_positives": 24,
  "n_positives": 24,
  "total_time": 0.6814296245574951,
  "date": "2025-01-28T08:49:50.713589",
  "backend": "BruteForce",
  "n_bins": 12,
  "eps": 0.08,
  "args": {
    "csvpath": [
      "../data/lcifr/predictions/predictions_compas_dl2-0.0.csv"
    ],
    "eps": 0.08,
    "n_bins": 12,
    "n_examples": null,
    "out_path": "../results/fairness//results/lcifr//predictions_compas_dl2-0.0-eps0.08.json",
    "full_output": false,
    "verbose": false,
    "randomize_order": false,
    "backend": "bf",
    "blind_cols": null,
    "sample_cols": null,
    "pred": "Prediction",
    "metric": "infinity",
    "max_time": null,
    "batchsize": null
  },
  "backend_meta": {
    "epsilon": 0.08,
    "decision_col": "Prediction",
    "metric": "infinity",
    "is_exact": true,
    "is_sound": true,
    "is_complete": true
  },
  "positives": [
    [
      86,
      270
    ],
    [
      86,
      1359
    ],
    [
      95,
      270
    ],
    [
      95,
      1359
    ],
    [
      108,
      270
    ],
    [
      108,
      1359
    ],
    [
      207,
      270
    ],
    [
      207,
      1359
    ],
    [
      270,
      611
    ],
    [
      270,
      1228
    ],
    [
      270,
      1570
    ],
    [
      270,
      1856
    ],
    [
      301,
      546
    ],
    [
      301,
      676
    ],
    [
      301,
      1616
    ],
    [
      301,
      2032
    ],
    [
      301,
      2984
    ],
    [
      301,
      3172
    ],
    [
      611,
      1359
    ],
    [
      1228,
      1359
    ],
    [
      1359,
      1570
    ],
    [
      1359,
      1856
    ],
    [
      1968,
      2258
    ],
    [
      3479,
      3923
    ]
  ]
}