{
  "n_true_positives": 110,
  "n_positives": 110,
  "total_time": 29.674196004867554,
  "date": "2025-01-25T15:47:52.625049",
  "backend": "BruteForce",
  "n_bins": 0,
  "eps": 7.5,
  "args": {
    "csvpath": [
      "../data/RobustBench/predictions/cifar10c-Diffenderfer2021Winning_LRR_CARD_Deck/vanilla.csv",
      "../data/RobustBench/predictions/cifar10c-Diffenderfer2021Winning_LRR_CARD_Deck/fog-5.csv"
    ],
    "eps": 7.5,
    "n_bins": 0,
    "n_examples": -1,
    "out_path": "../results/semantic//results/cifar10c-Diffenderfer2021Winning_LRR_CARD_Deck/cifar10c-Diffenderfer2021Winning_LRR_CARD_Deck-L2-7.5-fog-5.json",
    "full_output": false,
    "verbose": false,
    "randomize_order": false,
    "backend": "bf",
    "blind_cols": null,
    "pred": "pred",
    "metric": "L2"
  },
  "backend_meta": {
    "epsilon": 7.5,
    "decision_col": "pred",
    "metric": "Linf",
    "is_exact": true,
    "is_sound": true,
    "is_complete": true
  },
  "positives": [
    [
      10049,
      12047
    ],
    [
      10178,
      13120
    ],
    [
      10178,
      16946
    ],
    [
      10195,
      18665
    ],
    [
      10265,
      10588
    ],
    [
      10265,
      16829
    ],
    [
      10295,
      13932
    ],
    [
      10309,
      17084
    ],
    [
      10441,
      11553
    ],
    [
      10441,
      15555
    ],
    [
      10647,
      12660
    ],
    [
      10658,
      10907
    ],
    [
      10658,
      16163
    ],
    [
      10658,
      16651
    ],
    [
      10658,
      19690
    ],
    [
      10705,
      11308
    ],
    [
      10754,
      15590
    ],
    [
      10755,
      18244
    ],
    [
      10756,
      12718
    ],
    [
      10756,
      13136
    ],
    [
      10805,
      16360
    ],
    [
      10857,
      11827
    ],
    [
      10862,
      12183
    ],
    [
      10901,
      13829
    ],
    [
      10901,
      18687
    ],
    [
      10901,
      18698
    ],
    [
      10907,
      16163
    ],
    [
      11090,
      17718
    ],
    [
      11133,
      18780
    ],
    [
      11184,
      19978
    ],
    [
      11367,
      13194
    ],
    [
      11367,
      14627
    ],
    [
      11367,
      17520
    ],
    [
      11403,
      15227
    ],
    [
      11459,
      14746
    ],
    [
      11553,
      17708
    ],
    [
      11576,
      19321
    ],
    [
      11624,
      13956
    ],
    [
      11738,
      12626
    ],
    [
      11798,
      13292
    ],
    [
      11827,
      12995
    ],
    [
      11838,
      13018
    ],
    [
      12051,
      15337
    ],
    [
      12051,
      15829
    ],
    [
      12076,
      17820
    ],
    [
      12209,
      14027
    ],
    [
      12209,
      15590
    ],
    [
      12209,
      17041
    ],
    [
      12209,
      18322
    ],
    [
      12256,
      14136
    ],
    [
      12256,
      17496
    ],
    [
      12486,
      17412
    ],
    [
      12591,
      18468
    ],
    [
      12626,
      14993
    ],
    [
      12762,
      16699
    ],
    [
      12778,
      18399
    ],
    [
      12834,
      18331
    ],
    [
      13034,
      15634
    ],
    [
      13094,
      16644
    ],
    [
      13146,
      16695
    ],
    [
      13194,
      13545
    ],
    [
      13194,
      16512
    ],
    [
      13292,
      19761
    ],
    [
      13555,
      17140
    ],
    [
      13589,
      15829
    ],
    [
      13671,
      17143
    ],
    [
      13681,
      17103
    ],
    [
      13707,
      19347
    ],
    [
      13735,
      15337
    ],
    [
      13780,
      16699
    ],
    [
      13780,
      19729
    ],
    [
      13854,
      15009
    ],
    [
      13990,
      16360
    ],
    [
      13990,
      18780
    ],
    [
      14009,
      14683
    ],
    [
      14159,
      16990
    ],
    [
      14220,
      18317
    ],
    [
      14345,
      15656
    ],
    [
      14375,
      17131
    ],
    [
      14391,
      15337
    ],
    [
      14397,
      17655
    ],
    [
      14586,
      16824
    ],
    [
      14659,
      16994
    ],
    [
      14834,
      15337
    ],
    [
      15317,
      16994
    ],
    [
      15721,
      16118
    ],
    [
      15812,
      18322
    ],
    [
      15829,
      17590
    ],
    [
      15829,
      19157
    ],
    [
      16299,
      16778
    ],
    [
      16327,
      18399
    ],
    [
      16351,
      18720
    ],
    [
      16699,
      17520
    ],
    [
      16699,
      19230
    ],
    [
      16699,
      19729
    ],
    [
      16946,
      17087
    ],
    [
      16946,
      19417
    ],
    [
      17041,
      18826
    ],
    [
      17253,
      18616
    ],
    [
      17325,
      18954
    ],
    [
      17327,
      18555
    ],
    [
      17365,
      17557
    ],
    [
      17520,
      18780
    ],
    [
      17655,
      19347
    ],
    [
      17820,
      18921
    ],
    [
      17921,
      19050
    ],
    [
      18180,
      18780
    ],
    [
      18322,
      19128
    ],
    [
      18322,
      19690
    ],
    [
      18833,
      19167
    ]
  ]
}