{
  "n_true_positives": 33,
  "n_positives": 33,
  "total_time": 32.82949709892273,
  "date": "2025-01-25T15:48:57.727470",
  "backend": "BruteForce",
  "n_bins": 0,
  "eps": 7.5,
  "args": {
    "csvpath": [
      "../data/RobustBench/predictions/cifar10c-Diffenderfer2021Winning_LRR_CARD_Deck/vanilla.csv",
      "../data/RobustBench/predictions/cifar10c-Diffenderfer2021Winning_LRR_CARD_Deck/defocus_blur-1.csv"
    ],
    "eps": 7.5,
    "n_bins": 0,
    "n_examples": -1,
    "out_path": "../results/semantic//results/cifar10c-Diffenderfer2021Winning_LRR_CARD_Deck/cifar10c-Diffenderfer2021Winning_LRR_CARD_Deck-L2-7.5-defocus_blur-1.json",
    "full_output": false,
    "verbose": false,
    "randomize_order": false,
    "backend": "bf",
    "blind_cols": null,
    "pred": "pred",
    "metric": "L2"
  },
  "backend_meta": {
    "epsilon": 7.5,
    "decision_col": "pred",
    "metric": "Linf",
    "is_exact": true,
    "is_sound": true,
    "is_complete": true
  },
  "positives": [
    [
      58,
      10058
    ],
    [
      188,
      10188
    ],
    [
      309,
      10309
    ],
    [
      997,
      10997
    ],
    [
      1391,
      11391
    ],
    [
      1924,
      11924
    ],
    [
      1938,
      11938
    ],
    [
      2775,
      12775
    ],
    [
      3049,
      13049
    ],
    [
      3236,
      13236
    ],
    [
      3336,
      13336
    ],
    [
      3607,
      13607
    ],
    [
      3635,
      13635
    ],
    [
      3909,
      13909
    ],
    [
      4404,
      14404
    ],
    [
      4906,
      14906
    ],
    [
      5218,
      15218
    ],
    [
      5433,
      15433
    ],
    [
      5548,
      15548
    ],
    [
      5946,
      15946
    ],
    [
      6257,
      16257
    ],
    [
      6853,
      16853
    ],
    [
      7080,
      17080
    ],
    [
      7168,
      17168
    ],
    [
      7177,
      17177
    ],
    [
      7449,
      17449
    ],
    [
      7455,
      17455
    ],
    [
      7493,
      17493
    ],
    [
      7730,
      17730
    ],
    [
      7921,
      17921
    ],
    [
      8304,
      18304
    ],
    [
      8723,
      18723
    ],
    [
      9160,
      19160
    ]
  ]
}