{
  "n_true_positives": 66,
  "n_positives": 66,
  "total_time": 29.70759344100952,
  "date": "2025-01-25T15:46:52.388146",
  "backend": "BruteForce",
  "n_bins": 0,
  "eps": 7.5,
  "args": {
    "csvpath": [
      "../data/RobustBench/predictions/cifar10c-Diffenderfer2021Winning_LRR_CARD_Deck/vanilla.csv",
      "../data/RobustBench/predictions/cifar10c-Diffenderfer2021Winning_LRR_CARD_Deck/defocus_blur-2.csv"
    ],
    "eps": 7.5,
    "n_bins": 0,
    "n_examples": -1,
    "out_path": "../results/semantic//results/cifar10c-Diffenderfer2021Winning_LRR_CARD_Deck/cifar10c-Diffenderfer2021Winning_LRR_CARD_Deck-L2-7.5-defocus_blur-2.json",
    "full_output": false,
    "verbose": false,
    "randomize_order": false,
    "backend": "bf",
    "blind_cols": null,
    "pred": "pred",
    "metric": "L2"
  },
  "backend_meta": {
    "epsilon": 7.5,
    "decision_col": "pred",
    "metric": "Linf",
    "is_exact": true,
    "is_sound": true,
    "is_complete": true
  },
  "positives": [
    [
      58,
      10058
    ],
    [
      162,
      10162
    ],
    [
      188,
      10188
    ],
    [
      232,
      10232
    ],
    [
      271,
      10271
    ],
    [
      309,
      10309
    ],
    [
      562,
      10562
    ],
    [
      640,
      10640
    ],
    [
      734,
      10734
    ],
    [
      997,
      10997
    ],
    [
      1227,
      11227
    ],
    [
      1492,
      11492
    ],
    [
      1577,
      11577
    ],
    [
      1681,
      11681
    ],
    [
      1830,
      11830
    ],
    [
      1938,
      11938
    ],
    [
      1939,
      11939
    ],
    [
      2248,
      12248
    ],
    [
      2253,
      12253
    ],
    [
      2293,
      12293
    ],
    [
      2464,
      12464
    ],
    [
      2549,
      12549
    ],
    [
      2775,
      12775
    ],
    [
      2779,
      12779
    ],
    [
      3026,
      13026
    ],
    [
      3202,
      13202
    ],
    [
      3236,
      13236
    ],
    [
      3336,
      13336
    ],
    [
      3446,
      13446
    ],
    [
      3452,
      13452
    ],
    [
      3490,
      13490
    ],
    [
      3607,
      13607
    ],
    [
      3635,
      13635
    ],
    [
      3683,
      13683
    ],
    [
      3867,
      13867
    ],
    [
      3909,
      13909
    ],
    [
      3995,
      13995
    ],
    [
      4112,
      14112
    ],
    [
      4457,
      14457
    ],
    [
      4556,
      14556
    ],
    [
      4775,
      14775
    ],
    [
      4906,
      14906
    ],
    [
      4995,
      14995
    ],
    [
      5218,
      15218
    ],
    [
      5548,
      15548
    ],
    [
      5815,
      15815
    ],
    [
      6083,
      16083
    ],
    [
      6197,
      16197
    ],
    [
      6257,
      16257
    ],
    [
      7005,
      17005
    ],
    [
      7080,
      17080
    ],
    [
      7402,
      17402
    ],
    [
      7449,
      17449
    ],
    [
      7493,
      17493
    ],
    [
      7730,
      17730
    ],
    [
      7827,
      17827
    ],
    [
      7931,
      17931
    ],
    [
      7956,
      17956
    ],
    [
      8020,
      18020
    ],
    [
      8022,
      18022
    ],
    [
      8166,
      18166
    ],
    [
      8448,
      18448
    ],
    [
      8778,
      18778
    ],
    [
      8827,
      18827
    ],
    [
      9036,
      19036
    ],
    [
      9160,
      19160
    ]
  ]
}