{
  "n_true_positives": 42,
  "n_positives": 42,
  "total_time": 13.056922435760498,
  "date": "2025-01-25T15:48:36.485727",
  "backend": "BruteForce",
  "n_bins": 0,
  "eps": 7.5,
  "args": {
    "csvpath": [
      "../data/RobustBench/predictions/cifar10c-Diffenderfer2021Winning_LRR_CARD_Deck/vanilla.csv",
      "../data/RobustBench/predictions/cifar10c-Diffenderfer2021Winning_LRR_CARD_Deck/pixelate-1.csv"
    ],
    "eps": 7.5,
    "n_bins": 0,
    "n_examples": -1,
    "out_path": "../results/semantic//results/cifar10c-Diffenderfer2021Winning_LRR_CARD_Deck/cifar10c-Diffenderfer2021Winning_LRR_CARD_Deck-L2-7.5-pixelate-1.json",
    "full_output": false,
    "verbose": false,
    "randomize_order": false,
    "backend": "bf",
    "blind_cols": null,
    "pred": "pred",
    "metric": "L2"
  },
  "backend_meta": {
    "epsilon": 7.5,
    "decision_col": "pred",
    "metric": "Linf",
    "is_exact": true,
    "is_sound": true,
    "is_complete": true
  },
  "positives": [
    [
      128,
      10128
    ],
    [
      188,
      10188
    ],
    [
      232,
      10232
    ],
    [
      309,
      10309
    ],
    [
      313,
      10313
    ],
    [
      370,
      10370
    ],
    [
      485,
      10485
    ],
    [
      770,
      10770
    ],
    [
      775,
      10775
    ],
    [
      796,
      10796
    ],
    [
      836,
      10836
    ],
    [
      1138,
      11138
    ],
    [
      1681,
      11681
    ],
    [
      2058,
      12058
    ],
    [
      2174,
      12174
    ],
    [
      3309,
      13309
    ],
    [
      3635,
      13635
    ],
    [
      4457,
      14457
    ],
    [
      4628,
      14628
    ],
    [
      4686,
      14686
    ],
    [
      4750,
      14750
    ],
    [
      4862,
      14862
    ],
    [
      5130,
      15130
    ],
    [
      5309,
      15309
    ],
    [
      5416,
      15416
    ],
    [
      5609,
      15609
    ],
    [
      5860,
      15860
    ],
    [
      5864,
      15864
    ],
    [
      5910,
      15910
    ],
    [
      6197,
      16197
    ],
    [
      6669,
      16669
    ],
    [
      6825,
      16825
    ],
    [
      6980,
      16980
    ],
    [
      7002,
      17002
    ],
    [
      7068,
      17068
    ],
    [
      7143,
      17143
    ],
    [
      7600,
      17600
    ],
    [
      8268,
      18268
    ],
    [
      8546,
      18546
    ],
    [
      8723,
      18723
    ],
    [
      8827,
      18827
    ],
    [
      9518,
      19518
    ]
  ]
}