{
  "n_true_positives": 78,
  "n_positives": 78,
  "total_time": 29.628345727920532,
  "date": "2025-01-25T15:48:54.038319",
  "backend": "BruteForce",
  "n_bins": 0,
  "eps": 7.5,
  "args": {
    "csvpath": [
      "../data/RobustBench/predictions/cifar10c-Diffenderfer2021Winning_LRR_CARD_Deck/vanilla.csv",
      "../data/RobustBench/predictions/cifar10c-Diffenderfer2021Winning_LRR_CARD_Deck/shot_noise-1.csv"
    ],
    "eps": 7.5,
    "n_bins": 0,
    "n_examples": -1,
    "out_path": "../results/semantic//results/cifar10c-Diffenderfer2021Winning_LRR_CARD_Deck/cifar10c-Diffenderfer2021Winning_LRR_CARD_Deck-L2-7.5-shot_noise-1.json",
    "full_output": false,
    "verbose": false,
    "randomize_order": false,
    "backend": "bf",
    "blind_cols": null,
    "pred": "pred",
    "metric": "L2"
  },
  "backend_meta": {
    "epsilon": 7.5,
    "decision_col": "pred",
    "metric": "Linf",
    "is_exact": true,
    "is_sound": true,
    "is_complete": true
  },
  "positives": [
    [
      405,
      10405
    ],
    [
      982,
      10982
    ],
    [
      1138,
      11138
    ],
    [
      1150,
      11150
    ],
    [
      1181,
      11181
    ],
    [
      1227,
      11227
    ],
    [
      1236,
      11236
    ],
    [
      1479,
      11479
    ],
    [
      1644,
      11644
    ],
    [
      1756,
      11756
    ],
    [
      1935,
      11935
    ],
    [
      1937,
      11937
    ],
    [
      1939,
      11939
    ],
    [
      1983,
      11983
    ],
    [
      2061,
      12061
    ],
    [
      2309,
      12309
    ],
    [
      2447,
      12447
    ],
    [
      2453,
      12453
    ],
    [
      2532,
      12532
    ],
    [
      2775,
      12775
    ],
    [
      2779,
      12779
    ],
    [
      3113,
      13113
    ],
    [
      3192,
      13192
    ],
    [
      3309,
      13309
    ],
    [
      3336,
      13336
    ],
    [
      3459,
      13459
    ],
    [
      3490,
      13490
    ],
    [
      3654,
      13654
    ],
    [
      3658,
      13658
    ],
    [
      3683,
      13683
    ],
    [
      3716,
      13716
    ],
    [
      3787,
      13787
    ],
    [
      3828,
      13828
    ],
    [
      4000,
      14000
    ],
    [
      4404,
      14404
    ],
    [
      4614,
      14614
    ],
    [
      4661,
      14661
    ],
    [
      4686,
      14686
    ],
    [
      5193,
      15193
    ],
    [
      5433,
      15433
    ],
    [
      5458,
      15458
    ],
    [
      5511,
      15511
    ],
    [
      5830,
      15830
    ],
    [
      5849,
      15849
    ],
    [
      5908,
      15908
    ],
    [
      5946,
      15946
    ],
    [
      6016,
      16016
    ],
    [
      6083,
      16083
    ],
    [
      6178,
      16178
    ],
    [
      6253,
      16253
    ],
    [
      7000,
      17000
    ],
    [
      7168,
      17168
    ],
    [
      7449,
      17449
    ],
    [
      7496,
      17496
    ],
    [
      7561,
      17561
    ],
    [
      7609,
      17609
    ],
    [
      7632,
      17632
    ],
    [
      7730,
      17730
    ],
    [
      7750,
      17750
    ],
    [
      7763,
      17763
    ],
    [
      7784,
      17784
    ],
    [
      7839,
      17839
    ],
    [
      7893,
      17893
    ],
    [
      7956,
      17956
    ],
    [
      8173,
      18173
    ],
    [
      8384,
      18384
    ],
    [
      8440,
      18440
    ],
    [
      8629,
      18629
    ],
    [
      8642,
      18642
    ],
    [
      8656,
      18656
    ],
    [
      8757,
      18757
    ],
    [
      8774,
      18774
    ],
    [
      8779,
      18779
    ],
    [
      8827,
      18827
    ],
    [
      9036,
      19036
    ],
    [
      9132,
      19132
    ],
    [
      9857,
      19857
    ],
    [
      9953,
      19953
    ]
  ]
}