{
  "n_true_positives": 66,
  "n_positives": 66,
  "total_time": 32.629108905792236,
  "date": "2025-01-25T15:47:56.052494",
  "backend": "BruteForce",
  "n_bins": 0,
  "eps": 7.5,
  "args": {
    "csvpath": [
      "../data/RobustBench/predictions/cifar10c-Diffenderfer2021Winning_LRR_CARD_Deck/vanilla.csv",
      "../data/RobustBench/predictions/cifar10c-Diffenderfer2021Winning_LRR_CARD_Deck/brightness-4.csv"
    ],
    "eps": 7.5,
    "n_bins": 0,
    "n_examples": -1,
    "out_path": "../results/semantic//results/cifar10c-Diffenderfer2021Winning_LRR_CARD_Deck/cifar10c-Diffenderfer2021Winning_LRR_CARD_Deck-L2-7.5-brightness-4.json",
    "full_output": false,
    "verbose": false,
    "randomize_order": false,
    "backend": "bf",
    "blind_cols": null,
    "pred": "pred",
    "metric": "L2"
  },
  "backend_meta": {
    "epsilon": 7.5,
    "decision_col": "pred",
    "metric": "Linf",
    "is_exact": true,
    "is_sound": true,
    "is_complete": true
  },
  "positives": [
    [
      309,
      10309
    ],
    [
      370,
      10370
    ],
    [
      715,
      10715
    ],
    [
      793,
      10793
    ],
    [
      796,
      10796
    ],
    [
      850,
      10850
    ],
    [
      916,
      10916
    ],
    [
      997,
      10997
    ],
    [
      1247,
      11247
    ],
    [
      1248,
      11248
    ],
    [
      1577,
      11577
    ],
    [
      1644,
      11644
    ],
    [
      1935,
      11935
    ],
    [
      2273,
      12273
    ],
    [
      2293,
      12293
    ],
    [
      2573,
      12573
    ],
    [
      2729,
      12729
    ],
    [
      2831,
      12831
    ],
    [
      3052,
      13052
    ],
    [
      3084,
      13084
    ],
    [
      3115,
      13115
    ],
    [
      3202,
      13202
    ],
    [
      3278,
      13278
    ],
    [
      3400,
      13400
    ],
    [
      3459,
      13459
    ],
    [
      3463,
      13463
    ],
    [
      3557,
      13557
    ],
    [
      3624,
      13624
    ],
    [
      3708,
      13708
    ],
    [
      3909,
      13909
    ],
    [
      4000,
      14000
    ],
    [
      4152,
      14152
    ],
    [
      4463,
      14463
    ],
    [
      4750,
      14750
    ],
    [
      4862,
      14862
    ],
    [
      4906,
      14906
    ],
    [
      4910,
      14910
    ],
    [
      5369,
      15369
    ],
    [
      5387,
      15387
    ],
    [
      5548,
      15548
    ],
    [
      5700,
      15700
    ],
    [
      5749,
      15749
    ],
    [
      5830,
      15830
    ],
    [
      5910,
      15910
    ],
    [
      5960,
      15960
    ],
    [
      6271,
      16271
    ],
    [
      6897,
      16897
    ],
    [
      6901,
      16901
    ],
    [
      7068,
      17068
    ],
    [
      7143,
      17143
    ],
    [
      7590,
      17590
    ],
    [
      7941,
      17941
    ],
    [
      8022,
      18022
    ],
    [
      8110,
      18110
    ],
    [
      8212,
      18212
    ],
    [
      8283,
      18283
    ],
    [
      8488,
      18488
    ],
    [
      8752,
      18752
    ],
    [
      8757,
      18757
    ],
    [
      8809,
      18809
    ],
    [
      9292,
      19292
    ],
    [
      9309,
      19309
    ],
    [
      9467,
      19467
    ],
    [
      9557,
      19557
    ],
    [
      9832,
      19832
    ],
    [
      9853,
      19853
    ]
  ]
}