{
  "n_true_positives": 119,
  "n_positives": 119,
  "total_time": 29.046408653259277,
  "date": "2025-01-25T15:47:22.924901",
  "backend": "BruteForce",
  "n_bins": 0,
  "eps": 7.5,
  "args": {
    "csvpath": [
      "../data/RobustBench/predictions/cifar10c-Diffenderfer2021Winning_LRR_CARD_Deck/vanilla.csv",
      "../data/RobustBench/predictions/cifar10c-Diffenderfer2021Winning_LRR_CARD_Deck/frost-1.csv"
    ],
    "eps": 7.5,
    "n_bins": 0,
    "n_examples": -1,
    "out_path": "../results/semantic//results/cifar10c-Diffenderfer2021Winning_LRR_CARD_Deck/cifar10c-Diffenderfer2021Winning_LRR_CARD_Deck-L2-7.5-frost-1.json",
    "full_output": false,
    "verbose": false,
    "randomize_order": false,
    "backend": "bf",
    "blind_cols": null,
    "pred": "pred",
    "metric": "L2"
  },
  "backend_meta": {
    "epsilon": 7.5,
    "decision_col": "pred",
    "metric": "Linf",
    "is_exact": true,
    "is_sound": true,
    "is_complete": true
  },
  "positives": [
    [
      53,
      10053
    ],
    [
      213,
      10213
    ],
    [
      271,
      10271
    ],
    [
      355,
      10355
    ],
    [
      370,
      10370
    ],
    [
      426,
      10426
    ],
    [
      458,
      10458
    ],
    [
      715,
      10715
    ],
    [
      776,
      10776
    ],
    [
      793,
      10793
    ],
    [
      796,
      10796
    ],
    [
      850,
      10850
    ],
    [
      997,
      10997
    ],
    [
      1042,
      11042
    ],
    [
      1228,
      11228
    ],
    [
      1325,
      11325
    ],
    [
      1391,
      11391
    ],
    [
      1399,
      11399
    ],
    [
      1454,
      11454
    ],
    [
      1577,
      11577
    ],
    [
      1684,
      11684
    ],
    [
      1772,
      11772
    ],
    [
      1895,
      11895
    ],
    [
      1934,
      11934
    ],
    [
      1935,
      11935
    ],
    [
      1937,
      11937
    ],
    [
      2033,
      12033
    ],
    [
      2038,
      12038
    ],
    [
      2078,
      12078
    ],
    [
      2253,
      12253
    ],
    [
      2273,
      12273
    ],
    [
      2293,
      12293
    ],
    [
      2309,
      12309
    ],
    [
      2447,
      12447
    ],
    [
      2573,
      12573
    ],
    [
      2729,
      12729
    ],
    [
      2831,
      12831
    ],
    [
      3052,
      13052
    ],
    [
      3084,
      13084
    ],
    [
      3113,
      13113
    ],
    [
      3192,
      13192
    ],
    [
      3392,
      13392
    ],
    [
      3444,
      13444
    ],
    [
      3459,
      13459
    ],
    [
      3658,
      13658
    ],
    [
      3708,
      13708
    ],
    [
      3885,
      13885
    ],
    [
      4244,
      14244
    ],
    [
      4457,
      14457
    ],
    [
      4463,
      14463
    ],
    [
      4643,
      14643
    ],
    [
      4686,
      14686
    ],
    [
      4750,
      14750
    ],
    [
      4849,
      14849
    ],
    [
      4862,
      14862
    ],
    [
      5193,
      15193
    ],
    [
      5211,
      15211
    ],
    [
      5213,
      15213
    ],
    [
      5218,
      15218
    ],
    [
      5369,
      15369
    ],
    [
      5387,
      15387
    ],
    [
      5450,
      15450
    ],
    [
      5642,
      15642
    ],
    [
      5714,
      15714
    ],
    [
      5795,
      15795
    ],
    [
      5815,
      15815
    ],
    [
      5910,
      15910
    ],
    [
      6016,
      16016
    ],
    [
      6083,
      16083
    ],
    [
      6142,
      16142
    ],
    [
      6206,
      16206
    ],
    [
      6271,
      16271
    ],
    [
      6514,
      16514
    ],
    [
      6543,
      16543
    ],
    [
      6697,
      16697
    ],
    [
      6861,
      16861
    ],
    [
      7002,
      17002
    ],
    [
      7005,
      17005
    ],
    [
      7068,
      17068
    ],
    [
      7280,
      17280
    ],
    [
      7384,
      17384
    ],
    [
      7408,
      17408
    ],
    [
      7449,
      17449
    ],
    [
      7491,
      17491
    ],
    [
      7496,
      17496
    ],
    [
      7556,
      17556
    ],
    [
      7685,
      17685
    ],
    [
      7730,
      17730
    ],
    [
      7827,
      17827
    ],
    [
      7931,
      17931
    ],
    [
      7941,
      17941
    ],
    [
      8022,
      18022
    ],
    [
      8046,
      18046
    ],
    [
      8128,
      18128
    ],
    [
      8173,
      18173
    ],
    [
      8275,
      18275
    ],
    [
      8283,
      18283
    ],
    [
      8304,
      18304
    ],
    [
      8384,
      18384
    ],
    [
      8440,
      18440
    ],
    [
      8451,
      18451
    ],
    [
      8533,
      18533
    ],
    [
      8656,
      18656
    ],
    [
      8723,
      18723
    ],
    [
      8757,
      18757
    ],
    [
      8809,
      18809
    ],
    [
      8824,
      18824
    ],
    [
      8983,
      18983
    ],
    [
      9036,
      19036
    ],
    [
      9160,
      19160
    ],
    [
      9237,
      19237
    ],
    [
      9292,
      19292
    ],
    [
      9429,
      19429
    ],
    [
      9501,
      19501
    ],
    [
      9503,
      19503
    ],
    [
      9507,
      19507
    ],
    [
      9832,
      19832
    ],
    [
      9853,
      19853
    ],
    [
      9862,
      19862
    ]
  ]
}