{
  "n_true_positives": 10,
  "n_positives": 10,
  "total_time": 13.028749704360962,
  "date": "2025-01-25T15:47:38.562519",
  "backend": "BruteForce",
  "n_bins": 0,
  "eps": 7.5,
  "args": {
    "csvpath": [
      "../data/RobustBench/predictions/cifar10c-Diffenderfer2021Winning_LRR_CARD_Deck/vanilla.csv",
      "../data/RobustBench/predictions/cifar10c-Diffenderfer2021Winning_LRR_CARD_Deck/pixelate-2.csv"
    ],
    "eps": 7.5,
    "n_bins": 0,
    "n_examples": -1,
    "out_path": "../results/semantic//results/cifar10c-Diffenderfer2021Winning_LRR_CARD_Deck/cifar10c-Diffenderfer2021Winning_LRR_CARD_Deck-L2-7.5-pixelate-2.json",
    "full_output": false,
    "verbose": false,
    "randomize_order": false,
    "backend": "bf",
    "blind_cols": null,
    "pred": "pred",
    "metric": "L2"
  },
  "backend_meta": {
    "epsilon": 7.5,
    "decision_col": "pred",
    "metric": "Linf",
    "is_exact": true,
    "is_sound": true,
    "is_complete": true
  },
  "positives": [
    [
      2301,
      12301
    ],
    [
      2542,
      12542
    ],
    [
      3309,
      13309
    ],
    [
      4309,
      14309
    ],
    [
      6083,
      16083
    ],
    [
      6669,
      16669
    ],
    [
      7119,
      17119
    ],
    [
      8236,
      18236
    ],
    [
      9741,
      19741
    ],
    [
      9857,
      19857
    ]
  ]
}