{
  "n_true_positives": 41,
  "n_positives": 41,
  "total_time": 19.319756984710693,
  "date": "2025-01-25T15:46:43.450232",
  "backend": "BruteForce",
  "n_bins": 0,
  "eps": 7.5,
  "args": {
    "csvpath": [
      "../data/RobustBench/predictions/cifar10c-Diffenderfer2021Winning_LRR_CARD_Deck/vanilla.csv",
      "../data/RobustBench/predictions/cifar10c-Diffenderfer2021Winning_LRR_CARD_Deck/shot_noise-2.csv"
    ],
    "eps": 7.5,
    "n_bins": 0,
    "n_examples": -1,
    "out_path": "../results/semantic//results/cifar10c-Diffenderfer2021Winning_LRR_CARD_Deck/cifar10c-Diffenderfer2021Winning_LRR_CARD_Deck-L2-7.5-shot_noise-2.json",
    "full_output": false,
    "verbose": false,
    "randomize_order": false,
    "backend": "bf",
    "blind_cols": null,
    "pred": "pred",
    "metric": "L2"
  },
  "backend_meta": {
    "epsilon": 7.5,
    "decision_col": "pred",
    "metric": "Linf",
    "is_exact": true,
    "is_sound": true,
    "is_complete": true
  },
  "positives": [
    [
      405,
      10405
    ],
    [
      770,
      10770
    ],
    [
      1138,
      11138
    ],
    [
      1150,
      11150
    ],
    [
      1181,
      11181
    ],
    [
      1681,
      11681
    ],
    [
      1684,
      11684
    ],
    [
      1905,
      11905
    ],
    [
      1937,
      11937
    ],
    [
      1939,
      11939
    ],
    [
      2242,
      12242
    ],
    [
      2293,
      12293
    ],
    [
      2447,
      12447
    ],
    [
      2581,
      12581
    ],
    [
      2779,
      12779
    ],
    [
      3459,
      13459
    ],
    [
      3654,
      13654
    ],
    [
      3669,
      13669
    ],
    [
      4355,
      14355
    ],
    [
      4404,
      14404
    ],
    [
      4527,
      14527
    ],
    [
      5352,
      15352
    ],
    [
      5830,
      15830
    ],
    [
      5864,
      15864
    ],
    [
      6014,
      16014
    ],
    [
      6016,
      16016
    ],
    [
      6993,
      16993
    ],
    [
      7002,
      17002
    ],
    [
      7016,
      17016
    ],
    [
      7168,
      17168
    ],
    [
      7449,
      17449
    ],
    [
      7632,
      17632
    ],
    [
      7956,
      17956
    ],
    [
      8110,
      18110
    ],
    [
      8122,
      18122
    ],
    [
      8268,
      18268
    ],
    [
      8384,
      18384
    ],
    [
      8440,
      18440
    ],
    [
      8629,
      18629
    ],
    [
      8690,
      18690
    ],
    [
      8774,
      18774
    ]
  ]
}