{
  "n_true_positives": 10,
  "n_positives": 10,
  "total_time": 32.71815824508667,
  "date": "2025-01-25T15:46:55.921867",
  "backend": "BruteForce",
  "n_bins": 0,
  "eps": 7.5,
  "args": {
    "csvpath": [
      "../data/RobustBench/predictions/cifar10c-Diffenderfer2021Winning_LRR_CARD_Deck/vanilla.csv",
      "../data/RobustBench/predictions/cifar10c-Diffenderfer2021Winning_LRR_CARD_Deck/fog-4.csv"
    ],
    "eps": 7.5,
    "n_bins": 0,
    "n_examples": -1,
    "out_path": "../results/semantic//results/cifar10c-Diffenderfer2021Winning_LRR_CARD_Deck/cifar10c-Diffenderfer2021Winning_LRR_CARD_Deck-L2-7.5-fog-4.json",
    "full_output": false,
    "verbose": false,
    "randomize_order": false,
    "backend": "bf",
    "blind_cols": null,
    "pred": "pred",
    "metric": "L2"
  },
  "backend_meta": {
    "epsilon": 7.5,
    "decision_col": "pred",
    "metric": "Linf",
    "is_exact": true,
    "is_sound": true,
    "is_complete": true
  },
  "positives": [
    [
      10309,
      13094
    ],
    [
      10754,
      15402
    ],
    [
      10754,
      18617
    ],
    [
      10799,
      13924
    ],
    [
      11883,
      14027
    ],
    [
      12362,
      14443
    ],
    [
      12515,
      19128
    ],
    [
      12632,
      14027
    ],
    [
      16201,
      16778
    ],
    [
      16778,
      19926
    ]
  ]
}