{
  "n_true_positives": 11,
  "n_positives": 11,
  "total_time": 15.75910210609436,
  "date": "2025-01-25T15:48:42.273134",
  "backend": "BruteForce",
  "n_bins": 0,
  "eps": 7.5,
  "args": {
    "csvpath": [
      "../data/RobustBench/predictions/cifar10c-Diffenderfer2021Winning_LRR_CARD_Deck/vanilla.csv",
      "../data/RobustBench/predictions/cifar10c-Diffenderfer2021Winning_LRR_CARD_Deck/motion_blur-1.csv"
    ],
    "eps": 7.5,
    "n_bins": 0,
    "n_examples": -1,
    "out_path": "../results/semantic//results/cifar10c-Diffenderfer2021Winning_LRR_CARD_Deck/cifar10c-Diffenderfer2021Winning_LRR_CARD_Deck-L2-7.5-motion_blur-1.json",
    "full_output": false,
    "verbose": false,
    "randomize_order": false,
    "backend": "bf",
    "blind_cols": null,
    "pred": "pred",
    "metric": "L2"
  },
  "backend_meta": {
    "epsilon": 7.5,
    "decision_col": "pred",
    "metric": "Linf",
    "is_exact": true,
    "is_sound": true,
    "is_complete": true
  },
  "positives": [
    [
      188,
      10188
    ],
    [
      770,
      10770
    ],
    [
      1791,
      11791
    ],
    [
      1813,
      11813
    ],
    [
      2810,
      12810
    ],
    [
      3359,
      13359
    ],
    [
      3420,
      13420
    ],
    [
      6385,
      16385
    ],
    [
      7080,
      17080
    ],
    [
      8236,
      18236
    ],
    [
      8521,
      18521
    ]
  ]
}