{
  "n_true_positives": 24,
  "n_positives": 24,
  "total_time": 21.36658549308777,
  "date": "2025-01-25T15:48:15.836827",
  "backend": "BruteForce",
  "n_bins": 0,
  "eps": 7.5,
  "args": {
    "csvpath": [
      "../data/RobustBench/predictions/cifar10c-Diffenderfer2021Winning_LRR_CARD_Deck/vanilla.csv",
      "../data/RobustBench/predictions/cifar10c-Diffenderfer2021Winning_LRR_CARD_Deck/pixelate-3.csv"
    ],
    "eps": 7.5,
    "n_bins": 0,
    "n_examples": -1,
    "out_path": "../results/semantic//results/cifar10c-Diffenderfer2021Winning_LRR_CARD_Deck/cifar10c-Diffenderfer2021Winning_LRR_CARD_Deck-L2-7.5-pixelate-3.json",
    "full_output": false,
    "verbose": false,
    "randomize_order": false,
    "backend": "bf",
    "blind_cols": null,
    "pred": "pred",
    "metric": "L2"
  },
  "backend_meta": {
    "epsilon": 7.5,
    "decision_col": "pred",
    "metric": "Linf",
    "is_exact": true,
    "is_sound": true,
    "is_complete": true
  },
  "positives": [
    [
      147,
      10147
    ],
    [
      312,
      10312
    ],
    [
      470,
      10470
    ],
    [
      916,
      10916
    ],
    [
      1137,
      11137
    ],
    [
      1495,
      11495
    ],
    [
      1718,
      11718
    ],
    [
      2532,
      12532
    ],
    [
      2729,
      12729
    ],
    [
      3146,
      13146
    ],
    [
      3278,
      13278
    ],
    [
      3977,
      13977
    ],
    [
      5155,
      15155
    ],
    [
      5830,
      15830
    ],
    [
      6127,
      16127
    ],
    [
      6443,
      16443
    ],
    [
      6669,
      16669
    ],
    [
      6750,
      16750
    ],
    [
      7041,
      17041
    ],
    [
      7143,
      17143
    ],
    [
      7408,
      17408
    ],
    [
      7881,
      17881
    ],
    [
      8428,
      18428
    ],
    [
      9346,
      19346
    ]
  ]
}