{
  "n_true_positives": 53,
  "n_positives": 53,
  "total_time": 78.24642634391785,
  "date": "2025-01-25T15:49:43.817704",
  "backend": "BruteForce",
  "n_bins": 0,
  "eps": 7.5,
  "args": {
    "csvpath": [
      "../data/RobustBench/predictions/cifar10c-Diffenderfer2021Winning_LRR_CARD_Deck/vanilla.csv",
      "../data/RobustBench/predictions/cifar10c-Diffenderfer2021Winning_LRR_CARD_Deck/brightness-1.csv"
    ],
    "eps": 7.5,
    "n_bins": 0,
    "n_examples": -1,
    "out_path": "../results/semantic//results/cifar10c-Diffenderfer2021Winning_LRR_CARD_Deck/cifar10c-Diffenderfer2021Winning_LRR_CARD_Deck-L2-7.5-brightness-1.json",
    "full_output": false,
    "verbose": false,
    "randomize_order": false,
    "backend": "bf",
    "blind_cols": null,
    "pred": "pred",
    "metric": "L2"
  },
  "backend_meta": {
    "epsilon": 7.5,
    "decision_col": "pred",
    "metric": "Linf",
    "is_exact": true,
    "is_sound": true,
    "is_complete": true
  },
  "positives": [
    [
      58,
      10058
    ],
    [
      128,
      10128
    ],
    [
      188,
      10188
    ],
    [
      213,
      10213
    ],
    [
      309,
      10309
    ],
    [
      368,
      10368
    ],
    [
      485,
      10485
    ],
    [
      810,
      10810
    ],
    [
      997,
      10997
    ],
    [
      1227,
      11227
    ],
    [
      1391,
      11391
    ],
    [
      1577,
      11577
    ],
    [
      1935,
      11935
    ],
    [
      2175,
      12175
    ],
    [
      2293,
      12293
    ],
    [
      2447,
      12447
    ],
    [
      2494,
      12494
    ],
    [
      2775,
      12775
    ],
    [
      2940,
      12940
    ],
    [
      2955,
      12955
    ],
    [
      3075,
      13075
    ],
    [
      3113,
      13113
    ],
    [
      3444,
      13444
    ],
    [
      3726,
      13726
    ],
    [
      3909,
      13909
    ],
    [
      4112,
      14112
    ],
    [
      4404,
      14404
    ],
    [
      4457,
      14457
    ],
    [
      4906,
      14906
    ],
    [
      5454,
      15454
    ],
    [
      5548,
      15548
    ],
    [
      6070,
      16070
    ],
    [
      6178,
      16178
    ],
    [
      6669,
      16669
    ],
    [
      6853,
      16853
    ],
    [
      7002,
      17002
    ],
    [
      7068,
      17068
    ],
    [
      7449,
      17449
    ],
    [
      7496,
      17496
    ],
    [
      7644,
      17644
    ],
    [
      7941,
      17941
    ],
    [
      8173,
      18173
    ],
    [
      8212,
      18212
    ],
    [
      8275,
      18275
    ],
    [
      8384,
      18384
    ],
    [
      8752,
      18752
    ],
    [
      8757,
      18757
    ],
    [
      8824,
      18824
    ],
    [
      9160,
      19160
    ],
    [
      9292,
      19292
    ],
    [
      9616,
      19616
    ],
    [
      9819,
      19819
    ],
    [
      9862,
      19862
    ]
  ]
}