{
  "n_true_positives": 59,
  "n_positives": 59,
  "total_time": 12.09543490409851,
  "date": "2025-01-25T15:48:05.314135",
  "backend": "BruteForce",
  "n_bins": 0,
  "eps": 7.5,
  "args": {
    "csvpath": [
      "../data/RobustBench/predictions/cifar10c-Diffenderfer2021Winning_LRR_CARD_Deck/vanilla.csv",
      "../data/RobustBench/predictions/cifar10c-Diffenderfer2021Winning_LRR_CARD_Deck/contrast-3.csv"
    ],
    "eps": 7.5,
    "n_bins": 0,
    "n_examples": -1,
    "out_path": "../results/semantic//results/cifar10c-Diffenderfer2021Winning_LRR_CARD_Deck/cifar10c-Diffenderfer2021Winning_LRR_CARD_Deck-L2-7.5-contrast-3.json",
    "full_output": false,
    "verbose": false,
    "randomize_order": false,
    "backend": "bf",
    "blind_cols": null,
    "pred": "pred",
    "metric": "L2"
  },
  "backend_meta": {
    "epsilon": 7.5,
    "decision_col": "pred",
    "metric": "Linf",
    "is_exact": true,
    "is_sound": true,
    "is_complete": true
  },
  "positives": [
    [
      3278,
      13278
    ],
    [
      3759,
      11681
    ],
    [
      3759,
      14816
    ],
    [
      10070,
      19947
    ],
    [
      10167,
      12825
    ],
    [
      10441,
      13924
    ],
    [
      10446,
      14735
    ],
    [
      10482,
      18780
    ],
    [
      10537,
      11325
    ],
    [
      10563,
      16032
    ],
    [
      10647,
      12660
    ],
    [
      10755,
      12933
    ],
    [
      10805,
      11367
    ],
    [
      10837,
      14755
    ],
    [
      11014,
      11624
    ],
    [
      11043,
      19815
    ],
    [
      11140,
      17531
    ],
    [
      11140,
      19761
    ],
    [
      11367,
      12933
    ],
    [
      11367,
      18180
    ],
    [
      11681,
      13914
    ],
    [
      11731,
      18191
    ],
    [
      11883,
      16422
    ],
    [
      11946,
      19815
    ],
    [
      11986,
      18367
    ],
    [
      12025,
      13354
    ],
    [
      12025,
      15244
    ],
    [
      12422,
      16458
    ],
    [
      12507,
      19625
    ],
    [
      12622,
      13429
    ],
    [
      12933,
      19762
    ],
    [
      13094,
      13845
    ],
    [
      13227,
      14184
    ],
    [
      13429,
      15189
    ],
    [
      13429,
      15721
    ],
    [
      13429,
      17347
    ],
    [
      13451,
      14957
    ],
    [
      13759,
      15244
    ],
    [
      14043,
      15227
    ],
    [
      14137,
      15359
    ],
    [
      14184,
      15244
    ],
    [
      14200,
      19762
    ],
    [
      14299,
      15757
    ],
    [
      14438,
      19584
    ],
    [
      14627,
      19038
    ],
    [
      14718,
      17327
    ],
    [
      15022,
      15555
    ],
    [
      15244,
      19318
    ],
    [
      15337,
      16777
    ],
    [
      15337,
      17508
    ],
    [
      15337,
      19318
    ],
    [
      15337,
      19762
    ],
    [
      15510,
      19584
    ],
    [
      16394,
      19644
    ],
    [
      16778,
      19318
    ],
    [
      17019,
      19701
    ],
    [
      17227,
      19850
    ],
    [
      17508,
      18180
    ],
    [
      17508,
      19318
    ]
  ]
}