{
  "n_true_positives": 10,
  "n_positives": 10,
  "total_time": 55.003602743148804,
  "date": "2025-01-25T15:48:51.855883",
  "backend": "BruteForce",
  "n_bins": 0,
  "eps": 7.5,
  "args": {
    "csvpath": [
      "../data/RobustBench/predictions/cifar10c-Diffenderfer2021Winning_LRR_CARD_Deck/vanilla.csv",
      "../data/RobustBench/predictions/cifar10c-Diffenderfer2021Winning_LRR_CARD_Deck/jpeg_compression-4.csv"
    ],
    "eps": 7.5,
    "n_bins": 0,
    "n_examples": -1,
    "out_path": "../results/semantic//results/cifar10c-Diffenderfer2021Winning_LRR_CARD_Deck/cifar10c-Diffenderfer2021Winning_LRR_CARD_Deck-L2-7.5-jpeg_compression-4.json",
    "full_output": false,
    "verbose": false,
    "randomize_order": false,
    "backend": "bf",
    "blind_cols": null,
    "pred": "pred",
    "metric": "L2"
  },
  "backend_meta": {
    "epsilon": 7.5,
    "decision_col": "pred",
    "metric": "Linf",
    "is_exact": true,
    "is_sound": true,
    "is_complete": true
  },
  "positives": [
    [
      731,
      10731
    ],
    [
      755,
      10755
    ],
    [
      1495,
      11495
    ],
    [
      2301,
      12301
    ],
    [
      3068,
      13068
    ],
    [
      3094,
      13094
    ],
    [
      3275,
      13275
    ],
    [
      5518,
      15518
    ],
    [
      5634,
      15634
    ],
    [
      8690,
      18690
    ]
  ]
}