{
  "n_true_positives": 74,
  "n_positives": 74,
  "total_time": 49.660853147506714,
  "date": "2025-01-25T15:48:46.413663",
  "backend": "BruteForce",
  "n_bins": 0,
  "eps": 7.5,
  "args": {
    "csvpath": [
      "../data/RobustBench/predictions/cifar10c-Diffenderfer2021Winning_LRR_CARD_Deck/vanilla.csv",
      "../data/RobustBench/predictions/cifar10c-Diffenderfer2021Winning_LRR_CARD_Deck/frost-2.csv"
    ],
    "eps": 7.5,
    "n_bins": 0,
    "n_examples": -1,
    "out_path": "../results/semantic//results/cifar10c-Diffenderfer2021Winning_LRR_CARD_Deck/cifar10c-Diffenderfer2021Winning_LRR_CARD_Deck-L2-7.5-frost-2.json",
    "full_output": false,
    "verbose": false,
    "randomize_order": false,
    "backend": "bf",
    "blind_cols": null,
    "pred": "pred",
    "metric": "L2"
  },
  "backend_meta": {
    "epsilon": 7.5,
    "decision_col": "pred",
    "metric": "Linf",
    "is_exact": true,
    "is_sound": true,
    "is_complete": true
  },
  "positives": [
    [
      53,
      10053
    ],
    [
      118,
      10118
    ],
    [
      171,
      10171
    ],
    [
      213,
      10213
    ],
    [
      598,
      10598
    ],
    [
      793,
      10793
    ],
    [
      796,
      10796
    ],
    [
      850,
      10850
    ],
    [
      997,
      10997
    ],
    [
      1129,
      11129
    ],
    [
      1454,
      11454
    ],
    [
      1684,
      11684
    ],
    [
      2034,
      12034
    ],
    [
      2293,
      12293
    ],
    [
      2309,
      12309
    ],
    [
      2573,
      12573
    ],
    [
      2729,
      12729
    ],
    [
      2810,
      12810
    ],
    [
      2831,
      12831
    ],
    [
      2895,
      12895
    ],
    [
      2912,
      12912
    ],
    [
      3075,
      13075
    ],
    [
      3192,
      13192
    ],
    [
      3444,
      13444
    ],
    [
      3459,
      13459
    ],
    [
      3463,
      13463
    ],
    [
      3708,
      13708
    ],
    [
      3716,
      13716
    ],
    [
      3721,
      13721
    ],
    [
      3789,
      13789
    ],
    [
      3885,
      13885
    ],
    [
      4463,
      14463
    ],
    [
      4579,
      14579
    ],
    [
      4614,
      14614
    ],
    [
      4750,
      14750
    ],
    [
      5102,
      15102
    ],
    [
      5211,
      15211
    ],
    [
      5235,
      15235
    ],
    [
      5450,
      15450
    ],
    [
      5700,
      15700
    ],
    [
      5795,
      15795
    ],
    [
      5830,
      15830
    ],
    [
      5908,
      15908
    ],
    [
      5924,
      15924
    ],
    [
      6326,
      16326
    ],
    [
      6822,
      16822
    ],
    [
      7329,
      17329
    ],
    [
      7397,
      17397
    ],
    [
      7455,
      17455
    ],
    [
      7509,
      17509
    ],
    [
      7611,
      17611
    ],
    [
      7750,
      17750
    ],
    [
      7784,
      17784
    ],
    [
      7839,
      17839
    ],
    [
      7941,
      17941
    ],
    [
      7976,
      17976
    ],
    [
      8022,
      18022
    ],
    [
      8110,
      18110
    ],
    [
      8128,
      18128
    ],
    [
      8314,
      18314
    ],
    [
      8362,
      18362
    ],
    [
      8410,
      18410
    ],
    [
      8450,
      18450
    ],
    [
      8488,
      18488
    ],
    [
      8620,
      18620
    ],
    [
      8656,
      18656
    ],
    [
      8723,
      18723
    ],
    [
      8774,
      18774
    ],
    [
      8803,
      18803
    ],
    [
      9036,
      19036
    ],
    [
      9503,
      19503
    ],
    [
      9832,
      19832
    ],
    [
      9850,
      19850
    ],
    [
      9857,
      19857
    ]
  ]
}