{
  "n_true_positives": 9,
  "n_positives": 9,
  "total_time": 46.19909381866455,
  "date": "2025-01-25T15:48:42.209250",
  "backend": "BruteForce",
  "n_bins": 0,
  "eps": 7.5,
  "args": {
    "csvpath": [
      "../data/RobustBench/predictions/cifar10c-Diffenderfer2021Winning_LRR_CARD_Deck/vanilla.csv",
      "../data/RobustBench/predictions/cifar10c-Diffenderfer2021Winning_LRR_CARD_Deck/snow-3.csv"
    ],
    "eps": 7.5,
    "n_bins": 0,
    "n_examples": -1,
    "out_path": "../results/semantic//results/cifar10c-Diffenderfer2021Winning_LRR_CARD_Deck/cifar10c-Diffenderfer2021Winning_LRR_CARD_Deck-L2-7.5-snow-3.json",
    "full_output": false,
    "verbose": false,
    "randomize_order": false,
    "backend": "bf",
    "blind_cols": null,
    "pred": "pred",
    "metric": "L2"
  },
  "backend_meta": {
    "epsilon": 7.5,
    "decision_col": "pred",
    "metric": "Linf",
    "is_exact": true,
    "is_sound": true,
    "is_complete": true
  },
  "positives": [
    [
      1830,
      11830
    ],
    [
      1937,
      11937
    ],
    [
      2293,
      12293
    ],
    [
      2494,
      12494
    ],
    [
      3444,
      13444
    ],
    [
      4527,
      14527
    ],
    [
      6753,
      16753
    ],
    [
      7735,
      17735
    ],
    [
      7750,
      17750
    ]
  ]
}