{
  "n_true_positives": 13,
  "n_positives": 13,
  "total_time": 29.827266216278076,
  "date": "2025-01-25T15:46:52.483339",
  "backend": "BruteForce",
  "n_bins": 0,
  "eps": 7.5,
  "args": {
    "csvpath": [
      "../data/RobustBench/predictions/cifar10c-Diffenderfer2021Winning_LRR_CARD_Deck/vanilla.csv",
      "../data/RobustBench/predictions/cifar10c-Diffenderfer2021Winning_LRR_CARD_Deck/brightness-5.csv"
    ],
    "eps": 7.5,
    "n_bins": 0,
    "n_examples": -1,
    "out_path": "../results/semantic//results/cifar10c-Diffenderfer2021Winning_LRR_CARD_Deck/cifar10c-Diffenderfer2021Winning_LRR_CARD_Deck-L2-7.5-brightness-5.json",
    "full_output": false,
    "verbose": false,
    "randomize_order": false,
    "backend": "bf",
    "blind_cols": null,
    "pred": "pred",
    "metric": "L2"
  },
  "backend_meta": {
    "epsilon": 7.5,
    "decision_col": "pred",
    "metric": "Linf",
    "is_exact": true,
    "is_sound": true,
    "is_complete": true
  },
  "positives": [
    [
      309,
      10309
    ],
    [
      2293,
      12293
    ],
    [
      2573,
      12573
    ],
    [
      2643,
      12643
    ],
    [
      2810,
      12810
    ],
    [
      3084,
      13084
    ],
    [
      3278,
      13278
    ],
    [
      3624,
      13624
    ],
    [
      4152,
      14152
    ],
    [
      4463,
      14463
    ],
    [
      5548,
      15548
    ],
    [
      5700,
      15700
    ],
    [
      8236,
      18236
    ]
  ]
}