{
  "n_true_positives": 16,
  "n_positives": 16,
  "total_time": 49.71011304855347,
  "date": "2025-01-25T15:48:46.179491",
  "backend": "BruteForce",
  "n_bins": 0,
  "eps": 7.5,
  "args": {
    "csvpath": [
      "../data/RobustBench/predictions/cifar10c-Diffenderfer2021Winning_LRR_CARD_Deck/vanilla.csv",
      "../data/RobustBench/predictions/cifar10c-Diffenderfer2021Winning_LRR_CARD_Deck/jpeg_compression-3.csv"
    ],
    "eps": 7.5,
    "n_bins": 0,
    "n_examples": -1,
    "out_path": "../results/semantic//results/cifar10c-Diffenderfer2021Winning_LRR_CARD_Deck/cifar10c-Diffenderfer2021Winning_LRR_CARD_Deck-L2-7.5-jpeg_compression-3.json",
    "full_output": false,
    "verbose": false,
    "randomize_order": false,
    "backend": "bf",
    "blind_cols": null,
    "pred": "pred",
    "metric": "L2"
  },
  "backend_meta": {
    "epsilon": 7.5,
    "decision_col": "pred",
    "metric": "Linf",
    "is_exact": true,
    "is_sound": true,
    "is_complete": true
  },
  "positives": [
    [
      755,
      10755
    ],
    [
      2386,
      12386
    ],
    [
      2532,
      12532
    ],
    [
      3068,
      13068
    ],
    [
      3094,
      13094
    ],
    [
      3574,
      13574
    ],
    [
      3828,
      13828
    ],
    [
      5548,
      15548
    ],
    [
      5634,
      15634
    ],
    [
      6729,
      16729
    ],
    [
      6950,
      16950
    ],
    [
      7119,
      17119
    ],
    [
      8236,
      18236
    ],
    [
      8702,
      18702
    ],
    [
      9292,
      19292
    ],
    [
      9586,
      19586
    ]
  ]
}