{
  "n_true_positives": 18,
  "n_positives": 18,
  "total_time": 54.04535412788391,
  "date": "2025-01-25T15:48:51.438542",
  "backend": "BruteForce",
  "n_bins": 0,
  "eps": 7.5,
  "args": {
    "csvpath": [
      "../data/RobustBench/predictions/cifar10c-Diffenderfer2021Winning_LRR_CARD_Deck/vanilla.csv",
      "../data/RobustBench/predictions/cifar10c-Diffenderfer2021Winning_LRR_CARD_Deck/frost-4.csv"
    ],
    "eps": 7.5,
    "n_bins": 0,
    "n_examples": -1,
    "out_path": "../results/semantic//results/cifar10c-Diffenderfer2021Winning_LRR_CARD_Deck/cifar10c-Diffenderfer2021Winning_LRR_CARD_Deck-L2-7.5-frost-4.json",
    "full_output": false,
    "verbose": false,
    "randomize_order": false,
    "backend": "bf",
    "blind_cols": null,
    "pred": "pred",
    "metric": "L2"
  },
  "backend_meta": {
    "epsilon": 7.5,
    "decision_col": "pred",
    "metric": "Linf",
    "is_exact": true,
    "is_sound": true,
    "is_complete": true
  },
  "positives": [
    [
      171,
      10171
    ],
    [
      2161,
      12161
    ],
    [
      2293,
      12293
    ],
    [
      2810,
      12810
    ],
    [
      2831,
      12831
    ],
    [
      3514,
      13514
    ],
    [
      4628,
      14628
    ],
    [
      4843,
      14843
    ],
    [
      5235,
      15235
    ],
    [
      5433,
      15433
    ],
    [
      6135,
      16135
    ],
    [
      7143,
      17143
    ],
    [
      7146,
      17146
    ],
    [
      8757,
      18757
    ],
    [
      9231,
      19231
    ],
    [
      9237,
      19237
    ],
    [
      9793,
      19793
    ],
    [
      9808,
      19808
    ]
  ]
}