{
  "n_true_positives": 14,
  "n_positives": 14,
  "total_time": 22.202731132507324,
  "date": "2025-01-25T15:49:19.043887",
  "backend": "BruteForce",
  "n_bins": 0,
  "eps": 7.5,
  "args": {
    "csvpath": [
      "../data/RobustBench/predictions/cifar10c-Diffenderfer2021Winning_LRR_CARD_Deck/vanilla.csv",
      "../data/RobustBench/predictions/cifar10c-Diffenderfer2021Winning_LRR_CARD_Deck/jpeg_compression-2.csv"
    ],
    "eps": 7.5,
    "n_bins": 0,
    "n_examples": -1,
    "out_path": "../results/semantic//results/cifar10c-Diffenderfer2021Winning_LRR_CARD_Deck/cifar10c-Diffenderfer2021Winning_LRR_CARD_Deck-L2-7.5-jpeg_compression-2.json",
    "full_output": false,
    "verbose": false,
    "randomize_order": false,
    "backend": "bf",
    "blind_cols": null,
    "pred": "pred",
    "metric": "L2"
  },
  "backend_meta": {
    "epsilon": 7.5,
    "decision_col": "pred",
    "metric": "Linf",
    "is_exact": true,
    "is_sound": true,
    "is_complete": true
  },
  "positives": [
    [
      882,
      10882
    ],
    [
      2494,
      12494
    ],
    [
      2831,
      12831
    ],
    [
      3068,
      13068
    ],
    [
      3828,
      13828
    ],
    [
      5031,
      15031
    ],
    [
      5411,
      15411
    ],
    [
      5634,
      15634
    ],
    [
      6950,
      16950
    ],
    [
      8014,
      18014
    ],
    [
      8128,
      18128
    ],
    [
      8236,
      18236
    ],
    [
      9169,
      19169
    ],
    [
      9292,
      19292
    ]
  ]
}