{
  "n_true_positives": 51,
  "n_positives": 51,
  "total_time": 54.92379808425903,
  "date": "2025-01-25T15:48:51.957507",
  "backend": "BruteForce",
  "n_bins": 0,
  "eps": 7.5,
  "args": {
    "csvpath": [
      "../data/RobustBench/predictions/cifar10c-Diffenderfer2021Winning_LRR_CARD_Deck/vanilla.csv",
      "../data/RobustBench/predictions/cifar10c-Diffenderfer2021Winning_LRR_CARD_Deck/fog-1.csv"
    ],
    "eps": 7.5,
    "n_bins": 0,
    "n_examples": -1,
    "out_path": "../results/semantic//results/cifar10c-Diffenderfer2021Winning_LRR_CARD_Deck/cifar10c-Diffenderfer2021Winning_LRR_CARD_Deck-L2-7.5-fog-1.json",
    "full_output": false,
    "verbose": false,
    "randomize_order": false,
    "backend": "bf",
    "blind_cols": null,
    "pred": "pred",
    "metric": "L2"
  },
  "backend_meta": {
    "epsilon": 7.5,
    "decision_col": "pred",
    "metric": "Linf",
    "is_exact": true,
    "is_sound": true,
    "is_complete": true
  },
  "positives": [
    [
      213,
      10213
    ],
    [
      271,
      10271
    ],
    [
      1227,
      11227
    ],
    [
      1355,
      11355
    ],
    [
      1644,
      11644
    ],
    [
      2175,
      12175
    ],
    [
      2253,
      12253
    ],
    [
      2293,
      12293
    ],
    [
      2309,
      12309
    ],
    [
      2447,
      12447
    ],
    [
      2494,
      12494
    ],
    [
      2549,
      12549
    ],
    [
      2775,
      12775
    ],
    [
      2940,
      12940
    ],
    [
      2997,
      12997
    ],
    [
      3113,
      13113
    ],
    [
      3309,
      13309
    ],
    [
      3452,
      13452
    ],
    [
      3635,
      13635
    ],
    [
      3726,
      13726
    ],
    [
      3735,
      13735
    ],
    [
      3909,
      13909
    ],
    [
      4135,
      14135
    ],
    [
      4355,
      14355
    ],
    [
      4404,
      14404
    ],
    [
      4463,
      14463
    ],
    [
      4556,
      14556
    ],
    [
      4686,
      14686
    ],
    [
      5454,
      15454
    ],
    [
      5864,
      15864
    ],
    [
      5946,
      15946
    ],
    [
      6257,
      16257
    ],
    [
      6271,
      16271
    ],
    [
      7002,
      17002
    ],
    [
      7005,
      17005
    ],
    [
      7068,
      17068
    ],
    [
      7168,
      17168
    ],
    [
      7177,
      17177
    ],
    [
      7449,
      17449
    ],
    [
      7730,
      17730
    ],
    [
      8022,
      18022
    ],
    [
      8384,
      18384
    ],
    [
      8440,
      18440
    ],
    [
      8824,
      18824
    ],
    [
      8827,
      18827
    ],
    [
      8983,
      18983
    ],
    [
      9160,
      19160
    ],
    [
      9292,
      19292
    ],
    [
      9616,
      19616
    ],
    [
      9819,
      19819
    ],
    [
      9862,
      19862
    ]
  ]
}