{
  "n_true_positives": 105,
  "n_positives": 105,
  "total_time": 82.03674745559692,
  "date": "2025-01-25T15:48:46.496555",
  "backend": "BruteForce",
  "n_bins": 0,
  "eps": 7.5,
  "args": {
    "csvpath": [
      "../data/RobustBench/predictions/cifar10c-Diffenderfer2021Winning_LRR_CARD_Deck/vanilla.csv",
      "../data/RobustBench/predictions/cifar10c-Diffenderfer2021Winning_LRR_CARD_Deck/brightness-3.csv"
    ],
    "eps": 7.5,
    "n_bins": 0,
    "n_examples": -1,
    "out_path": "../results/semantic//results/cifar10c-Diffenderfer2021Winning_LRR_CARD_Deck/cifar10c-Diffenderfer2021Winning_LRR_CARD_Deck-L2-7.5-brightness-3.json",
    "full_output": false,
    "verbose": false,
    "randomize_order": false,
    "backend": "bf",
    "blind_cols": null,
    "pred": "pred",
    "metric": "L2"
  },
  "backend_meta": {
    "epsilon": 7.5,
    "decision_col": "pred",
    "metric": "Linf",
    "is_exact": true,
    "is_sound": true,
    "is_complete": true
  },
  "positives": [
    [
      58,
      10058
    ],
    [
      118,
      10118
    ],
    [
      213,
      10213
    ],
    [
      309,
      10309
    ],
    [
      715,
      10715
    ],
    [
      793,
      10793
    ],
    [
      796,
      10796
    ],
    [
      811,
      10811
    ],
    [
      850,
      10850
    ],
    [
      956,
      10956
    ],
    [
      997,
      10997
    ],
    [
      1227,
      11227
    ],
    [
      1247,
      11247
    ],
    [
      1248,
      11248
    ],
    [
      1391,
      11391
    ],
    [
      1577,
      11577
    ],
    [
      1644,
      11644
    ],
    [
      1718,
      11718
    ],
    [
      1838,
      11838
    ],
    [
      1935,
      11935
    ],
    [
      1937,
      11937
    ],
    [
      2078,
      12078
    ],
    [
      2175,
      12175
    ],
    [
      2187,
      12187
    ],
    [
      2248,
      12248
    ],
    [
      2253,
      12253
    ],
    [
      2273,
      12273
    ],
    [
      2293,
      12293
    ],
    [
      2494,
      12494
    ],
    [
      2635,
      12635
    ],
    [
      2729,
      12729
    ],
    [
      2779,
      12779
    ],
    [
      2831,
      12831
    ],
    [
      2948,
      12948
    ],
    [
      3052,
      13052
    ],
    [
      3075,
      13075
    ],
    [
      3202,
      13202
    ],
    [
      3278,
      13278
    ],
    [
      3298,
      13298
    ],
    [
      3459,
      13459
    ],
    [
      3463,
      13463
    ],
    [
      3635,
      13635
    ],
    [
      3726,
      13726
    ],
    [
      3909,
      13909
    ],
    [
      4112,
      14112
    ],
    [
      4404,
      14404
    ],
    [
      4457,
      14457
    ],
    [
      4463,
      14463
    ],
    [
      4556,
      14556
    ],
    [
      4862,
      14862
    ],
    [
      4906,
      14906
    ],
    [
      4910,
      14910
    ],
    [
      4995,
      14995
    ],
    [
      5369,
      15369
    ],
    [
      5454,
      15454
    ],
    [
      5548,
      15548
    ],
    [
      5642,
      15642
    ],
    [
      5700,
      15700
    ],
    [
      5714,
      15714
    ],
    [
      5830,
      15830
    ],
    [
      5864,
      15864
    ],
    [
      5881,
      15881
    ],
    [
      5908,
      15908
    ],
    [
      5910,
      15910
    ],
    [
      5960,
      15960
    ],
    [
      6008,
      16008
    ],
    [
      6174,
      16174
    ],
    [
      6178,
      16178
    ],
    [
      6197,
      16197
    ],
    [
      6271,
      16271
    ],
    [
      6393,
      16393
    ],
    [
      6669,
      16669
    ],
    [
      6897,
      16897
    ],
    [
      6901,
      16901
    ],
    [
      7002,
      17002
    ],
    [
      7068,
      17068
    ],
    [
      7143,
      17143
    ],
    [
      7177,
      17177
    ],
    [
      7411,
      17411
    ],
    [
      7444,
      17444
    ],
    [
      7449,
      17449
    ],
    [
      7455,
      17455
    ],
    [
      7491,
      17491
    ],
    [
      7590,
      17590
    ],
    [
      7711,
      17711
    ],
    [
      7839,
      17839
    ],
    [
      7931,
      17931
    ],
    [
      7941,
      17941
    ],
    [
      8022,
      18022
    ],
    [
      8046,
      18046
    ],
    [
      8212,
      18212
    ],
    [
      8275,
      18275
    ],
    [
      8314,
      18314
    ],
    [
      8384,
      18384
    ],
    [
      8488,
      18488
    ],
    [
      8752,
      18752
    ],
    [
      8757,
      18757
    ],
    [
      8778,
      18778
    ],
    [
      8824,
      18824
    ],
    [
      9292,
      19292
    ],
    [
      9467,
      19467
    ],
    [
      9557,
      19557
    ],
    [
      9812,
      19812
    ],
    [
      9832,
      19832
    ],
    [
      9862,
      19862
    ]
  ]
}