{
  "n_true_positives": 55,
  "n_positives": 55,
  "total_time": 12.451022624969482,
  "date": "2025-01-25T15:48:38.889190",
  "backend": "BruteForce",
  "n_bins": 0,
  "eps": 7.5,
  "args": {
    "csvpath": [
      "../data/RobustBench/predictions/cifar10c-Diffenderfer2021Winning_LRR_CARD_Deck/vanilla.csv",
      "../data/RobustBench/predictions/cifar10c-Diffenderfer2021Winning_LRR_CARD_Deck/snow-1.csv"
    ],
    "eps": 7.5,
    "n_bins": 0,
    "n_examples": -1,
    "out_path": "../results/semantic//results/cifar10c-Diffenderfer2021Winning_LRR_CARD_Deck/cifar10c-Diffenderfer2021Winning_LRR_CARD_Deck-L2-7.5-snow-1.json",
    "full_output": false,
    "verbose": false,
    "randomize_order": false,
    "backend": "bf",
    "blind_cols": null,
    "pred": "pred",
    "metric": "L2"
  },
  "backend_meta": {
    "epsilon": 7.5,
    "decision_col": "pred",
    "metric": "Linf",
    "is_exact": true,
    "is_sound": true,
    "is_complete": true
  },
  "positives": [
    [
      480,
      10480
    ],
    [
      672,
      10672
    ],
    [
      739,
      10739
    ],
    [
      770,
      10770
    ],
    [
      793,
      10793
    ],
    [
      1040,
      11040
    ],
    [
      1137,
      11137
    ],
    [
      1684,
      11684
    ],
    [
      2111,
      12111
    ],
    [
      2293,
      12293
    ],
    [
      2386,
      12386
    ],
    [
      2494,
      12494
    ],
    [
      2729,
      12729
    ],
    [
      2775,
      12775
    ],
    [
      2779,
      12779
    ],
    [
      3192,
      13192
    ],
    [
      3444,
      13444
    ],
    [
      3459,
      13459
    ],
    [
      3463,
      13463
    ],
    [
      3574,
      13574
    ],
    [
      3624,
      13624
    ],
    [
      3828,
      13828
    ],
    [
      4077,
      14077
    ],
    [
      4152,
      14152
    ],
    [
      4449,
      14449
    ],
    [
      4463,
      14463
    ],
    [
      4495,
      14495
    ],
    [
      4628,
      14628
    ],
    [
      4862,
      14862
    ],
    [
      5211,
      15211
    ],
    [
      5511,
      15511
    ],
    [
      5642,
      15642
    ],
    [
      5862,
      15862
    ],
    [
      5908,
      15908
    ],
    [
      6014,
      16014
    ],
    [
      6016,
      16016
    ],
    [
      6428,
      16428
    ],
    [
      6729,
      16729
    ],
    [
      6753,
      16753
    ],
    [
      6792,
      16792
    ],
    [
      7002,
      17002
    ],
    [
      7150,
      17150
    ],
    [
      7168,
      17168
    ],
    [
      7384,
      17384
    ],
    [
      7582,
      17582
    ],
    [
      7750,
      17750
    ],
    [
      7931,
      17931
    ],
    [
      8304,
      18304
    ],
    [
      8440,
      18440
    ],
    [
      8546,
      18546
    ],
    [
      8642,
      18642
    ],
    [
      8778,
      18778
    ],
    [
      9292,
      19292
    ],
    [
      9370,
      19370
    ],
    [
      9819,
      19819
    ]
  ]
}