{
  "n_true_positives": 8,
  "n_positives": 8,
  "total_time": 30.291860342025757,
  "date": "2025-01-25T15:48:27.157823",
  "backend": "BruteForce",
  "n_bins": 0,
  "eps": 7.5,
  "args": {
    "csvpath": [
      "../data/RobustBench/predictions/cifar10c-Diffenderfer2021Winning_LRR_CARD_Deck/vanilla.csv",
      "../data/RobustBench/predictions/cifar10c-Diffenderfer2021Winning_LRR_CARD_Deck/defocus_blur-4.csv"
    ],
    "eps": 7.5,
    "n_bins": 0,
    "n_examples": -1,
    "out_path": "../results/semantic//results/cifar10c-Diffenderfer2021Winning_LRR_CARD_Deck/cifar10c-Diffenderfer2021Winning_LRR_CARD_Deck-L2-7.5-defocus_blur-4.json",
    "full_output": false,
    "verbose": false,
    "randomize_order": false,
    "backend": "bf",
    "blind_cols": null,
    "pred": "pred",
    "metric": "L2"
  },
  "backend_meta": {
    "epsilon": 7.5,
    "decision_col": "pred",
    "metric": "Linf",
    "is_exact": true,
    "is_sound": true,
    "is_complete": true
  },
  "positives": [
    [
      470,
      10470
    ],
    [
      731,
      10731
    ],
    [
      3278,
      13278
    ],
    [
      4227,
      14227
    ],
    [
      5548,
      15548
    ],
    [
      5910,
      15910
    ],
    [
      8236,
      18236
    ],
    [
      8387,
      18387
    ]
  ]
}