{
  "n_true_positives": 47,
  "n_positives": 47,
  "total_time": 53.43741846084595,
  "date": "2025-01-25T15:48:51.981919",
  "backend": "BruteForce",
  "n_bins": 0,
  "eps": 7.5,
  "args": {
    "csvpath": [
      "../data/RobustBench/predictions/cifar10c-Diffenderfer2021Winning_LRR_CARD_Deck/vanilla.csv",
      "../data/RobustBench/predictions/cifar10c-Diffenderfer2021Winning_LRR_CARD_Deck/gaussian_noise-1.csv"
    ],
    "eps": 7.5,
    "n_bins": 0,
    "n_examples": -1,
    "out_path": "../results/semantic//results/cifar10c-Diffenderfer2021Winning_LRR_CARD_Deck/cifar10c-Diffenderfer2021Winning_LRR_CARD_Deck-L2-7.5-gaussian_noise-1.json",
    "full_output": false,
    "verbose": false,
    "randomize_order": false,
    "backend": "bf",
    "blind_cols": null,
    "pred": "pred",
    "metric": "L2"
  },
  "backend_meta": {
    "epsilon": 7.5,
    "decision_col": "pred",
    "metric": "Linf",
    "is_exact": true,
    "is_sound": true,
    "is_complete": true
  },
  "positives": [
    [
      213,
      10213
    ],
    [
      675,
      10675
    ],
    [
      860,
      10860
    ],
    [
      1181,
      11181
    ],
    [
      1227,
      11227
    ],
    [
      1644,
      11644
    ],
    [
      1788,
      11788
    ],
    [
      1813,
      11813
    ],
    [
      1858,
      11858
    ],
    [
      1905,
      11905
    ],
    [
      1924,
      11924
    ],
    [
      2253,
      12253
    ],
    [
      2293,
      12293
    ],
    [
      2532,
      12532
    ],
    [
      2831,
      12831
    ],
    [
      3026,
      13026
    ],
    [
      3150,
      13150
    ],
    [
      3171,
      13171
    ],
    [
      3192,
      13192
    ],
    [
      3336,
      13336
    ],
    [
      3459,
      13459
    ],
    [
      3557,
      13557
    ],
    [
      3654,
      13654
    ],
    [
      3716,
      13716
    ],
    [
      3828,
      13828
    ],
    [
      4404,
      14404
    ],
    [
      4547,
      14547
    ],
    [
      4615,
      14615
    ],
    [
      5511,
      15511
    ],
    [
      5795,
      15795
    ],
    [
      5946,
      15946
    ],
    [
      6014,
      16014
    ],
    [
      6753,
      16753
    ],
    [
      6933,
      16933
    ],
    [
      7002,
      17002
    ],
    [
      7005,
      17005
    ],
    [
      7168,
      17168
    ],
    [
      7449,
      17449
    ],
    [
      7455,
      17455
    ],
    [
      7750,
      17750
    ],
    [
      7815,
      17815
    ],
    [
      7956,
      17956
    ],
    [
      8046,
      18046
    ],
    [
      8110,
      18110
    ],
    [
      8440,
      18440
    ],
    [
      8642,
      18642
    ],
    [
      9218,
      19218
    ]
  ]
}