{
  "n_true_positives": 99,
  "n_positives": 99,
  "total_time": 19.206557989120483,
  "date": "2025-01-25T15:46:43.502845",
  "backend": "BruteForce",
  "n_bins": 0,
  "eps": 7.5,
  "args": {
    "csvpath": [
      "../data/RobustBench/predictions/cifar10c-Diffenderfer2021Winning_LRR_CARD_Deck/vanilla.csv",
      "../data/RobustBench/predictions/cifar10c-Diffenderfer2021Winning_LRR_CARD_Deck/brightness-2.csv"
    ],
    "eps": 7.5,
    "n_bins": 0,
    "n_examples": -1,
    "out_path": "../results/semantic//results/cifar10c-Diffenderfer2021Winning_LRR_CARD_Deck/cifar10c-Diffenderfer2021Winning_LRR_CARD_Deck-L2-7.5-brightness-2.json",
    "full_output": false,
    "verbose": false,
    "randomize_order": false,
    "backend": "bf",
    "blind_cols": null,
    "pred": "pred",
    "metric": "L2"
  },
  "backend_meta": {
    "epsilon": 7.5,
    "decision_col": "pred",
    "metric": "Linf",
    "is_exact": true,
    "is_sound": true,
    "is_complete": true
  },
  "positives": [
    [
      58,
      10058
    ],
    [
      118,
      10118
    ],
    [
      128,
      10128
    ],
    [
      188,
      10188
    ],
    [
      213,
      10213
    ],
    [
      271,
      10271
    ],
    [
      309,
      10309
    ],
    [
      313,
      10313
    ],
    [
      485,
      10485
    ],
    [
      793,
      10793
    ],
    [
      796,
      10796
    ],
    [
      810,
      10810
    ],
    [
      850,
      10850
    ],
    [
      956,
      10956
    ],
    [
      993,
      10993
    ],
    [
      997,
      10997
    ],
    [
      1180,
      11180
    ],
    [
      1227,
      11227
    ],
    [
      1391,
      11391
    ],
    [
      1399,
      11399
    ],
    [
      1577,
      11577
    ],
    [
      1644,
      11644
    ],
    [
      1718,
      11718
    ],
    [
      1838,
      11838
    ],
    [
      1935,
      11935
    ],
    [
      2078,
      12078
    ],
    [
      2175,
      12175
    ],
    [
      2187,
      12187
    ],
    [
      2248,
      12248
    ],
    [
      2253,
      12253
    ],
    [
      2293,
      12293
    ],
    [
      2494,
      12494
    ],
    [
      2775,
      12775
    ],
    [
      2948,
      12948
    ],
    [
      2955,
      12955
    ],
    [
      3075,
      13075
    ],
    [
      3113,
      13113
    ],
    [
      3202,
      13202
    ],
    [
      3298,
      13298
    ],
    [
      3444,
      13444
    ],
    [
      3635,
      13635
    ],
    [
      3726,
      13726
    ],
    [
      3909,
      13909
    ],
    [
      4112,
      14112
    ],
    [
      4404,
      14404
    ],
    [
      4457,
      14457
    ],
    [
      4686,
      14686
    ],
    [
      4862,
      14862
    ],
    [
      4906,
      14906
    ],
    [
      4995,
      14995
    ],
    [
      5166,
      15166
    ],
    [
      5369,
      15369
    ],
    [
      5454,
      15454
    ],
    [
      5548,
      15548
    ],
    [
      5642,
      15642
    ],
    [
      5730,
      15730
    ],
    [
      5815,
      15815
    ],
    [
      5830,
      15830
    ],
    [
      5881,
      15881
    ],
    [
      5908,
      15908
    ],
    [
      6070,
      16070
    ],
    [
      6174,
      16174
    ],
    [
      6178,
      16178
    ],
    [
      6197,
      16197
    ],
    [
      6669,
      16669
    ],
    [
      6792,
      16792
    ],
    [
      6897,
      16897
    ],
    [
      7002,
      17002
    ],
    [
      7005,
      17005
    ],
    [
      7068,
      17068
    ],
    [
      7449,
      17449
    ],
    [
      7455,
      17455
    ],
    [
      7491,
      17491
    ],
    [
      7496,
      17496
    ],
    [
      7590,
      17590
    ],
    [
      7644,
      17644
    ],
    [
      7931,
      17931
    ],
    [
      7941,
      17941
    ],
    [
      8022,
      18022
    ],
    [
      8046,
      18046
    ],
    [
      8173,
      18173
    ],
    [
      8212,
      18212
    ],
    [
      8275,
      18275
    ],
    [
      8295,
      18295
    ],
    [
      8298,
      18298
    ],
    [
      8304,
      18304
    ],
    [
      8314,
      18314
    ],
    [
      8384,
      18384
    ],
    [
      8644,
      18644
    ],
    [
      8752,
      18752
    ],
    [
      8757,
      18757
    ],
    [
      8778,
      18778
    ],
    [
      8824,
      18824
    ],
    [
      9292,
      19292
    ],
    [
      9518,
      19518
    ],
    [
      9616,
      19616
    ],
    [
      9819,
      19819
    ],
    [
      9832,
      19832
    ],
    [
      9862,
      19862
    ]
  ]
}