{
  "n_true_positives": 61,
  "n_positives": 61,
  "total_time": 23.55728507041931,
  "date": "2025-01-25T15:47:17.831906",
  "backend": "BruteForce",
  "n_bins": 0,
  "eps": 7.5,
  "args": {
    "csvpath": [
      "../data/RobustBench/predictions/cifar10c-Diffenderfer2021Winning_LRR_CARD_Deck/vanilla.csv",
      "../data/RobustBench/predictions/cifar10c-Diffenderfer2021Winning_LRR_CARD_Deck/jpeg_compression-1.csv"
    ],
    "eps": 7.5,
    "n_bins": 0,
    "n_examples": -1,
    "out_path": "../results/semantic//results/cifar10c-Diffenderfer2021Winning_LRR_CARD_Deck/cifar10c-Diffenderfer2021Winning_LRR_CARD_Deck-L2-7.5-jpeg_compression-1.json",
    "full_output": false,
    "verbose": false,
    "randomize_order": false,
    "backend": "bf",
    "blind_cols": null,
    "pred": "pred",
    "metric": "L2"
  },
  "backend_meta": {
    "epsilon": 7.5,
    "decision_col": "pred",
    "metric": "Linf",
    "is_exact": true,
    "is_sound": true,
    "is_complete": true
  },
  "positives": [
    [
      313,
      10313
    ],
    [
      368,
      10368
    ],
    [
      731,
      10731
    ],
    [
      900,
      10900
    ],
    [
      948,
      10948
    ],
    [
      1042,
      11042
    ],
    [
      1150,
      11150
    ],
    [
      1193,
      11193
    ],
    [
      1391,
      11391
    ],
    [
      1552,
      11552
    ],
    [
      1684,
      11684
    ],
    [
      1690,
      11690
    ],
    [
      1727,
      11727
    ],
    [
      2034,
      12034
    ],
    [
      2175,
      12175
    ],
    [
      2242,
      12242
    ],
    [
      2309,
      12309
    ],
    [
      2386,
      12386
    ],
    [
      2494,
      12494
    ],
    [
      2831,
      12831
    ],
    [
      3068,
      13068
    ],
    [
      3113,
      13113
    ],
    [
      3192,
      13192
    ],
    [
      3309,
      13309
    ],
    [
      3459,
      13459
    ],
    [
      3654,
      13654
    ],
    [
      3716,
      13716
    ],
    [
      4264,
      14264
    ],
    [
      4527,
      14527
    ],
    [
      4581,
      14581
    ],
    [
      4615,
      14615
    ],
    [
      4628,
      14628
    ],
    [
      4661,
      14661
    ],
    [
      4750,
      14750
    ],
    [
      4828,
      14828
    ],
    [
      5102,
      15102
    ],
    [
      5155,
      15155
    ],
    [
      5747,
      15747
    ],
    [
      5864,
      15864
    ],
    [
      6014,
      16014
    ],
    [
      6016,
      16016
    ],
    [
      6127,
      16127
    ],
    [
      6522,
      16522
    ],
    [
      6950,
      16950
    ],
    [
      7005,
      17005
    ],
    [
      7119,
      17119
    ],
    [
      7408,
      17408
    ],
    [
      7439,
      17439
    ],
    [
      7792,
      17792
    ],
    [
      7940,
      17940
    ],
    [
      7956,
      17956
    ],
    [
      8009,
      18009
    ],
    [
      8236,
      18236
    ],
    [
      8291,
      18291
    ],
    [
      8993,
      18993
    ],
    [
      9237,
      19237
    ],
    [
      9292,
      19292
    ],
    [
      9346,
      19346
    ],
    [
      9560,
      19560
    ],
    [
      9793,
      19793
    ],
    [
      9853,
      19853
    ]
  ]
}