{
  "n_true_positives": 27,
  "n_positives": 27,
  "total_time": 20.97543501853943,
  "date": "2025-01-25T15:48:46.931468",
  "backend": "BruteForce",
  "n_bins": 0,
  "eps": 7.5,
  "args": {
    "csvpath": [
      "../data/RobustBench/predictions/cifar10c-Diffenderfer2021Winning_LRR_CARD_Deck/vanilla.csv",
      "../data/RobustBench/predictions/cifar10c-Diffenderfer2021Winning_LRR_CARD_Deck/contrast-1.csv"
    ],
    "eps": 7.5,
    "n_bins": 0,
    "n_examples": -1,
    "out_path": "../results/semantic//results/cifar10c-Diffenderfer2021Winning_LRR_CARD_Deck/cifar10c-Diffenderfer2021Winning_LRR_CARD_Deck-L2-7.5-contrast-1.json",
    "full_output": false,
    "verbose": false,
    "randomize_order": false,
    "backend": "bf",
    "blind_cols": null,
    "pred": "pred",
    "metric": "L2"
  },
  "backend_meta": {
    "epsilon": 7.5,
    "decision_col": "pred",
    "metric": "Linf",
    "is_exact": true,
    "is_sound": true,
    "is_complete": true
  },
  "positives": [
    [
      58,
      10058
    ],
    [
      309,
      10309
    ],
    [
      368,
      10368
    ],
    [
      734,
      10734
    ],
    [
      1492,
      11492
    ],
    [
      2293,
      12293
    ],
    [
      2386,
      12386
    ],
    [
      2494,
      12494
    ],
    [
      2729,
      12729
    ],
    [
      2775,
      12775
    ],
    [
      3278,
      13278
    ],
    [
      3452,
      13452
    ],
    [
      3635,
      13635
    ],
    [
      3735,
      13735
    ],
    [
      3774,
      13774
    ],
    [
      3909,
      13909
    ],
    [
      6257,
      16257
    ],
    [
      6669,
      16669
    ],
    [
      6792,
      16792
    ],
    [
      7002,
      17002
    ],
    [
      8022,
      18022
    ],
    [
      8128,
      18128
    ],
    [
      8824,
      18824
    ],
    [
      8827,
      18827
    ],
    [
      9050,
      19050
    ],
    [
      9787,
      19787
    ],
    [
      9862,
      19862
    ]
  ]
}