{
  "n_true_positives": 18,
  "n_positives": 18,
  "total_time": 88.35521173477173,
  "date": "2025-01-25T15:48:53.398437",
  "backend": "BruteForce",
  "n_bins": 0,
  "eps": 7.5,
  "args": {
    "csvpath": [
      "../data/RobustBench/predictions/cifar10c-Diffenderfer2021Winning_LRR_CARD_Deck/vanilla.csv",
      "../data/RobustBench/predictions/cifar10c-Diffenderfer2021Winning_LRR_CARD_Deck/defocus_blur-3.csv"
    ],
    "eps": 7.5,
    "n_bins": 0,
    "n_examples": -1,
    "out_path": "../results/semantic//results/cifar10c-Diffenderfer2021Winning_LRR_CARD_Deck/cifar10c-Diffenderfer2021Winning_LRR_CARD_Deck-L2-7.5-defocus_blur-3.json",
    "full_output": false,
    "verbose": false,
    "randomize_order": false,
    "backend": "bf",
    "blind_cols": null,
    "pred": "pred",
    "metric": "L2"
  },
  "backend_meta": {
    "epsilon": 7.5,
    "decision_col": "pred",
    "metric": "Linf",
    "is_exact": true,
    "is_sound": true,
    "is_complete": true
  },
  "positives": [
    [
      470,
      10470
    ],
    [
      997,
      10997
    ],
    [
      1791,
      11791
    ],
    [
      1905,
      11905
    ],
    [
      2293,
      12293
    ],
    [
      2779,
      12779
    ],
    [
      2948,
      12948
    ],
    [
      3359,
      13359
    ],
    [
      3452,
      13452
    ],
    [
      3995,
      13995
    ],
    [
      4775,
      14775
    ],
    [
      4995,
      14995
    ],
    [
      5548,
      15548
    ],
    [
      6729,
      16729
    ],
    [
      8022,
      18022
    ],
    [
      8122,
      18122
    ],
    [
      8236,
      18236
    ],
    [
      8387,
      18387
    ]
  ]
}