{
  "n_true_positives": 15,
  "n_positives": 15,
  "total_time": 53.47362732887268,
  "date": "2025-01-25T15:48:51.983536",
  "backend": "BruteForce",
  "n_bins": 0,
  "eps": 7.5,
  "args": {
    "csvpath": [
      "../data/RobustBench/predictions/cifar10c-Diffenderfer2021Winning_LRR_CARD_Deck/vanilla.csv",
      "../data/RobustBench/predictions/cifar10c-Diffenderfer2021Winning_LRR_CARD_Deck/frost-3.csv"
    ],
    "eps": 7.5,
    "n_bins": 0,
    "n_examples": -1,
    "out_path": "../results/semantic//results/cifar10c-Diffenderfer2021Winning_LRR_CARD_Deck/cifar10c-Diffenderfer2021Winning_LRR_CARD_Deck-L2-7.5-frost-3.json",
    "full_output": false,
    "verbose": false,
    "randomize_order": false,
    "backend": "bf",
    "blind_cols": null,
    "pred": "pred",
    "metric": "L2"
  },
  "backend_meta": {
    "epsilon": 7.5,
    "decision_col": "pred",
    "metric": "Linf",
    "is_exact": true,
    "is_sound": true,
    "is_complete": true
  },
  "positives": [
    [
      997,
      10997
    ],
    [
      1265,
      11265
    ],
    [
      1355,
      11355
    ],
    [
      2078,
      12078
    ],
    [
      4404,
      14404
    ],
    [
      4525,
      14525
    ],
    [
      4579,
      14579
    ],
    [
      5908,
      15908
    ],
    [
      7002,
      17002
    ],
    [
      8450,
      18450
    ],
    [
      8533,
      18533
    ],
    [
      9036,
      19036
    ],
    [
      9363,
      19363
    ],
    [
      9850,
      19850
    ],
    [
      9953,
      19953
    ]
  ]
}