{
  "n_true_positives": 1,
  "n_positives": 1,
  "total_time": 84.87503600120544,
  "date": "2025-01-25T15:48:19.290054",
  "backend": "BruteForce",
  "n_bins": 0,
  "eps": 7.5,
  "args": {
    "csvpath": [
      "../data/RobustBench/predictions/cifar10c-Diffenderfer2021Winning_LRR_CARD_Deck/vanilla.csv",
      "../data/RobustBench/predictions/cifar10c-Diffenderfer2021Winning_LRR_CARD_Deck/pixelate-5.csv"
    ],
    "eps": 7.5,
    "n_bins": 0,
    "n_examples": -1,
    "out_path": "../results/semantic//results/cifar10c-Diffenderfer2021Winning_LRR_CARD_Deck/cifar10c-Diffenderfer2021Winning_LRR_CARD_Deck-L2-7.5-pixelate-5.json",
    "full_output": false,
    "verbose": false,
    "randomize_order": false,
    "backend": "bf",
    "blind_cols": null,
    "pred": "pred",
    "metric": "L2"
  },
  "backend_meta": {
    "epsilon": 7.5,
    "decision_col": "pred",
    "metric": "Linf",
    "is_exact": true,
    "is_sound": true,
    "is_complete": true
  },
  "positives": [
    [
      3278,
      13278
    ]
  ]
}