{
  "n_true_positives": 379,
  "n_positives": 379,
  "total_time": 236.8800539970398,
  "date": "2025-01-25T15:42:39.369710",
  "backend": "BruteForce",
  "n_bins": 0,
  "eps": 7.5,
  "args": {
    "csvpath": [
      "../data/RobustBench/predictions/cifar100c-Diffenderfer2021Winning_LRR_CARD_Deck/vanilla.csv",
      "../data/RobustBench/predictions/cifar100c-Diffenderfer2021Winning_LRR_CARD_Deck/brightness-4.csv"
    ],
    "eps": 7.5,
    "n_bins": 0,
    "n_examples": -1,
    "out_path": "../results/semantic//results/cifar100c-Diffenderfer2021Winning_LRR_CARD_Deck/cifar100c-Diffenderfer2021Winning_LRR_CARD_Deck-L2-7.5-brightness-4.json",
    "full_output": false,
    "verbose": false,
    "randomize_order": false,
    "backend": "bf",
    "blind_cols": null,
    "pred": "pred",
    "metric": "L2"
  },
  "backend_meta": {
    "epsilon": 7.5,
    "decision_col": "pred",
    "metric": "Linf",
    "is_exact": true,
    "is_sound": true,
    "is_complete": true
  },
  "positives": [
    [
      6,
      10006
    ],
    [
      31,
      10031
    ],
    [
      63,
      10063
    ],
    [
      79,
      10079
    ],
    [
      87,
      10087
    ],
    [
      127,
      10127
    ],
    [
      134,
      10134
    ],
    [
      137,
      10137
    ],
    [
      143,
      10143
    ],
    [
      152,
      10152
    ],
    [
      165,
      10165
    ],
    [
      171,
      10171
    ],
    [
      221,
      10221
    ],
    [
      255,
      10255
    ],
    [
      286,
      10286
    ],
    [
      351,
      10351
    ],
    [
      366,
      10366
    ],
    [
      379,
      10379
    ],
    [
      430,
      10430
    ],
    [
      466,
      10466
    ],
    [
      478,
      10478
    ],
    [
      486,
      10486
    ],
    [
      491,
      10491
    ],
    [
      497,
      10497
    ],
    [
      503,
      10503
    ],
    [
      528,
      10528
    ],
    [
      533,
      10533
    ],
    [
      550,
      10550
    ],
    [
      590,
      10590
    ],
    [
      616,
      10616
    ],
    [
      646,
      10646
    ],
    [
      648,
      10648
    ],
    [
      664,
      10664
    ],
    [
      668,
      10668
    ],
    [
      704,
      10704
    ],
    [
      743,
      10743
    ],
    [
      840,
      10840
    ],
    [
      857,
      10857
    ],
    [
      886,
      10886
    ],
    [
      899,
      10899
    ],
    [
      904,
      10904
    ],
    [
      924,
      10924
    ],
    [
      929,
      10929
    ],
    [
      951,
      10951
    ],
    [
      985,
      10985
    ],
    [
      1012,
      11012
    ],
    [
      1014,
      11014
    ],
    [
      1018,
      11018
    ],
    [
      1022,
      11022
    ],
    [
      1113,
      11113
    ],
    [
      1156,
      11156
    ],
    [
      1169,
      11169
    ],
    [
      1171,
      11171
    ],
    [
      1224,
      11224
    ],
    [
      1272,
      11272
    ],
    [
      1280,
      11280
    ],
    [
      1290,
      11290
    ],
    [
      1384,
      11384
    ],
    [
      1387,
      11387
    ],
    [
      1390,
      11390
    ],
    [
      1442,
      11442
    ],
    [
      1490,
      11490
    ],
    [
      1493,
      11493
    ],
    [
      1502,
      11502
    ],
    [
      1521,
      11521
    ],
    [
      1524,
      11524
    ],
    [
      1530,
      11530
    ],
    [
      1550,
      11550
    ],
    [
      1570,
      11570
    ],
    [
      1574,
      11574
    ],
    [
      1602,
      11602
    ],
    [
      1603,
      11603
    ],
    [
      1615,
      11615
    ],
    [
      1631,
      11631
    ],
    [
      1680,
      11680
    ],
    [
      1692,
      11692
    ],
    [
      1704,
      11704
    ],
    [
      1712,
      11712
    ],
    [
      1717,
      11717
    ],
    [
      1763,
      11763
    ],
    [
      1788,
      11788
    ],
    [
      1790,
      11790
    ],
    [
      1815,
      11815
    ],
    [
      1820,
      11820
    ],
    [
      1834,
      11834
    ],
    [
      1912,
      11912
    ],
    [
      1917,
      11917
    ],
    [
      1923,
      11923
    ],
    [
      1930,
      11930
    ],
    [
      1949,
      11949
    ],
    [
      1977,
      11977
    ],
    [
      2035,
      12035
    ],
    [
      2048,
      12048
    ],
    [
      2059,
      12059
    ],
    [
      2089,
      12089
    ],
    [
      2109,
      12109
    ],
    [
      2110,
      12110
    ],
    [
      2125,
      12125
    ],
    [
      2136,
      12136
    ],
    [
      2188,
      12188
    ],
    [
      2215,
      12215
    ],
    [
      2256,
      12256
    ],
    [
      2266,
      12266
    ],
    [
      2278,
      12278
    ],
    [
      2282,
      12282
    ],
    [
      2330,
      12330
    ],
    [
      2351,
      12351
    ],
    [
      2374,
      12374
    ],
    [
      2384,
      12384
    ],
    [
      2393,
      12393
    ],
    [
      2444,
      12444
    ],
    [
      2477,
      12477
    ],
    [
      2526,
      12526
    ],
    [
      2541,
      12541
    ],
    [
      2663,
      12663
    ],
    [
      2682,
      12682
    ],
    [
      2704,
      12704
    ],
    [
      2719,
      12719
    ],
    [
      2730,
      12730
    ],
    [
      2745,
      12745
    ],
    [
      2769,
      12769
    ],
    [
      2799,
      12799
    ],
    [
      2803,
      12803
    ],
    [
      2837,
      12837
    ],
    [
      2845,
      12845
    ],
    [
      2869,
      12869
    ],
    [
      2901,
      12901
    ],
    [
      2924,
      12924
    ],
    [
      2957,
      12957
    ],
    [
      3018,
      13018
    ],
    [
      3026,
      13026
    ],
    [
      3027,
      13027
    ],
    [
      3074,
      13074
    ],
    [
      3113,
      13113
    ],
    [
      3166,
      13166
    ],
    [
      3194,
      13194
    ],
    [
      3197,
      13197
    ],
    [
      3201,
      13201
    ],
    [
      3248,
      13248
    ],
    [
      3254,
      13254
    ],
    [
      3255,
      13255
    ],
    [
      3344,
      13344
    ],
    [
      3351,
      13351
    ],
    [
      3417,
      13417
    ],
    [
      3475,
      13475
    ],
    [
      3481,
      13481
    ],
    [
      3506,
      13506
    ],
    [
      3507,
      13507
    ],
    [
      3517,
      13517
    ],
    [
      3550,
      13550
    ],
    [
      3582,
      13582
    ],
    [
      3624,
      13624
    ],
    [
      3646,
      13646
    ],
    [
      3664,
      13664
    ],
    [
      3690,
      13690
    ],
    [
      3692,
      13692
    ],
    [
      3701,
      13701
    ],
    [
      3718,
      13718
    ],
    [
      3720,
      13720
    ],
    [
      3737,
      13737
    ],
    [
      3745,
      13745
    ],
    [
      3771,
      13771
    ],
    [
      3782,
      13782
    ],
    [
      3799,
      13799
    ],
    [
      3852,
      13852
    ],
    [
      3858,
      13858
    ],
    [
      3892,
      13892
    ],
    [
      4018,
      14018
    ],
    [
      4043,
      14043
    ],
    [
      4044,
      14044
    ],
    [
      4079,
      14079
    ],
    [
      4086,
      14086
    ],
    [
      4110,
      14110
    ],
    [
      4131,
      14131
    ],
    [
      4151,
      14151
    ],
    [
      4157,
      14157
    ],
    [
      4195,
      14195
    ],
    [
      4209,
      14209
    ],
    [
      4252,
      14252
    ],
    [
      4273,
      14273
    ],
    [
      4320,
      14320
    ],
    [
      4486,
      14486
    ],
    [
      4514,
      14514
    ],
    [
      4532,
      14532
    ],
    [
      4565,
      14565
    ],
    [
      4576,
      14576
    ],
    [
      4583,
      14583
    ],
    [
      4586,
      14586
    ],
    [
      4592,
      14592
    ],
    [
      4593,
      14593
    ],
    [
      4603,
      14603
    ],
    [
      4627,
      14627
    ],
    [
      4649,
      14649
    ],
    [
      4678,
      14678
    ],
    [
      4685,
      14685
    ],
    [
      4787,
      14787
    ],
    [
      4795,
      14795
    ],
    [
      4862,
      14862
    ],
    [
      4891,
      14891
    ],
    [
      4911,
      14911
    ],
    [
      4960,
      14960
    ],
    [
      4997,
      14997
    ],
    [
      5092,
      15092
    ],
    [
      5106,
      15106
    ],
    [
      5138,
      15138
    ],
    [
      5163,
      15163
    ],
    [
      5210,
      15210
    ],
    [
      5223,
      15223
    ],
    [
      5257,
      15257
    ],
    [
      5263,
      15263
    ],
    [
      5327,
      15327
    ],
    [
      5340,
      15340
    ],
    [
      5363,
      15363
    ],
    [
      5383,
      15383
    ],
    [
      5444,
      15444
    ],
    [
      5479,
      15479
    ],
    [
      5499,
      15499
    ],
    [
      5543,
      15543
    ],
    [
      5591,
      15591
    ],
    [
      5618,
      15618
    ],
    [
      5654,
      15654
    ],
    [
      5673,
      15673
    ],
    [
      5687,
      15687
    ],
    [
      5693,
      15693
    ],
    [
      5719,
      15719
    ],
    [
      5739,
      15739
    ],
    [
      5748,
      15748
    ],
    [
      5785,
      15785
    ],
    [
      5808,
      15808
    ],
    [
      5822,
      15822
    ],
    [
      5830,
      15830
    ],
    [
      5898,
      15898
    ],
    [
      5907,
      15907
    ],
    [
      5933,
      15933
    ],
    [
      5956,
      15956
    ],
    [
      5999,
      15999
    ],
    [
      6019,
      16019
    ],
    [
      6068,
      16068
    ],
    [
      6088,
      16088
    ],
    [
      6143,
      16143
    ],
    [
      6157,
      16157
    ],
    [
      6180,
      16180
    ],
    [
      6192,
      16192
    ],
    [
      6210,
      16210
    ],
    [
      6255,
      16255
    ],
    [
      6284,
      16284
    ],
    [
      6292,
      16292
    ],
    [
      6325,
      16325
    ],
    [
      6383,
      16383
    ],
    [
      6399,
      16399
    ],
    [
      6449,
      16449
    ],
    [
      6561,
      16561
    ],
    [
      6622,
      16622
    ],
    [
      6720,
      16720
    ],
    [
      6751,
      16751
    ],
    [
      6835,
      16835
    ],
    [
      6841,
      16841
    ],
    [
      6861,
      16861
    ],
    [
      6883,
      16883
    ],
    [
      6907,
      16907
    ],
    [
      6990,
      16990
    ],
    [
      6996,
      16996
    ],
    [
      7002,
      17002
    ],
    [
      7018,
      17018
    ],
    [
      7057,
      17057
    ],
    [
      7135,
      17135
    ],
    [
      7142,
      17142
    ],
    [
      7146,
      17146
    ],
    [
      7158,
      17158
    ],
    [
      7183,
      17183
    ],
    [
      7185,
      17185
    ],
    [
      7225,
      17225
    ],
    [
      7246,
      17246
    ],
    [
      7280,
      17280
    ],
    [
      7390,
      17390
    ],
    [
      7398,
      17398
    ],
    [
      7405,
      17405
    ],
    [
      7408,
      17408
    ],
    [
      7417,
      17417
    ],
    [
      7427,
      17427
    ],
    [
      7440,
      17440
    ],
    [
      7471,
      17471
    ],
    [
      7480,
      17480
    ],
    [
      7533,
      17533
    ],
    [
      7550,
      17550
    ],
    [
      7551,
      17551
    ],
    [
      7572,
      17572
    ],
    [
      7573,
      17573
    ],
    [
      7580,
      17580
    ],
    [
      7589,
      17589
    ],
    [
      7614,
      17614
    ],
    [
      7630,
      17630
    ],
    [
      7685,
      17685
    ],
    [
      7751,
      17751
    ],
    [
      7780,
      17780
    ],
    [
      7783,
      17783
    ],
    [
      7786,
      17786
    ],
    [
      7787,
      17787
    ],
    [
      7807,
      17807
    ],
    [
      7875,
      17875
    ],
    [
      7877,
      17877
    ],
    [
      7908,
      17908
    ],
    [
      7993,
      17993
    ],
    [
      8038,
      18038
    ],
    [
      8064,
      18064
    ],
    [
      8073,
      18073
    ],
    [
      8076,
      18076
    ],
    [
      8081,
      18081
    ],
    [
      8127,
      18127
    ],
    [
      8164,
      18164
    ],
    [
      8184,
      18184
    ],
    [
      8227,
      18227
    ],
    [
      8235,
      18235
    ],
    [
      8385,
      18385
    ],
    [
      8386,
      18386
    ],
    [
      8408,
      18408
    ],
    [
      8428,
      18428
    ],
    [
      8449,
      18449
    ],
    [
      8450,
      18450
    ],
    [
      8465,
      18465
    ],
    [
      8501,
      18501
    ],
    [
      8529,
      18529
    ],
    [
      8539,
      18539
    ],
    [
      8543,
      18543
    ],
    [
      8634,
      18634
    ],
    [
      8637,
      18637
    ],
    [
      8666,
      18666
    ],
    [
      8669,
      18669
    ],
    [
      8680,
      18680
    ],
    [
      8748,
      18748
    ],
    [
      8764,
      18764
    ],
    [
      8823,
      18823
    ],
    [
      8824,
      18824
    ],
    [
      8848,
      18848
    ],
    [
      8859,
      18859
    ],
    [
      8862,
      18862
    ],
    [
      8898,
      18898
    ],
    [
      8938,
      18938
    ],
    [
      8964,
      18964
    ],
    [
      8968,
      18968
    ],
    [
      8995,
      18995
    ],
    [
      9014,
      19014
    ],
    [
      9060,
      19060
    ],
    [
      9070,
      19070
    ],
    [
      9093,
      19093
    ],
    [
      9115,
      19115
    ],
    [
      9284,
      19284
    ],
    [
      9339,
      19339
    ],
    [
      9348,
      19348
    ],
    [
      9370,
      19370
    ],
    [
      9376,
      19376
    ],
    [
      9382,
      19382
    ],
    [
      9459,
      19459
    ],
    [
      9471,
      19471
    ],
    [
      9484,
      19484
    ],
    [
      9491,
      19491
    ],
    [
      9494,
      19494
    ],
    [
      9548,
      19548
    ],
    [
      9568,
      19568
    ],
    [
      9578,
      19578
    ],
    [
      9597,
      19597
    ],
    [
      9598,
      19598
    ],
    [
      9606,
      19606
    ],
    [
      9617,
      19617
    ],
    [
      9645,
      19645
    ],
    [
      9680,
      19680
    ],
    [
      9699,
      19699
    ],
    [
      9732,
      19732
    ],
    [
      9743,
      19743
    ],
    [
      9764,
      19764
    ],
    [
      9813,
      19813
    ],
    [
      9820,
      19820
    ],
    [
      9837,
      19837
    ],
    [
      9875,
      19875
    ],
    [
      9883,
      19883
    ],
    [
      9885,
      19885
    ],
    [
      9905,
      19905
    ],
    [
      9914,
      19914
    ],
    [
      9949,
      19949
    ]
  ]
}