{
  "n_true_positives": 182,
  "n_positives": 182,
  "total_time": 149.828449010849,
  "date": "2025-01-25T15:41:12.541506",
  "backend": "BruteForce",
  "n_bins": 0,
  "eps": 7.5,
  "args": {
    "csvpath": [
      "../data/RobustBench/predictions/cifar100c-Diffenderfer2021Winning_LRR_CARD_Deck/vanilla.csv",
      "../data/RobustBench/predictions/cifar100c-Diffenderfer2021Winning_LRR_CARD_Deck/pixelate-1.csv"
    ],
    "eps": 7.5,
    "n_bins": 0,
    "n_examples": -1,
    "out_path": "../results/semantic//results/cifar100c-Diffenderfer2021Winning_LRR_CARD_Deck/cifar100c-Diffenderfer2021Winning_LRR_CARD_Deck-L2-7.5-pixelate-1.json",
    "full_output": false,
    "verbose": false,
    "randomize_order": false,
    "backend": "bf",
    "blind_cols": null,
    "pred": "pred",
    "metric": "L2"
  },
  "backend_meta": {
    "epsilon": 7.5,
    "decision_col": "pred",
    "metric": "Linf",
    "is_exact": true,
    "is_sound": true,
    "is_complete": true
  },
  "positives": [
    [
      79,
      10079
    ],
    [
      171,
      10171
    ],
    [
      222,
      10222
    ],
    [
      300,
      10300
    ],
    [
      304,
      10304
    ],
    [
      451,
      10451
    ],
    [
      491,
      10491
    ],
    [
      617,
      10617
    ],
    [
      618,
      10618
    ],
    [
      799,
      10799
    ],
    [
      866,
      10866
    ],
    [
      870,
      10870
    ],
    [
      936,
      10936
    ],
    [
      1049,
      11049
    ],
    [
      1084,
      11084
    ],
    [
      1107,
      11107
    ],
    [
      1113,
      11113
    ],
    [
      1192,
      11192
    ],
    [
      1272,
      11272
    ],
    [
      1433,
      11433
    ],
    [
      1648,
      11648
    ],
    [
      1814,
      11814
    ],
    [
      1815,
      11815
    ],
    [
      1820,
      11820
    ],
    [
      1883,
      11883
    ],
    [
      2035,
      12035
    ],
    [
      2043,
      12043
    ],
    [
      2045,
      12045
    ],
    [
      2059,
      12059
    ],
    [
      2076,
      12076
    ],
    [
      2107,
      12107
    ],
    [
      2157,
      12157
    ],
    [
      2173,
      12173
    ],
    [
      2237,
      12237
    ],
    [
      2327,
      12327
    ],
    [
      2347,
      12347
    ],
    [
      2490,
      12490
    ],
    [
      2695,
      12695
    ],
    [
      2761,
      12761
    ],
    [
      2769,
      12769
    ],
    [
      2800,
      12800
    ],
    [
      2858,
      12858
    ],
    [
      2931,
      12931
    ],
    [
      3062,
      13062
    ],
    [
      3088,
      13088
    ],
    [
      3194,
      13194
    ],
    [
      3201,
      13201
    ],
    [
      3221,
      13221
    ],
    [
      3233,
      13233
    ],
    [
      3263,
      13263
    ],
    [
      3279,
      13279
    ],
    [
      3373,
      13373
    ],
    [
      3408,
      13408
    ],
    [
      3416,
      13416
    ],
    [
      3417,
      13417
    ],
    [
      3483,
      13483
    ],
    [
      3656,
      13656
    ],
    [
      3843,
      13843
    ],
    [
      3844,
      13844
    ],
    [
      3875,
      13875
    ],
    [
      3930,
      13930
    ],
    [
      4007,
      14007
    ],
    [
      4051,
      14051
    ],
    [
      4069,
      14069
    ],
    [
      4135,
      14135
    ],
    [
      4240,
      14240
    ],
    [
      4273,
      14273
    ],
    [
      4300,
      14300
    ],
    [
      4337,
      14337
    ],
    [
      4397,
      14397
    ],
    [
      4516,
      14516
    ],
    [
      4566,
      14566
    ],
    [
      4603,
      14603
    ],
    [
      4614,
      14614
    ],
    [
      4622,
      14622
    ],
    [
      5074,
      15074
    ],
    [
      5136,
      15136
    ],
    [
      5143,
      15143
    ],
    [
      5160,
      15160
    ],
    [
      5168,
      15168
    ],
    [
      5195,
      15195
    ],
    [
      5284,
      15284
    ],
    [
      5289,
      15289
    ],
    [
      5297,
      15297
    ],
    [
      5406,
      15406
    ],
    [
      5444,
      15444
    ],
    [
      5465,
      15465
    ],
    [
      5542,
      15542
    ],
    [
      5584,
      15584
    ],
    [
      5618,
      15618
    ],
    [
      5653,
      15653
    ],
    [
      5739,
      15739
    ],
    [
      5748,
      15748
    ],
    [
      5895,
      15895
    ],
    [
      5930,
      15930
    ],
    [
      5952,
      15952
    ],
    [
      5956,
      15956
    ],
    [
      6035,
      16035
    ],
    [
      6058,
      16058
    ],
    [
      6111,
      16111
    ],
    [
      6148,
      16148
    ],
    [
      6244,
      16244
    ],
    [
      6247,
      16247
    ],
    [
      6259,
      16259
    ],
    [
      6325,
      16325
    ],
    [
      6371,
      16371
    ],
    [
      6496,
      16496
    ],
    [
      6554,
      16554
    ],
    [
      6680,
      16680
    ],
    [
      6725,
      16725
    ],
    [
      6733,
      16733
    ],
    [
      6872,
      16872
    ],
    [
      7024,
      17024
    ],
    [
      7040,
      17040
    ],
    [
      7057,
      17057
    ],
    [
      7094,
      17094
    ],
    [
      7135,
      17135
    ],
    [
      7158,
      17158
    ],
    [
      7185,
      17185
    ],
    [
      7341,
      17341
    ],
    [
      7390,
      17390
    ],
    [
      7398,
      17398
    ],
    [
      7399,
      17399
    ],
    [
      7408,
      17408
    ],
    [
      7425,
      17425
    ],
    [
      7451,
      17451
    ],
    [
      7463,
      17463
    ],
    [
      7557,
      17557
    ],
    [
      7573,
      17573
    ],
    [
      7582,
      17582
    ],
    [
      7654,
      17654
    ],
    [
      7682,
      17682
    ],
    [
      7691,
      17691
    ],
    [
      7700,
      17700
    ],
    [
      7727,
      17727
    ],
    [
      7772,
      17772
    ],
    [
      7778,
      17778
    ],
    [
      7786,
      17786
    ],
    [
      7912,
      17912
    ],
    [
      8113,
      18113
    ],
    [
      8210,
      18210
    ],
    [
      8270,
      18270
    ],
    [
      8295,
      18295
    ],
    [
      8297,
      18297
    ],
    [
      8403,
      18403
    ],
    [
      8422,
      18422
    ],
    [
      8428,
      18428
    ],
    [
      8437,
      18437
    ],
    [
      8449,
      18449
    ],
    [
      8586,
      18586
    ],
    [
      8625,
      18625
    ],
    [
      8651,
      18651
    ],
    [
      8674,
      18674
    ],
    [
      8706,
      18706
    ],
    [
      8815,
      18815
    ],
    [
      8848,
      18848
    ],
    [
      8939,
      18939
    ],
    [
      8948,
      18948
    ],
    [
      8995,
      18995
    ],
    [
      9013,
      19013
    ],
    [
      9046,
      19046
    ],
    [
      9162,
      19162
    ],
    [
      9188,
      19188
    ],
    [
      9249,
      19249
    ],
    [
      9263,
      19263
    ],
    [
      9280,
      19280
    ],
    [
      9379,
      19379
    ],
    [
      9383,
      19383
    ],
    [
      9384,
      19384
    ],
    [
      9455,
      19455
    ],
    [
      9511,
      19511
    ],
    [
      9548,
      19548
    ],
    [
      9598,
      19598
    ],
    [
      9636,
      19636
    ],
    [
      9730,
      19730
    ],
    [
      9761,
      19761
    ],
    [
      9798,
      19798
    ],
    [
      9874,
      19874
    ],
    [
      9879,
      19879
    ],
    [
      9914,
      19914
    ],
    [
      9984,
      19984
    ],
    [
      9994,
      19994
    ]
  ]
}