{
  "n_true_positives": 20,
  "n_positives": 20,
  "total_time": 145.0322971343994,
  "date": "2025-01-25T15:44:12.531114",
  "backend": "BruteForce",
  "n_bins": 0,
  "eps": 7.5,
  "args": {
    "csvpath": [
      "../data/RobustBench/predictions/cifar100c-Diffenderfer2021Winning_LRR_CARD_Deck/vanilla.csv",
      "../data/RobustBench/predictions/cifar100c-Diffenderfer2021Winning_LRR_CARD_Deck/fog-2.csv"
    ],
    "eps": 7.5,
    "n_bins": 0,
    "n_examples": -1,
    "out_path": "../results/semantic//results/cifar100c-Diffenderfer2021Winning_LRR_CARD_Deck/cifar100c-Diffenderfer2021Winning_LRR_CARD_Deck-L2-7.5-fog-2.json",
    "full_output": false,
    "verbose": false,
    "randomize_order": false,
    "backend": "bf",
    "blind_cols": null,
    "pred": "pred",
    "metric": "L2"
  },
  "backend_meta": {
    "epsilon": 7.5,
    "decision_col": "pred",
    "metric": "Linf",
    "is_exact": true,
    "is_sound": true,
    "is_complete": true
  },
  "positives": [
    [
      554,
      10554
    ],
    [
      1295,
      11295
    ],
    [
      1369,
      11369
    ],
    [
      1701,
      11701
    ],
    [
      1852,
      11852
    ],
    [
      1977,
      11977
    ],
    [
      2391,
      12391
    ],
    [
      2482,
      12482
    ],
    [
      2623,
      12623
    ],
    [
      2924,
      12924
    ],
    [
      3664,
      13664
    ],
    [
      4175,
      14175
    ],
    [
      5980,
      15980
    ],
    [
      6522,
      16522
    ],
    [
      6841,
      16841
    ],
    [
      6988,
      16988
    ],
    [
      8008,
      18008
    ],
    [
      8958,
      18958
    ],
    [
      9416,
      19416
    ],
    [
      12247,
      15194
    ]
  ]
}