{
  "n_true_positives": 441,
  "n_positives": 441,
  "total_time": 166.03734397888184,
  "date": "2025-01-25T15:44:34.831746",
  "backend": "BruteForce",
  "n_bins": 0,
  "eps": 7.5,
  "args": {
    "csvpath": [
      "../data/RobustBench/predictions/cifar100c-Diffenderfer2021Winning_LRR_CARD_Deck/vanilla.csv",
      "../data/RobustBench/predictions/cifar100c-Diffenderfer2021Winning_LRR_CARD_Deck/shot_noise-1.csv"
    ],
    "eps": 7.5,
    "n_bins": 0,
    "n_examples": -1,
    "out_path": "../results/semantic//results/cifar100c-Diffenderfer2021Winning_LRR_CARD_Deck/cifar100c-Diffenderfer2021Winning_LRR_CARD_Deck-L2-7.5-shot_noise-1.json",
    "full_output": false,
    "verbose": false,
    "randomize_order": false,
    "backend": "bf",
    "blind_cols": null,
    "pred": "pred",
    "metric": "L2"
  },
  "backend_meta": {
    "epsilon": 7.5,
    "decision_col": "pred",
    "metric": "Linf",
    "is_exact": true,
    "is_sound": true,
    "is_complete": true
  },
  "positives": [
    [
      10,
      10010
    ],
    [
      31,
      10031
    ],
    [
      60,
      10060
    ],
    [
      79,
      10079
    ],
    [
      89,
      10089
    ],
    [
      99,
      10099
    ],
    [
      127,
      10127
    ],
    [
      143,
      10143
    ],
    [
      165,
      10165
    ],
    [
      172,
      10172
    ],
    [
      173,
      10173
    ],
    [
      227,
      10227
    ],
    [
      255,
      10255
    ],
    [
      339,
      10339
    ],
    [
      351,
      10351
    ],
    [
      352,
      10352
    ],
    [
      365,
      10365
    ],
    [
      366,
      10366
    ],
    [
      379,
      10379
    ],
    [
      385,
      10385
    ],
    [
      416,
      10416
    ],
    [
      419,
      10419
    ],
    [
      439,
      10439
    ],
    [
      451,
      10451
    ],
    [
      454,
      10454
    ],
    [
      486,
      10486
    ],
    [
      521,
      10521
    ],
    [
      530,
      10530
    ],
    [
      549,
      10549
    ],
    [
      550,
      10550
    ],
    [
      558,
      10558
    ],
    [
      564,
      10564
    ],
    [
      569,
      10569
    ],
    [
      618,
      10618
    ],
    [
      640,
      10640
    ],
    [
      645,
      10645
    ],
    [
      664,
      10664
    ],
    [
      671,
      10671
    ],
    [
      673,
      10673
    ],
    [
      791,
      10791
    ],
    [
      799,
      10799
    ],
    [
      844,
      10844
    ],
    [
      855,
      10855
    ],
    [
      860,
      10860
    ],
    [
      870,
      10870
    ],
    [
      871,
      10871
    ],
    [
      897,
      10897
    ],
    [
      904,
      10904
    ],
    [
      915,
      10915
    ],
    [
      936,
      10936
    ],
    [
      950,
      10950
    ],
    [
      985,
      10985
    ],
    [
      1000,
      11000
    ],
    [
      1017,
      11017
    ],
    [
      1042,
      11042
    ],
    [
      1049,
      11049
    ],
    [
      1058,
      11058
    ],
    [
      1061,
      11061
    ],
    [
      1069,
      11069
    ],
    [
      1072,
      11072
    ],
    [
      1079,
      11079
    ],
    [
      1114,
      11114
    ],
    [
      1248,
      11248
    ],
    [
      1263,
      11263
    ],
    [
      1272,
      11272
    ],
    [
      1314,
      11314
    ],
    [
      1349,
      11349
    ],
    [
      1352,
      11352
    ],
    [
      1384,
      11384
    ],
    [
      1400,
      11400
    ],
    [
      1407,
      11407
    ],
    [
      1439,
      11439
    ],
    [
      1443,
      11443
    ],
    [
      1453,
      11453
    ],
    [
      1465,
      11465
    ],
    [
      1490,
      11490
    ],
    [
      1493,
      11493
    ],
    [
      1531,
      11531
    ],
    [
      1532,
      11532
    ],
    [
      1545,
      11545
    ],
    [
      1550,
      11550
    ],
    [
      1570,
      11570
    ],
    [
      1602,
      11602
    ],
    [
      1609,
      11609
    ],
    [
      1628,
      11628
    ],
    [
      1634,
      11634
    ],
    [
      1643,
      11643
    ],
    [
      1655,
      11655
    ],
    [
      1673,
      11673
    ],
    [
      1682,
      11682
    ],
    [
      1692,
      11692
    ],
    [
      1710,
      11710
    ],
    [
      1725,
      11725
    ],
    [
      1730,
      11730
    ],
    [
      1744,
      11744
    ],
    [
      1763,
      11763
    ],
    [
      1765,
      11765
    ],
    [
      1809,
      11809
    ],
    [
      1820,
      11820
    ],
    [
      1821,
      11821
    ],
    [
      1836,
      11836
    ],
    [
      1875,
      11875
    ],
    [
      1883,
      11883
    ],
    [
      1917,
      11917
    ],
    [
      1929,
      11929
    ],
    [
      1949,
      11949
    ],
    [
      2048,
      12048
    ],
    [
      2052,
      12052
    ],
    [
      2056,
      12056
    ],
    [
      2071,
      12071
    ],
    [
      2093,
      12093
    ],
    [
      2097,
      12097
    ],
    [
      2107,
      12107
    ],
    [
      2125,
      12125
    ],
    [
      2136,
      12136
    ],
    [
      2147,
      12147
    ],
    [
      2156,
      12156
    ],
    [
      2173,
      12173
    ],
    [
      2189,
      12189
    ],
    [
      2194,
      12194
    ],
    [
      2200,
      12200
    ],
    [
      2220,
      12220
    ],
    [
      2230,
      12230
    ],
    [
      2250,
      12250
    ],
    [
      2278,
      12278
    ],
    [
      2340,
      12340
    ],
    [
      2345,
      12345
    ],
    [
      2351,
      12351
    ],
    [
      2391,
      12391
    ],
    [
      2392,
      12392
    ],
    [
      2393,
      12393
    ],
    [
      2428,
      12428
    ],
    [
      2455,
      12455
    ],
    [
      2498,
      12498
    ],
    [
      2526,
      12526
    ],
    [
      2555,
      12555
    ],
    [
      2573,
      12573
    ],
    [
      2583,
      12583
    ],
    [
      2597,
      12597
    ],
    [
      2610,
      12610
    ],
    [
      2636,
      12636
    ],
    [
      2641,
      12641
    ],
    [
      2651,
      12651
    ],
    [
      2704,
      12704
    ],
    [
      2718,
      12718
    ],
    [
      2719,
      12719
    ],
    [
      2759,
      12759
    ],
    [
      2809,
      12809
    ],
    [
      2820,
      12820
    ],
    [
      2869,
      12869
    ],
    [
      2872,
      12872
    ],
    [
      2930,
      12930
    ],
    [
      3001,
      13001
    ],
    [
      3027,
      13027
    ],
    [
      3028,
      13028
    ],
    [
      3043,
      13043
    ],
    [
      3071,
      13071
    ],
    [
      3091,
      13091
    ],
    [
      3093,
      13093
    ],
    [
      3106,
      13106
    ],
    [
      3132,
      13132
    ],
    [
      3144,
      13144
    ],
    [
      3201,
      13201
    ],
    [
      3224,
      13224
    ],
    [
      3229,
      13229
    ],
    [
      3233,
      13233
    ],
    [
      3254,
      13254
    ],
    [
      3263,
      13263
    ],
    [
      3305,
      13305
    ],
    [
      3316,
      13316
    ],
    [
      3332,
      13332
    ],
    [
      3336,
      13336
    ],
    [
      3390,
      13390
    ],
    [
      3405,
      13405
    ],
    [
      3423,
      13423
    ],
    [
      3468,
      13468
    ],
    [
      3480,
      13480
    ],
    [
      3483,
      13483
    ],
    [
      3535,
      13535
    ],
    [
      3552,
      13552
    ],
    [
      3556,
      13556
    ],
    [
      3569,
      13569
    ],
    [
      3616,
      13616
    ],
    [
      3618,
      13618
    ],
    [
      3635,
      13635
    ],
    [
      3667,
      13667
    ],
    [
      3680,
      13680
    ],
    [
      3692,
      13692
    ],
    [
      3720,
      13720
    ],
    [
      3744,
      13744
    ],
    [
      3761,
      13761
    ],
    [
      3796,
      13796
    ],
    [
      3824,
      13824
    ],
    [
      3843,
      13843
    ],
    [
      3844,
      13844
    ],
    [
      3848,
      13848
    ],
    [
      3860,
      13860
    ],
    [
      3883,
      13883
    ],
    [
      3952,
      13952
    ],
    [
      3959,
      13959
    ],
    [
      3984,
      13984
    ],
    [
      4006,
      14006
    ],
    [
      4050,
      14050
    ],
    [
      4067,
      14067
    ],
    [
      4084,
      14084
    ],
    [
      4090,
      14090
    ],
    [
      4110,
      14110
    ],
    [
      4174,
      14174
    ],
    [
      4240,
      14240
    ],
    [
      4275,
      14275
    ],
    [
      4288,
      14288
    ],
    [
      4300,
      14300
    ],
    [
      4302,
      14302
    ],
    [
      4303,
      14303
    ],
    [
      4337,
      14337
    ],
    [
      4350,
      14350
    ],
    [
      4359,
      14359
    ],
    [
      4396,
      14396
    ],
    [
      4476,
      14476
    ],
    [
      4514,
      14514
    ],
    [
      4559,
      14559
    ],
    [
      4596,
      14596
    ],
    [
      4612,
      14612
    ],
    [
      4622,
      14622
    ],
    [
      4645,
      14645
    ],
    [
      4679,
      14679
    ],
    [
      4688,
      14688
    ],
    [
      4704,
      14704
    ],
    [
      4729,
      14729
    ],
    [
      4756,
      14756
    ],
    [
      4795,
      14795
    ],
    [
      4808,
      14808
    ],
    [
      4811,
      14811
    ],
    [
      4827,
      14827
    ],
    [
      4840,
      14840
    ],
    [
      4846,
      14846
    ],
    [
      4863,
      14863
    ],
    [
      4867,
      14867
    ],
    [
      4877,
      14877
    ],
    [
      4888,
      14888
    ],
    [
      4908,
      14908
    ],
    [
      4911,
      14911
    ],
    [
      4929,
      14929
    ],
    [
      4937,
      14937
    ],
    [
      4943,
      14943
    ],
    [
      4962,
      14962
    ],
    [
      4963,
      14963
    ],
    [
      4981,
      14981
    ],
    [
      4997,
      14997
    ],
    [
      5012,
      15012
    ],
    [
      5038,
      15038
    ],
    [
      5049,
      15049
    ],
    [
      5068,
      15068
    ],
    [
      5081,
      15081
    ],
    [
      5099,
      15099
    ],
    [
      5105,
      15105
    ],
    [
      5111,
      15111
    ],
    [
      5128,
      15128
    ],
    [
      5134,
      15134
    ],
    [
      5143,
      15143
    ],
    [
      5160,
      15160
    ],
    [
      5165,
      15165
    ],
    [
      5168,
      15168
    ],
    [
      5173,
      15173
    ],
    [
      5195,
      15195
    ],
    [
      5200,
      15200
    ],
    [
      5201,
      15201
    ],
    [
      5208,
      15208
    ],
    [
      5276,
      15276
    ],
    [
      5312,
      15312
    ],
    [
      5327,
      15327
    ],
    [
      5359,
      15359
    ],
    [
      5381,
      15381
    ],
    [
      5418,
      15418
    ],
    [
      5506,
      15506
    ],
    [
      5569,
      15569
    ],
    [
      5589,
      15589
    ],
    [
      5594,
      15594
    ],
    [
      5595,
      15595
    ],
    [
      5639,
      15639
    ],
    [
      5661,
      15661
    ],
    [
      5680,
      15680
    ],
    [
      5687,
      15687
    ],
    [
      5693,
      15693
    ],
    [
      5748,
      15748
    ],
    [
      5785,
      15785
    ],
    [
      5823,
      15823
    ],
    [
      5833,
      15833
    ],
    [
      5897,
      15897
    ],
    [
      5903,
      15903
    ],
    [
      5933,
      15933
    ],
    [
      5952,
      15952
    ],
    [
      5956,
      15956
    ],
    [
      5966,
      15966
    ],
    [
      5996,
      15996
    ],
    [
      6021,
      16021
    ],
    [
      6024,
      16024
    ],
    [
      6035,
      16035
    ],
    [
      6070,
      16070
    ],
    [
      6118,
      16118
    ],
    [
      6142,
      16142
    ],
    [
      6148,
      16148
    ],
    [
      6207,
      16207
    ],
    [
      6230,
      16230
    ],
    [
      6255,
      16255
    ],
    [
      6280,
      16280
    ],
    [
      6414,
      16414
    ],
    [
      6473,
      16473
    ],
    [
      6476,
      16476
    ],
    [
      6499,
      16499
    ],
    [
      6511,
      16511
    ],
    [
      6554,
      16554
    ],
    [
      6641,
      16641
    ],
    [
      6700,
      16700
    ],
    [
      6705,
      16705
    ],
    [
      6720,
      16720
    ],
    [
      6721,
      16721
    ],
    [
      6733,
      16733
    ],
    [
      6756,
      16756
    ],
    [
      6763,
      16763
    ],
    [
      6854,
      16854
    ],
    [
      6872,
      16872
    ],
    [
      6913,
      16913
    ],
    [
      6919,
      16919
    ],
    [
      6954,
      16954
    ],
    [
      6994,
      16994
    ],
    [
      7005,
      17005
    ],
    [
      7024,
      17024
    ],
    [
      7040,
      17040
    ],
    [
      7053,
      17053
    ],
    [
      7142,
      17142
    ],
    [
      7158,
      17158
    ],
    [
      7183,
      17183
    ],
    [
      7184,
      17184
    ],
    [
      7185,
      17185
    ],
    [
      7225,
      17225
    ],
    [
      7246,
      17246
    ],
    [
      7252,
      17252
    ],
    [
      7291,
      17291
    ],
    [
      7314,
      17314
    ],
    [
      7343,
      17343
    ],
    [
      7368,
      17368
    ],
    [
      7380,
      17380
    ],
    [
      7383,
      17383
    ],
    [
      7399,
      17399
    ],
    [
      7408,
      17408
    ],
    [
      7454,
      17454
    ],
    [
      7471,
      17471
    ],
    [
      7517,
      17517
    ],
    [
      7550,
      17550
    ],
    [
      7614,
      17614
    ],
    [
      7643,
      17643
    ],
    [
      7644,
      17644
    ],
    [
      7650,
      17650
    ],
    [
      7654,
      17654
    ],
    [
      7695,
      17695
    ],
    [
      7707,
      17707
    ],
    [
      7713,
      17713
    ],
    [
      7734,
      17734
    ],
    [
      7735,
      17735
    ],
    [
      7750,
      17750
    ],
    [
      7757,
      17757
    ],
    [
      7759,
      17759
    ],
    [
      7768,
      17768
    ],
    [
      7786,
      17786
    ],
    [
      7877,
      17877
    ],
    [
      7883,
      17883
    ],
    [
      7894,
      17894
    ],
    [
      7912,
      17912
    ],
    [
      7942,
      17942
    ],
    [
      7956,
      17956
    ],
    [
      7974,
      17974
    ],
    [
      7976,
      17976
    ],
    [
      7984,
      17984
    ],
    [
      8000,
      18000
    ],
    [
      8062,
      18062
    ],
    [
      8072,
      18072
    ],
    [
      8076,
      18076
    ],
    [
      8083,
      18083
    ],
    [
      8118,
      18118
    ],
    [
      8122,
      18122
    ],
    [
      8155,
      18155
    ],
    [
      8199,
      18199
    ],
    [
      8210,
      18210
    ],
    [
      8258,
      18258
    ],
    [
      8282,
      18282
    ],
    [
      8285,
      18285
    ],
    [
      8292,
      18292
    ],
    [
      8338,
      18338
    ],
    [
      8408,
      18408
    ],
    [
      8425,
      18425
    ],
    [
      8576,
      18576
    ],
    [
      8591,
      18591
    ],
    [
      8609,
      18609
    ],
    [
      8617,
      18617
    ],
    [
      8642,
      18642
    ],
    [
      8680,
      18680
    ],
    [
      8727,
      18727
    ],
    [
      8784,
      18784
    ],
    [
      8817,
      18817
    ],
    [
      8854,
      18854
    ],
    [
      8863,
      18863
    ],
    [
      8872,
      18872
    ],
    [
      8904,
      18904
    ],
    [
      8921,
      18921
    ],
    [
      8934,
      18934
    ],
    [
      8939,
      18939
    ],
    [
      8997,
      18997
    ],
    [
      9004,
      19004
    ],
    [
      9014,
      19014
    ],
    [
      9027,
      19027
    ],
    [
      9070,
      19070
    ],
    [
      9100,
      19100
    ],
    [
      9123,
      19123
    ],
    [
      9138,
      19138
    ],
    [
      9140,
      19140
    ],
    [
      9158,
      19158
    ],
    [
      9179,
      19179
    ],
    [
      9309,
      19309
    ],
    [
      9318,
      19318
    ],
    [
      9382,
      19382
    ],
    [
      9433,
      19433
    ],
    [
      9442,
      19442
    ],
    [
      9459,
      19459
    ],
    [
      9464,
      19464
    ],
    [
      9503,
      19503
    ],
    [
      9581,
      19581
    ],
    [
      9608,
      19608
    ],
    [
      9612,
      19612
    ],
    [
      9619,
      19619
    ],
    [
      9633,
      19633
    ],
    [
      9640,
      19640
    ],
    [
      9673,
      19673
    ],
    [
      9685,
      19685
    ],
    [
      9761,
      19761
    ],
    [
      9763,
      19763
    ],
    [
      9811,
      19811
    ],
    [
      9935,
      19935
    ],
    [
      9962,
      19962
    ],
    [
      9984,
      19984
    ],
    [
      9994,
      19994
    ]
  ]
}