{
  "n_true_positives": 377,
  "n_positives": 377,
  "total_time": 48.6633517742157,
  "date": "2025-01-25T15:43:05.346483",
  "backend": "BruteForce",
  "n_bins": 0,
  "eps": 7.5,
  "args": {
    "csvpath": [
      "../data/RobustBench/predictions/cifar100c-Diffenderfer2021Winning_LRR_CARD_Deck/vanilla.csv",
      "../data/RobustBench/predictions/cifar100c-Diffenderfer2021Winning_LRR_CARD_Deck/defocus_blur-2.csv"
    ],
    "eps": 7.5,
    "n_bins": 0,
    "n_examples": -1,
    "out_path": "../results/semantic//results/cifar100c-Diffenderfer2021Winning_LRR_CARD_Deck/cifar100c-Diffenderfer2021Winning_LRR_CARD_Deck-L2-7.5-defocus_blur-2.json",
    "full_output": false,
    "verbose": false,
    "randomize_order": false,
    "backend": "bf",
    "blind_cols": null,
    "pred": "pred",
    "metric": "L2"
  },
  "backend_meta": {
    "epsilon": 7.5,
    "decision_col": "pred",
    "metric": "Linf",
    "is_exact": true,
    "is_sound": true,
    "is_complete": true
  },
  "positives": [
    [
      6,
      10006
    ],
    [
      49,
      10049
    ],
    [
      64,
      10064
    ],
    [
      72,
      10072
    ],
    [
      89,
      10089
    ],
    [
      127,
      10127
    ],
    [
      165,
      10165
    ],
    [
      169,
      10169
    ],
    [
      222,
      10222
    ],
    [
      305,
      10305
    ],
    [
      336,
      10336
    ],
    [
      369,
      10369
    ],
    [
      385,
      10385
    ],
    [
      411,
      10411
    ],
    [
      419,
      10419
    ],
    [
      451,
      10451
    ],
    [
      452,
      10452
    ],
    [
      456,
      10456
    ],
    [
      466,
      10466
    ],
    [
      476,
      10476
    ],
    [
      496,
      10496
    ],
    [
      539,
      10539
    ],
    [
      544,
      10544
    ],
    [
      554,
      10554
    ],
    [
      569,
      10569
    ],
    [
      595,
      10595
    ],
    [
      597,
      10597
    ],
    [
      618,
      10618
    ],
    [
      663,
      10663
    ],
    [
      664,
      10664
    ],
    [
      673,
      10673
    ],
    [
      704,
      10704
    ],
    [
      791,
      10791
    ],
    [
      798,
      10798
    ],
    [
      818,
      10818
    ],
    [
      829,
      10829
    ],
    [
      836,
      10836
    ],
    [
      866,
      10866
    ],
    [
      879,
      10879
    ],
    [
      936,
      10936
    ],
    [
      1014,
      11014
    ],
    [
      1033,
      11033
    ],
    [
      1035,
      11035
    ],
    [
      1041,
      11041
    ],
    [
      1042,
      11042
    ],
    [
      1069,
      11069
    ],
    [
      1088,
      11088
    ],
    [
      1162,
      11162
    ],
    [
      1171,
      11171
    ],
    [
      1203,
      11203
    ],
    [
      1290,
      11290
    ],
    [
      1294,
      11294
    ],
    [
      1295,
      11295
    ],
    [
      1309,
      11309
    ],
    [
      1316,
      11316
    ],
    [
      1399,
      11399
    ],
    [
      1429,
      11429
    ],
    [
      1443,
      11443
    ],
    [
      1519,
      11519
    ],
    [
      1520,
      11520
    ],
    [
      1524,
      11524
    ],
    [
      1531,
      11531
    ],
    [
      1550,
      11550
    ],
    [
      1551,
      11551
    ],
    [
      1566,
      11566
    ],
    [
      1570,
      11570
    ],
    [
      1603,
      11603
    ],
    [
      1622,
      11622
    ],
    [
      1643,
      11643
    ],
    [
      1648,
      11648
    ],
    [
      1690,
      11690
    ],
    [
      1725,
      11725
    ],
    [
      1765,
      11765
    ],
    [
      1772,
      11772
    ],
    [
      1836,
      11836
    ],
    [
      1865,
      11865
    ],
    [
      1868,
      11868
    ],
    [
      1912,
      11912
    ],
    [
      1949,
      11949
    ],
    [
      2035,
      12035
    ],
    [
      2047,
      12047
    ],
    [
      2053,
      12053
    ],
    [
      2056,
      12056
    ],
    [
      2057,
      12057
    ],
    [
      2071,
      12071
    ],
    [
      2092,
      12092
    ],
    [
      2213,
      12213
    ],
    [
      2220,
      12220
    ],
    [
      2250,
      12250
    ],
    [
      2282,
      12282
    ],
    [
      2341,
      12341
    ],
    [
      2344,
      12344
    ],
    [
      2345,
      12345
    ],
    [
      2365,
      12365
    ],
    [
      2391,
      12391
    ],
    [
      2428,
      12428
    ],
    [
      2490,
      12490
    ],
    [
      2534,
      12534
    ],
    [
      2610,
      12610
    ],
    [
      2625,
      12625
    ],
    [
      2638,
      12638
    ],
    [
      2651,
      12651
    ],
    [
      2682,
      12682
    ],
    [
      2700,
      12700
    ],
    [
      2745,
      12745
    ],
    [
      2748,
      12748
    ],
    [
      2759,
      12759
    ],
    [
      2765,
      12765
    ],
    [
      2769,
      12769
    ],
    [
      2772,
      12772
    ],
    [
      2800,
      12800
    ],
    [
      2858,
      12858
    ],
    [
      2870,
      12870
    ],
    [
      2894,
      12894
    ],
    [
      2901,
      12901
    ],
    [
      2910,
      12910
    ],
    [
      2962,
      12962
    ],
    [
      2978,
      12978
    ],
    [
      3004,
      13004
    ],
    [
      3018,
      13018
    ],
    [
      3020,
      13020
    ],
    [
      3059,
      13059
    ],
    [
      3071,
      13071
    ],
    [
      3093,
      13093
    ],
    [
      3185,
      13185
    ],
    [
      3194,
      13194
    ],
    [
      3197,
      13197
    ],
    [
      3199,
      13199
    ],
    [
      3233,
      13233
    ],
    [
      3234,
      13234
    ],
    [
      3285,
      13285
    ],
    [
      3365,
      13365
    ],
    [
      3381,
      13381
    ],
    [
      3408,
      13408
    ],
    [
      3417,
      13417
    ],
    [
      3468,
      13468
    ],
    [
      3476,
      13476
    ],
    [
      3508,
      13508
    ],
    [
      3543,
      13543
    ],
    [
      3554,
      13554
    ],
    [
      3556,
      13556
    ],
    [
      3562,
      13562
    ],
    [
      3582,
      13582
    ],
    [
      3624,
      13624
    ],
    [
      3641,
      13641
    ],
    [
      3688,
      13688
    ],
    [
      3690,
      13690
    ],
    [
      3720,
      13720
    ],
    [
      3737,
      13737
    ],
    [
      3782,
      13782
    ],
    [
      3807,
      13807
    ],
    [
      3922,
      13922
    ],
    [
      3952,
      13952
    ],
    [
      3999,
      13999
    ],
    [
      4007,
      14007
    ],
    [
      4018,
      14018
    ],
    [
      4043,
      14043
    ],
    [
      4075,
      14075
    ],
    [
      4086,
      14086
    ],
    [
      4110,
      14110
    ],
    [
      4131,
      14131
    ],
    [
      4151,
      14151
    ],
    [
      4154,
      14154
    ],
    [
      4163,
      14163
    ],
    [
      4176,
      14176
    ],
    [
      4195,
      14195
    ],
    [
      4199,
      14199
    ],
    [
      4204,
      14204
    ],
    [
      4238,
      14238
    ],
    [
      4273,
      14273
    ],
    [
      4275,
      14275
    ],
    [
      4300,
      14300
    ],
    [
      4302,
      14302
    ],
    [
      4350,
      14350
    ],
    [
      4396,
      14396
    ],
    [
      4442,
      14442
    ],
    [
      4476,
      14476
    ],
    [
      4486,
      14486
    ],
    [
      4490,
      14490
    ],
    [
      4601,
      14601
    ],
    [
      4648,
      14648
    ],
    [
      4670,
      14670
    ],
    [
      4702,
      14702
    ],
    [
      4820,
      14820
    ],
    [
      4840,
      14840
    ],
    [
      4846,
      14846
    ],
    [
      4905,
      14905
    ],
    [
      4929,
      14929
    ],
    [
      4943,
      14943
    ],
    [
      4963,
      14963
    ],
    [
      4981,
      14981
    ],
    [
      4996,
      14996
    ],
    [
      5012,
      15012
    ],
    [
      5036,
      15036
    ],
    [
      5085,
      15085
    ],
    [
      5106,
      15106
    ],
    [
      5111,
      15111
    ],
    [
      5132,
      15132
    ],
    [
      5160,
      15160
    ],
    [
      5165,
      15165
    ],
    [
      5173,
      15173
    ],
    [
      5188,
      15188
    ],
    [
      5210,
      15210
    ],
    [
      5221,
      15221
    ],
    [
      5263,
      15263
    ],
    [
      5265,
      15265
    ],
    [
      5312,
      15312
    ],
    [
      5361,
      15361
    ],
    [
      5383,
      15383
    ],
    [
      5402,
      15402
    ],
    [
      5418,
      15418
    ],
    [
      5422,
      15422
    ],
    [
      5424,
      15424
    ],
    [
      5438,
      15438
    ],
    [
      5498,
      15498
    ],
    [
      5521,
      15521
    ],
    [
      5542,
      15542
    ],
    [
      5587,
      15587
    ],
    [
      5599,
      15599
    ],
    [
      5620,
      15620
    ],
    [
      5623,
      15623
    ],
    [
      5631,
      15631
    ],
    [
      5639,
      15639
    ],
    [
      5648,
      15648
    ],
    [
      5653,
      15653
    ],
    [
      5842,
      15842
    ],
    [
      5933,
      15933
    ],
    [
      5956,
      15956
    ],
    [
      5973,
      15973
    ],
    [
      5980,
      15980
    ],
    [
      6008,
      16008
    ],
    [
      6019,
      16019
    ],
    [
      6053,
      16053
    ],
    [
      6068,
      16068
    ],
    [
      6088,
      16088
    ],
    [
      6122,
      16122
    ],
    [
      6157,
      16157
    ],
    [
      6187,
      16187
    ],
    [
      6192,
      16192
    ],
    [
      6210,
      16210
    ],
    [
      6230,
      16230
    ],
    [
      6249,
      16249
    ],
    [
      6273,
      16273
    ],
    [
      6293,
      16293
    ],
    [
      6316,
      16316
    ],
    [
      6365,
      16365
    ],
    [
      6405,
      16405
    ],
    [
      6434,
      16434
    ],
    [
      6438,
      16438
    ],
    [
      6476,
      16476
    ],
    [
      6494,
      16494
    ],
    [
      6499,
      16499
    ],
    [
      6520,
      16520
    ],
    [
      6522,
      16522
    ],
    [
      6529,
      16529
    ],
    [
      6537,
      16537
    ],
    [
      6539,
      16539
    ],
    [
      6546,
      16546
    ],
    [
      6576,
      16576
    ],
    [
      6646,
      16646
    ],
    [
      6680,
      16680
    ],
    [
      6682,
      16682
    ],
    [
      6751,
      16751
    ],
    [
      6753,
      16753
    ],
    [
      6841,
      16841
    ],
    [
      6913,
      16913
    ],
    [
      6919,
      16919
    ],
    [
      6996,
      16996
    ],
    [
      7005,
      17005
    ],
    [
      7040,
      17040
    ],
    [
      7057,
      17057
    ],
    [
      7067,
      17067
    ],
    [
      7094,
      17094
    ],
    [
      7112,
      17112
    ],
    [
      7225,
      17225
    ],
    [
      7237,
      17237
    ],
    [
      7291,
      17291
    ],
    [
      7398,
      17398
    ],
    [
      7400,
      17400
    ],
    [
      7403,
      17403
    ],
    [
      7445,
      17445
    ],
    [
      7451,
      17451
    ],
    [
      7467,
      17467
    ],
    [
      7485,
      17485
    ],
    [
      7503,
      17503
    ],
    [
      7520,
      17520
    ],
    [
      7550,
      17550
    ],
    [
      7574,
      17574
    ],
    [
      7584,
      17584
    ],
    [
      7614,
      17614
    ],
    [
      7630,
      17630
    ],
    [
      7650,
      17650
    ],
    [
      7724,
      17724
    ],
    [
      7733,
      17733
    ],
    [
      7734,
      17734
    ],
    [
      7750,
      17750
    ],
    [
      7751,
      17751
    ],
    [
      7768,
      17768
    ],
    [
      7780,
      17780
    ],
    [
      7826,
      17826
    ],
    [
      7846,
      17846
    ],
    [
      7858,
      17858
    ],
    [
      7872,
      17872
    ],
    [
      7873,
      17873
    ],
    [
      7897,
      17897
    ],
    [
      7909,
      17909
    ],
    [
      7912,
      17912
    ],
    [
      8068,
      18068
    ],
    [
      8076,
      18076
    ],
    [
      8083,
      18083
    ],
    [
      8118,
      18118
    ],
    [
      8296,
      18296
    ],
    [
      8297,
      18297
    ],
    [
      8345,
      18345
    ],
    [
      8348,
      18348
    ],
    [
      8413,
      18413
    ],
    [
      8422,
      18422
    ],
    [
      8428,
      18428
    ],
    [
      8445,
      18445
    ],
    [
      8464,
      18464
    ],
    [
      8526,
      18526
    ],
    [
      8540,
      18540
    ],
    [
      8543,
      18543
    ],
    [
      8571,
      18571
    ],
    [
      8609,
      18609
    ],
    [
      8625,
      18625
    ],
    [
      8669,
      18669
    ],
    [
      8680,
      18680
    ],
    [
      8806,
      18806
    ],
    [
      8824,
      18824
    ],
    [
      8848,
      18848
    ],
    [
      8854,
      18854
    ],
    [
      8887,
      18887
    ],
    [
      8904,
      18904
    ],
    [
      8945,
      18945
    ],
    [
      8965,
      18965
    ],
    [
      8995,
      18995
    ],
    [
      9004,
      19004
    ],
    [
      9016,
      19016
    ],
    [
      9057,
      19057
    ],
    [
      9064,
      19064
    ],
    [
      9070,
      19070
    ],
    [
      9100,
      19100
    ],
    [
      9101,
      19101
    ],
    [
      9102,
      19102
    ],
    [
      9115,
      19115
    ],
    [
      9124,
      19124
    ],
    [
      9138,
      19138
    ],
    [
      9152,
      19152
    ],
    [
      9171,
      19171
    ],
    [
      9188,
      19188
    ],
    [
      9214,
      19214
    ],
    [
      9228,
      19228
    ],
    [
      9299,
      19299
    ],
    [
      9375,
      19375
    ],
    [
      9382,
      19382
    ],
    [
      9433,
      19433
    ],
    [
      9459,
      19459
    ],
    [
      9496,
      19496
    ],
    [
      9567,
      19567
    ],
    [
      9580,
      19580
    ],
    [
      9612,
      19612
    ],
    [
      9617,
      19617
    ],
    [
      9631,
      19631
    ],
    [
      9645,
      19645
    ],
    [
      9680,
      19680
    ],
    [
      9699,
      19699
    ],
    [
      9727,
      19727
    ],
    [
      9832,
      19832
    ],
    [
      9837,
      19837
    ],
    [
      9875,
      19875
    ],
    [
      9879,
      19879
    ],
    [
      9890,
      19890
    ],
    [
      9914,
      19914
    ],
    [
      9949,
      19949
    ],
    [
      9952,
      19952
    ],
    [
      9988,
      19988
    ]
  ]
}