{
  "n_true_positives": 224,
  "n_positives": 224,
  "total_time": 53.76823091506958,
  "date": "2025-01-25T15:41:06.984737",
  "backend": "BruteForce",
  "n_bins": 0,
  "eps": 7.5,
  "args": {
    "csvpath": [
      "../data/RobustBench/predictions/cifar100c-Diffenderfer2021Winning_LRR_CARD_Deck/vanilla.csv",
      "../data/RobustBench/predictions/cifar100c-Diffenderfer2021Winning_LRR_CARD_Deck/gaussian_noise-1.csv"
    ],
    "eps": 7.5,
    "n_bins": 0,
    "n_examples": -1,
    "out_path": "../results/semantic//results/cifar100c-Diffenderfer2021Winning_LRR_CARD_Deck/cifar100c-Diffenderfer2021Winning_LRR_CARD_Deck-L2-7.5-gaussian_noise-1.json",
    "full_output": false,
    "verbose": false,
    "randomize_order": false,
    "backend": "bf",
    "blind_cols": null,
    "pred": "pred",
    "metric": "L2"
  },
  "backend_meta": {
    "epsilon": 7.5,
    "decision_col": "pred",
    "metric": "Linf",
    "is_exact": true,
    "is_sound": true,
    "is_complete": true
  },
  "positives": [
    [
      6,
      10006
    ],
    [
      63,
      10063
    ],
    [
      64,
      10064
    ],
    [
      72,
      10072
    ],
    [
      123,
      10123
    ],
    [
      165,
      10165
    ],
    [
      172,
      10172
    ],
    [
      266,
      10266
    ],
    [
      322,
      10322
    ],
    [
      365,
      10365
    ],
    [
      366,
      10366
    ],
    [
      385,
      10385
    ],
    [
      451,
      10451
    ],
    [
      496,
      10496
    ],
    [
      500,
      10500
    ],
    [
      541,
      10541
    ],
    [
      569,
      10569
    ],
    [
      595,
      10595
    ],
    [
      617,
      10617
    ],
    [
      618,
      10618
    ],
    [
      833,
      10833
    ],
    [
      844,
      10844
    ],
    [
      1042,
      11042
    ],
    [
      1061,
      11061
    ],
    [
      1072,
      11072
    ],
    [
      1179,
      11179
    ],
    [
      1192,
      11192
    ],
    [
      1272,
      11272
    ],
    [
      1314,
      11314
    ],
    [
      1328,
      11328
    ],
    [
      1349,
      11349
    ],
    [
      1464,
      11464
    ],
    [
      1478,
      11478
    ],
    [
      1511,
      11511
    ],
    [
      1527,
      11527
    ],
    [
      1545,
      11545
    ],
    [
      1598,
      11598
    ],
    [
      1602,
      11602
    ],
    [
      1628,
      11628
    ],
    [
      1632,
      11632
    ],
    [
      1644,
      11644
    ],
    [
      1649,
      11649
    ],
    [
      1710,
      11710
    ],
    [
      1809,
      11809
    ],
    [
      1883,
      11883
    ],
    [
      2018,
      12018
    ],
    [
      2034,
      12034
    ],
    [
      2043,
      12043
    ],
    [
      2052,
      12052
    ],
    [
      2093,
      12093
    ],
    [
      2136,
      12136
    ],
    [
      2150,
      12150
    ],
    [
      2158,
      12158
    ],
    [
      2173,
      12173
    ],
    [
      2188,
      12188
    ],
    [
      2200,
      12200
    ],
    [
      2215,
      12215
    ],
    [
      2340,
      12340
    ],
    [
      2541,
      12541
    ],
    [
      2619,
      12619
    ],
    [
      2636,
      12636
    ],
    [
      2719,
      12719
    ],
    [
      2755,
      12755
    ],
    [
      2815,
      12815
    ],
    [
      2872,
      12872
    ],
    [
      2891,
      12891
    ],
    [
      2926,
      12926
    ],
    [
      2930,
      12930
    ],
    [
      2955,
      12955
    ],
    [
      2966,
      12966
    ],
    [
      3026,
      13026
    ],
    [
      3087,
      13087
    ],
    [
      3091,
      13091
    ],
    [
      3132,
      13132
    ],
    [
      3150,
      13150
    ],
    [
      3178,
      13178
    ],
    [
      3201,
      13201
    ],
    [
      3224,
      13224
    ],
    [
      3233,
      13233
    ],
    [
      3306,
      13306
    ],
    [
      3369,
      13369
    ],
    [
      3464,
      13464
    ],
    [
      3543,
      13543
    ],
    [
      3618,
      13618
    ],
    [
      3635,
      13635
    ],
    [
      3720,
      13720
    ],
    [
      3779,
      13779
    ],
    [
      3799,
      13799
    ],
    [
      3844,
      13844
    ],
    [
      3875,
      13875
    ],
    [
      3881,
      13881
    ],
    [
      4002,
      14002
    ],
    [
      4007,
      14007
    ],
    [
      4050,
      14050
    ],
    [
      4131,
      14131
    ],
    [
      4201,
      14201
    ],
    [
      4229,
      14229
    ],
    [
      4273,
      14273
    ],
    [
      4335,
      14335
    ],
    [
      4337,
      14337
    ],
    [
      4386,
      14386
    ],
    [
      4389,
      14389
    ],
    [
      4396,
      14396
    ],
    [
      4476,
      14476
    ],
    [
      4500,
      14500
    ],
    [
      4514,
      14514
    ],
    [
      4576,
      14576
    ],
    [
      4688,
      14688
    ],
    [
      4702,
      14702
    ],
    [
      4862,
      14862
    ],
    [
      4908,
      14908
    ],
    [
      4929,
      14929
    ],
    [
      4937,
      14937
    ],
    [
      4978,
      14978
    ],
    [
      4984,
      14984
    ],
    [
      5012,
      15012
    ],
    [
      5017,
      15017
    ],
    [
      5043,
      15043
    ],
    [
      5074,
      15074
    ],
    [
      5099,
      15099
    ],
    [
      5105,
      15105
    ],
    [
      5285,
      15285
    ],
    [
      5327,
      15327
    ],
    [
      5340,
      15340
    ],
    [
      5414,
      15414
    ],
    [
      5433,
      15433
    ],
    [
      5449,
      15449
    ],
    [
      5470,
      15470
    ],
    [
      5499,
      15499
    ],
    [
      5512,
      15512
    ],
    [
      5569,
      15569
    ],
    [
      5595,
      15595
    ],
    [
      5625,
      15625
    ],
    [
      5631,
      15631
    ],
    [
      5648,
      15648
    ],
    [
      5654,
      15654
    ],
    [
      5831,
      15831
    ],
    [
      5890,
      15890
    ],
    [
      5898,
      15898
    ],
    [
      5956,
      15956
    ],
    [
      5969,
      15969
    ],
    [
      5970,
      15970
    ],
    [
      5980,
      15980
    ],
    [
      5987,
      15987
    ],
    [
      6035,
      16035
    ],
    [
      6041,
      16041
    ],
    [
      6070,
      16070
    ],
    [
      6313,
      16313
    ],
    [
      6414,
      16414
    ],
    [
      6424,
      16424
    ],
    [
      6561,
      16561
    ],
    [
      6608,
      16608
    ],
    [
      6641,
      16641
    ],
    [
      6700,
      16700
    ],
    [
      6721,
      16721
    ],
    [
      6872,
      16872
    ],
    [
      6883,
      16883
    ],
    [
      6919,
      16919
    ],
    [
      6971,
      16971
    ],
    [
      7027,
      17027
    ],
    [
      7068,
      17068
    ],
    [
      7073,
      17073
    ],
    [
      7092,
      17092
    ],
    [
      7099,
      17099
    ],
    [
      7185,
      17185
    ],
    [
      7291,
      17291
    ],
    [
      7320,
      17320
    ],
    [
      7369,
      17369
    ],
    [
      7425,
      17425
    ],
    [
      7451,
      17451
    ],
    [
      7580,
      17580
    ],
    [
      7614,
      17614
    ],
    [
      7641,
      17641
    ],
    [
      7643,
      17643
    ],
    [
      7644,
      17644
    ],
    [
      7695,
      17695
    ],
    [
      7733,
      17733
    ],
    [
      7735,
      17735
    ],
    [
      7786,
      17786
    ],
    [
      7809,
      17809
    ],
    [
      7877,
      17877
    ],
    [
      7883,
      17883
    ],
    [
      7912,
      17912
    ],
    [
      7927,
      17927
    ],
    [
      7976,
      17976
    ],
    [
      8068,
      18068
    ],
    [
      8083,
      18083
    ],
    [
      8107,
      18107
    ],
    [
      8171,
      18171
    ],
    [
      8186,
      18186
    ],
    [
      8258,
      18258
    ],
    [
      8338,
      18338
    ],
    [
      8401,
      18401
    ],
    [
      8464,
      18464
    ],
    [
      8562,
      18562
    ],
    [
      8576,
      18576
    ],
    [
      8609,
      18609
    ],
    [
      8617,
      18617
    ],
    [
      8647,
      18647
    ],
    [
      8749,
      18749
    ],
    [
      8759,
      18759
    ],
    [
      8864,
      18864
    ],
    [
      8934,
      18934
    ],
    [
      8973,
      18973
    ],
    [
      9057,
      19057
    ],
    [
      9125,
      19125
    ],
    [
      9280,
      19280
    ],
    [
      9291,
      19291
    ],
    [
      9345,
      19345
    ],
    [
      9374,
      19374
    ],
    [
      9382,
      19382
    ],
    [
      9471,
      19471
    ],
    [
      9548,
      19548
    ],
    [
      9573,
      19573
    ],
    [
      9640,
      19640
    ],
    [
      9673,
      19673
    ],
    [
      9685,
      19685
    ],
    [
      9692,
      19692
    ],
    [
      9791,
      19791
    ],
    [
      9796,
      19796
    ],
    [
      9878,
      19878
    ],
    [
      9948,
      19948
    ],
    [
      9949,
      19949
    ],
    [
      9962,
      19962
    ]
  ]
}