{
  "n_true_positives": 79,
  "n_positives": 79,
  "total_time": 42.49768352508545,
  "date": "2025-01-25T15:39:23.814901",
  "backend": "BruteForce",
  "n_bins": 0,
  "eps": 7.5,
  "args": {
    "csvpath": [
      "../data/RobustBench/predictions/cifar100c-Diffenderfer2021Winning_LRR_CARD_Deck/vanilla.csv",
      "../data/RobustBench/predictions/cifar100c-Diffenderfer2021Winning_LRR_CARD_Deck/brightness-5.csv"
    ],
    "eps": 7.5,
    "n_bins": 0,
    "n_examples": -1,
    "out_path": "../results/semantic//results/cifar100c-Diffenderfer2021Winning_LRR_CARD_Deck/cifar100c-Diffenderfer2021Winning_LRR_CARD_Deck-L2-7.5-brightness-5.json",
    "full_output": false,
    "verbose": false,
    "randomize_order": false,
    "backend": "bf",
    "blind_cols": null,
    "pred": "pred",
    "metric": "L2"
  },
  "backend_meta": {
    "epsilon": 7.5,
    "decision_col": "pred",
    "metric": "Linf",
    "is_exact": true,
    "is_sound": true,
    "is_complete": true
  },
  "positives": [
    [
      63,
      10063
    ],
    [
      79,
      10079
    ],
    [
      222,
      10222
    ],
    [
      286,
      10286
    ],
    [
      430,
      10430
    ],
    [
      616,
      10616
    ],
    [
      845,
      10845
    ],
    [
      929,
      10929
    ],
    [
      1114,
      11114
    ],
    [
      1156,
      11156
    ],
    [
      1169,
      11169
    ],
    [
      1224,
      11224
    ],
    [
      1295,
      11295
    ],
    [
      1490,
      11490
    ],
    [
      1591,
      11591
    ],
    [
      1631,
      11631
    ],
    [
      1673,
      11673
    ],
    [
      2056,
      12056
    ],
    [
      2059,
      12059
    ],
    [
      2110,
      12110
    ],
    [
      2119,
      12119
    ],
    [
      2136,
      12136
    ],
    [
      2228,
      12228
    ],
    [
      2261,
      12261
    ],
    [
      2393,
      12393
    ],
    [
      2682,
      12682
    ],
    [
      2719,
      12719
    ],
    [
      2957,
      12957
    ],
    [
      3254,
      13254
    ],
    [
      3475,
      13475
    ],
    [
      3664,
      13664
    ],
    [
      3701,
      13701
    ],
    [
      3711,
      13711
    ],
    [
      3782,
      13782
    ],
    [
      4044,
      14044
    ],
    [
      4576,
      14576
    ],
    [
      4649,
      14649
    ],
    [
      4997,
      14997
    ],
    [
      5040,
      15040
    ],
    [
      5546,
      15546
    ],
    [
      5618,
      15618
    ],
    [
      5693,
      15693
    ],
    [
      5830,
      15830
    ],
    [
      5982,
      15982
    ],
    [
      6157,
      16157
    ],
    [
      6210,
      16210
    ],
    [
      6401,
      16401
    ],
    [
      6622,
      16622
    ],
    [
      6862,
      16862
    ],
    [
      6981,
      16981
    ],
    [
      7011,
      17011
    ],
    [
      7233,
      17233
    ],
    [
      7323,
      17323
    ],
    [
      7405,
      17405
    ],
    [
      7417,
      17417
    ],
    [
      7522,
      17522
    ],
    [
      7783,
      17783
    ],
    [
      7882,
      17882
    ],
    [
      7898,
      17898
    ],
    [
      7908,
      17908
    ],
    [
      7994,
      17994
    ],
    [
      8140,
      18140
    ],
    [
      8235,
      18235
    ],
    [
      8386,
      18386
    ],
    [
      8501,
      18501
    ],
    [
      8666,
      18666
    ],
    [
      8680,
      18680
    ],
    [
      8817,
      18817
    ],
    [
      8859,
      18859
    ],
    [
      8898,
      18898
    ],
    [
      9115,
      19115
    ],
    [
      9420,
      19420
    ],
    [
      9441,
      19441
    ],
    [
      9597,
      19597
    ],
    [
      9617,
      19617
    ],
    [
      9666,
      19666
    ],
    [
      9699,
      19699
    ],
    [
      9732,
      19732
    ],
    [
      9914,
      19914
    ]
  ]
}