{
  "n_true_positives": 178,
  "n_positives": 178,
  "total_time": 49.01106119155884,
  "date": "2025-01-25T15:43:05.533276",
  "backend": "BruteForce",
  "n_bins": 0,
  "eps": 7.5,
  "args": {
    "csvpath": [
      "../data/RobustBench/predictions/cifar100c-Diffenderfer2021Winning_LRR_CARD_Deck/vanilla.csv",
      "../data/RobustBench/predictions/cifar100c-Diffenderfer2021Winning_LRR_CARD_Deck/contrast-4.csv"
    ],
    "eps": 7.5,
    "n_bins": 0,
    "n_examples": -1,
    "out_path": "../results/semantic//results/cifar100c-Diffenderfer2021Winning_LRR_CARD_Deck/cifar100c-Diffenderfer2021Winning_LRR_CARD_Deck-L2-7.5-contrast-4.json",
    "full_output": false,
    "verbose": false,
    "randomize_order": false,
    "backend": "bf",
    "blind_cols": null,
    "pred": "pred",
    "metric": "L2"
  },
  "backend_meta": {
    "epsilon": 7.5,
    "decision_col": "pred",
    "metric": "Linf",
    "is_exact": true,
    "is_sound": true,
    "is_complete": true
  },
  "positives": [
    [
      5194,
      12236
    ],
    [
      10008,
      13494
    ],
    [
      10089,
      11221
    ],
    [
      10089,
      19020
    ],
    [
      10115,
      15014
    ],
    [
      10143,
      12820
    ],
    [
      10158,
      18781
    ],
    [
      10202,
      11815
    ],
    [
      10202,
      15232
    ],
    [
      10202,
      19632
    ],
    [
      10203,
      17451
    ],
    [
      10213,
      11409
    ],
    [
      10288,
      15360
    ],
    [
      10330,
      15039
    ],
    [
      10335,
      11911
    ],
    [
      10368,
      15702
    ],
    [
      10424,
      15014
    ],
    [
      10571,
      13611
    ],
    [
      10574,
      10631
    ],
    [
      10676,
      19115
    ],
    [
      10696,
      16190
    ],
    [
      10780,
      10898
    ],
    [
      10781,
      12059
    ],
    [
      10785,
      11223
    ],
    [
      10785,
      15240
    ],
    [
      10803,
      15344
    ],
    [
      10872,
      14714
    ],
    [
      10893,
      12473
    ],
    [
      10893,
      13983
    ],
    [
      10893,
      15540
    ],
    [
      10959,
      11948
    ],
    [
      10971,
      15543
    ],
    [
      10971,
      16766
    ],
    [
      10983,
      12067
    ],
    [
      10983,
      13318
    ],
    [
      10983,
      18323
    ],
    [
      11084,
      17495
    ],
    [
      11189,
      14138
    ],
    [
      11217,
      15205
    ],
    [
      11221,
      12393
    ],
    [
      11221,
      15194
    ],
    [
      11221,
      19597
    ],
    [
      11358,
      13189
    ],
    [
      11358,
      14194
    ],
    [
      11417,
      16612
    ],
    [
      11487,
      14616
    ],
    [
      11687,
      14194
    ],
    [
      11688,
      19188
    ],
    [
      11815,
      15014
    ],
    [
      11815,
      15232
    ],
    [
      11872,
      12237
    ],
    [
      11981,
      14016
    ],
    [
      12059,
      15562
    ],
    [
      12059,
      16276
    ],
    [
      12067,
      18227
    ],
    [
      12067,
      18323
    ],
    [
      12110,
      19881
    ],
    [
      12132,
      17765
    ],
    [
      12230,
      13944
    ],
    [
      12236,
      16283
    ],
    [
      12236,
      19306
    ],
    [
      12241,
      18432
    ],
    [
      12244,
      18332
    ],
    [
      12247,
      15488
    ],
    [
      12276,
      12704
    ],
    [
      12286,
      15657
    ],
    [
      12348,
      12922
    ],
    [
      12399,
      12950
    ],
    [
      12473,
      16766
    ],
    [
      12506,
      14086
    ],
    [
      12506,
      18354
    ],
    [
      12509,
      17183
    ],
    [
      12549,
      14092
    ],
    [
      12549,
      16283
    ],
    [
      12549,
      18336
    ],
    [
      12551,
      15657
    ],
    [
      12818,
      15052
    ],
    [
      12862,
      18748
    ],
    [
      12901,
      18964
    ],
    [
      12961,
      14483
    ],
    [
      12961,
      16688
    ],
    [
      13189,
      17519
    ],
    [
      13259,
      15540
    ],
    [
      13278,
      19060
    ],
    [
      13285,
      14092
    ],
    [
      13285,
      18336
    ],
    [
      13318,
      14044
    ],
    [
      13318,
      18227
    ],
    [
      13323,
      17451
    ],
    [
      13388,
      15194
    ],
    [
      13388,
      18943
    ],
    [
      13388,
      19597
    ],
    [
      13505,
      14943
    ],
    [
      13547,
      13814
    ],
    [
      13588,
      14040
    ],
    [
      13612,
      15039
    ],
    [
      13612,
      16864
    ],
    [
      13625,
      14655
    ],
    [
      13668,
      18575
    ],
    [
      13672,
      14235
    ],
    [
      13706,
      17519
    ],
    [
      13714,
      17935
    ],
    [
      13813,
      13933
    ],
    [
      13813,
      18947
    ],
    [
      13840,
      16512
    ],
    [
      13983,
      18184
    ],
    [
      14044,
      15597
    ],
    [
      14113,
      14410
    ],
    [
      14117,
      19349
    ],
    [
      14130,
      17824
    ],
    [
      14130,
      17994
    ],
    [
      14140,
      14165
    ],
    [
      14140,
      15481
    ],
    [
      14165,
      14410
    ],
    [
      14207,
      17402
    ],
    [
      14207,
      17479
    ],
    [
      14410,
      19557
    ],
    [
      14413,
      16690
    ],
    [
      14413,
      19201
    ],
    [
      14556,
      18380
    ],
    [
      14567,
      17442
    ],
    [
      14754,
      15052
    ],
    [
      14841,
      16318
    ],
    [
      15006,
      18807
    ],
    [
      15014,
      15232
    ],
    [
      15014,
      19632
    ],
    [
      15039,
      15194
    ],
    [
      15039,
      15232
    ],
    [
      15039,
      15875
    ],
    [
      15039,
      16283
    ],
    [
      15039,
      19306
    ],
    [
      15053,
      15695
    ],
    [
      15084,
      17310
    ],
    [
      15232,
      16054
    ],
    [
      15240,
      15965
    ],
    [
      15290,
      16554
    ],
    [
      15347,
      17301
    ],
    [
      15488,
      19020
    ],
    [
      15562,
      16276
    ],
    [
      15562,
      16492
    ],
    [
      15703,
      15927
    ],
    [
      15746,
      17635
    ],
    [
      15785,
      16308
    ],
    [
      15830,
      16330
    ],
    [
      15874,
      16190
    ],
    [
      15924,
      18055
    ],
    [
      15924,
      19188
    ],
    [
      15999,
      17896
    ],
    [
      16111,
      18294
    ],
    [
      16276,
      17572
    ],
    [
      16285,
      19201
    ],
    [
      16318,
      18332
    ],
    [
      16625,
      18575
    ],
    [
      16658,
      17310
    ],
    [
      16767,
      17193
    ],
    [
      16864,
      16953
    ],
    [
      16864,
      19515
    ],
    [
      16977,
      19108
    ],
    [
      17201,
      18623
    ],
    [
      17279,
      18748
    ],
    [
      17301,
      17548
    ],
    [
      17321,
      18385
    ],
    [
      17601,
      18090
    ],
    [
      17641,
      18817
    ],
    [
      17665,
      19554
    ],
    [
      17720,
      19050
    ],
    [
      17736,
      18975
    ],
    [
      18055,
      18227
    ],
    [
      18055,
      19188
    ],
    [
      18143,
      19093
    ],
    [
      18227,
      19115
    ],
    [
      18294,
      19619
    ],
    [
      18323,
      18658
    ],
    [
      18332,
      18978
    ],
    [
      18395,
      19634
    ],
    [
      18575,
      18969
    ],
    [
      18890,
      19739
    ],
    [
      19439,
      19950
    ]
  ]
}