{
  "n_true_positives": 25,
  "n_positives": 25,
  "total_time": 41.44964671134949,
  "date": "2025-01-25T15:40:20.924884",
  "backend": "BruteForce",
  "n_bins": 0,
  "eps": 7.5,
  "args": {
    "csvpath": [
      "../data/RobustBench/predictions/cifar100c-Diffenderfer2021Winning_LRR_CARD_Deck/vanilla.csv",
      "../data/RobustBench/predictions/cifar100c-Diffenderfer2021Winning_LRR_CARD_Deck/gaussian_noise-2.csv"
    ],
    "eps": 7.5,
    "n_bins": 0,
    "n_examples": -1,
    "out_path": "../results/semantic//results/cifar100c-Diffenderfer2021Winning_LRR_CARD_Deck/cifar100c-Diffenderfer2021Winning_LRR_CARD_Deck-L2-7.5-gaussian_noise-2.json",
    "full_output": false,
    "verbose": false,
    "randomize_order": false,
    "backend": "bf",
    "blind_cols": null,
    "pred": "pred",
    "metric": "L2"
  },
  "backend_meta": {
    "epsilon": 7.5,
    "decision_col": "pred",
    "metric": "Linf",
    "is_exact": true,
    "is_sound": true,
    "is_complete": true
  },
  "positives": [
    [
      456,
      10456
    ],
    [
      618,
      10618
    ],
    [
      1314,
      11314
    ],
    [
      1442,
      11442
    ],
    [
      1631,
      11631
    ],
    [
      1662,
      11662
    ],
    [
      2136,
      12136
    ],
    [
      2215,
      12215
    ],
    [
      2328,
      12328
    ],
    [
      3233,
      13233
    ],
    [
      4494,
      14494
    ],
    [
      4937,
      14937
    ],
    [
      5693,
      15693
    ],
    [
      5956,
      15956
    ],
    [
      7066,
      17066
    ],
    [
      7369,
      17369
    ],
    [
      7719,
      17719
    ],
    [
      7912,
      17912
    ],
    [
      8338,
      18338
    ],
    [
      8791,
      18791
    ],
    [
      9037,
      19037
    ],
    [
      9123,
      19123
    ],
    [
      9125,
      19125
    ],
    [
      9685,
      19685
    ],
    [
      9796,
      19796
    ]
  ]
}