{
  "n_true_positives": 14,
  "n_positives": 14,
  "total_time": 54.04512047767639,
  "date": "2025-01-25T15:41:07.121183",
  "backend": "BruteForce",
  "n_bins": 0,
  "eps": 7.5,
  "args": {
    "csvpath": [
      "../data/RobustBench/predictions/cifar100c-Diffenderfer2021Winning_LRR_CARD_Deck/vanilla.csv",
      "../data/RobustBench/predictions/cifar100c-Diffenderfer2021Winning_LRR_CARD_Deck/zoom_blur-3.csv"
    ],
    "eps": 7.5,
    "n_bins": 0,
    "n_examples": -1,
    "out_path": "../results/semantic//results/cifar100c-Diffenderfer2021Winning_LRR_CARD_Deck/cifar100c-Diffenderfer2021Winning_LRR_CARD_Deck-L2-7.5-zoom_blur-3.json",
    "full_output": false,
    "verbose": false,
    "randomize_order": false,
    "backend": "bf",
    "blind_cols": null,
    "pred": "pred",
    "metric": "L2"
  },
  "backend_meta": {
    "epsilon": 7.5,
    "decision_col": "pred",
    "metric": "Linf",
    "is_exact": true,
    "is_sound": true,
    "is_complete": true
  },
  "positives": [
    [
      222,
      10222
    ],
    [
      1465,
      11465
    ],
    [
      1725,
      11725
    ],
    [
      1930,
      11930
    ],
    [
      2391,
      12391
    ],
    [
      4195,
      14195
    ],
    [
      4486,
      14486
    ],
    [
      5992,
      15992
    ],
    [
      7503,
      17503
    ],
    [
      8227,
      18227
    ],
    [
      8297,
      18297
    ],
    [
      9135,
      19135
    ],
    [
      9782,
      19782
    ],
    [
      9905,
      19905
    ]
  ]
}