{
  "n_true_positives": 579,
  "n_positives": 579,
  "total_time": 53.925696849823,
  "date": "2025-01-25T15:39:41.154288",
  "backend": "BruteForce",
  "n_bins": 0,
  "eps": 7.5,
  "args": {
    "csvpath": [
      "../data/RobustBench/predictions/cifar100c-Diffenderfer2021Winning_LRR_CARD_Deck/vanilla.csv",
      "../data/RobustBench/predictions/cifar100c-Diffenderfer2021Winning_LRR_CARD_Deck/brightness-2.csv"
    ],
    "eps": 7.5,
    "n_bins": 0,
    "n_examples": -1,
    "out_path": "../results/semantic//results/cifar100c-Diffenderfer2021Winning_LRR_CARD_Deck/cifar100c-Diffenderfer2021Winning_LRR_CARD_Deck-L2-7.5-brightness-2.json",
    "full_output": false,
    "verbose": false,
    "randomize_order": false,
    "backend": "bf",
    "blind_cols": null,
    "pred": "pred",
    "metric": "L2"
  },
  "backend_meta": {
    "epsilon": 7.5,
    "decision_col": "pred",
    "metric": "Linf",
    "is_exact": true,
    "is_sound": true,
    "is_complete": true
  },
  "positives": [
    [
      6,
      10006
    ],
    [
      9,
      10009
    ],
    [
      31,
      10031
    ],
    [
      63,
      10063
    ],
    [
      72,
      10072
    ],
    [
      79,
      10079
    ],
    [
      127,
      10127
    ],
    [
      134,
      10134
    ],
    [
      137,
      10137
    ],
    [
      165,
      10165
    ],
    [
      173,
      10173
    ],
    [
      235,
      10235
    ],
    [
      255,
      10255
    ],
    [
      298,
      10298
    ],
    [
      310,
      10310
    ],
    [
      351,
      10351
    ],
    [
      352,
      10352
    ],
    [
      366,
      10366
    ],
    [
      379,
      10379
    ],
    [
      385,
      10385
    ],
    [
      430,
      10430
    ],
    [
      452,
      10452
    ],
    [
      466,
      10466
    ],
    [
      476,
      10476
    ],
    [
      478,
      10478
    ],
    [
      488,
      10488
    ],
    [
      493,
      10493
    ],
    [
      521,
      10521
    ],
    [
      530,
      10530
    ],
    [
      533,
      10533
    ],
    [
      544,
      10544
    ],
    [
      553,
      10553
    ],
    [
      558,
      10558
    ],
    [
      564,
      10564
    ],
    [
      569,
      10569
    ],
    [
      572,
      10572
    ],
    [
      595,
      10595
    ],
    [
      603,
      10603
    ],
    [
      616,
      10616
    ],
    [
      648,
      10648
    ],
    [
      663,
      10663
    ],
    [
      664,
      10664
    ],
    [
      678,
      10678
    ],
    [
      701,
      10701
    ],
    [
      704,
      10704
    ],
    [
      743,
      10743
    ],
    [
      769,
      10769
    ],
    [
      782,
      10782
    ],
    [
      794,
      10794
    ],
    [
      844,
      10844
    ],
    [
      847,
      10847
    ],
    [
      866,
      10866
    ],
    [
      879,
      10879
    ],
    [
      886,
      10886
    ],
    [
      899,
      10899
    ],
    [
      904,
      10904
    ],
    [
      929,
      10929
    ],
    [
      936,
      10936
    ],
    [
      942,
      10942
    ],
    [
      951,
      10951
    ],
    [
      955,
      10955
    ],
    [
      991,
      10991
    ],
    [
      1014,
      11014
    ],
    [
      1033,
      11033
    ],
    [
      1036,
      11036
    ],
    [
      1042,
      11042
    ],
    [
      1069,
      11069
    ],
    [
      1088,
      11088
    ],
    [
      1107,
      11107
    ],
    [
      1113,
      11113
    ],
    [
      1119,
      11119
    ],
    [
      1156,
      11156
    ],
    [
      1162,
      11162
    ],
    [
      1169,
      11169
    ],
    [
      1171,
      11171
    ],
    [
      1192,
      11192
    ],
    [
      1203,
      11203
    ],
    [
      1224,
      11224
    ],
    [
      1272,
      11272
    ],
    [
      1353,
      11353
    ],
    [
      1371,
      11371
    ],
    [
      1384,
      11384
    ],
    [
      1387,
      11387
    ],
    [
      1395,
      11395
    ],
    [
      1416,
      11416
    ],
    [
      1496,
      11496
    ],
    [
      1519,
      11519
    ],
    [
      1520,
      11520
    ],
    [
      1524,
      11524
    ],
    [
      1530,
      11530
    ],
    [
      1531,
      11531
    ],
    [
      1549,
      11549
    ],
    [
      1550,
      11550
    ],
    [
      1551,
      11551
    ],
    [
      1570,
      11570
    ],
    [
      1602,
      11602
    ],
    [
      1603,
      11603
    ],
    [
      1622,
      11622
    ],
    [
      1668,
      11668
    ],
    [
      1672,
      11672
    ],
    [
      1676,
      11676
    ],
    [
      1692,
      11692
    ],
    [
      1712,
      11712
    ],
    [
      1730,
      11730
    ],
    [
      1743,
      11743
    ],
    [
      1747,
      11747
    ],
    [
      1763,
      11763
    ],
    [
      1765,
      11765
    ],
    [
      1788,
      11788
    ],
    [
      1798,
      11798
    ],
    [
      1809,
      11809
    ],
    [
      1817,
      11817
    ],
    [
      1820,
      11820
    ],
    [
      1821,
      11821
    ],
    [
      1834,
      11834
    ],
    [
      1843,
      11843
    ],
    [
      1865,
      11865
    ],
    [
      1914,
      11914
    ],
    [
      1949,
      11949
    ],
    [
      2003,
      12003
    ],
    [
      2010,
      12010
    ],
    [
      2035,
      12035
    ],
    [
      2045,
      12045
    ],
    [
      2047,
      12047
    ],
    [
      2052,
      12052
    ],
    [
      2057,
      12057
    ],
    [
      2059,
      12059
    ],
    [
      2089,
      12089
    ],
    [
      2093,
      12093
    ],
    [
      2136,
      12136
    ],
    [
      2156,
      12156
    ],
    [
      2158,
      12158
    ],
    [
      2186,
      12186
    ],
    [
      2188,
      12188
    ],
    [
      2194,
      12194
    ],
    [
      2198,
      12198
    ],
    [
      2215,
      12215
    ],
    [
      2256,
      12256
    ],
    [
      2266,
      12266
    ],
    [
      2275,
      12275
    ],
    [
      2282,
      12282
    ],
    [
      2301,
      12301
    ],
    [
      2306,
      12306
    ],
    [
      2330,
      12330
    ],
    [
      2342,
      12342
    ],
    [
      2344,
      12344
    ],
    [
      2351,
      12351
    ],
    [
      2384,
      12384
    ],
    [
      2393,
      12393
    ],
    [
      2425,
      12425
    ],
    [
      2428,
      12428
    ],
    [
      2444,
      12444
    ],
    [
      2455,
      12455
    ],
    [
      2481,
      12481
    ],
    [
      2526,
      12526
    ],
    [
      2541,
      12541
    ],
    [
      2552,
      12552
    ],
    [
      2569,
      12569
    ],
    [
      2587,
      12587
    ],
    [
      2595,
      12595
    ],
    [
      2612,
      12612
    ],
    [
      2643,
      12643
    ],
    [
      2656,
      12656
    ],
    [
      2673,
      12673
    ],
    [
      2695,
      12695
    ],
    [
      2704,
      12704
    ],
    [
      2719,
      12719
    ],
    [
      2745,
      12745
    ],
    [
      2769,
      12769
    ],
    [
      2772,
      12772
    ],
    [
      2837,
      12837
    ],
    [
      2866,
      12866
    ],
    [
      2869,
      12869
    ],
    [
      2891,
      12891
    ],
    [
      2901,
      12901
    ],
    [
      2976,
      12976
    ],
    [
      2983,
      12983
    ],
    [
      3004,
      13004
    ],
    [
      3015,
      13015
    ],
    [
      3018,
      13018
    ],
    [
      3019,
      13019
    ],
    [
      3031,
      13031
    ],
    [
      3043,
      13043
    ],
    [
      3074,
      13074
    ],
    [
      3087,
      13087
    ],
    [
      3097,
      13097
    ],
    [
      3113,
      13113
    ],
    [
      3132,
      13132
    ],
    [
      3142,
      13142
    ],
    [
      3143,
      13143
    ],
    [
      3160,
      13160
    ],
    [
      3217,
      13217
    ],
    [
      3248,
      13248
    ],
    [
      3255,
      13255
    ],
    [
      3264,
      13264
    ],
    [
      3285,
      13285
    ],
    [
      3319,
      13319
    ],
    [
      3350,
      13350
    ],
    [
      3408,
      13408
    ],
    [
      3417,
      13417
    ],
    [
      3439,
      13439
    ],
    [
      3468,
      13468
    ],
    [
      3476,
      13476
    ],
    [
      3506,
      13506
    ],
    [
      3508,
      13508
    ],
    [
      3534,
      13534
    ],
    [
      3543,
      13543
    ],
    [
      3550,
      13550
    ],
    [
      3566,
      13566
    ],
    [
      3616,
      13616
    ],
    [
      3636,
      13636
    ],
    [
      3656,
      13656
    ],
    [
      3664,
      13664
    ],
    [
      3688,
      13688
    ],
    [
      3692,
      13692
    ],
    [
      3720,
      13720
    ],
    [
      3737,
      13737
    ],
    [
      3745,
      13745
    ],
    [
      3761,
      13761
    ],
    [
      3782,
      13782
    ],
    [
      3799,
      13799
    ],
    [
      3812,
      13812
    ],
    [
      3834,
      13834
    ],
    [
      3844,
      13844
    ],
    [
      3858,
      13858
    ],
    [
      3886,
      13886
    ],
    [
      3904,
      13904
    ],
    [
      3951,
      13951
    ],
    [
      3952,
      13952
    ],
    [
      3961,
      13961
    ],
    [
      4007,
      14007
    ],
    [
      4018,
      14018
    ],
    [
      4059,
      14059
    ],
    [
      4075,
      14075
    ],
    [
      4079,
      14079
    ],
    [
      4110,
      14110
    ],
    [
      4120,
      14120
    ],
    [
      4135,
      14135
    ],
    [
      4146,
      14146
    ],
    [
      4151,
      14151
    ],
    [
      4175,
      14175
    ],
    [
      4176,
      14176
    ],
    [
      4191,
      14191
    ],
    [
      4215,
      14215
    ],
    [
      4223,
      14223
    ],
    [
      4238,
      14238
    ],
    [
      4244,
      14244
    ],
    [
      4247,
      14247
    ],
    [
      4273,
      14273
    ],
    [
      4291,
      14291
    ],
    [
      4302,
      14302
    ],
    [
      4380,
      14380
    ],
    [
      4397,
      14397
    ],
    [
      4414,
      14414
    ],
    [
      4429,
      14429
    ],
    [
      4442,
      14442
    ],
    [
      4452,
      14452
    ],
    [
      4486,
      14486
    ],
    [
      4514,
      14514
    ],
    [
      4516,
      14516
    ],
    [
      4524,
      14524
    ],
    [
      4525,
      14525
    ],
    [
      4532,
      14532
    ],
    [
      4565,
      14565
    ],
    [
      4566,
      14566
    ],
    [
      4586,
      14586
    ],
    [
      4596,
      14596
    ],
    [
      4601,
      14601
    ],
    [
      4603,
      14603
    ],
    [
      4612,
      14612
    ],
    [
      4622,
      14622
    ],
    [
      4667,
      14667
    ],
    [
      4670,
      14670
    ],
    [
      4678,
      14678
    ],
    [
      4685,
      14685
    ],
    [
      4688,
      14688
    ],
    [
      4748,
      14748
    ],
    [
      4755,
      14755
    ],
    [
      4791,
      14791
    ],
    [
      4795,
      14795
    ],
    [
      4820,
      14820
    ],
    [
      4827,
      14827
    ],
    [
      4839,
      14839
    ],
    [
      4843,
      14843
    ],
    [
      4846,
      14846
    ],
    [
      4850,
      14850
    ],
    [
      4865,
      14865
    ],
    [
      4885,
      14885
    ],
    [
      4886,
      14886
    ],
    [
      4888,
      14888
    ],
    [
      4891,
      14891
    ],
    [
      4905,
      14905
    ],
    [
      4911,
      14911
    ],
    [
      4912,
      14912
    ],
    [
      4930,
      14930
    ],
    [
      4953,
      14953
    ],
    [
      4957,
      14957
    ],
    [
      4996,
      14996
    ],
    [
      4997,
      14997
    ],
    [
      5010,
      15010
    ],
    [
      5012,
      15012
    ],
    [
      5020,
      15020
    ],
    [
      5036,
      15036
    ],
    [
      5049,
      15049
    ],
    [
      5080,
      15080
    ],
    [
      5085,
      15085
    ],
    [
      5106,
      15106
    ],
    [
      5128,
      15128
    ],
    [
      5160,
      15160
    ],
    [
      5163,
      15163
    ],
    [
      5165,
      15165
    ],
    [
      5188,
      15188
    ],
    [
      5200,
      15200
    ],
    [
      5210,
      15210
    ],
    [
      5261,
      15261
    ],
    [
      5263,
      15263
    ],
    [
      5275,
      15275
    ],
    [
      5276,
      15276
    ],
    [
      5289,
      15289
    ],
    [
      5297,
      15297
    ],
    [
      5361,
      15361
    ],
    [
      5381,
      15381
    ],
    [
      5383,
      15383
    ],
    [
      5422,
      15422
    ],
    [
      5424,
      15424
    ],
    [
      5490,
      15490
    ],
    [
      5499,
      15499
    ],
    [
      5584,
      15584
    ],
    [
      5585,
      15585
    ],
    [
      5589,
      15589
    ],
    [
      5594,
      15594
    ],
    [
      5618,
      15618
    ],
    [
      5631,
      15631
    ],
    [
      5648,
      15648
    ],
    [
      5654,
      15654
    ],
    [
      5672,
      15672
    ],
    [
      5673,
      15673
    ],
    [
      5681,
      15681
    ],
    [
      5687,
      15687
    ],
    [
      5693,
      15693
    ],
    [
      5712,
      15712
    ],
    [
      5748,
      15748
    ],
    [
      5782,
      15782
    ],
    [
      5785,
      15785
    ],
    [
      5786,
      15786
    ],
    [
      5808,
      15808
    ],
    [
      5823,
      15823
    ],
    [
      5830,
      15830
    ],
    [
      5858,
      15858
    ],
    [
      5859,
      15859
    ],
    [
      5897,
      15897
    ],
    [
      5907,
      15907
    ],
    [
      5916,
      15916
    ],
    [
      5952,
      15952
    ],
    [
      5955,
      15955
    ],
    [
      5956,
      15956
    ],
    [
      5962,
      15962
    ],
    [
      6008,
      16008
    ],
    [
      6058,
      16058
    ],
    [
      6061,
      16061
    ],
    [
      6068,
      16068
    ],
    [
      6069,
      16069
    ],
    [
      6088,
      16088
    ],
    [
      6143,
      16143
    ],
    [
      6148,
      16148
    ],
    [
      6156,
      16156
    ],
    [
      6180,
      16180
    ],
    [
      6192,
      16192
    ],
    [
      6201,
      16201
    ],
    [
      6203,
      16203
    ],
    [
      6244,
      16244
    ],
    [
      6256,
      16256
    ],
    [
      6290,
      16290
    ],
    [
      6292,
      16292
    ],
    [
      6325,
      16325
    ],
    [
      6356,
      16356
    ],
    [
      6399,
      16399
    ],
    [
      6424,
      16424
    ],
    [
      6429,
      16429
    ],
    [
      6435,
      16435
    ],
    [
      6443,
      16443
    ],
    [
      6465,
      16465
    ],
    [
      6476,
      16476
    ],
    [
      6483,
      16483
    ],
    [
      6499,
      16499
    ],
    [
      6503,
      16503
    ],
    [
      6511,
      16511
    ],
    [
      6513,
      16513
    ],
    [
      6537,
      16537
    ],
    [
      6546,
      16546
    ],
    [
      6610,
      16610
    ],
    [
      6641,
      16641
    ],
    [
      6672,
      16672
    ],
    [
      6720,
      16720
    ],
    [
      6721,
      16721
    ],
    [
      6751,
      16751
    ],
    [
      6763,
      16763
    ],
    [
      6770,
      16770
    ],
    [
      6789,
      16789
    ],
    [
      6841,
      16841
    ],
    [
      6872,
      16872
    ],
    [
      6879,
      16879
    ],
    [
      6912,
      16912
    ],
    [
      6970,
      16970
    ],
    [
      6985,
      16985
    ],
    [
      6990,
      16990
    ],
    [
      6996,
      16996
    ],
    [
      7008,
      17008
    ],
    [
      7057,
      17057
    ],
    [
      7074,
      17074
    ],
    [
      7114,
      17114
    ],
    [
      7134,
      17134
    ],
    [
      7135,
      17135
    ],
    [
      7139,
      17139
    ],
    [
      7142,
      17142
    ],
    [
      7149,
      17149
    ],
    [
      7173,
      17173
    ],
    [
      7177,
      17177
    ],
    [
      7182,
      17182
    ],
    [
      7185,
      17185
    ],
    [
      7252,
      17252
    ],
    [
      7260,
      17260
    ],
    [
      7265,
      17265
    ],
    [
      7280,
      17280
    ],
    [
      7305,
      17305
    ],
    [
      7346,
      17346
    ],
    [
      7355,
      17355
    ],
    [
      7408,
      17408
    ],
    [
      7416,
      17416
    ],
    [
      7417,
      17417
    ],
    [
      7440,
      17440
    ],
    [
      7451,
      17451
    ],
    [
      7463,
      17463
    ],
    [
      7471,
      17471
    ],
    [
      7480,
      17480
    ],
    [
      7517,
      17517
    ],
    [
      7520,
      17520
    ],
    [
      7533,
      17533
    ],
    [
      7546,
      17546
    ],
    [
      7550,
      17550
    ],
    [
      7551,
      17551
    ],
    [
      7572,
      17572
    ],
    [
      7573,
      17573
    ],
    [
      7576,
      17576
    ],
    [
      7584,
      17584
    ],
    [
      7614,
      17614
    ],
    [
      7630,
      17630
    ],
    [
      7632,
      17632
    ],
    [
      7646,
      17646
    ],
    [
      7648,
      17648
    ],
    [
      7653,
      17653
    ],
    [
      7665,
      17665
    ],
    [
      7670,
      17670
    ],
    [
      7671,
      17671
    ],
    [
      7682,
      17682
    ],
    [
      7685,
      17685
    ],
    [
      7705,
      17705
    ],
    [
      7706,
      17706
    ],
    [
      7724,
      17724
    ],
    [
      7770,
      17770
    ],
    [
      7786,
      17786
    ],
    [
      7817,
      17817
    ],
    [
      7875,
      17875
    ],
    [
      7876,
      17876
    ],
    [
      7897,
      17897
    ],
    [
      7907,
      17907
    ],
    [
      7908,
      17908
    ],
    [
      7927,
      17927
    ],
    [
      7977,
      17977
    ],
    [
      7982,
      17982
    ],
    [
      8000,
      18000
    ],
    [
      8047,
      18047
    ],
    [
      8054,
      18054
    ],
    [
      8068,
      18068
    ],
    [
      8076,
      18076
    ],
    [
      8079,
      18079
    ],
    [
      8090,
      18090
    ],
    [
      8095,
      18095
    ],
    [
      8122,
      18122
    ],
    [
      8159,
      18159
    ],
    [
      8184,
      18184
    ],
    [
      8210,
      18210
    ],
    [
      8227,
      18227
    ],
    [
      8241,
      18241
    ],
    [
      8275,
      18275
    ],
    [
      8295,
      18295
    ],
    [
      8315,
      18315
    ],
    [
      8385,
      18385
    ],
    [
      8386,
      18386
    ],
    [
      8403,
      18403
    ],
    [
      8413,
      18413
    ],
    [
      8431,
      18431
    ],
    [
      8437,
      18437
    ],
    [
      8449,
      18449
    ],
    [
      8501,
      18501
    ],
    [
      8539,
      18539
    ],
    [
      8543,
      18543
    ],
    [
      8617,
      18617
    ],
    [
      8625,
      18625
    ],
    [
      8642,
      18642
    ],
    [
      8647,
      18647
    ],
    [
      8667,
      18667
    ],
    [
      8669,
      18669
    ],
    [
      8680,
      18680
    ],
    [
      8722,
      18722
    ],
    [
      8815,
      18815
    ],
    [
      8820,
      18820
    ],
    [
      8823,
      18823
    ],
    [
      8824,
      18824
    ],
    [
      8852,
      18852
    ],
    [
      8854,
      18854
    ],
    [
      8862,
      18862
    ],
    [
      8872,
      18872
    ],
    [
      8898,
      18898
    ],
    [
      8916,
      18916
    ],
    [
      8921,
      18921
    ],
    [
      8932,
      18932
    ],
    [
      8938,
      18938
    ],
    [
      8945,
      18945
    ],
    [
      8968,
      18968
    ],
    [
      8995,
      18995
    ],
    [
      9009,
      19009
    ],
    [
      9013,
      19013
    ],
    [
      9016,
      19016
    ],
    [
      9018,
      19018
    ],
    [
      9039,
      19039
    ],
    [
      9091,
      19091
    ],
    [
      9100,
      19100
    ],
    [
      9120,
      19120
    ],
    [
      9123,
      19123
    ],
    [
      9141,
      19141
    ],
    [
      9152,
      19152
    ],
    [
      9166,
      19166
    ],
    [
      9171,
      19171
    ],
    [
      9188,
      19188
    ],
    [
      9309,
      19309
    ],
    [
      9339,
      19339
    ],
    [
      9386,
      19386
    ],
    [
      9413,
      19413
    ],
    [
      9443,
      19443
    ],
    [
      9444,
      19444
    ],
    [
      9455,
      19455
    ],
    [
      9459,
      19459
    ],
    [
      9471,
      19471
    ],
    [
      9494,
      19494
    ],
    [
      9503,
      19503
    ],
    [
      9538,
      19538
    ],
    [
      9548,
      19548
    ],
    [
      9578,
      19578
    ],
    [
      9580,
      19580
    ],
    [
      9581,
      19581
    ],
    [
      9598,
      19598
    ],
    [
      9610,
      19610
    ],
    [
      9631,
      19631
    ],
    [
      9636,
      19636
    ],
    [
      9640,
      19640
    ],
    [
      9645,
      19645
    ],
    [
      9650,
      19650
    ],
    [
      9680,
      19680
    ],
    [
      9699,
      19699
    ],
    [
      9703,
      19703
    ],
    [
      9720,
      19720
    ],
    [
      9730,
      19730
    ],
    [
      9732,
      19732
    ],
    [
      9740,
      19740
    ],
    [
      9780,
      19780
    ],
    [
      9792,
      19792
    ],
    [
      9798,
      19798
    ],
    [
      9811,
      19811
    ],
    [
      9813,
      19813
    ],
    [
      9855,
      19855
    ],
    [
      9859,
      19859
    ],
    [
      9875,
      19875
    ],
    [
      9883,
      19883
    ],
    [
      9905,
      19905
    ],
    [
      9914,
      19914
    ],
    [
      9952,
      19952
    ],
    [
      9968,
      19968
    ],
    [
      9988,
      19988
    ]
  ]
}