{
  "n_true_positives": 385,
  "n_positives": 385,
  "total_time": 54.48034429550171,
  "date": "2025-01-25T15:39:42.089492",
  "backend": "BruteForce",
  "n_bins": 0,
  "eps": 7.5,
  "args": {
    "csvpath": [
      "../data/RobustBench/predictions/cifar100c-Diffenderfer2021Winning_LRR_CARD_Deck/vanilla.csv",
      "../data/RobustBench/predictions/cifar100c-Diffenderfer2021Winning_LRR_CARD_Deck/fog-1.csv"
    ],
    "eps": 7.5,
    "n_bins": 0,
    "n_examples": -1,
    "out_path": "../results/semantic//results/cifar100c-Diffenderfer2021Winning_LRR_CARD_Deck/cifar100c-Diffenderfer2021Winning_LRR_CARD_Deck-L2-7.5-fog-1.json",
    "full_output": false,
    "verbose": false,
    "randomize_order": false,
    "backend": "bf",
    "blind_cols": null,
    "pred": "pred",
    "metric": "L2"
  },
  "backend_meta": {
    "epsilon": 7.5,
    "decision_col": "pred",
    "metric": "Linf",
    "is_exact": true,
    "is_sound": true,
    "is_complete": true
  },
  "positives": [
    [
      60,
      10060
    ],
    [
      72,
      10072
    ],
    [
      89,
      10089
    ],
    [
      127,
      10127
    ],
    [
      165,
      10165
    ],
    [
      184,
      10184
    ],
    [
      221,
      10221
    ],
    [
      222,
      10222
    ],
    [
      268,
      10268
    ],
    [
      293,
      10293
    ],
    [
      305,
      10305
    ],
    [
      411,
      10411
    ],
    [
      419,
      10419
    ],
    [
      430,
      10430
    ],
    [
      448,
      10448
    ],
    [
      451,
      10451
    ],
    [
      454,
      10454
    ],
    [
      476,
      10476
    ],
    [
      488,
      10488
    ],
    [
      539,
      10539
    ],
    [
      554,
      10554
    ],
    [
      569,
      10569
    ],
    [
      573,
      10573
    ],
    [
      617,
      10617
    ],
    [
      618,
      10618
    ],
    [
      671,
      10671
    ],
    [
      678,
      10678
    ],
    [
      718,
      10718
    ],
    [
      836,
      10836
    ],
    [
      844,
      10844
    ],
    [
      855,
      10855
    ],
    [
      886,
      10886
    ],
    [
      910,
      10910
    ],
    [
      915,
      10915
    ],
    [
      936,
      10936
    ],
    [
      942,
      10942
    ],
    [
      955,
      10955
    ],
    [
      1033,
      11033
    ],
    [
      1034,
      11034
    ],
    [
      1069,
      11069
    ],
    [
      1113,
      11113
    ],
    [
      1171,
      11171
    ],
    [
      1230,
      11230
    ],
    [
      1280,
      11280
    ],
    [
      1317,
      11317
    ],
    [
      1338,
      11338
    ],
    [
      1387,
      11387
    ],
    [
      1395,
      11395
    ],
    [
      1413,
      11413
    ],
    [
      1443,
      11443
    ],
    [
      1515,
      11515
    ],
    [
      1524,
      11524
    ],
    [
      1531,
      11531
    ],
    [
      1532,
      11532
    ],
    [
      1545,
      11545
    ],
    [
      1550,
      11550
    ],
    [
      1580,
      11580
    ],
    [
      1587,
      11587
    ],
    [
      1603,
      11603
    ],
    [
      1712,
      11712
    ],
    [
      1765,
      11765
    ],
    [
      1772,
      11772
    ],
    [
      1790,
      11790
    ],
    [
      1791,
      11791
    ],
    [
      1821,
      11821
    ],
    [
      1865,
      11865
    ],
    [
      1868,
      11868
    ],
    [
      1882,
      11882
    ],
    [
      1917,
      11917
    ],
    [
      1949,
      11949
    ],
    [
      2003,
      12003
    ],
    [
      2035,
      12035
    ],
    [
      2071,
      12071
    ],
    [
      2076,
      12076
    ],
    [
      2089,
      12089
    ],
    [
      2194,
      12194
    ],
    [
      2208,
      12208
    ],
    [
      2230,
      12230
    ],
    [
      2237,
      12237
    ],
    [
      2250,
      12250
    ],
    [
      2282,
      12282
    ],
    [
      2293,
      12293
    ],
    [
      2302,
      12302
    ],
    [
      2344,
      12344
    ],
    [
      2401,
      12401
    ],
    [
      2526,
      12526
    ],
    [
      2540,
      12540
    ],
    [
      2541,
      12541
    ],
    [
      2610,
      12610
    ],
    [
      2623,
      12623
    ],
    [
      2641,
      12641
    ],
    [
      2656,
      12656
    ],
    [
      2730,
      12730
    ],
    [
      2761,
      12761
    ],
    [
      2808,
      12808
    ],
    [
      2891,
      12891
    ],
    [
      2930,
      12930
    ],
    [
      2949,
      12949
    ],
    [
      2962,
      12962
    ],
    [
      3018,
      13018
    ],
    [
      3026,
      13026
    ],
    [
      3027,
      13027
    ],
    [
      3028,
      13028
    ],
    [
      3031,
      13031
    ],
    [
      3124,
      13124
    ],
    [
      3144,
      13144
    ],
    [
      3199,
      13199
    ],
    [
      3209,
      13209
    ],
    [
      3222,
      13222
    ],
    [
      3224,
      13224
    ],
    [
      3233,
      13233
    ],
    [
      3254,
      13254
    ],
    [
      3260,
      13260
    ],
    [
      3285,
      13285
    ],
    [
      3300,
      13300
    ],
    [
      3327,
      13327
    ],
    [
      3350,
      13350
    ],
    [
      3381,
      13381
    ],
    [
      3408,
      13408
    ],
    [
      3416,
      13416
    ],
    [
      3417,
      13417
    ],
    [
      3476,
      13476
    ],
    [
      3491,
      13491
    ],
    [
      3569,
      13569
    ],
    [
      3577,
      13577
    ],
    [
      3582,
      13582
    ],
    [
      3624,
      13624
    ],
    [
      3664,
      13664
    ],
    [
      3673,
      13673
    ],
    [
      3680,
      13680
    ],
    [
      3688,
      13688
    ],
    [
      3692,
      13692
    ],
    [
      3701,
      13701
    ],
    [
      3791,
      13791
    ],
    [
      3799,
      13799
    ],
    [
      3824,
      13824
    ],
    [
      3835,
      13835
    ],
    [
      3836,
      13836
    ],
    [
      3843,
      13843
    ],
    [
      3844,
      13844
    ],
    [
      3859,
      13859
    ],
    [
      3930,
      13930
    ],
    [
      3959,
      13959
    ],
    [
      4002,
      14002
    ],
    [
      4018,
      14018
    ],
    [
      4036,
      14036
    ],
    [
      4086,
      14086
    ],
    [
      4115,
      14115
    ],
    [
      4135,
      14135
    ],
    [
      4175,
      14175
    ],
    [
      4176,
      14176
    ],
    [
      4198,
      14198
    ],
    [
      4223,
      14223
    ],
    [
      4238,
      14238
    ],
    [
      4247,
      14247
    ],
    [
      4252,
      14252
    ],
    [
      4255,
      14255
    ],
    [
      4265,
      14265
    ],
    [
      4288,
      14288
    ],
    [
      4302,
      14302
    ],
    [
      4312,
      14312
    ],
    [
      4332,
      14332
    ],
    [
      4337,
      14337
    ],
    [
      4350,
      14350
    ],
    [
      4354,
      14354
    ],
    [
      4396,
      14396
    ],
    [
      4442,
      14442
    ],
    [
      4476,
      14476
    ],
    [
      4514,
      14514
    ],
    [
      4532,
      14532
    ],
    [
      4565,
      14565
    ],
    [
      4612,
      14612
    ],
    [
      4622,
      14622
    ],
    [
      4643,
      14643
    ],
    [
      4679,
      14679
    ],
    [
      4684,
      14684
    ],
    [
      4702,
      14702
    ],
    [
      4704,
      14704
    ],
    [
      4724,
      14724
    ],
    [
      4761,
      14761
    ],
    [
      4791,
      14791
    ],
    [
      4792,
      14792
    ],
    [
      4795,
      14795
    ],
    [
      4805,
      14805
    ],
    [
      4820,
      14820
    ],
    [
      4850,
      14850
    ],
    [
      4853,
      14853
    ],
    [
      4863,
      14863
    ],
    [
      4865,
      14865
    ],
    [
      4885,
      14885
    ],
    [
      4929,
      14929
    ],
    [
      4943,
      14943
    ],
    [
      4978,
      14978
    ],
    [
      4996,
      14996
    ],
    [
      5012,
      15012
    ],
    [
      5020,
      15020
    ],
    [
      5038,
      15038
    ],
    [
      5049,
      15049
    ],
    [
      5051,
      15051
    ],
    [
      5068,
      15068
    ],
    [
      5128,
      15128
    ],
    [
      5132,
      15132
    ],
    [
      5160,
      15160
    ],
    [
      5188,
      15188
    ],
    [
      5208,
      15208
    ],
    [
      5254,
      15254
    ],
    [
      5257,
      15257
    ],
    [
      5263,
      15263
    ],
    [
      5265,
      15265
    ],
    [
      5284,
      15284
    ],
    [
      5307,
      15307
    ],
    [
      5308,
      15308
    ],
    [
      5312,
      15312
    ],
    [
      5327,
      15327
    ],
    [
      5361,
      15361
    ],
    [
      5381,
      15381
    ],
    [
      5402,
      15402
    ],
    [
      5420,
      15420
    ],
    [
      5444,
      15444
    ],
    [
      5451,
      15451
    ],
    [
      5465,
      15465
    ],
    [
      5490,
      15490
    ],
    [
      5498,
      15498
    ],
    [
      5503,
      15503
    ],
    [
      5515,
      15515
    ],
    [
      5563,
      15563
    ],
    [
      5584,
      15584
    ],
    [
      5585,
      15585
    ],
    [
      5587,
      15587
    ],
    [
      5599,
      15599
    ],
    [
      5620,
      15620
    ],
    [
      5661,
      15661
    ],
    [
      5680,
      15680
    ],
    [
      5782,
      15782
    ],
    [
      5830,
      15830
    ],
    [
      5833,
      15833
    ],
    [
      5848,
      15848
    ],
    [
      5858,
      15858
    ],
    [
      5912,
      15912
    ],
    [
      5916,
      15916
    ],
    [
      5952,
      15952
    ],
    [
      5960,
      15960
    ],
    [
      5980,
      15980
    ],
    [
      6019,
      16019
    ],
    [
      6041,
      16041
    ],
    [
      6053,
      16053
    ],
    [
      6054,
      16054
    ],
    [
      6058,
      16058
    ],
    [
      6068,
      16068
    ],
    [
      6069,
      16069
    ],
    [
      6103,
      16103
    ],
    [
      6128,
      16128
    ],
    [
      6143,
      16143
    ],
    [
      6171,
      16171
    ],
    [
      6192,
      16192
    ],
    [
      6203,
      16203
    ],
    [
      6247,
      16247
    ],
    [
      6249,
      16249
    ],
    [
      6270,
      16270
    ],
    [
      6284,
      16284
    ],
    [
      6300,
      16300
    ],
    [
      6365,
      16365
    ],
    [
      6405,
      16405
    ],
    [
      6494,
      16494
    ],
    [
      6496,
      16496
    ],
    [
      6505,
      16505
    ],
    [
      6546,
      16546
    ],
    [
      6554,
      16554
    ],
    [
      6581,
      16581
    ],
    [
      6587,
      16587
    ],
    [
      6678,
      16678
    ],
    [
      6742,
      16742
    ],
    [
      6797,
      16797
    ],
    [
      6872,
      16872
    ],
    [
      6895,
      16895
    ],
    [
      6907,
      16907
    ],
    [
      6913,
      16913
    ],
    [
      6919,
      16919
    ],
    [
      6954,
      16954
    ],
    [
      6971,
      16971
    ],
    [
      7057,
      17057
    ],
    [
      7066,
      17066
    ],
    [
      7134,
      17134
    ],
    [
      7135,
      17135
    ],
    [
      7158,
      17158
    ],
    [
      7275,
      17275
    ],
    [
      7302,
      17302
    ],
    [
      7341,
      17341
    ],
    [
      7355,
      17355
    ],
    [
      7383,
      17383
    ],
    [
      7403,
      17403
    ],
    [
      7445,
      17445
    ],
    [
      7461,
      17461
    ],
    [
      7462,
      17462
    ],
    [
      7471,
      17471
    ],
    [
      7480,
      17480
    ],
    [
      7582,
      17582
    ],
    [
      7595,
      17595
    ],
    [
      7614,
      17614
    ],
    [
      7656,
      17656
    ],
    [
      7685,
      17685
    ],
    [
      7707,
      17707
    ],
    [
      7709,
      17709
    ],
    [
      7750,
      17750
    ],
    [
      7768,
      17768
    ],
    [
      7786,
      17786
    ],
    [
      7793,
      17793
    ],
    [
      7859,
      17859
    ],
    [
      7873,
      17873
    ],
    [
      7874,
      17874
    ],
    [
      7894,
      17894
    ],
    [
      7909,
      17909
    ],
    [
      7977,
      17977
    ],
    [
      8002,
      18002
    ],
    [
      8013,
      18013
    ],
    [
      8041,
      18041
    ],
    [
      8068,
      18068
    ],
    [
      8081,
      18081
    ],
    [
      8095,
      18095
    ],
    [
      8177,
      18177
    ],
    [
      8265,
      18265
    ],
    [
      8269,
      18269
    ],
    [
      8270,
      18270
    ],
    [
      8275,
      18275
    ],
    [
      8285,
      18285
    ],
    [
      8296,
      18296
    ],
    [
      8338,
      18338
    ],
    [
      8345,
      18345
    ],
    [
      8374,
      18374
    ],
    [
      8381,
      18381
    ],
    [
      8396,
      18396
    ],
    [
      8413,
      18413
    ],
    [
      8428,
      18428
    ],
    [
      8445,
      18445
    ],
    [
      8543,
      18543
    ],
    [
      8555,
      18555
    ],
    [
      8591,
      18591
    ],
    [
      8617,
      18617
    ],
    [
      8642,
      18642
    ],
    [
      8647,
      18647
    ],
    [
      8666,
      18666
    ],
    [
      8667,
      18667
    ],
    [
      8674,
      18674
    ],
    [
      8679,
      18679
    ],
    [
      8680,
      18680
    ],
    [
      8772,
      18772
    ],
    [
      8823,
      18823
    ],
    [
      8824,
      18824
    ],
    [
      8828,
      18828
    ],
    [
      8854,
      18854
    ],
    [
      8863,
      18863
    ],
    [
      8877,
      18877
    ],
    [
      8958,
      18958
    ],
    [
      8973,
      18973
    ],
    [
      8995,
      18995
    ],
    [
      9039,
      19039
    ],
    [
      9097,
      19097
    ],
    [
      9100,
      19100
    ],
    [
      9124,
      19124
    ],
    [
      9130,
      19130
    ],
    [
      9138,
      19138
    ],
    [
      9140,
      19140
    ],
    [
      9162,
      19162
    ],
    [
      9171,
      19171
    ],
    [
      9222,
      19222
    ],
    [
      9281,
      19281
    ],
    [
      9459,
      19459
    ],
    [
      9471,
      19471
    ],
    [
      9494,
      19494
    ],
    [
      9503,
      19503
    ],
    [
      9580,
      19580
    ],
    [
      9631,
      19631
    ],
    [
      9638,
      19638
    ],
    [
      9699,
      19699
    ],
    [
      9720,
      19720
    ],
    [
      9769,
      19769
    ],
    [
      9782,
      19782
    ],
    [
      9791,
      19791
    ],
    [
      9805,
      19805
    ],
    [
      9837,
      19837
    ],
    [
      9875,
      19875
    ],
    [
      9879,
      19879
    ],
    [
      9890,
      19890
    ],
    [
      9911,
      19911
    ],
    [
      9949,
      19949
    ]
  ]
}