{
  "n_true_positives": 84,
  "n_positives": 84,
  "total_time": 52.26025891304016,
  "date": "2025-01-25T15:39:36.865051",
  "backend": "BruteForce",
  "n_bins": 0,
  "eps": 7.5,
  "args": {
    "csvpath": [
      "../data/RobustBench/predictions/cifar100c-Diffenderfer2021Winning_LRR_CARD_Deck/vanilla.csv",
      "../data/RobustBench/predictions/cifar100c-Diffenderfer2021Winning_LRR_CARD_Deck/motion_blur-1.csv"
    ],
    "eps": 7.5,
    "n_bins": 0,
    "n_examples": -1,
    "out_path": "../results/semantic//results/cifar100c-Diffenderfer2021Winning_LRR_CARD_Deck/cifar100c-Diffenderfer2021Winning_LRR_CARD_Deck-L2-7.5-motion_blur-1.json",
    "full_output": false,
    "verbose": false,
    "randomize_order": false,
    "backend": "bf",
    "blind_cols": null,
    "pred": "pred",
    "metric": "L2"
  },
  "backend_meta": {
    "epsilon": 7.5,
    "decision_col": "pred",
    "metric": "Linf",
    "is_exact": true,
    "is_sound": true,
    "is_complete": true
  },
  "positives": [
    [
      64,
      10064
    ],
    [
      169,
      10169
    ],
    [
      222,
      10222
    ],
    [
      305,
      10305
    ],
    [
      414,
      10414
    ],
    [
      554,
      10554
    ],
    [
      595,
      10595
    ],
    [
      618,
      10618
    ],
    [
      704,
      10704
    ],
    [
      829,
      10829
    ],
    [
      886,
      10886
    ],
    [
      985,
      10985
    ],
    [
      1088,
      11088
    ],
    [
      1107,
      11107
    ],
    [
      1113,
      11113
    ],
    [
      1690,
      11690
    ],
    [
      1809,
      11809
    ],
    [
      1854,
      11854
    ],
    [
      1979,
      11979
    ],
    [
      2341,
      12341
    ],
    [
      2382,
      12382
    ],
    [
      2391,
      12391
    ],
    [
      2482,
      12482
    ],
    [
      2728,
      12728
    ],
    [
      2772,
      12772
    ],
    [
      2800,
      12800
    ],
    [
      2845,
      12845
    ],
    [
      2931,
      12931
    ],
    [
      2978,
      12978
    ],
    [
      3071,
      13071
    ],
    [
      3285,
      13285
    ],
    [
      3340,
      13340
    ],
    [
      3416,
      13416
    ],
    [
      3562,
      13562
    ],
    [
      3761,
      13761
    ],
    [
      3829,
      13829
    ],
    [
      3843,
      13843
    ],
    [
      4151,
      14151
    ],
    [
      4238,
      14238
    ],
    [
      4255,
      14255
    ],
    [
      4302,
      14302
    ],
    [
      4558,
      14558
    ],
    [
      4650,
      14650
    ],
    [
      4702,
      14702
    ],
    [
      4756,
      14756
    ],
    [
      4846,
      14846
    ],
    [
      4996,
      14996
    ],
    [
      5105,
      15105
    ],
    [
      5111,
      15111
    ],
    [
      5265,
      15265
    ],
    [
      5634,
      15634
    ],
    [
      5654,
      15654
    ],
    [
      5681,
      15681
    ],
    [
      5693,
      15693
    ],
    [
      5734,
      15734
    ],
    [
      5930,
      15930
    ],
    [
      5933,
      15933
    ],
    [
      5973,
      15973
    ],
    [
      6036,
      16036
    ],
    [
      6095,
      16095
    ],
    [
      6180,
      16180
    ],
    [
      6438,
      16438
    ],
    [
      6602,
      16602
    ],
    [
      6872,
      16872
    ],
    [
      7100,
      17100
    ],
    [
      7112,
      17112
    ],
    [
      7158,
      17158
    ],
    [
      7225,
      17225
    ],
    [
      7451,
      17451
    ],
    [
      7520,
      17520
    ],
    [
      7574,
      17574
    ],
    [
      7656,
      17656
    ],
    [
      8094,
      18094
    ],
    [
      8260,
      18260
    ],
    [
      8297,
      18297
    ],
    [
      8338,
      18338
    ],
    [
      8727,
      18727
    ],
    [
      9057,
      19057
    ],
    [
      9214,
      19214
    ],
    [
      9367,
      19367
    ],
    [
      9666,
      19666
    ],
    [
      9782,
      19782
    ],
    [
      9890,
      19890
    ],
    [
      9905,
      19905
    ]
  ]
}