{
  "n_true_positives": 97,
  "n_positives": 97,
  "total_time": 167.027681350708,
  "date": "2025-01-25T15:44:35.827025",
  "backend": "BruteForce",
  "n_bins": 0,
  "eps": 7.5,
  "args": {
    "csvpath": [
      "../data/RobustBench/predictions/cifar100c-Diffenderfer2021Winning_LRR_CARD_Deck/vanilla.csv",
      "../data/RobustBench/predictions/cifar100c-Diffenderfer2021Winning_LRR_CARD_Deck/frost-3.csv"
    ],
    "eps": 7.5,
    "n_bins": 0,
    "n_examples": -1,
    "out_path": "../results/semantic//results/cifar100c-Diffenderfer2021Winning_LRR_CARD_Deck/cifar100c-Diffenderfer2021Winning_LRR_CARD_Deck-L2-7.5-frost-3.json",
    "full_output": false,
    "verbose": false,
    "randomize_order": false,
    "backend": "bf",
    "blind_cols": null,
    "pred": "pred",
    "metric": "L2"
  },
  "backend_meta": {
    "epsilon": 7.5,
    "decision_col": "pred",
    "metric": "Linf",
    "is_exact": true,
    "is_sound": true,
    "is_complete": true
  },
  "positives": [
    [
      95,
      10095
    ],
    [
      171,
      10171
    ],
    [
      365,
      10365
    ],
    [
      618,
      10618
    ],
    [
      648,
      10648
    ],
    [
      844,
      10844
    ],
    [
      875,
      10875
    ],
    [
      920,
      10920
    ],
    [
      942,
      10942
    ],
    [
      979,
      10979
    ],
    [
      992,
      10992
    ],
    [
      999,
      10999
    ],
    [
      1055,
      11055
    ],
    [
      1287,
      11287
    ],
    [
      1482,
      11482
    ],
    [
      1519,
      11519
    ],
    [
      1686,
      11686
    ],
    [
      1712,
      11712
    ],
    [
      1981,
      11981
    ],
    [
      2002,
      12002
    ],
    [
      2239,
      12239
    ],
    [
      2349,
      12349
    ],
    [
      2356,
      12356
    ],
    [
      2469,
      12469
    ],
    [
      2595,
      12595
    ],
    [
      2755,
      12755
    ],
    [
      2763,
      12763
    ],
    [
      2830,
      12830
    ],
    [
      2844,
      12844
    ],
    [
      2869,
      12869
    ],
    [
      2930,
      12930
    ],
    [
      3027,
      13027
    ],
    [
      3037,
      13037
    ],
    [
      3169,
      13169
    ],
    [
      3187,
      13187
    ],
    [
      3209,
      13209
    ],
    [
      3233,
      13233
    ],
    [
      3248,
      13248
    ],
    [
      3550,
      13550
    ],
    [
      3799,
      13799
    ],
    [
      4051,
      14051
    ],
    [
      4083,
      14083
    ],
    [
      4174,
      14174
    ],
    [
      4396,
      14396
    ],
    [
      4442,
      14442
    ],
    [
      4525,
      14525
    ],
    [
      4565,
      14565
    ],
    [
      4612,
      14612
    ],
    [
      4682,
      14682
    ],
    [
      4724,
      14724
    ],
    [
      4957,
      14957
    ],
    [
      4960,
      14960
    ],
    [
      5012,
      15012
    ],
    [
      5134,
      15134
    ],
    [
      5285,
      15285
    ],
    [
      5465,
      15465
    ],
    [
      5490,
      15490
    ],
    [
      5644,
      15644
    ],
    [
      5672,
      15672
    ],
    [
      5693,
      15693
    ],
    [
      5709,
      15709
    ],
    [
      5785,
      15785
    ],
    [
      5793,
      15793
    ],
    [
      5833,
      15833
    ],
    [
      5872,
      15872
    ],
    [
      5930,
      15930
    ],
    [
      5958,
      15958
    ],
    [
      6051,
      16051
    ],
    [
      6210,
      16210
    ],
    [
      6705,
      16705
    ],
    [
      6756,
      16756
    ],
    [
      6872,
      16872
    ],
    [
      6982,
      16982
    ],
    [
      7183,
      17183
    ],
    [
      7333,
      17333
    ],
    [
      7372,
      17372
    ],
    [
      7434,
      17434
    ],
    [
      7471,
      17471
    ],
    [
      7553,
      17553
    ],
    [
      7708,
      17708
    ],
    [
      7733,
      17733
    ],
    [
      7773,
      17773
    ],
    [
      8077,
      18077
    ],
    [
      8130,
      18130
    ],
    [
      8372,
      18372
    ],
    [
      8639,
      18639
    ],
    [
      8769,
      18769
    ],
    [
      9070,
      19070
    ],
    [
      9123,
      19123
    ],
    [
      9206,
      19206
    ],
    [
      9367,
      19367
    ],
    [
      9444,
      19444
    ],
    [
      9488,
      19488
    ],
    [
      9626,
      19626
    ],
    [
      9792,
      19792
    ],
    [
      9955,
      19955
    ],
    [
      9961,
      19961
    ]
  ]
}