{
  "n_true_positives": 241,
  "n_positives": 241,
  "total_time": 87.66273164749146,
  "date": "2025-01-25T15:40:13.223732",
  "backend": "BruteForce",
  "n_bins": 0,
  "eps": 7.5,
  "args": {
    "csvpath": [
      "../data/RobustBench/predictions/cifar100c-Diffenderfer2021Winning_LRR_CARD_Deck/vanilla.csv",
      "../data/RobustBench/predictions/cifar100c-Diffenderfer2021Winning_LRR_CARD_Deck/defocus_blur-1.csv"
    ],
    "eps": 7.5,
    "n_bins": 0,
    "n_examples": -1,
    "out_path": "../results/semantic//results/cifar100c-Diffenderfer2021Winning_LRR_CARD_Deck/cifar100c-Diffenderfer2021Winning_LRR_CARD_Deck-L2-7.5-defocus_blur-1.json",
    "full_output": false,
    "verbose": false,
    "randomize_order": false,
    "backend": "bf",
    "blind_cols": null,
    "pred": "pred",
    "metric": "L2"
  },
  "backend_meta": {
    "epsilon": 7.5,
    "decision_col": "pred",
    "metric": "Linf",
    "is_exact": true,
    "is_sound": true,
    "is_complete": true
  },
  "positives": [
    [
      63,
      10063
    ],
    [
      127,
      10127
    ],
    [
      169,
      10169
    ],
    [
      222,
      10222
    ],
    [
      255,
      10255
    ],
    [
      304,
      10304
    ],
    [
      305,
      10305
    ],
    [
      322,
      10322
    ],
    [
      336,
      10336
    ],
    [
      385,
      10385
    ],
    [
      411,
      10411
    ],
    [
      530,
      10530
    ],
    [
      552,
      10552
    ],
    [
      554,
      10554
    ],
    [
      569,
      10569
    ],
    [
      595,
      10595
    ],
    [
      617,
      10617
    ],
    [
      791,
      10791
    ],
    [
      794,
      10794
    ],
    [
      836,
      10836
    ],
    [
      908,
      10908
    ],
    [
      951,
      10951
    ],
    [
      985,
      10985
    ],
    [
      1033,
      11033
    ],
    [
      1069,
      11069
    ],
    [
      1072,
      11072
    ],
    [
      1088,
      11088
    ],
    [
      1113,
      11113
    ],
    [
      1162,
      11162
    ],
    [
      1272,
      11272
    ],
    [
      1309,
      11309
    ],
    [
      1328,
      11328
    ],
    [
      1399,
      11399
    ],
    [
      1519,
      11519
    ],
    [
      1531,
      11531
    ],
    [
      1551,
      11551
    ],
    [
      1570,
      11570
    ],
    [
      1603,
      11603
    ],
    [
      1622,
      11622
    ],
    [
      1628,
      11628
    ],
    [
      1643,
      11643
    ],
    [
      1648,
      11648
    ],
    [
      1655,
      11655
    ],
    [
      1765,
      11765
    ],
    [
      1820,
      11820
    ],
    [
      1836,
      11836
    ],
    [
      1843,
      11843
    ],
    [
      1865,
      11865
    ],
    [
      1875,
      11875
    ],
    [
      1949,
      11949
    ],
    [
      2003,
      12003
    ],
    [
      2035,
      12035
    ],
    [
      2093,
      12093
    ],
    [
      2158,
      12158
    ],
    [
      2275,
      12275
    ],
    [
      2347,
      12347
    ],
    [
      2365,
      12365
    ],
    [
      2391,
      12391
    ],
    [
      2425,
      12425
    ],
    [
      2428,
      12428
    ],
    [
      2485,
      12485
    ],
    [
      2569,
      12569
    ],
    [
      2610,
      12610
    ],
    [
      2643,
      12643
    ],
    [
      2700,
      12700
    ],
    [
      2719,
      12719
    ],
    [
      2765,
      12765
    ],
    [
      2820,
      12820
    ],
    [
      2870,
      12870
    ],
    [
      2894,
      12894
    ],
    [
      2910,
      12910
    ],
    [
      2931,
      12931
    ],
    [
      2976,
      12976
    ],
    [
      3018,
      13018
    ],
    [
      3026,
      13026
    ],
    [
      3031,
      13031
    ],
    [
      3059,
      13059
    ],
    [
      3071,
      13071
    ],
    [
      3074,
      13074
    ],
    [
      3113,
      13113
    ],
    [
      3132,
      13132
    ],
    [
      3194,
      13194
    ],
    [
      3229,
      13229
    ],
    [
      3285,
      13285
    ],
    [
      3319,
      13319
    ],
    [
      3344,
      13344
    ],
    [
      3408,
      13408
    ],
    [
      3417,
      13417
    ],
    [
      3476,
      13476
    ],
    [
      3535,
      13535
    ],
    [
      3636,
      13636
    ],
    [
      3690,
      13690
    ],
    [
      3720,
      13720
    ],
    [
      3807,
      13807
    ],
    [
      3843,
      13843
    ],
    [
      4002,
      14002
    ],
    [
      4007,
      14007
    ],
    [
      4018,
      14018
    ],
    [
      4086,
      14086
    ],
    [
      4135,
      14135
    ],
    [
      4176,
      14176
    ],
    [
      4273,
      14273
    ],
    [
      4300,
      14300
    ],
    [
      4476,
      14476
    ],
    [
      4486,
      14486
    ],
    [
      4525,
      14525
    ],
    [
      4566,
      14566
    ],
    [
      4596,
      14596
    ],
    [
      4702,
      14702
    ],
    [
      4729,
      14729
    ],
    [
      4792,
      14792
    ],
    [
      4820,
      14820
    ],
    [
      4827,
      14827
    ],
    [
      4846,
      14846
    ],
    [
      4876,
      14876
    ],
    [
      4886,
      14886
    ],
    [
      4888,
      14888
    ],
    [
      4929,
      14929
    ],
    [
      4943,
      14943
    ],
    [
      5012,
      15012
    ],
    [
      5038,
      15038
    ],
    [
      5074,
      15074
    ],
    [
      5132,
      15132
    ],
    [
      5160,
      15160
    ],
    [
      5210,
      15210
    ],
    [
      5263,
      15263
    ],
    [
      5265,
      15265
    ],
    [
      5297,
      15297
    ],
    [
      5327,
      15327
    ],
    [
      5382,
      15382
    ],
    [
      5383,
      15383
    ],
    [
      5449,
      15449
    ],
    [
      5599,
      15599
    ],
    [
      5648,
      15648
    ],
    [
      5653,
      15653
    ],
    [
      5687,
      15687
    ],
    [
      5693,
      15693
    ],
    [
      5700,
      15700
    ],
    [
      5973,
      15973
    ],
    [
      5980,
      15980
    ],
    [
      6016,
      16016
    ],
    [
      6019,
      16019
    ],
    [
      6058,
      16058
    ],
    [
      6068,
      16068
    ],
    [
      6095,
      16095
    ],
    [
      6118,
      16118
    ],
    [
      6148,
      16148
    ],
    [
      6157,
      16157
    ],
    [
      6187,
      16187
    ],
    [
      6192,
      16192
    ],
    [
      6249,
      16249
    ],
    [
      6256,
      16256
    ],
    [
      6273,
      16273
    ],
    [
      6290,
      16290
    ],
    [
      6304,
      16304
    ],
    [
      6365,
      16365
    ],
    [
      6405,
      16405
    ],
    [
      6434,
      16434
    ],
    [
      6473,
      16473
    ],
    [
      6476,
      16476
    ],
    [
      6494,
      16494
    ],
    [
      6546,
      16546
    ],
    [
      6576,
      16576
    ],
    [
      6680,
      16680
    ],
    [
      6756,
      16756
    ],
    [
      6919,
      16919
    ],
    [
      6985,
      16985
    ],
    [
      6996,
      16996
    ],
    [
      7067,
      17067
    ],
    [
      7094,
      17094
    ],
    [
      7225,
      17225
    ],
    [
      7270,
      17270
    ],
    [
      7398,
      17398
    ],
    [
      7417,
      17417
    ],
    [
      7445,
      17445
    ],
    [
      7471,
      17471
    ],
    [
      7511,
      17511
    ],
    [
      7546,
      17546
    ],
    [
      7550,
      17550
    ],
    [
      7584,
      17584
    ],
    [
      7614,
      17614
    ],
    [
      7705,
      17705
    ],
    [
      7751,
      17751
    ],
    [
      7768,
      17768
    ],
    [
      7778,
      17778
    ],
    [
      7786,
      17786
    ],
    [
      7825,
      17825
    ],
    [
      7859,
      17859
    ],
    [
      7872,
      17872
    ],
    [
      7873,
      17873
    ],
    [
      7883,
      17883
    ],
    [
      7907,
      17907
    ],
    [
      7912,
      17912
    ],
    [
      7976,
      17976
    ],
    [
      7977,
      17977
    ],
    [
      8068,
      18068
    ],
    [
      8083,
      18083
    ],
    [
      8118,
      18118
    ],
    [
      8122,
      18122
    ],
    [
      8205,
      18205
    ],
    [
      8269,
      18269
    ],
    [
      8296,
      18296
    ],
    [
      8345,
      18345
    ],
    [
      8422,
      18422
    ],
    [
      8455,
      18455
    ],
    [
      8540,
      18540
    ],
    [
      8625,
      18625
    ],
    [
      8669,
      18669
    ],
    [
      8674,
      18674
    ],
    [
      8680,
      18680
    ],
    [
      8823,
      18823
    ],
    [
      8824,
      18824
    ],
    [
      8848,
      18848
    ],
    [
      8854,
      18854
    ],
    [
      8965,
      18965
    ],
    [
      9004,
      19004
    ],
    [
      9013,
      19013
    ],
    [
      9016,
      19016
    ],
    [
      9057,
      19057
    ],
    [
      9100,
      19100
    ],
    [
      9115,
      19115
    ],
    [
      9138,
      19138
    ],
    [
      9152,
      19152
    ],
    [
      9162,
      19162
    ],
    [
      9171,
      19171
    ],
    [
      9339,
      19339
    ],
    [
      9459,
      19459
    ],
    [
      9548,
      19548
    ],
    [
      9567,
      19567
    ],
    [
      9581,
      19581
    ],
    [
      9617,
      19617
    ],
    [
      9631,
      19631
    ],
    [
      9636,
      19636
    ],
    [
      9680,
      19680
    ],
    [
      9727,
      19727
    ],
    [
      9813,
      19813
    ],
    [
      9879,
      19879
    ],
    [
      9914,
      19914
    ],
    [
      9949,
      19949
    ],
    [
      9952,
      19952
    ],
    [
      9994,
      19994
    ]
  ]
}