{
  "n_true_positives": 10,
  "n_positives": 10,
  "total_time": 52.4119610786438,
  "date": "2025-01-25T15:42:08.065880",
  "backend": "BruteForce",
  "n_bins": 0,
  "eps": 7.5,
  "args": {
    "csvpath": [
      "../data/RobustBench/predictions/cifar100c-Diffenderfer2021Winning_LRR_CARD_Deck/vanilla.csv",
      "../data/RobustBench/predictions/cifar100c-Diffenderfer2021Winning_LRR_CARD_Deck/frost-5.csv"
    ],
    "eps": 7.5,
    "n_bins": 0,
    "n_examples": -1,
    "out_path": "../results/semantic//results/cifar100c-Diffenderfer2021Winning_LRR_CARD_Deck/cifar100c-Diffenderfer2021Winning_LRR_CARD_Deck-L2-7.5-frost-5.json",
    "full_output": false,
    "verbose": false,
    "randomize_order": false,
    "backend": "bf",
    "blind_cols": null,
    "pred": "pred",
    "metric": "L2"
  },
  "backend_meta": {
    "epsilon": 7.5,
    "decision_col": "pred",
    "metric": "Linf",
    "is_exact": true,
    "is_sound": true,
    "is_complete": true
  },
  "positives": [
    [
      1252,
      11252
    ],
    [
      3618,
      13618
    ],
    [
      4246,
      14246
    ],
    [
      5273,
      15273
    ],
    [
      5515,
      15515
    ],
    [
      5930,
      15930
    ],
    [
      6171,
      16171
    ],
    [
      6422,
      16422
    ],
    [
      8428,
      18428
    ],
    [
      8437,
      18437
    ]
  ]
}