{
  "n_true_positives": 70,
  "n_positives": 70,
  "total_time": 51.74759817123413,
  "date": "2025-01-25T15:42:07.223019",
  "backend": "BruteForce",
  "n_bins": 0,
  "eps": 7.5,
  "args": {
    "csvpath": [
      "../data/RobustBench/predictions/cifar100c-Diffenderfer2021Winning_LRR_CARD_Deck/vanilla.csv",
      "../data/RobustBench/predictions/cifar100c-Diffenderfer2021Winning_LRR_CARD_Deck/pixelate-2.csv"
    ],
    "eps": 7.5,
    "n_bins": 0,
    "n_examples": -1,
    "out_path": "../results/semantic//results/cifar100c-Diffenderfer2021Winning_LRR_CARD_Deck/cifar100c-Diffenderfer2021Winning_LRR_CARD_Deck-L2-7.5-pixelate-2.json",
    "full_output": false,
    "verbose": false,
    "randomize_order": false,
    "backend": "bf",
    "blind_cols": null,
    "pred": "pred",
    "metric": "L2"
  },
  "backend_meta": {
    "epsilon": 7.5,
    "decision_col": "pred",
    "metric": "Linf",
    "is_exact": true,
    "is_sound": true,
    "is_complete": true
  },
  "positives": [
    [
      89,
      10089
    ],
    [
      171,
      10171
    ],
    [
      266,
      10266
    ],
    [
      305,
      10305
    ],
    [
      420,
      10420
    ],
    [
      451,
      10451
    ],
    [
      574,
      10574
    ],
    [
      595,
      10595
    ],
    [
      673,
      10673
    ],
    [
      915,
      10915
    ],
    [
      1023,
      11023
    ],
    [
      1107,
      11107
    ],
    [
      1113,
      11113
    ],
    [
      1571,
      11571
    ],
    [
      1772,
      11772
    ],
    [
      1814,
      11814
    ],
    [
      1815,
      11815
    ],
    [
      1854,
      11854
    ],
    [
      1889,
      11889
    ],
    [
      2213,
      12213
    ],
    [
      2227,
      12227
    ],
    [
      2377,
      12377
    ],
    [
      2393,
      12393
    ],
    [
      2455,
      12455
    ],
    [
      2625,
      12625
    ],
    [
      2664,
      12664
    ],
    [
      2872,
      12872
    ],
    [
      2901,
      12901
    ],
    [
      3062,
      13062
    ],
    [
      3199,
      13199
    ],
    [
      3254,
      13254
    ],
    [
      4151,
      14151
    ],
    [
      4273,
      14273
    ],
    [
      4486,
      14486
    ],
    [
      4634,
      14634
    ],
    [
      4670,
      14670
    ],
    [
      4891,
      14891
    ],
    [
      5136,
      15136
    ],
    [
      5462,
      15462
    ],
    [
      5661,
      15661
    ],
    [
      5930,
      15930
    ],
    [
      5950,
      15950
    ],
    [
      5952,
      15952
    ],
    [
      6019,
      16019
    ],
    [
      6048,
      16048
    ],
    [
      6058,
      16058
    ],
    [
      6110,
      16110
    ],
    [
      6284,
      16284
    ],
    [
      6329,
      16329
    ],
    [
      6513,
      16513
    ],
    [
      6586,
      16586
    ],
    [
      7265,
      17265
    ],
    [
      7341,
      17341
    ],
    [
      7451,
      17451
    ],
    [
      7883,
      17883
    ],
    [
      8068,
      18068
    ],
    [
      8428,
      18428
    ],
    [
      8805,
      18805
    ],
    [
      8817,
      18817
    ],
    [
      8831,
      18831
    ],
    [
      8848,
      18848
    ],
    [
      8891,
      18891
    ],
    [
      8995,
      18995
    ],
    [
      9004,
      19004
    ],
    [
      9101,
      19101
    ],
    [
      9115,
      19115
    ],
    [
      9459,
      19459
    ],
    [
      9503,
      19503
    ],
    [
      9900,
      19900
    ],
    [
      9905,
      19905
    ]
  ]
}