{
  "n_true_positives": 18,
  "n_positives": 18,
  "total_time": 53.1123468875885,
  "date": "2025-01-25T15:41:06.295883",
  "backend": "BruteForce",
  "n_bins": 0,
  "eps": 7.5,
  "args": {
    "csvpath": [
      "../data/RobustBench/predictions/cifar100c-Diffenderfer2021Winning_LRR_CARD_Deck/vanilla.csv",
      "../data/RobustBench/predictions/cifar100c-Diffenderfer2021Winning_LRR_CARD_Deck/jpeg_compression-4.csv"
    ],
    "eps": 7.5,
    "n_bins": 0,
    "n_examples": -1,
    "out_path": "../results/semantic//results/cifar100c-Diffenderfer2021Winning_LRR_CARD_Deck/cifar100c-Diffenderfer2021Winning_LRR_CARD_Deck-L2-7.5-jpeg_compression-4.json",
    "full_output": false,
    "verbose": false,
    "randomize_order": false,
    "backend": "bf",
    "blind_cols": null,
    "pred": "pred",
    "metric": "L2"
  },
  "backend_meta": {
    "epsilon": 7.5,
    "decision_col": "pred",
    "metric": "Linf",
    "is_exact": true,
    "is_sound": true,
    "is_complete": true
  },
  "positives": [
    [
      430,
      10430
    ],
    [
      554,
      10554
    ],
    [
      743,
      10743
    ],
    [
      3201,
      13201
    ],
    [
      3782,
      13782
    ],
    [
      3875,
      13875
    ],
    [
      4908,
      14908
    ],
    [
      6818,
      16818
    ],
    [
      7398,
      17398
    ],
    [
      7451,
      17451
    ],
    [
      7868,
      17868
    ],
    [
      7898,
      17898
    ],
    [
      8312,
      18312
    ],
    [
      8576,
      18576
    ],
    [
      8817,
      18817
    ],
    [
      8892,
      18892
    ],
    [
      9115,
      19115
    ],
    [
      9935,
      19935
    ]
  ]
}