{
  "n_true_positives": 36,
  "n_positives": 36,
  "total_time": 86.04418301582336,
  "date": "2025-01-25T15:40:07.338059",
  "backend": "BruteForce",
  "n_bins": 0,
  "eps": 7.5,
  "args": {
    "csvpath": [
      "../data/RobustBench/predictions/cifar100c-Diffenderfer2021Winning_LRR_CARD_Deck/vanilla.csv",
      "../data/RobustBench/predictions/cifar100c-Diffenderfer2021Winning_LRR_CARD_Deck/zoom_blur-1.csv"
    ],
    "eps": 7.5,
    "n_bins": 0,
    "n_examples": -1,
    "out_path": "../results/semantic//results/cifar100c-Diffenderfer2021Winning_LRR_CARD_Deck/cifar100c-Diffenderfer2021Winning_LRR_CARD_Deck-L2-7.5-zoom_blur-1.json",
    "full_output": false,
    "verbose": false,
    "randomize_order": false,
    "backend": "bf",
    "blind_cols": null,
    "pred": "pred",
    "metric": "L2"
  },
  "backend_meta": {
    "epsilon": 7.5,
    "decision_col": "pred",
    "metric": "Linf",
    "is_exact": true,
    "is_sound": true,
    "is_complete": true
  },
  "positives": [
    [
      222,
      10222
    ],
    [
      466,
      10466
    ],
    [
      533,
      10533
    ],
    [
      618,
      10618
    ],
    [
      1725,
      11725
    ],
    [
      1836,
      11836
    ],
    [
      2059,
      12059
    ],
    [
      2084,
      12084
    ],
    [
      2393,
      12393
    ],
    [
      2962,
      12962
    ],
    [
      3185,
      13185
    ],
    [
      3201,
      13201
    ],
    [
      3951,
      13951
    ],
    [
      4069,
      14069
    ],
    [
      4195,
      14195
    ],
    [
      4486,
      14486
    ],
    [
      4670,
      14670
    ],
    [
      5275,
      15275
    ],
    [
      5462,
      15462
    ],
    [
      5881,
      15881
    ],
    [
      5933,
      15933
    ],
    [
      5992,
      15992
    ],
    [
      7503,
      17503
    ],
    [
      7653,
      17653
    ],
    [
      7751,
      17751
    ],
    [
      7826,
      17826
    ],
    [
      8227,
      18227
    ],
    [
      8297,
      18297
    ],
    [
      8722,
      18722
    ],
    [
      8865,
      18865
    ],
    [
      8892,
      18892
    ],
    [
      9070,
      19070
    ],
    [
      9461,
      19461
    ],
    [
      9487,
      19487
    ],
    [
      9782,
      19782
    ],
    [
      9874,
      19874
    ]
  ]
}