{
  "n_true_positives": 8,
  "n_positives": 8,
  "total_time": 78.03279113769531,
  "date": "2025-01-25T15:39:58.915418",
  "backend": "BruteForce",
  "n_bins": 0,
  "eps": 7.5,
  "args": {
    "csvpath": [
      "../data/RobustBench/predictions/cifar100c-Diffenderfer2021Winning_LRR_CARD_Deck/vanilla.csv",
      "../data/RobustBench/predictions/cifar100c-Diffenderfer2021Winning_LRR_CARD_Deck/elastic_transform-3.csv"
    ],
    "eps": 7.5,
    "n_bins": 0,
    "n_examples": -1,
    "out_path": "../results/semantic//results/cifar100c-Diffenderfer2021Winning_LRR_CARD_Deck/cifar100c-Diffenderfer2021Winning_LRR_CARD_Deck-L2-7.5-elastic_transform-3.json",
    "full_output": false,
    "verbose": false,
    "randomize_order": false,
    "backend": "bf",
    "blind_cols": null,
    "pred": "pred",
    "metric": "L2"
  },
  "backend_meta": {
    "epsilon": 7.5,
    "decision_col": "pred",
    "metric": "Linf",
    "is_exact": true,
    "is_sound": true,
    "is_complete": true
  },
  "positives": [
    [
      3194,
      13194
    ],
    [
      3483,
      13483
    ],
    [
      5160,
      15160
    ],
    [
      5265,
      15265
    ],
    [
      5681,
      15681
    ],
    [
      7574,
      17574
    ],
    [
      8764,
      18764
    ],
    [
      9160,
      19160
    ]
  ]
}