{
  "n_true_positives": 220,
  "n_positives": 220,
  "total_time": 163.7029252052307,
  "date": "2025-01-25T15:41:26.910298",
  "backend": "BruteForce",
  "n_bins": 0,
  "eps": 7.5,
  "args": {
    "csvpath": [
      "../data/RobustBench/predictions/cifar100c-Diffenderfer2021Winning_LRR_CARD_Deck/vanilla.csv",
      "../data/RobustBench/predictions/cifar100c-Diffenderfer2021Winning_LRR_CARD_Deck/jpeg_compression-1.csv"
    ],
    "eps": 7.5,
    "n_bins": 0,
    "n_examples": -1,
    "out_path": "../results/semantic//results/cifar100c-Diffenderfer2021Winning_LRR_CARD_Deck/cifar100c-Diffenderfer2021Winning_LRR_CARD_Deck-L2-7.5-jpeg_compression-1.json",
    "full_output": false,
    "verbose": false,
    "randomize_order": false,
    "backend": "bf",
    "blind_cols": null,
    "pred": "pred",
    "metric": "L2"
  },
  "backend_meta": {
    "epsilon": 7.5,
    "decision_col": "pred",
    "metric": "Linf",
    "is_exact": true,
    "is_sound": true,
    "is_complete": true
  },
  "positives": [
    [
      60,
      10060
    ],
    [
      87,
      10087
    ],
    [
      144,
      10144
    ],
    [
      170,
      10170
    ],
    [
      198,
      10198
    ],
    [
      222,
      10222
    ],
    [
      322,
      10322
    ],
    [
      429,
      10429
    ],
    [
      500,
      10500
    ],
    [
      560,
      10560
    ],
    [
      572,
      10572
    ],
    [
      669,
      10669
    ],
    [
      756,
      10756
    ],
    [
      799,
      10799
    ],
    [
      818,
      10818
    ],
    [
      826,
      10826
    ],
    [
      829,
      10829
    ],
    [
      915,
      10915
    ],
    [
      921,
      10921
    ],
    [
      950,
      10950
    ],
    [
      1016,
      11016
    ],
    [
      1035,
      11035
    ],
    [
      1040,
      11040
    ],
    [
      1049,
      11049
    ],
    [
      1119,
      11119
    ],
    [
      1150,
      11150
    ],
    [
      1162,
      11162
    ],
    [
      1192,
      11192
    ],
    [
      1272,
      11272
    ],
    [
      1314,
      11314
    ],
    [
      1316,
      11316
    ],
    [
      1338,
      11338
    ],
    [
      1348,
      11348
    ],
    [
      1399,
      11399
    ],
    [
      1413,
      11413
    ],
    [
      1482,
      11482
    ],
    [
      1511,
      11511
    ],
    [
      1602,
      11602
    ],
    [
      1603,
      11603
    ],
    [
      1631,
      11631
    ],
    [
      1649,
      11649
    ],
    [
      1676,
      11676
    ],
    [
      1710,
      11710
    ],
    [
      1743,
      11743
    ],
    [
      1772,
      11772
    ],
    [
      1817,
      11817
    ],
    [
      1821,
      11821
    ],
    [
      1841,
      11841
    ],
    [
      1867,
      11867
    ],
    [
      1875,
      11875
    ],
    [
      1882,
      11882
    ],
    [
      2035,
      12035
    ],
    [
      2052,
      12052
    ],
    [
      2158,
      12158
    ],
    [
      2200,
      12200
    ],
    [
      2237,
      12237
    ],
    [
      2244,
      12244
    ],
    [
      2275,
      12275
    ],
    [
      2282,
      12282
    ],
    [
      2327,
      12327
    ],
    [
      2339,
      12339
    ],
    [
      2391,
      12391
    ],
    [
      2660,
      12660
    ],
    [
      2761,
      12761
    ],
    [
      2833,
      12833
    ],
    [
      2930,
      12930
    ],
    [
      3014,
      13014
    ],
    [
      3026,
      13026
    ],
    [
      3027,
      13027
    ],
    [
      3040,
      13040
    ],
    [
      3176,
      13176
    ],
    [
      3194,
      13194
    ],
    [
      3199,
      13199
    ],
    [
      3201,
      13201
    ],
    [
      3222,
      13222
    ],
    [
      3224,
      13224
    ],
    [
      3244,
      13244
    ],
    [
      3322,
      13322
    ],
    [
      3326,
      13326
    ],
    [
      3348,
      13348
    ],
    [
      3365,
      13365
    ],
    [
      3373,
      13373
    ],
    [
      3483,
      13483
    ],
    [
      3514,
      13514
    ],
    [
      3550,
      13550
    ],
    [
      3552,
      13552
    ],
    [
      3643,
      13643
    ],
    [
      3656,
      13656
    ],
    [
      3690,
      13690
    ],
    [
      3779,
      13779
    ],
    [
      3782,
      13782
    ],
    [
      3835,
      13835
    ],
    [
      3861,
      13861
    ],
    [
      3875,
      13875
    ],
    [
      3930,
      13930
    ],
    [
      3952,
      13952
    ],
    [
      4111,
      14111
    ],
    [
      4115,
      14115
    ],
    [
      4123,
      14123
    ],
    [
      4204,
      14204
    ],
    [
      4238,
      14238
    ],
    [
      4265,
      14265
    ],
    [
      4273,
      14273
    ],
    [
      4282,
      14282
    ],
    [
      4312,
      14312
    ],
    [
      4389,
      14389
    ],
    [
      4442,
      14442
    ],
    [
      4486,
      14486
    ],
    [
      4587,
      14587
    ],
    [
      4684,
      14684
    ],
    [
      4688,
      14688
    ],
    [
      4710,
      14710
    ],
    [
      4724,
      14724
    ],
    [
      4761,
      14761
    ],
    [
      4862,
      14862
    ],
    [
      4880,
      14880
    ],
    [
      5068,
      15068
    ],
    [
      5074,
      15074
    ],
    [
      5095,
      15095
    ],
    [
      5132,
      15132
    ],
    [
      5134,
      15134
    ],
    [
      5136,
      15136
    ],
    [
      5138,
      15138
    ],
    [
      5160,
      15160
    ],
    [
      5254,
      15254
    ],
    [
      5265,
      15265
    ],
    [
      5284,
      15284
    ],
    [
      5382,
      15382
    ],
    [
      5424,
      15424
    ],
    [
      5450,
      15450
    ],
    [
      5503,
      15503
    ],
    [
      5620,
      15620
    ],
    [
      5639,
      15639
    ],
    [
      5681,
      15681
    ],
    [
      5693,
      15693
    ],
    [
      5700,
      15700
    ],
    [
      5907,
      15907
    ],
    [
      5956,
      15956
    ],
    [
      6010,
      16010
    ],
    [
      6019,
      16019
    ],
    [
      6035,
      16035
    ],
    [
      6069,
      16069
    ],
    [
      6157,
      16157
    ],
    [
      6169,
      16169
    ],
    [
      6201,
      16201
    ],
    [
      6329,
      16329
    ],
    [
      6386,
      16386
    ],
    [
      6389,
      16389
    ],
    [
      6414,
      16414
    ],
    [
      6486,
      16486
    ],
    [
      6511,
      16511
    ],
    [
      6525,
      16525
    ],
    [
      6602,
      16602
    ],
    [
      6610,
      16610
    ],
    [
      6641,
      16641
    ],
    [
      6672,
      16672
    ],
    [
      6682,
      16682
    ],
    [
      6733,
      16733
    ],
    [
      6893,
      16893
    ],
    [
      6994,
      16994
    ],
    [
      7057,
      17057
    ],
    [
      7066,
      17066
    ],
    [
      7146,
      17146
    ],
    [
      7155,
      17155
    ],
    [
      7161,
      17161
    ],
    [
      7225,
      17225
    ],
    [
      7369,
      17369
    ],
    [
      7372,
      17372
    ],
    [
      7383,
      17383
    ],
    [
      7398,
      17398
    ],
    [
      7507,
      17507
    ],
    [
      7550,
      17550
    ],
    [
      7553,
      17553
    ],
    [
      7556,
      17556
    ],
    [
      7580,
      17580
    ],
    [
      7595,
      17595
    ],
    [
      7620,
      17620
    ],
    [
      7734,
      17734
    ],
    [
      7812,
      17812
    ],
    [
      7898,
      17898
    ],
    [
      8068,
      18068
    ],
    [
      8076,
      18076
    ],
    [
      8173,
      18173
    ],
    [
      8246,
      18246
    ],
    [
      8262,
      18262
    ],
    [
      8285,
      18285
    ],
    [
      8297,
      18297
    ],
    [
      8301,
      18301
    ],
    [
      8312,
      18312
    ],
    [
      8394,
      18394
    ],
    [
      8428,
      18428
    ],
    [
      8476,
      18476
    ],
    [
      8526,
      18526
    ],
    [
      8571,
      18571
    ],
    [
      8617,
      18617
    ],
    [
      8630,
      18630
    ],
    [
      8680,
      18680
    ],
    [
      8791,
      18791
    ],
    [
      8817,
      18817
    ],
    [
      8848,
      18848
    ],
    [
      9018,
      19018
    ],
    [
      9027,
      19027
    ],
    [
      9070,
      19070
    ],
    [
      9115,
      19115
    ],
    [
      9188,
      19188
    ],
    [
      9281,
      19281
    ],
    [
      9288,
      19288
    ],
    [
      9370,
      19370
    ],
    [
      9382,
      19382
    ],
    [
      9428,
      19428
    ],
    [
      9459,
      19459
    ],
    [
      9598,
      19598
    ],
    [
      9727,
      19727
    ],
    [
      9732,
      19732
    ],
    [
      9878,
      19878
    ],
    [
      9929,
      19929
    ],
    [
      9933,
      19933
    ],
    [
      9938,
      19938
    ],
    [
      9956,
      19956
    ],
    [
      9976,
      19976
    ]
  ]
}