{
  "n_true_positives": 69,
  "n_positives": 69,
  "total_time": 159.34386491775513,
  "date": "2025-01-25T15:44:27.121461",
  "backend": "BruteForce",
  "n_bins": 0,
  "eps": 7.5,
  "args": {
    "csvpath": [
      "../data/RobustBench/predictions/cifar100c-Diffenderfer2021Winning_LRR_CARD_Deck/vanilla.csv",
      "../data/RobustBench/predictions/cifar100c-Diffenderfer2021Winning_LRR_CARD_Deck/frost-4.csv"
    ],
    "eps": 7.5,
    "n_bins": 0,
    "n_examples": -1,
    "out_path": "../results/semantic//results/cifar100c-Diffenderfer2021Winning_LRR_CARD_Deck/cifar100c-Diffenderfer2021Winning_LRR_CARD_Deck-L2-7.5-frost-4.json",
    "full_output": false,
    "verbose": false,
    "randomize_order": false,
    "backend": "bf",
    "blind_cols": null,
    "pred": "pred",
    "metric": "L2"
  },
  "backend_meta": {
    "epsilon": 7.5,
    "decision_col": "pred",
    "metric": "Linf",
    "is_exact": true,
    "is_sound": true,
    "is_complete": true
  },
  "positives": [
    [
      89,
      10089
    ],
    [
      696,
      10696
    ],
    [
      1069,
      11069
    ],
    [
      1182,
      11182
    ],
    [
      1224,
      11224
    ],
    [
      1295,
      11295
    ],
    [
      1424,
      11424
    ],
    [
      1615,
      11615
    ],
    [
      1649,
      11649
    ],
    [
      1710,
      11710
    ],
    [
      1869,
      11869
    ],
    [
      1949,
      11949
    ],
    [
      2048,
      12048
    ],
    [
      2188,
      12188
    ],
    [
      2267,
      12267
    ],
    [
      2339,
      12339
    ],
    [
      2405,
      12405
    ],
    [
      2431,
      12431
    ],
    [
      2541,
      12541
    ],
    [
      2610,
      12610
    ],
    [
      2808,
      12808
    ],
    [
      2912,
      12912
    ],
    [
      3026,
      13026
    ],
    [
      3381,
      13381
    ],
    [
      3504,
      13504
    ],
    [
      3602,
      13602
    ],
    [
      3643,
      13643
    ],
    [
      3799,
      13799
    ],
    [
      3836,
      13836
    ],
    [
      3840,
      13840
    ],
    [
      3922,
      13922
    ],
    [
      4135,
      14135
    ],
    [
      4175,
      14175
    ],
    [
      4177,
      14177
    ],
    [
      4290,
      14290
    ],
    [
      4300,
      14300
    ],
    [
      4476,
      14476
    ],
    [
      4710,
      14710
    ],
    [
      4797,
      14797
    ],
    [
      4943,
      14943
    ],
    [
      5258,
      15258
    ],
    [
      5263,
      15263
    ],
    [
      5424,
      15424
    ],
    [
      5515,
      15515
    ],
    [
      5654,
      15654
    ],
    [
      5830,
      15830
    ],
    [
      5897,
      15897
    ],
    [
      5930,
      15930
    ],
    [
      5956,
      15956
    ],
    [
      5969,
      15969
    ],
    [
      6203,
      16203
    ],
    [
      6383,
      16383
    ],
    [
      6555,
      16555
    ],
    [
      7140,
      17140
    ],
    [
      7183,
      17183
    ],
    [
      7198,
      17198
    ],
    [
      7333,
      17333
    ],
    [
      7351,
      17351
    ],
    [
      7467,
      17467
    ],
    [
      7632,
      17632
    ],
    [
      7858,
      17858
    ],
    [
      8424,
      18424
    ],
    [
      8437,
      18437
    ],
    [
      8553,
      18553
    ],
    [
      8647,
      18647
    ],
    [
      8655,
      18655
    ],
    [
      8750,
      18750
    ],
    [
      9125,
      19125
    ],
    [
      9955,
      19955
    ]
  ]
}