{
  "n_true_positives": 10,
  "n_positives": 10,
  "total_time": 49.21803283691406,
  "date": "2025-01-25T15:43:05.550770",
  "backend": "BruteForce",
  "n_bins": 0,
  "eps": 7.5,
  "args": {
    "csvpath": [
      "../data/RobustBench/predictions/cifar100c-Diffenderfer2021Winning_LRR_CARD_Deck/vanilla.csv",
      "../data/RobustBench/predictions/cifar100c-Diffenderfer2021Winning_LRR_CARD_Deck/contrast-3.csv"
    ],
    "eps": 7.5,
    "n_bins": 0,
    "n_examples": -1,
    "out_path": "../results/semantic//results/cifar100c-Diffenderfer2021Winning_LRR_CARD_Deck/cifar100c-Diffenderfer2021Winning_LRR_CARD_Deck-L2-7.5-contrast-3.json",
    "full_output": false,
    "verbose": false,
    "randomize_order": false,
    "backend": "bf",
    "blind_cols": null,
    "pred": "pred",
    "metric": "L2"
  },
  "backend_meta": {
    "epsilon": 7.5,
    "decision_col": "pred",
    "metric": "Linf",
    "is_exact": true,
    "is_sound": true,
    "is_complete": true
  },
  "positives": [
    [
      10696,
      16190
    ],
    [
      12059,
      16276
    ],
    [
      12393,
      19404
    ],
    [
      12901,
      18964
    ],
    [
      14140,
      15481
    ],
    [
      15039,
      15232
    ],
    [
      15459,
      19651
    ],
    [
      15488,
      19020
    ],
    [
      16482,
      16890
    ],
    [
      17442,
      17825
    ]
  ]
}