{
  "n_true_positives": 9,
  "n_positives": 9,
  "total_time": 169.7368767261505,
  "date": "2025-01-25T15:41:33.808162",
  "backend": "BruteForce",
  "n_bins": 0,
  "eps": 7.5,
  "args": {
    "csvpath": [
      "../data/RobustBench/predictions/cifar100c-Diffenderfer2021Winning_LRR_CARD_Deck/vanilla.csv",
      "../data/RobustBench/predictions/cifar100c-Diffenderfer2021Winning_LRR_CARD_Deck/snow-4.csv"
    ],
    "eps": 7.5,
    "n_bins": 0,
    "n_examples": -1,
    "out_path": "../results/semantic//results/cifar100c-Diffenderfer2021Winning_LRR_CARD_Deck/cifar100c-Diffenderfer2021Winning_LRR_CARD_Deck-L2-7.5-snow-4.json",
    "full_output": false,
    "verbose": false,
    "randomize_order": false,
    "backend": "bf",
    "blind_cols": null,
    "pred": "pred",
    "metric": "L2"
  },
  "backend_meta": {
    "epsilon": 7.5,
    "decision_col": "pred",
    "metric": "Linf",
    "is_exact": true,
    "is_sound": true,
    "is_complete": true
  },
  "positives": [
    [
      29,
      10029
    ],
    [
      554,
      10554
    ],
    [
      1314,
      11314
    ],
    [
      1821,
      11821
    ],
    [
      4018,
      14018
    ],
    [
      4679,
      14679
    ],
    [
      5930,
      15930
    ],
    [
      8418,
      18418
    ],
    [
      9370,
      19370
    ]
  ]
}