{
  "n_true_positives": 30,
  "n_positives": 30,
  "total_time": 78.92252588272095,
  "date": "2025-01-25T15:41:30.568864",
  "backend": "BruteForce",
  "n_bins": 0,
  "eps": 7.5,
  "args": {
    "csvpath": [
      "../data/RobustBench/predictions/cifar100c-Diffenderfer2021Winning_LRR_CARD_Deck/vanilla.csv",
      "../data/RobustBench/predictions/cifar100c-Diffenderfer2021Winning_LRR_CARD_Deck/jpeg_compression-3.csv"
    ],
    "eps": 7.5,
    "n_bins": 0,
    "n_examples": -1,
    "out_path": "../results/semantic//results/cifar100c-Diffenderfer2021Winning_LRR_CARD_Deck/cifar100c-Diffenderfer2021Winning_LRR_CARD_Deck-L2-7.5-jpeg_compression-3.json",
    "full_output": false,
    "verbose": false,
    "randomize_order": false,
    "backend": "bf",
    "blind_cols": null,
    "pred": "pred",
    "metric": "L2"
  },
  "backend_meta": {
    "epsilon": 7.5,
    "decision_col": "pred",
    "metric": "Linf",
    "is_exact": true,
    "is_sound": true,
    "is_complete": true
  },
  "positives": [
    [
      103,
      10103
    ],
    [
      554,
      10554
    ],
    [
      595,
      10595
    ],
    [
      743,
      10743
    ],
    [
      915,
      10915
    ],
    [
      1628,
      11628
    ],
    [
      2057,
      12057
    ],
    [
      2623,
      12623
    ],
    [
      3201,
      13201
    ],
    [
      3437,
      13437
    ],
    [
      3643,
      13643
    ],
    [
      3782,
      13782
    ],
    [
      3875,
      13875
    ],
    [
      4195,
      14195
    ],
    [
      4670,
      14670
    ],
    [
      4795,
      14795
    ],
    [
      4908,
      14908
    ],
    [
      5134,
      15134
    ],
    [
      5265,
      15265
    ],
    [
      6157,
      16157
    ],
    [
      6733,
      16733
    ],
    [
      6810,
      16810
    ],
    [
      7275,
      17275
    ],
    [
      7451,
      17451
    ],
    [
      7580,
      17580
    ],
    [
      7599,
      17599
    ],
    [
      7643,
      17643
    ],
    [
      7845,
      17845
    ],
    [
      8844,
      18844
    ],
    [
      9935,
      19935
    ]
  ]
}