{
  "n_true_positives": 61,
  "n_positives": 61,
  "total_time": 41.57977557182312,
  "date": "2025-01-25T15:42:25.729837",
  "backend": "BruteForce",
  "n_bins": 0,
  "eps": 7.5,
  "args": {
    "csvpath": [
      "../data/RobustBench/predictions/cifar100c-Diffenderfer2021Winning_LRR_CARD_Deck/vanilla.csv",
      "../data/RobustBench/predictions/cifar100c-Diffenderfer2021Winning_LRR_CARD_Deck/jpeg_compression-2.csv"
    ],
    "eps": 7.5,
    "n_bins": 0,
    "n_examples": -1,
    "out_path": "../results/semantic//results/cifar100c-Diffenderfer2021Winning_LRR_CARD_Deck/cifar100c-Diffenderfer2021Winning_LRR_CARD_Deck-L2-7.5-jpeg_compression-2.json",
    "full_output": false,
    "verbose": false,
    "randomize_order": false,
    "backend": "bf",
    "blind_cols": null,
    "pred": "pred",
    "metric": "L2"
  },
  "backend_meta": {
    "epsilon": 7.5,
    "decision_col": "pred",
    "metric": "Linf",
    "is_exact": true,
    "is_sound": true,
    "is_complete": true
  },
  "positives": [
    [
      87,
      10087
    ],
    [
      170,
      10170
    ],
    [
      500,
      10500
    ],
    [
      669,
      10669
    ],
    [
      1359,
      11359
    ],
    [
      1628,
      11628
    ],
    [
      1821,
      11821
    ],
    [
      1875,
      11875
    ],
    [
      2730,
      12730
    ],
    [
      3201,
      13201
    ],
    [
      3265,
      13265
    ],
    [
      3483,
      13483
    ],
    [
      3643,
      13643
    ],
    [
      3782,
      13782
    ],
    [
      3835,
      13835
    ],
    [
      3875,
      13875
    ],
    [
      4670,
      14670
    ],
    [
      4724,
      14724
    ],
    [
      4880,
      14880
    ],
    [
      4908,
      14908
    ],
    [
      5031,
      15031
    ],
    [
      5134,
      15134
    ],
    [
      5179,
      15179
    ],
    [
      5284,
      15284
    ],
    [
      5500,
      15500
    ],
    [
      5642,
      15642
    ],
    [
      5673,
      15673
    ],
    [
      5681,
      15681
    ],
    [
      5734,
      15734
    ],
    [
      5907,
      15907
    ],
    [
      6157,
      16157
    ],
    [
      6389,
      16389
    ],
    [
      6421,
      16421
    ],
    [
      6492,
      16492
    ],
    [
      6522,
      16522
    ],
    [
      6578,
      16578
    ],
    [
      6733,
      16733
    ],
    [
      7104,
      17104
    ],
    [
      7265,
      17265
    ],
    [
      7451,
      17451
    ],
    [
      7574,
      17574
    ],
    [
      7595,
      17595
    ],
    [
      7685,
      17685
    ],
    [
      7804,
      17804
    ],
    [
      7898,
      17898
    ],
    [
      7908,
      17908
    ],
    [
      8312,
      18312
    ],
    [
      8570,
      18570
    ],
    [
      8571,
      18571
    ],
    [
      8680,
      18680
    ],
    [
      8817,
      18817
    ],
    [
      8865,
      18865
    ],
    [
      8892,
      18892
    ],
    [
      8898,
      18898
    ],
    [
      9068,
      19068
    ],
    [
      9188,
      19188
    ],
    [
      9308,
      19308
    ],
    [
      9428,
      19428
    ],
    [
      9459,
      19459
    ],
    [
      9875,
      19875
    ],
    [
      9935,
      19935
    ]
  ]
}