{
  "n_true_positives": 336,
  "n_positives": 336,
  "total_time": 149.0946626663208,
  "date": "2025-01-25T15:44:16.923083",
  "backend": "BruteForce",
  "n_bins": 0,
  "eps": 7.5,
  "args": {
    "csvpath": [
      "../data/RobustBench/predictions/cifar100c-Diffenderfer2021Winning_LRR_CARD_Deck/vanilla.csv",
      "../data/RobustBench/predictions/cifar100c-Diffenderfer2021Winning_LRR_CARD_Deck/brightness-1.csv"
    ],
    "eps": 7.5,
    "n_bins": 0,
    "n_examples": -1,
    "out_path": "../results/semantic//results/cifar100c-Diffenderfer2021Winning_LRR_CARD_Deck/cifar100c-Diffenderfer2021Winning_LRR_CARD_Deck-L2-7.5-brightness-1.json",
    "full_output": false,
    "verbose": false,
    "randomize_order": false,
    "backend": "bf",
    "blind_cols": null,
    "pred": "pred",
    "metric": "L2"
  },
  "backend_meta": {
    "epsilon": 7.5,
    "decision_col": "pred",
    "metric": "Linf",
    "is_exact": true,
    "is_sound": true,
    "is_complete": true
  },
  "positives": [
    [
      9,
      10009
    ],
    [
      31,
      10031
    ],
    [
      63,
      10063
    ],
    [
      72,
      10072
    ],
    [
      79,
      10079
    ],
    [
      127,
      10127
    ],
    [
      134,
      10134
    ],
    [
      137,
      10137
    ],
    [
      173,
      10173
    ],
    [
      235,
      10235
    ],
    [
      351,
      10351
    ],
    [
      366,
      10366
    ],
    [
      379,
      10379
    ],
    [
      385,
      10385
    ],
    [
      476,
      10476
    ],
    [
      478,
      10478
    ],
    [
      488,
      10488
    ],
    [
      533,
      10533
    ],
    [
      569,
      10569
    ],
    [
      572,
      10572
    ],
    [
      595,
      10595
    ],
    [
      603,
      10603
    ],
    [
      678,
      10678
    ],
    [
      704,
      10704
    ],
    [
      743,
      10743
    ],
    [
      782,
      10782
    ],
    [
      794,
      10794
    ],
    [
      844,
      10844
    ],
    [
      847,
      10847
    ],
    [
      879,
      10879
    ],
    [
      899,
      10899
    ],
    [
      929,
      10929
    ],
    [
      936,
      10936
    ],
    [
      951,
      10951
    ],
    [
      955,
      10955
    ],
    [
      991,
      10991
    ],
    [
      1014,
      11014
    ],
    [
      1033,
      11033
    ],
    [
      1036,
      11036
    ],
    [
      1088,
      11088
    ],
    [
      1113,
      11113
    ],
    [
      1156,
      11156
    ],
    [
      1169,
      11169
    ],
    [
      1224,
      11224
    ],
    [
      1272,
      11272
    ],
    [
      1353,
      11353
    ],
    [
      1384,
      11384
    ],
    [
      1395,
      11395
    ],
    [
      1496,
      11496
    ],
    [
      1519,
      11519
    ],
    [
      1520,
      11520
    ],
    [
      1530,
      11530
    ],
    [
      1531,
      11531
    ],
    [
      1551,
      11551
    ],
    [
      1570,
      11570
    ],
    [
      1603,
      11603
    ],
    [
      1622,
      11622
    ],
    [
      1676,
      11676
    ],
    [
      1692,
      11692
    ],
    [
      1712,
      11712
    ],
    [
      1730,
      11730
    ],
    [
      1743,
      11743
    ],
    [
      1765,
      11765
    ],
    [
      1809,
      11809
    ],
    [
      1820,
      11820
    ],
    [
      1821,
      11821
    ],
    [
      1843,
      11843
    ],
    [
      1868,
      11868
    ],
    [
      1875,
      11875
    ],
    [
      1912,
      11912
    ],
    [
      2003,
      12003
    ],
    [
      2010,
      12010
    ],
    [
      2035,
      12035
    ],
    [
      2045,
      12045
    ],
    [
      2057,
      12057
    ],
    [
      2059,
      12059
    ],
    [
      2089,
      12089
    ],
    [
      2093,
      12093
    ],
    [
      2136,
      12136
    ],
    [
      2158,
      12158
    ],
    [
      2194,
      12194
    ],
    [
      2215,
      12215
    ],
    [
      2275,
      12275
    ],
    [
      2306,
      12306
    ],
    [
      2330,
      12330
    ],
    [
      2342,
      12342
    ],
    [
      2344,
      12344
    ],
    [
      2444,
      12444
    ],
    [
      2455,
      12455
    ],
    [
      2526,
      12526
    ],
    [
      2541,
      12541
    ],
    [
      2569,
      12569
    ],
    [
      2623,
      12623
    ],
    [
      2643,
      12643
    ],
    [
      2656,
      12656
    ],
    [
      2673,
      12673
    ],
    [
      2719,
      12719
    ],
    [
      2745,
      12745
    ],
    [
      2765,
      12765
    ],
    [
      2772,
      12772
    ],
    [
      2837,
      12837
    ],
    [
      2866,
      12866
    ],
    [
      2869,
      12869
    ],
    [
      2901,
      12901
    ],
    [
      2976,
      12976
    ],
    [
      2978,
      12978
    ],
    [
      3004,
      13004
    ],
    [
      3018,
      13018
    ],
    [
      3031,
      13031
    ],
    [
      3043,
      13043
    ],
    [
      3074,
      13074
    ],
    [
      3087,
      13087
    ],
    [
      3097,
      13097
    ],
    [
      3142,
      13142
    ],
    [
      3217,
      13217
    ],
    [
      3229,
      13229
    ],
    [
      3264,
      13264
    ],
    [
      3408,
      13408
    ],
    [
      3417,
      13417
    ],
    [
      3468,
      13468
    ],
    [
      3636,
      13636
    ],
    [
      3656,
      13656
    ],
    [
      3664,
      13664
    ],
    [
      3688,
      13688
    ],
    [
      3690,
      13690
    ],
    [
      3692,
      13692
    ],
    [
      3720,
      13720
    ],
    [
      3745,
      13745
    ],
    [
      3799,
      13799
    ],
    [
      3812,
      13812
    ],
    [
      3844,
      13844
    ],
    [
      3961,
      13961
    ],
    [
      4007,
      14007
    ],
    [
      4018,
      14018
    ],
    [
      4059,
      14059
    ],
    [
      4135,
      14135
    ],
    [
      4151,
      14151
    ],
    [
      4176,
      14176
    ],
    [
      4238,
      14238
    ],
    [
      4244,
      14244
    ],
    [
      4302,
      14302
    ],
    [
      4397,
      14397
    ],
    [
      4407,
      14407
    ],
    [
      4442,
      14442
    ],
    [
      4452,
      14452
    ],
    [
      4486,
      14486
    ],
    [
      4524,
      14524
    ],
    [
      4525,
      14525
    ],
    [
      4566,
      14566
    ],
    [
      4601,
      14601
    ],
    [
      4603,
      14603
    ],
    [
      4612,
      14612
    ],
    [
      4622,
      14622
    ],
    [
      4685,
      14685
    ],
    [
      4688,
      14688
    ],
    [
      4748,
      14748
    ],
    [
      4756,
      14756
    ],
    [
      4795,
      14795
    ],
    [
      4820,
      14820
    ],
    [
      4827,
      14827
    ],
    [
      4843,
      14843
    ],
    [
      4846,
      14846
    ],
    [
      4850,
      14850
    ],
    [
      4876,
      14876
    ],
    [
      4885,
      14885
    ],
    [
      4905,
      14905
    ],
    [
      4929,
      14929
    ],
    [
      4930,
      14930
    ],
    [
      4953,
      14953
    ],
    [
      4996,
      14996
    ],
    [
      5010,
      15010
    ],
    [
      5012,
      15012
    ],
    [
      5020,
      15020
    ],
    [
      5080,
      15080
    ],
    [
      5160,
      15160
    ],
    [
      5258,
      15258
    ],
    [
      5263,
      15263
    ],
    [
      5275,
      15275
    ],
    [
      5289,
      15289
    ],
    [
      5312,
      15312
    ],
    [
      5328,
      15328
    ],
    [
      5361,
      15361
    ],
    [
      5382,
      15382
    ],
    [
      5422,
      15422
    ],
    [
      5498,
      15498
    ],
    [
      5499,
      15499
    ],
    [
      5584,
      15584
    ],
    [
      5587,
      15587
    ],
    [
      5589,
      15589
    ],
    [
      5648,
      15648
    ],
    [
      5687,
      15687
    ],
    [
      5693,
      15693
    ],
    [
      5700,
      15700
    ],
    [
      5748,
      15748
    ],
    [
      5808,
      15808
    ],
    [
      5858,
      15858
    ],
    [
      5897,
      15897
    ],
    [
      5916,
      15916
    ],
    [
      5952,
      15952
    ],
    [
      5962,
      15962
    ],
    [
      6016,
      16016
    ],
    [
      6058,
      16058
    ],
    [
      6068,
      16068
    ],
    [
      6088,
      16088
    ],
    [
      6148,
      16148
    ],
    [
      6192,
      16192
    ],
    [
      6201,
      16201
    ],
    [
      6256,
      16256
    ],
    [
      6273,
      16273
    ],
    [
      6290,
      16290
    ],
    [
      6292,
      16292
    ],
    [
      6386,
      16386
    ],
    [
      6399,
      16399
    ],
    [
      6429,
      16429
    ],
    [
      6435,
      16435
    ],
    [
      6476,
      16476
    ],
    [
      6483,
      16483
    ],
    [
      6499,
      16499
    ],
    [
      6503,
      16503
    ],
    [
      6511,
      16511
    ],
    [
      6513,
      16513
    ],
    [
      6546,
      16546
    ],
    [
      6763,
      16763
    ],
    [
      6789,
      16789
    ],
    [
      6841,
      16841
    ],
    [
      6970,
      16970
    ],
    [
      6990,
      16990
    ],
    [
      6996,
      16996
    ],
    [
      7008,
      17008
    ],
    [
      7042,
      17042
    ],
    [
      7057,
      17057
    ],
    [
      7074,
      17074
    ],
    [
      7114,
      17114
    ],
    [
      7135,
      17135
    ],
    [
      7139,
      17139
    ],
    [
      7177,
      17177
    ],
    [
      7182,
      17182
    ],
    [
      7185,
      17185
    ],
    [
      7252,
      17252
    ],
    [
      7265,
      17265
    ],
    [
      7270,
      17270
    ],
    [
      7343,
      17343
    ],
    [
      7417,
      17417
    ],
    [
      7451,
      17451
    ],
    [
      7461,
      17461
    ],
    [
      7480,
      17480
    ],
    [
      7520,
      17520
    ],
    [
      7550,
      17550
    ],
    [
      7551,
      17551
    ],
    [
      7572,
      17572
    ],
    [
      7573,
      17573
    ],
    [
      7584,
      17584
    ],
    [
      7614,
      17614
    ],
    [
      7630,
      17630
    ],
    [
      7653,
      17653
    ],
    [
      7671,
      17671
    ],
    [
      7682,
      17682
    ],
    [
      7705,
      17705
    ],
    [
      7726,
      17726
    ],
    [
      7751,
      17751
    ],
    [
      7768,
      17768
    ],
    [
      7770,
      17770
    ],
    [
      7786,
      17786
    ],
    [
      7872,
      17872
    ],
    [
      7876,
      17876
    ],
    [
      7883,
      17883
    ],
    [
      7897,
      17897
    ],
    [
      7907,
      17907
    ],
    [
      7977,
      17977
    ],
    [
      7982,
      17982
    ],
    [
      8000,
      18000
    ],
    [
      8054,
      18054
    ],
    [
      8068,
      18068
    ],
    [
      8079,
      18079
    ],
    [
      8122,
      18122
    ],
    [
      8210,
      18210
    ],
    [
      8227,
      18227
    ],
    [
      8275,
      18275
    ],
    [
      8295,
      18295
    ],
    [
      8315,
      18315
    ],
    [
      8385,
      18385
    ],
    [
      8386,
      18386
    ],
    [
      8403,
      18403
    ],
    [
      8413,
      18413
    ],
    [
      8501,
      18501
    ],
    [
      8543,
      18543
    ],
    [
      8625,
      18625
    ],
    [
      8667,
      18667
    ],
    [
      8669,
      18669
    ],
    [
      8680,
      18680
    ],
    [
      8815,
      18815
    ],
    [
      8820,
      18820
    ],
    [
      8824,
      18824
    ],
    [
      8854,
      18854
    ],
    [
      8862,
      18862
    ],
    [
      8872,
      18872
    ],
    [
      8938,
      18938
    ],
    [
      8995,
      18995
    ],
    [
      9004,
      19004
    ],
    [
      9013,
      19013
    ],
    [
      9016,
      19016
    ],
    [
      9100,
      19100
    ],
    [
      9120,
      19120
    ],
    [
      9152,
      19152
    ],
    [
      9171,
      19171
    ],
    [
      9188,
      19188
    ],
    [
      9309,
      19309
    ],
    [
      9339,
      19339
    ],
    [
      9386,
      19386
    ],
    [
      9413,
      19413
    ],
    [
      9443,
      19443
    ],
    [
      9455,
      19455
    ],
    [
      9459,
      19459
    ],
    [
      9503,
      19503
    ],
    [
      9580,
      19580
    ],
    [
      9581,
      19581
    ],
    [
      9598,
      19598
    ],
    [
      9631,
      19631
    ],
    [
      9650,
      19650
    ],
    [
      9669,
      19669
    ],
    [
      9680,
      19680
    ],
    [
      9720,
      19720
    ],
    [
      9730,
      19730
    ],
    [
      9779,
      19779
    ],
    [
      9780,
      19780
    ],
    [
      9798,
      19798
    ],
    [
      9811,
      19811
    ],
    [
      9813,
      19813
    ],
    [
      9875,
      19875
    ],
    [
      9879,
      19879
    ],
    [
      9883,
      19883
    ],
    [
      9914,
      19914
    ],
    [
      9952,
      19952
    ],
    [
      9968,
      19968
    ],
    [
      9988,
      19988
    ],
    [
      9994,
      19994
    ]
  ]
}