{
  "n_true_positives": 9,
  "n_positives": 9,
  "total_time": 57.28653860092163,
  "date": "2025-01-25T15:41:12.768008",
  "backend": "BruteForce",
  "n_bins": 0,
  "eps": 7.5,
  "args": {
    "csvpath": [
      "../data/RobustBench/predictions/cifar100c-Diffenderfer2021Winning_LRR_CARD_Deck/vanilla.csv",
      "../data/RobustBench/predictions/cifar100c-Diffenderfer2021Winning_LRR_CARD_Deck/elastic_transform-5.csv"
    ],
    "eps": 7.5,
    "n_bins": 0,
    "n_examples": -1,
    "out_path": "../results/semantic//results/cifar100c-Diffenderfer2021Winning_LRR_CARD_Deck/cifar100c-Diffenderfer2021Winning_LRR_CARD_Deck-L2-7.5-elastic_transform-5.json",
    "full_output": false,
    "verbose": false,
    "randomize_order": false,
    "backend": "bf",
    "blind_cols": null,
    "pred": "pred",
    "metric": "L2"
  },
  "backend_meta": {
    "epsilon": 7.5,
    "decision_col": "pred",
    "metric": "Linf",
    "is_exact": true,
    "is_sound": true,
    "is_complete": true
  },
  "positives": [
    [
      2730,
      12730
    ],
    [
      3388,
      13388
    ],
    [
      3782,
      13782
    ],
    [
      6036,
      16036
    ],
    [
      7246,
      17246
    ],
    [
      7532,
      17532
    ],
    [
      7574,
      17574
    ],
    [
      8227,
      18227
    ],
    [
      9160,
      19160
    ]
  ]
}