{
  "n_true_positives": 303,
  "n_positives": 303,
  "total_time": 58.13412523269653,
  "date": "2025-01-25T15:42:44.546221",
  "backend": "BruteForce",
  "n_bins": 0,
  "eps": 7.5,
  "args": {
    "csvpath": [
      "../data/RobustBench/predictions/cifar100c-Diffenderfer2021Winning_LRR_CARD_Deck/vanilla.csv",
      "../data/RobustBench/predictions/cifar100c-Diffenderfer2021Winning_LRR_CARD_Deck/frost-2.csv"
    ],
    "eps": 7.5,
    "n_bins": 0,
    "n_examples": -1,
    "out_path": "../results/semantic//results/cifar100c-Diffenderfer2021Winning_LRR_CARD_Deck/cifar100c-Diffenderfer2021Winning_LRR_CARD_Deck-L2-7.5-frost-2.json",
    "full_output": false,
    "verbose": false,
    "randomize_order": false,
    "backend": "bf",
    "blind_cols": null,
    "pred": "pred",
    "metric": "L2"
  },
  "backend_meta": {
    "epsilon": 7.5,
    "decision_col": "pred",
    "metric": "Linf",
    "is_exact": true,
    "is_sound": true,
    "is_complete": true
  },
  "positives": [
    [
      5,
      10005
    ],
    [
      6,
      10006
    ],
    [
      23,
      10023
    ],
    [
      31,
      10031
    ],
    [
      60,
      10060
    ],
    [
      127,
      10127
    ],
    [
      134,
      10134
    ],
    [
      137,
      10137
    ],
    [
      143,
      10143
    ],
    [
      165,
      10165
    ],
    [
      171,
      10171
    ],
    [
      172,
      10172
    ],
    [
      369,
      10369
    ],
    [
      394,
      10394
    ],
    [
      414,
      10414
    ],
    [
      488,
      10488
    ],
    [
      489,
      10489
    ],
    [
      529,
      10529
    ],
    [
      569,
      10569
    ],
    [
      590,
      10590
    ],
    [
      648,
      10648
    ],
    [
      695,
      10695
    ],
    [
      701,
      10701
    ],
    [
      718,
      10718
    ],
    [
      756,
      10756
    ],
    [
      782,
      10782
    ],
    [
      826,
      10826
    ],
    [
      924,
      10924
    ],
    [
      985,
      10985
    ],
    [
      1046,
      11046
    ],
    [
      1049,
      11049
    ],
    [
      1055,
      11055
    ],
    [
      1069,
      11069
    ],
    [
      1089,
      11089
    ],
    [
      1238,
      11238
    ],
    [
      1239,
      11239
    ],
    [
      1272,
      11272
    ],
    [
      1283,
      11283
    ],
    [
      1290,
      11290
    ],
    [
      1309,
      11309
    ],
    [
      1314,
      11314
    ],
    [
      1407,
      11407
    ],
    [
      1509,
      11509
    ],
    [
      1524,
      11524
    ],
    [
      1553,
      11553
    ],
    [
      1570,
      11570
    ],
    [
      1587,
      11587
    ],
    [
      1689,
      11689
    ],
    [
      1717,
      11717
    ],
    [
      1730,
      11730
    ],
    [
      1731,
      11731
    ],
    [
      1765,
      11765
    ],
    [
      1788,
      11788
    ],
    [
      1791,
      11791
    ],
    [
      1815,
      11815
    ],
    [
      1820,
      11820
    ],
    [
      1834,
      11834
    ],
    [
      1841,
      11841
    ],
    [
      1914,
      11914
    ],
    [
      1927,
      11927
    ],
    [
      1964,
      11964
    ],
    [
      2002,
      12002
    ],
    [
      2093,
      12093
    ],
    [
      2097,
      12097
    ],
    [
      2110,
      12110
    ],
    [
      2112,
      12112
    ],
    [
      2119,
      12119
    ],
    [
      2136,
      12136
    ],
    [
      2188,
      12188
    ],
    [
      2200,
      12200
    ],
    [
      2215,
      12215
    ],
    [
      2228,
      12228
    ],
    [
      2244,
      12244
    ],
    [
      2278,
      12278
    ],
    [
      2425,
      12425
    ],
    [
      2431,
      12431
    ],
    [
      2497,
      12497
    ],
    [
      2519,
      12519
    ],
    [
      2534,
      12534
    ],
    [
      2641,
      12641
    ],
    [
      2704,
      12704
    ],
    [
      2807,
      12807
    ],
    [
      2934,
      12934
    ],
    [
      2959,
      12959
    ],
    [
      3004,
      13004
    ],
    [
      3015,
      13015
    ],
    [
      3023,
      13023
    ],
    [
      3027,
      13027
    ],
    [
      3037,
      13037
    ],
    [
      3039,
      13039
    ],
    [
      3086,
      13086
    ],
    [
      3091,
      13091
    ],
    [
      3099,
      13099
    ],
    [
      3209,
      13209
    ],
    [
      3222,
      13222
    ],
    [
      3233,
      13233
    ],
    [
      3264,
      13264
    ],
    [
      3265,
      13265
    ],
    [
      3285,
      13285
    ],
    [
      3326,
      13326
    ],
    [
      3379,
      13379
    ],
    [
      3395,
      13395
    ],
    [
      3491,
      13491
    ],
    [
      3504,
      13504
    ],
    [
      3507,
      13507
    ],
    [
      3508,
      13508
    ],
    [
      3554,
      13554
    ],
    [
      3567,
      13567
    ],
    [
      3761,
      13761
    ],
    [
      3779,
      13779
    ],
    [
      3799,
      13799
    ],
    [
      3824,
      13824
    ],
    [
      3844,
      13844
    ],
    [
      3874,
      13874
    ],
    [
      3961,
      13961
    ],
    [
      4018,
      14018
    ],
    [
      4059,
      14059
    ],
    [
      4075,
      14075
    ],
    [
      4082,
      14082
    ],
    [
      4150,
      14150
    ],
    [
      4157,
      14157
    ],
    [
      4302,
      14302
    ],
    [
      4397,
      14397
    ],
    [
      4427,
      14427
    ],
    [
      4476,
      14476
    ],
    [
      4509,
      14509
    ],
    [
      4526,
      14526
    ],
    [
      4565,
      14565
    ],
    [
      4576,
      14576
    ],
    [
      4622,
      14622
    ],
    [
      4685,
      14685
    ],
    [
      4724,
      14724
    ],
    [
      4747,
      14747
    ],
    [
      4795,
      14795
    ],
    [
      4811,
      14811
    ],
    [
      4839,
      14839
    ],
    [
      4843,
      14843
    ],
    [
      4850,
      14850
    ],
    [
      4862,
      14862
    ],
    [
      4867,
      14867
    ],
    [
      4870,
      14870
    ],
    [
      4910,
      14910
    ],
    [
      4942,
      14942
    ],
    [
      4978,
      14978
    ],
    [
      4984,
      14984
    ],
    [
      5075,
      15075
    ],
    [
      5105,
      15105
    ],
    [
      5143,
      15143
    ],
    [
      5163,
      15163
    ],
    [
      5208,
      15208
    ],
    [
      5220,
      15220
    ],
    [
      5261,
      15261
    ],
    [
      5359,
      15359
    ],
    [
      5361,
      15361
    ],
    [
      5470,
      15470
    ],
    [
      5499,
      15499
    ],
    [
      5540,
      15540
    ],
    [
      5563,
      15563
    ],
    [
      5618,
      15618
    ],
    [
      5631,
      15631
    ],
    [
      5639,
      15639
    ],
    [
      5648,
      15648
    ],
    [
      5654,
      15654
    ],
    [
      5659,
      15659
    ],
    [
      5676,
      15676
    ],
    [
      5680,
      15680
    ],
    [
      5693,
      15693
    ],
    [
      5785,
      15785
    ],
    [
      5786,
      15786
    ],
    [
      5822,
      15822
    ],
    [
      5829,
      15829
    ],
    [
      5858,
      15858
    ],
    [
      5903,
      15903
    ],
    [
      5933,
      15933
    ],
    [
      5947,
      15947
    ],
    [
      5956,
      15956
    ],
    [
      5969,
      15969
    ],
    [
      6035,
      16035
    ],
    [
      6069,
      16069
    ],
    [
      6136,
      16136
    ],
    [
      6157,
      16157
    ],
    [
      6180,
      16180
    ],
    [
      6201,
      16201
    ],
    [
      6210,
      16210
    ],
    [
      6256,
      16256
    ],
    [
      6273,
      16273
    ],
    [
      6288,
      16288
    ],
    [
      6423,
      16423
    ],
    [
      6429,
      16429
    ],
    [
      6468,
      16468
    ],
    [
      6483,
      16483
    ],
    [
      6486,
      16486
    ],
    [
      6503,
      16503
    ],
    [
      6511,
      16511
    ],
    [
      6606,
      16606
    ],
    [
      6626,
      16626
    ],
    [
      6641,
      16641
    ],
    [
      6672,
      16672
    ],
    [
      6720,
      16720
    ],
    [
      6756,
      16756
    ],
    [
      6775,
      16775
    ],
    [
      6835,
      16835
    ],
    [
      6842,
      16842
    ],
    [
      6872,
      16872
    ],
    [
      6890,
      16890
    ],
    [
      6907,
      16907
    ],
    [
      6923,
      16923
    ],
    [
      7004,
      17004
    ],
    [
      7073,
      17073
    ],
    [
      7135,
      17135
    ],
    [
      7139,
      17139
    ],
    [
      7153,
      17153
    ],
    [
      7183,
      17183
    ],
    [
      7237,
      17237
    ],
    [
      7265,
      17265
    ],
    [
      7355,
      17355
    ],
    [
      7369,
      17369
    ],
    [
      7390,
      17390
    ],
    [
      7417,
      17417
    ],
    [
      7424,
      17424
    ],
    [
      7445,
      17445
    ],
    [
      7475,
      17475
    ],
    [
      7485,
      17485
    ],
    [
      7524,
      17524
    ],
    [
      7550,
      17550
    ],
    [
      7559,
      17559
    ],
    [
      7582,
      17582
    ],
    [
      7630,
      17630
    ],
    [
      7645,
      17645
    ],
    [
      7646,
      17646
    ],
    [
      7708,
      17708
    ],
    [
      7750,
      17750
    ],
    [
      7780,
      17780
    ],
    [
      7783,
      17783
    ],
    [
      7786,
      17786
    ],
    [
      7829,
      17829
    ],
    [
      7835,
      17835
    ],
    [
      7840,
      17840
    ],
    [
      7874,
      17874
    ],
    [
      7891,
      17891
    ],
    [
      7894,
      17894
    ],
    [
      7918,
      17918
    ],
    [
      7926,
      17926
    ],
    [
      7927,
      17927
    ],
    [
      8000,
      18000
    ],
    [
      8002,
      18002
    ],
    [
      8013,
      18013
    ],
    [
      8179,
      18179
    ],
    [
      8184,
      18184
    ],
    [
      8201,
      18201
    ],
    [
      8227,
      18227
    ],
    [
      8230,
      18230
    ],
    [
      8275,
      18275
    ],
    [
      8292,
      18292
    ],
    [
      8312,
      18312
    ],
    [
      8364,
      18364
    ],
    [
      8408,
      18408
    ],
    [
      8437,
      18437
    ],
    [
      8457,
      18457
    ],
    [
      8476,
      18476
    ],
    [
      8586,
      18586
    ],
    [
      8634,
      18634
    ],
    [
      8647,
      18647
    ],
    [
      8680,
      18680
    ],
    [
      8692,
      18692
    ],
    [
      8759,
      18759
    ],
    [
      8820,
      18820
    ],
    [
      8823,
      18823
    ],
    [
      8824,
      18824
    ],
    [
      8853,
      18853
    ],
    [
      8859,
      18859
    ],
    [
      8862,
      18862
    ],
    [
      8892,
      18892
    ],
    [
      8904,
      18904
    ],
    [
      8952,
      18952
    ],
    [
      9004,
      19004
    ],
    [
      9027,
      19027
    ],
    [
      9054,
      19054
    ],
    [
      9100,
      19100
    ],
    [
      9120,
      19120
    ],
    [
      9206,
      19206
    ],
    [
      9263,
      19263
    ],
    [
      9284,
      19284
    ],
    [
      9318,
      19318
    ],
    [
      9328,
      19328
    ],
    [
      9332,
      19332
    ],
    [
      9370,
      19370
    ],
    [
      9376,
      19376
    ],
    [
      9382,
      19382
    ],
    [
      9441,
      19441
    ],
    [
      9455,
      19455
    ],
    [
      9471,
      19471
    ],
    [
      9496,
      19496
    ],
    [
      9503,
      19503
    ],
    [
      9568,
      19568
    ],
    [
      9608,
      19608
    ],
    [
      9659,
      19659
    ],
    [
      9674,
      19674
    ],
    [
      9732,
      19732
    ],
    [
      9761,
      19761
    ],
    [
      9792,
      19792
    ],
    [
      9938,
      19938
    ],
    [
      9996,
      19996
    ]
  ]
}