{
  "n_true_positives": 170,
  "n_positives": 170,
  "total_time": 237.13640809059143,
  "date": "2025-01-25T15:42:41.154817",
  "backend": "BruteForce",
  "n_bins": 0,
  "eps": 7.5,
  "args": {
    "csvpath": [
      "../data/RobustBench/predictions/cifar100c-Diffenderfer2021Winning_LRR_CARD_Deck/vanilla.csv",
      "../data/RobustBench/predictions/cifar100c-Diffenderfer2021Winning_LRR_CARD_Deck/contrast-1.csv"
    ],
    "eps": 7.5,
    "n_bins": 0,
    "n_examples": -1,
    "out_path": "../results/semantic//results/cifar100c-Diffenderfer2021Winning_LRR_CARD_Deck/cifar100c-Diffenderfer2021Winning_LRR_CARD_Deck-L2-7.5-contrast-1.json",
    "full_output": false,
    "verbose": false,
    "randomize_order": false,
    "backend": "bf",
    "blind_cols": null,
    "pred": "pred",
    "metric": "L2"
  },
  "backend_meta": {
    "epsilon": 7.5,
    "decision_col": "pred",
    "metric": "Linf",
    "is_exact": true,
    "is_sound": true,
    "is_complete": true
  },
  "positives": [
    [
      72,
      10072
    ],
    [
      184,
      10184
    ],
    [
      291,
      10291
    ],
    [
      298,
      10298
    ],
    [
      430,
      10430
    ],
    [
      448,
      10448
    ],
    [
      549,
      10549
    ],
    [
      554,
      10554
    ],
    [
      573,
      10573
    ],
    [
      618,
      10618
    ],
    [
      671,
      10671
    ],
    [
      673,
      10673
    ],
    [
      785,
      10785
    ],
    [
      829,
      10829
    ],
    [
      836,
      10836
    ],
    [
      886,
      10886
    ],
    [
      915,
      10915
    ],
    [
      1034,
      11034
    ],
    [
      1069,
      11069
    ],
    [
      1107,
      11107
    ],
    [
      1112,
      11112
    ],
    [
      1338,
      11338
    ],
    [
      1413,
      11413
    ],
    [
      1443,
      11443
    ],
    [
      1450,
      11450
    ],
    [
      1520,
      11520
    ],
    [
      1551,
      11551
    ],
    [
      1574,
      11574
    ],
    [
      1618,
      11618
    ],
    [
      1643,
      11643
    ],
    [
      1701,
      11701
    ],
    [
      1772,
      11772
    ],
    [
      1836,
      11836
    ],
    [
      1854,
      11854
    ],
    [
      1865,
      11865
    ],
    [
      1917,
      11917
    ],
    [
      1949,
      11949
    ],
    [
      1977,
      11977
    ],
    [
      2056,
      12056
    ],
    [
      2057,
      12057
    ],
    [
      2089,
      12089
    ],
    [
      2230,
      12230
    ],
    [
      2250,
      12250
    ],
    [
      2278,
      12278
    ],
    [
      2330,
      12330
    ],
    [
      2391,
      12391
    ],
    [
      2401,
      12401
    ],
    [
      2612,
      12612
    ],
    [
      2623,
      12623
    ],
    [
      2759,
      12759
    ],
    [
      2962,
      12962
    ],
    [
      2978,
      12978
    ],
    [
      3004,
      13004
    ],
    [
      3028,
      13028
    ],
    [
      3097,
      13097
    ],
    [
      3194,
      13194
    ],
    [
      3199,
      13199
    ],
    [
      3233,
      13233
    ],
    [
      3234,
      13234
    ],
    [
      3260,
      13260
    ],
    [
      3285,
      13285
    ],
    [
      3417,
      13417
    ],
    [
      3569,
      13569
    ],
    [
      3664,
      13664
    ],
    [
      3673,
      13673
    ],
    [
      3688,
      13688
    ],
    [
      3779,
      13779
    ],
    [
      3799,
      13799
    ],
    [
      3836,
      13836
    ],
    [
      3959,
      13959
    ],
    [
      3999,
      13999
    ],
    [
      4086,
      14086
    ],
    [
      4115,
      14115
    ],
    [
      4135,
      14135
    ],
    [
      4163,
      14163
    ],
    [
      4175,
      14175
    ],
    [
      4215,
      14215
    ],
    [
      4223,
      14223
    ],
    [
      4255,
      14255
    ],
    [
      4332,
      14332
    ],
    [
      4394,
      14394
    ],
    [
      4476,
      14476
    ],
    [
      4514,
      14514
    ],
    [
      4532,
      14532
    ],
    [
      4558,
      14558
    ],
    [
      4622,
      14622
    ],
    [
      4702,
      14702
    ],
    [
      4728,
      14728
    ],
    [
      4787,
      14787
    ],
    [
      4820,
      14820
    ],
    [
      4865,
      14865
    ],
    [
      4996,
      14996
    ],
    [
      5160,
      15160
    ],
    [
      5188,
      15188
    ],
    [
      5307,
      15307
    ],
    [
      5308,
      15308
    ],
    [
      5361,
      15361
    ],
    [
      5402,
      15402
    ],
    [
      5426,
      15426
    ],
    [
      5503,
      15503
    ],
    [
      5515,
      15515
    ],
    [
      5681,
      15681
    ],
    [
      5835,
      15835
    ],
    [
      5848,
      15848
    ],
    [
      5896,
      15896
    ],
    [
      5912,
      15912
    ],
    [
      5933,
      15933
    ],
    [
      5955,
      15955
    ],
    [
      5980,
      15980
    ],
    [
      6019,
      16019
    ],
    [
      6058,
      16058
    ],
    [
      6087,
      16087
    ],
    [
      6268,
      16268
    ],
    [
      6284,
      16284
    ],
    [
      6405,
      16405
    ],
    [
      6476,
      16476
    ],
    [
      6505,
      16505
    ],
    [
      6520,
      16520
    ],
    [
      6672,
      16672
    ],
    [
      6680,
      16680
    ],
    [
      6747,
      16747
    ],
    [
      6907,
      16907
    ],
    [
      6919,
      16919
    ],
    [
      6971,
      16971
    ],
    [
      7005,
      17005
    ],
    [
      7141,
      17141
    ],
    [
      7225,
      17225
    ],
    [
      7400,
      17400
    ],
    [
      7434,
      17434
    ],
    [
      7451,
      17451
    ],
    [
      7461,
      17461
    ],
    [
      7467,
      17467
    ],
    [
      7650,
      17650
    ],
    [
      7665,
      17665
    ],
    [
      7750,
      17750
    ],
    [
      7872,
      17872
    ],
    [
      7908,
      17908
    ],
    [
      7994,
      17994
    ],
    [
      8041,
      18041
    ],
    [
      8068,
      18068
    ],
    [
      8095,
      18095
    ],
    [
      8155,
      18155
    ],
    [
      8246,
      18246
    ],
    [
      8296,
      18296
    ],
    [
      8297,
      18297
    ],
    [
      8428,
      18428
    ],
    [
      8437,
      18437
    ],
    [
      8466,
      18466
    ],
    [
      8591,
      18591
    ],
    [
      8772,
      18772
    ],
    [
      8828,
      18828
    ],
    [
      8854,
      18854
    ],
    [
      8862,
      18862
    ],
    [
      8938,
      18938
    ],
    [
      8995,
      18995
    ],
    [
      9070,
      19070
    ],
    [
      9188,
      19188
    ],
    [
      9222,
      19222
    ],
    [
      9263,
      19263
    ],
    [
      9267,
      19267
    ],
    [
      9375,
      19375
    ],
    [
      9459,
      19459
    ],
    [
      9494,
      19494
    ],
    [
      9580,
      19580
    ],
    [
      9617,
      19617
    ],
    [
      9720,
      19720
    ],
    [
      9832,
      19832
    ],
    [
      9883,
      19883
    ],
    [
      9905,
      19905
    ],
    [
      9915,
      19915
    ]
  ]
}