{
  "n_true_positives": 592,
  "n_positives": 592,
  "total_time": 198.90161418914795,
  "date": "2025-01-25T15:42:00.754287",
  "backend": "BruteForce",
  "n_bins": 0,
  "eps": 7.5,
  "args": {
    "csvpath": [
      "../data/RobustBench/predictions/cifar100c-Diffenderfer2021Winning_LRR_CARD_Deck/vanilla.csv",
      "../data/RobustBench/predictions/cifar100c-Diffenderfer2021Winning_LRR_CARD_Deck/brightness-3.csv"
    ],
    "eps": 7.5,
    "n_bins": 0,
    "n_examples": -1,
    "out_path": "../results/semantic//results/cifar100c-Diffenderfer2021Winning_LRR_CARD_Deck/cifar100c-Diffenderfer2021Winning_LRR_CARD_Deck-L2-7.5-brightness-3.json",
    "full_output": false,
    "verbose": false,
    "randomize_order": false,
    "backend": "bf",
    "blind_cols": null,
    "pred": "pred",
    "metric": "L2"
  },
  "backend_meta": {
    "epsilon": 7.5,
    "decision_col": "pred",
    "metric": "Linf",
    "is_exact": true,
    "is_sound": true,
    "is_complete": true
  },
  "positives": [
    [
      6,
      10006
    ],
    [
      8,
      10008
    ],
    [
      31,
      10031
    ],
    [
      63,
      10063
    ],
    [
      79,
      10079
    ],
    [
      101,
      10101
    ],
    [
      127,
      10127
    ],
    [
      134,
      10134
    ],
    [
      137,
      10137
    ],
    [
      143,
      10143
    ],
    [
      165,
      10165
    ],
    [
      172,
      10172
    ],
    [
      181,
      10181
    ],
    [
      184,
      10184
    ],
    [
      221,
      10221
    ],
    [
      255,
      10255
    ],
    [
      286,
      10286
    ],
    [
      298,
      10298
    ],
    [
      351,
      10351
    ],
    [
      362,
      10362
    ],
    [
      366,
      10366
    ],
    [
      369,
      10369
    ],
    [
      379,
      10379
    ],
    [
      385,
      10385
    ],
    [
      430,
      10430
    ],
    [
      466,
      10466
    ],
    [
      476,
      10476
    ],
    [
      478,
      10478
    ],
    [
      488,
      10488
    ],
    [
      497,
      10497
    ],
    [
      503,
      10503
    ],
    [
      521,
      10521
    ],
    [
      528,
      10528
    ],
    [
      533,
      10533
    ],
    [
      544,
      10544
    ],
    [
      553,
      10553
    ],
    [
      558,
      10558
    ],
    [
      569,
      10569
    ],
    [
      590,
      10590
    ],
    [
      595,
      10595
    ],
    [
      603,
      10603
    ],
    [
      616,
      10616
    ],
    [
      648,
      10648
    ],
    [
      663,
      10663
    ],
    [
      664,
      10664
    ],
    [
      668,
      10668
    ],
    [
      701,
      10701
    ],
    [
      704,
      10704
    ],
    [
      737,
      10737
    ],
    [
      743,
      10743
    ],
    [
      764,
      10764
    ],
    [
      794,
      10794
    ],
    [
      826,
      10826
    ],
    [
      840,
      10840
    ],
    [
      866,
      10866
    ],
    [
      879,
      10879
    ],
    [
      886,
      10886
    ],
    [
      897,
      10897
    ],
    [
      899,
      10899
    ],
    [
      904,
      10904
    ],
    [
      924,
      10924
    ],
    [
      929,
      10929
    ],
    [
      936,
      10936
    ],
    [
      942,
      10942
    ],
    [
      951,
      10951
    ],
    [
      985,
      10985
    ],
    [
      1014,
      11014
    ],
    [
      1042,
      11042
    ],
    [
      1046,
      11046
    ],
    [
      1069,
      11069
    ],
    [
      1113,
      11113
    ],
    [
      1146,
      11146
    ],
    [
      1156,
      11156
    ],
    [
      1162,
      11162
    ],
    [
      1169,
      11169
    ],
    [
      1171,
      11171
    ],
    [
      1174,
      11174
    ],
    [
      1203,
      11203
    ],
    [
      1224,
      11224
    ],
    [
      1272,
      11272
    ],
    [
      1290,
      11290
    ],
    [
      1334,
      11334
    ],
    [
      1349,
      11349
    ],
    [
      1353,
      11353
    ],
    [
      1384,
      11384
    ],
    [
      1387,
      11387
    ],
    [
      1395,
      11395
    ],
    [
      1407,
      11407
    ],
    [
      1442,
      11442
    ],
    [
      1490,
      11490
    ],
    [
      1493,
      11493
    ],
    [
      1502,
      11502
    ],
    [
      1519,
      11519
    ],
    [
      1520,
      11520
    ],
    [
      1521,
      11521
    ],
    [
      1524,
      11524
    ],
    [
      1530,
      11530
    ],
    [
      1531,
      11531
    ],
    [
      1549,
      11549
    ],
    [
      1550,
      11550
    ],
    [
      1570,
      11570
    ],
    [
      1585,
      11585
    ],
    [
      1602,
      11602
    ],
    [
      1603,
      11603
    ],
    [
      1622,
      11622
    ],
    [
      1631,
      11631
    ],
    [
      1634,
      11634
    ],
    [
      1668,
      11668
    ],
    [
      1672,
      11672
    ],
    [
      1680,
      11680
    ],
    [
      1692,
      11692
    ],
    [
      1701,
      11701
    ],
    [
      1704,
      11704
    ],
    [
      1712,
      11712
    ],
    [
      1730,
      11730
    ],
    [
      1731,
      11731
    ],
    [
      1743,
      11743
    ],
    [
      1747,
      11747
    ],
    [
      1763,
      11763
    ],
    [
      1765,
      11765
    ],
    [
      1788,
      11788
    ],
    [
      1790,
      11790
    ],
    [
      1809,
      11809
    ],
    [
      1815,
      11815
    ],
    [
      1820,
      11820
    ],
    [
      1834,
      11834
    ],
    [
      1843,
      11843
    ],
    [
      1854,
      11854
    ],
    [
      1865,
      11865
    ],
    [
      1912,
      11912
    ],
    [
      1914,
      11914
    ],
    [
      1917,
      11917
    ],
    [
      1930,
      11930
    ],
    [
      1949,
      11949
    ],
    [
      1984,
      11984
    ],
    [
      2010,
      12010
    ],
    [
      2035,
      12035
    ],
    [
      2043,
      12043
    ],
    [
      2047,
      12047
    ],
    [
      2059,
      12059
    ],
    [
      2089,
      12089
    ],
    [
      2110,
      12110
    ],
    [
      2125,
      12125
    ],
    [
      2136,
      12136
    ],
    [
      2158,
      12158
    ],
    [
      2186,
      12186
    ],
    [
      2188,
      12188
    ],
    [
      2194,
      12194
    ],
    [
      2215,
      12215
    ],
    [
      2239,
      12239
    ],
    [
      2256,
      12256
    ],
    [
      2266,
      12266
    ],
    [
      2275,
      12275
    ],
    [
      2278,
      12278
    ],
    [
      2282,
      12282
    ],
    [
      2309,
      12309
    ],
    [
      2330,
      12330
    ],
    [
      2342,
      12342
    ],
    [
      2351,
      12351
    ],
    [
      2384,
      12384
    ],
    [
      2393,
      12393
    ],
    [
      2433,
      12433
    ],
    [
      2444,
      12444
    ],
    [
      2455,
      12455
    ],
    [
      2481,
      12481
    ],
    [
      2482,
      12482
    ],
    [
      2526,
      12526
    ],
    [
      2541,
      12541
    ],
    [
      2552,
      12552
    ],
    [
      2584,
      12584
    ],
    [
      2587,
      12587
    ],
    [
      2644,
      12644
    ],
    [
      2663,
      12663
    ],
    [
      2673,
      12673
    ],
    [
      2682,
      12682
    ],
    [
      2695,
      12695
    ],
    [
      2704,
      12704
    ],
    [
      2719,
      12719
    ],
    [
      2745,
      12745
    ],
    [
      2759,
      12759
    ],
    [
      2764,
      12764
    ],
    [
      2769,
      12769
    ],
    [
      2803,
      12803
    ],
    [
      2837,
      12837
    ],
    [
      2845,
      12845
    ],
    [
      2866,
      12866
    ],
    [
      2869,
      12869
    ],
    [
      2901,
      12901
    ],
    [
      2920,
      12920
    ],
    [
      2924,
      12924
    ],
    [
      2957,
      12957
    ],
    [
      2976,
      12976
    ],
    [
      2983,
      12983
    ],
    [
      2984,
      12984
    ],
    [
      3018,
      13018
    ],
    [
      3019,
      13019
    ],
    [
      3027,
      13027
    ],
    [
      3043,
      13043
    ],
    [
      3074,
      13074
    ],
    [
      3087,
      13087
    ],
    [
      3113,
      13113
    ],
    [
      3132,
      13132
    ],
    [
      3194,
      13194
    ],
    [
      3201,
      13201
    ],
    [
      3209,
      13209
    ],
    [
      3217,
      13217
    ],
    [
      3248,
      13248
    ],
    [
      3254,
      13254
    ],
    [
      3255,
      13255
    ],
    [
      3264,
      13264
    ],
    [
      3313,
      13313
    ],
    [
      3319,
      13319
    ],
    [
      3344,
      13344
    ],
    [
      3350,
      13350
    ],
    [
      3365,
      13365
    ],
    [
      3381,
      13381
    ],
    [
      3408,
      13408
    ],
    [
      3417,
      13417
    ],
    [
      3438,
      13438
    ],
    [
      3439,
      13439
    ],
    [
      3468,
      13468
    ],
    [
      3475,
      13475
    ],
    [
      3481,
      13481
    ],
    [
      3492,
      13492
    ],
    [
      3506,
      13506
    ],
    [
      3508,
      13508
    ],
    [
      3517,
      13517
    ],
    [
      3534,
      13534
    ],
    [
      3543,
      13543
    ],
    [
      3550,
      13550
    ],
    [
      3566,
      13566
    ],
    [
      3577,
      13577
    ],
    [
      3582,
      13582
    ],
    [
      3656,
      13656
    ],
    [
      3664,
      13664
    ],
    [
      3688,
      13688
    ],
    [
      3692,
      13692
    ],
    [
      3701,
      13701
    ],
    [
      3718,
      13718
    ],
    [
      3720,
      13720
    ],
    [
      3737,
      13737
    ],
    [
      3745,
      13745
    ],
    [
      3771,
      13771
    ],
    [
      3782,
      13782
    ],
    [
      3799,
      13799
    ],
    [
      3824,
      13824
    ],
    [
      3858,
      13858
    ],
    [
      3892,
      13892
    ],
    [
      3904,
      13904
    ],
    [
      3921,
      13921
    ],
    [
      3951,
      13951
    ],
    [
      3961,
      13961
    ],
    [
      4018,
      14018
    ],
    [
      4043,
      14043
    ],
    [
      4075,
      14075
    ],
    [
      4079,
      14079
    ],
    [
      4099,
      14099
    ],
    [
      4101,
      14101
    ],
    [
      4110,
      14110
    ],
    [
      4131,
      14131
    ],
    [
      4135,
      14135
    ],
    [
      4145,
      14145
    ],
    [
      4151,
      14151
    ],
    [
      4175,
      14175
    ],
    [
      4176,
      14176
    ],
    [
      4195,
      14195
    ],
    [
      4215,
      14215
    ],
    [
      4227,
      14227
    ],
    [
      4247,
      14247
    ],
    [
      4252,
      14252
    ],
    [
      4273,
      14273
    ],
    [
      4294,
      14294
    ],
    [
      4300,
      14300
    ],
    [
      4320,
      14320
    ],
    [
      4397,
      14397
    ],
    [
      4414,
      14414
    ],
    [
      4429,
      14429
    ],
    [
      4486,
      14486
    ],
    [
      4514,
      14514
    ],
    [
      4516,
      14516
    ],
    [
      4524,
      14524
    ],
    [
      4532,
      14532
    ],
    [
      4565,
      14565
    ],
    [
      4576,
      14576
    ],
    [
      4586,
      14586
    ],
    [
      4603,
      14603
    ],
    [
      4612,
      14612
    ],
    [
      4622,
      14622
    ],
    [
      4667,
      14667
    ],
    [
      4670,
      14670
    ],
    [
      4678,
      14678
    ],
    [
      4685,
      14685
    ],
    [
      4696,
      14696
    ],
    [
      4748,
      14748
    ],
    [
      4791,
      14791
    ],
    [
      4795,
      14795
    ],
    [
      4797,
      14797
    ],
    [
      4805,
      14805
    ],
    [
      4820,
      14820
    ],
    [
      4827,
      14827
    ],
    [
      4839,
      14839
    ],
    [
      4850,
      14850
    ],
    [
      4852,
      14852
    ],
    [
      4862,
      14862
    ],
    [
      4886,
      14886
    ],
    [
      4891,
      14891
    ],
    [
      4905,
      14905
    ],
    [
      4911,
      14911
    ],
    [
      4912,
      14912
    ],
    [
      4953,
      14953
    ],
    [
      4960,
      14960
    ],
    [
      4997,
      14997
    ],
    [
      5012,
      15012
    ],
    [
      5049,
      15049
    ],
    [
      5071,
      15071
    ],
    [
      5080,
      15080
    ],
    [
      5092,
      15092
    ],
    [
      5095,
      15095
    ],
    [
      5106,
      15106
    ],
    [
      5128,
      15128
    ],
    [
      5138,
      15138
    ],
    [
      5163,
      15163
    ],
    [
      5165,
      15165
    ],
    [
      5188,
      15188
    ],
    [
      5210,
      15210
    ],
    [
      5257,
      15257
    ],
    [
      5261,
      15261
    ],
    [
      5262,
      15262
    ],
    [
      5263,
      15263
    ],
    [
      5276,
      15276
    ],
    [
      5289,
      15289
    ],
    [
      5330,
      15330
    ],
    [
      5340,
      15340
    ],
    [
      5361,
      15361
    ],
    [
      5383,
      15383
    ],
    [
      5422,
      15422
    ],
    [
      5424,
      15424
    ],
    [
      5444,
      15444
    ],
    [
      5499,
      15499
    ],
    [
      5540,
      15540
    ],
    [
      5594,
      15594
    ],
    [
      5618,
      15618
    ],
    [
      5631,
      15631
    ],
    [
      5648,
      15648
    ],
    [
      5654,
      15654
    ],
    [
      5672,
      15672
    ],
    [
      5673,
      15673
    ],
    [
      5687,
      15687
    ],
    [
      5693,
      15693
    ],
    [
      5712,
      15712
    ],
    [
      5721,
      15721
    ],
    [
      5748,
      15748
    ],
    [
      5782,
      15782
    ],
    [
      5785,
      15785
    ],
    [
      5808,
      15808
    ],
    [
      5830,
      15830
    ],
    [
      5835,
      15835
    ],
    [
      5842,
      15842
    ],
    [
      5858,
      15858
    ],
    [
      5898,
      15898
    ],
    [
      5907,
      15907
    ],
    [
      5916,
      15916
    ],
    [
      5952,
      15952
    ],
    [
      5955,
      15955
    ],
    [
      5956,
      15956
    ],
    [
      5975,
      15975
    ],
    [
      5999,
      15999
    ],
    [
      6008,
      16008
    ],
    [
      6058,
      16058
    ],
    [
      6068,
      16068
    ],
    [
      6088,
      16088
    ],
    [
      6143,
      16143
    ],
    [
      6156,
      16156
    ],
    [
      6180,
      16180
    ],
    [
      6192,
      16192
    ],
    [
      6201,
      16201
    ],
    [
      6202,
      16202
    ],
    [
      6210,
      16210
    ],
    [
      6244,
      16244
    ],
    [
      6256,
      16256
    ],
    [
      6290,
      16290
    ],
    [
      6292,
      16292
    ],
    [
      6304,
      16304
    ],
    [
      6321,
      16321
    ],
    [
      6325,
      16325
    ],
    [
      6399,
      16399
    ],
    [
      6414,
      16414
    ],
    [
      6435,
      16435
    ],
    [
      6443,
      16443
    ],
    [
      6465,
      16465
    ],
    [
      6479,
      16479
    ],
    [
      6483,
      16483
    ],
    [
      6499,
      16499
    ],
    [
      6503,
      16503
    ],
    [
      6513,
      16513
    ],
    [
      6537,
      16537
    ],
    [
      6546,
      16546
    ],
    [
      6561,
      16561
    ],
    [
      6606,
      16606
    ],
    [
      6622,
      16622
    ],
    [
      6651,
      16651
    ],
    [
      6672,
      16672
    ],
    [
      6705,
      16705
    ],
    [
      6720,
      16720
    ],
    [
      6721,
      16721
    ],
    [
      6745,
      16745
    ],
    [
      6751,
      16751
    ],
    [
      6770,
      16770
    ],
    [
      6789,
      16789
    ],
    [
      6835,
      16835
    ],
    [
      6841,
      16841
    ],
    [
      6872,
      16872
    ],
    [
      6907,
      16907
    ],
    [
      6926,
      16926
    ],
    [
      6970,
      16970
    ],
    [
      6990,
      16990
    ],
    [
      6994,
      16994
    ],
    [
      6996,
      16996
    ],
    [
      7002,
      17002
    ],
    [
      7057,
      17057
    ],
    [
      7100,
      17100
    ],
    [
      7114,
      17114
    ],
    [
      7134,
      17134
    ],
    [
      7135,
      17135
    ],
    [
      7137,
      17137
    ],
    [
      7142,
      17142
    ],
    [
      7149,
      17149
    ],
    [
      7158,
      17158
    ],
    [
      7173,
      17173
    ],
    [
      7177,
      17177
    ],
    [
      7183,
      17183
    ],
    [
      7185,
      17185
    ],
    [
      7225,
      17225
    ],
    [
      7246,
      17246
    ],
    [
      7252,
      17252
    ],
    [
      7256,
      17256
    ],
    [
      7265,
      17265
    ],
    [
      7280,
      17280
    ],
    [
      7305,
      17305
    ],
    [
      7308,
      17308
    ],
    [
      7316,
      17316
    ],
    [
      7346,
      17346
    ],
    [
      7388,
      17388
    ],
    [
      7390,
      17390
    ],
    [
      7398,
      17398
    ],
    [
      7403,
      17403
    ],
    [
      7405,
      17405
    ],
    [
      7408,
      17408
    ],
    [
      7417,
      17417
    ],
    [
      7427,
      17427
    ],
    [
      7440,
      17440
    ],
    [
      7451,
      17451
    ],
    [
      7463,
      17463
    ],
    [
      7471,
      17471
    ],
    [
      7480,
      17480
    ],
    [
      7520,
      17520
    ],
    [
      7533,
      17533
    ],
    [
      7550,
      17550
    ],
    [
      7551,
      17551
    ],
    [
      7572,
      17572
    ],
    [
      7573,
      17573
    ],
    [
      7614,
      17614
    ],
    [
      7630,
      17630
    ],
    [
      7643,
      17643
    ],
    [
      7646,
      17646
    ],
    [
      7650,
      17650
    ],
    [
      7654,
      17654
    ],
    [
      7659,
      17659
    ],
    [
      7665,
      17665
    ],
    [
      7670,
      17670
    ],
    [
      7671,
      17671
    ],
    [
      7685,
      17685
    ],
    [
      7706,
      17706
    ],
    [
      7715,
      17715
    ],
    [
      7721,
      17721
    ],
    [
      7724,
      17724
    ],
    [
      7733,
      17733
    ],
    [
      7751,
      17751
    ],
    [
      7757,
      17757
    ],
    [
      7770,
      17770
    ],
    [
      7783,
      17783
    ],
    [
      7786,
      17786
    ],
    [
      7875,
      17875
    ],
    [
      7908,
      17908
    ],
    [
      7977,
      17977
    ],
    [
      7982,
      17982
    ],
    [
      7984,
      17984
    ],
    [
      8000,
      18000
    ],
    [
      8054,
      18054
    ],
    [
      8064,
      18064
    ],
    [
      8076,
      18076
    ],
    [
      8079,
      18079
    ],
    [
      8164,
      18164
    ],
    [
      8179,
      18179
    ],
    [
      8184,
      18184
    ],
    [
      8227,
      18227
    ],
    [
      8235,
      18235
    ],
    [
      8241,
      18241
    ],
    [
      8275,
      18275
    ],
    [
      8295,
      18295
    ],
    [
      8345,
      18345
    ],
    [
      8385,
      18385
    ],
    [
      8386,
      18386
    ],
    [
      8408,
      18408
    ],
    [
      8437,
      18437
    ],
    [
      8445,
      18445
    ],
    [
      8449,
      18449
    ],
    [
      8463,
      18463
    ],
    [
      8501,
      18501
    ],
    [
      8539,
      18539
    ],
    [
      8543,
      18543
    ],
    [
      8555,
      18555
    ],
    [
      8586,
      18586
    ],
    [
      8617,
      18617
    ],
    [
      8623,
      18623
    ],
    [
      8630,
      18630
    ],
    [
      8637,
      18637
    ],
    [
      8642,
      18642
    ],
    [
      8647,
      18647
    ],
    [
      8666,
      18666
    ],
    [
      8667,
      18667
    ],
    [
      8669,
      18669
    ],
    [
      8680,
      18680
    ],
    [
      8692,
      18692
    ],
    [
      8759,
      18759
    ],
    [
      8784,
      18784
    ],
    [
      8806,
      18806
    ],
    [
      8815,
      18815
    ],
    [
      8820,
      18820
    ],
    [
      8823,
      18823
    ],
    [
      8824,
      18824
    ],
    [
      8831,
      18831
    ],
    [
      8848,
      18848
    ],
    [
      8852,
      18852
    ],
    [
      8859,
      18859
    ],
    [
      8862,
      18862
    ],
    [
      8878,
      18878
    ],
    [
      8898,
      18898
    ],
    [
      8938,
      18938
    ],
    [
      8968,
      18968
    ],
    [
      8995,
      18995
    ],
    [
      8997,
      18997
    ],
    [
      9009,
      19009
    ],
    [
      9013,
      19013
    ],
    [
      9039,
      19039
    ],
    [
      9054,
      19054
    ],
    [
      9070,
      19070
    ],
    [
      9091,
      19091
    ],
    [
      9093,
      19093
    ],
    [
      9100,
      19100
    ],
    [
      9111,
      19111
    ],
    [
      9120,
      19120
    ],
    [
      9152,
      19152
    ],
    [
      9225,
      19225
    ],
    [
      9339,
      19339
    ],
    [
      9370,
      19370
    ],
    [
      9376,
      19376
    ],
    [
      9382,
      19382
    ],
    [
      9413,
      19413
    ],
    [
      9443,
      19443
    ],
    [
      9455,
      19455
    ],
    [
      9459,
      19459
    ],
    [
      9471,
      19471
    ],
    [
      9483,
      19483
    ],
    [
      9491,
      19491
    ],
    [
      9494,
      19494
    ],
    [
      9503,
      19503
    ],
    [
      9548,
      19548
    ],
    [
      9568,
      19568
    ],
    [
      9578,
      19578
    ],
    [
      9581,
      19581
    ],
    [
      9597,
      19597
    ],
    [
      9606,
      19606
    ],
    [
      9636,
      19636
    ],
    [
      9640,
      19640
    ],
    [
      9645,
      19645
    ],
    [
      9680,
      19680
    ],
    [
      9699,
      19699
    ],
    [
      9730,
      19730
    ],
    [
      9732,
      19732
    ],
    [
      9743,
      19743
    ],
    [
      9780,
      19780
    ],
    [
      9811,
      19811
    ],
    [
      9813,
      19813
    ],
    [
      9837,
      19837
    ],
    [
      9855,
      19855
    ],
    [
      9875,
      19875
    ],
    [
      9883,
      19883
    ],
    [
      9885,
      19885
    ],
    [
      9905,
      19905
    ],
    [
      9914,
      19914
    ],
    [
      9988,
      19988
    ]
  ]
}