{
  "n_true_positives": 24,
  "n_positives": 24,
  "total_time": 170.37492084503174,
  "date": "2025-01-25T15:41:34.312000",
  "backend": "BruteForce",
  "n_bins": 0,
  "eps": 7.5,
  "args": {
    "csvpath": [
      "../data/RobustBench/predictions/cifar100c-Diffenderfer2021Winning_LRR_CARD_Deck/vanilla.csv",
      "../data/RobustBench/predictions/cifar100c-Diffenderfer2021Winning_LRR_CARD_Deck/snow-3.csv"
    ],
    "eps": 7.5,
    "n_bins": 0,
    "n_examples": -1,
    "out_path": "../results/semantic//results/cifar100c-Diffenderfer2021Winning_LRR_CARD_Deck/cifar100c-Diffenderfer2021Winning_LRR_CARD_Deck-L2-7.5-snow-3.json",
    "full_output": false,
    "verbose": false,
    "randomize_order": false,
    "backend": "bf",
    "blind_cols": null,
    "pred": "pred",
    "metric": "L2"
  },
  "backend_meta": {
    "epsilon": 7.5,
    "decision_col": "pred",
    "metric": "Linf",
    "is_exact": true,
    "is_sound": true,
    "is_complete": true
  },
  "positives": [
    [
      29,
      10029
    ],
    [
      448,
      10448
    ],
    [
      1035,
      11035
    ],
    [
      1316,
      11316
    ],
    [
      1338,
      11338
    ],
    [
      1492,
      11492
    ],
    [
      1656,
      11656
    ],
    [
      2344,
      12344
    ],
    [
      3039,
      13039
    ],
    [
      3863,
      13863
    ],
    [
      4135,
      14135
    ],
    [
      4797,
      14797
    ],
    [
      5490,
      15490
    ],
    [
      5654,
      15654
    ],
    [
      5712,
      15712
    ],
    [
      5858,
      15858
    ],
    [
      5918,
      15918
    ],
    [
      6733,
      16733
    ],
    [
      7976,
      17976
    ],
    [
      8591,
      18591
    ],
    [
      8609,
      18609
    ],
    [
      8630,
      18630
    ],
    [
      8639,
      18639
    ],
    [
      8692,
      18692
    ]
  ]
}