{
  "n_true_positives": 34,
  "n_positives": 34,
  "total_time": 149.80129218101501,
  "date": "2025-01-25T15:41:12.827782",
  "backend": "BruteForce",
  "n_bins": 0,
  "eps": 7.5,
  "args": {
    "csvpath": [
      "../data/RobustBench/predictions/cifar100c-Diffenderfer2021Winning_LRR_CARD_Deck/vanilla.csv",
      "../data/RobustBench/predictions/cifar100c-Diffenderfer2021Winning_LRR_CARD_Deck/snow-2.csv"
    ],
    "eps": 7.5,
    "n_bins": 0,
    "n_examples": -1,
    "out_path": "../results/semantic//results/cifar100c-Diffenderfer2021Winning_LRR_CARD_Deck/cifar100c-Diffenderfer2021Winning_LRR_CARD_Deck-L2-7.5-snow-2.json",
    "full_output": false,
    "verbose": false,
    "randomize_order": false,
    "backend": "bf",
    "blind_cols": null,
    "pred": "pred",
    "metric": "L2"
  },
  "backend_meta": {
    "epsilon": 7.5,
    "decision_col": "pred",
    "metric": "Linf",
    "is_exact": true,
    "is_sound": true,
    "is_complete": true
  },
  "positives": [
    [
      215,
      10215
    ],
    [
      549,
      10549
    ],
    [
      826,
      10826
    ],
    [
      1314,
      11314
    ],
    [
      1416,
      11416
    ],
    [
      1429,
      11429
    ],
    [
      1482,
      11482
    ],
    [
      1712,
      11712
    ],
    [
      1821,
      11821
    ],
    [
      2136,
      12136
    ],
    [
      2401,
      12401
    ],
    [
      2952,
      12952
    ],
    [
      3029,
      13029
    ],
    [
      3132,
      13132
    ],
    [
      3209,
      13209
    ],
    [
      3279,
      13279
    ],
    [
      3561,
      13561
    ],
    [
      3673,
      13673
    ],
    [
      4300,
      14300
    ],
    [
      5012,
      15012
    ],
    [
      5563,
      15563
    ],
    [
      5584,
      15584
    ],
    [
      5930,
      15930
    ],
    [
      5980,
      15980
    ],
    [
      6329,
      16329
    ],
    [
      6601,
      16601
    ],
    [
      7653,
      17653
    ],
    [
      7958,
      17958
    ],
    [
      8159,
      18159
    ],
    [
      8629,
      18629
    ],
    [
      8712,
      18712
    ],
    [
      9013,
      19013
    ],
    [
      9444,
      19444
    ],
    [
      9659,
      19659
    ]
  ]
}