{
  "n_true_positives": 6,
  "n_positives": 6,
  "total_time": 80.27885007858276,
  "date": "2025-01-25T15:43:05.414325",
  "backend": "BruteForce",
  "n_bins": 0,
  "eps": 7.5,
  "args": {
    "csvpath": [
      "../data/RobustBench/predictions/cifar100c-Diffenderfer2021Winning_LRR_CARD_Deck/vanilla.csv",
      "../data/RobustBench/predictions/cifar100c-Diffenderfer2021Winning_LRR_CARD_Deck/jpeg_compression-5.csv"
    ],
    "eps": 7.5,
    "n_bins": 0,
    "n_examples": -1,
    "out_path": "../results/semantic//results/cifar100c-Diffenderfer2021Winning_LRR_CARD_Deck/cifar100c-Diffenderfer2021Winning_LRR_CARD_Deck-L2-7.5-jpeg_compression-5.json",
    "full_output": false,
    "verbose": false,
    "randomize_order": false,
    "backend": "bf",
    "blind_cols": null,
    "pred": "pred",
    "metric": "L2"
  },
  "backend_meta": {
    "epsilon": 7.5,
    "decision_col": "pred",
    "metric": "Linf",
    "is_exact": true,
    "is_sound": true,
    "is_complete": true
  },
  "positives": [
    [
      1875,
      11875
    ],
    [
      2282,
      12282
    ],
    [
      3782,
      13782
    ],
    [
      4670,
      14670
    ],
    [
      5265,
      15265
    ],
    [
      6389,
      16389
    ]
  ]
}