{
  "n_true_positives": 9,
  "n_positives": 9,
  "total_time": 146.86493015289307,
  "date": "2025-01-25T15:41:09.697111",
  "backend": "BruteForce",
  "n_bins": 0,
  "eps": 7.5,
  "args": {
    "csvpath": [
      "../data/RobustBench/predictions/cifar100c-Diffenderfer2021Winning_LRR_CARD_Deck/vanilla.csv",
      "../data/RobustBench/predictions/cifar100c-Diffenderfer2021Winning_LRR_CARD_Deck/shot_noise-4.csv"
    ],
    "eps": 7.5,
    "n_bins": 0,
    "n_examples": -1,
    "out_path": "../results/semantic//results/cifar100c-Diffenderfer2021Winning_LRR_CARD_Deck/cifar100c-Diffenderfer2021Winning_LRR_CARD_Deck-L2-7.5-shot_noise-4.json",
    "full_output": false,
    "verbose": false,
    "randomize_order": false,
    "backend": "bf",
    "blind_cols": null,
    "pred": "pred",
    "metric": "L2"
  },
  "backend_meta": {
    "epsilon": 7.5,
    "decision_col": "pred",
    "metric": "Linf",
    "is_exact": true,
    "is_sound": true,
    "is_complete": true
  },
  "positives": [
    [
      171,
      10171
    ],
    [
      1040,
      11040
    ],
    [
      1649,
      11649
    ],
    [
      2230,
      12230
    ],
    [
      3233,
      13233
    ],
    [
      6025,
      16025
    ],
    [
      7158,
      17158
    ],
    [
      7652,
      17652
    ],
    [
      9999,
      19999
    ]
  ]
}