{
  "n_true_positives": 5,
  "n_positives": 5,
  "total_time": 58.923938512802124,
  "date": "2025-01-25T15:42:45.439330",
  "backend": "BruteForce",
  "n_bins": 0,
  "eps": 7.5,
  "args": {
    "csvpath": [
      "../data/RobustBench/predictions/cifar100c-Diffenderfer2021Winning_LRR_CARD_Deck/vanilla.csv",
      "../data/RobustBench/predictions/cifar100c-Diffenderfer2021Winning_LRR_CARD_Deck/motion_blur-3.csv"
    ],
    "eps": 7.5,
    "n_bins": 0,
    "n_examples": -1,
    "out_path": "../results/semantic//results/cifar100c-Diffenderfer2021Winning_LRR_CARD_Deck/cifar100c-Diffenderfer2021Winning_LRR_CARD_Deck-L2-7.5-motion_blur-3.json",
    "full_output": false,
    "verbose": false,
    "randomize_order": false,
    "backend": "bf",
    "blind_cols": null,
    "pred": "pred",
    "metric": "L2"
  },
  "backend_meta": {
    "epsilon": 7.5,
    "decision_col": "pred",
    "metric": "Linf",
    "is_exact": true,
    "is_sound": true,
    "is_complete": true
  },
  "positives": [
    [
      222,
      10222
    ],
    [
      1107,
      11107
    ],
    [
      7574,
      17574
    ],
    [
      9782,
      19782
    ],
    [
      9905,
      19905
    ]
  ]
}