{
  "n_true_positives": 34,
  "n_positives": 34,
  "total_time": 87.34419536590576,
  "date": "2025-01-25T15:42:13.979921",
  "backend": "BruteForce",
  "n_bins": 0,
  "eps": 7.5,
  "args": {
    "csvpath": [
      "../data/RobustBench/predictions/cifar100c-Diffenderfer2021Winning_LRR_CARD_Deck/vanilla.csv",
      "../data/RobustBench/predictions/cifar100c-Diffenderfer2021Winning_LRR_CARD_Deck/defocus_blur-4.csv"
    ],
    "eps": 7.5,
    "n_bins": 0,
    "n_examples": -1,
    "out_path": "../results/semantic//results/cifar100c-Diffenderfer2021Winning_LRR_CARD_Deck/cifar100c-Diffenderfer2021Winning_LRR_CARD_Deck-L2-7.5-defocus_blur-4.json",
    "full_output": false,
    "verbose": false,
    "randomize_order": false,
    "backend": "bf",
    "blind_cols": null,
    "pred": "pred",
    "metric": "L2"
  },
  "backend_meta": {
    "epsilon": 7.5,
    "decision_col": "pred",
    "metric": "Linf",
    "is_exact": true,
    "is_sound": true,
    "is_complete": true
  },
  "positives": [
    [
      222,
      10222
    ],
    [
      466,
      10466
    ],
    [
      491,
      10491
    ],
    [
      673,
      10673
    ],
    [
      704,
      10704
    ],
    [
      1170,
      11170
    ],
    [
      1465,
      11465
    ],
    [
      1848,
      11848
    ],
    [
      1854,
      11854
    ],
    [
      1930,
      11930
    ],
    [
      2978,
      12978
    ],
    [
      3199,
      13199
    ],
    [
      3282,
      13282
    ],
    [
      3483,
      13483
    ],
    [
      3782,
      13782
    ],
    [
      4050,
      14050
    ],
    [
      4139,
      14139
    ],
    [
      5265,
      15265
    ],
    [
      5444,
      15444
    ],
    [
      5674,
      15674
    ],
    [
      5681,
      15681
    ],
    [
      5933,
      15933
    ],
    [
      6019,
      16019
    ],
    [
      6058,
      16058
    ],
    [
      6680,
      16680
    ],
    [
      6988,
      16988
    ],
    [
      7071,
      17071
    ],
    [
      7100,
      17100
    ],
    [
      7574,
      17574
    ],
    [
      8428,
      18428
    ],
    [
      8995,
      18995
    ],
    [
      9459,
      19459
    ],
    [
      9890,
      19890
    ],
    [
      9905,
      19905
    ]
  ]
}