{
  "n_true_positives": 20,
  "n_positives": 20,
  "total_time": 160.60638427734375,
  "date": "2025-01-25T15:44:29.474264",
  "backend": "BruteForce",
  "n_bins": 0,
  "eps": 7.5,
  "args": {
    "csvpath": [
      "../data/RobustBench/predictions/cifar100c-Diffenderfer2021Winning_LRR_CARD_Deck/vanilla.csv",
      "../data/RobustBench/predictions/cifar100c-Diffenderfer2021Winning_LRR_CARD_Deck/pixelate-4.csv"
    ],
    "eps": 7.5,
    "n_bins": 0,
    "n_examples": -1,
    "out_path": "../results/semantic//results/cifar100c-Diffenderfer2021Winning_LRR_CARD_Deck/cifar100c-Diffenderfer2021Winning_LRR_CARD_Deck-L2-7.5-pixelate-4.json",
    "full_output": false,
    "verbose": false,
    "randomize_order": false,
    "backend": "bf",
    "blind_cols": null,
    "pred": "pred",
    "metric": "L2"
  },
  "backend_meta": {
    "epsilon": 7.5,
    "decision_col": "pred",
    "metric": "Linf",
    "is_exact": true,
    "is_sound": true,
    "is_complete": true
  },
  "positives": [
    [
      491,
      10491
    ],
    [
      1113,
      11113
    ],
    [
      1725,
      11725
    ],
    [
      2034,
      12034
    ],
    [
      2059,
      12059
    ],
    [
      2230,
      12230
    ],
    [
      2244,
      12244
    ],
    [
      2730,
      12730
    ],
    [
      2808,
      12808
    ],
    [
      2962,
      12962
    ],
    [
      3650,
      13650
    ],
    [
      3782,
      13782
    ],
    [
      4151,
      14151
    ],
    [
      4312,
      14312
    ],
    [
      5265,
      15265
    ],
    [
      5930,
      15930
    ],
    [
      6008,
      16008
    ],
    [
      6058,
      16058
    ],
    [
      7845,
      17845
    ],
    [
      8107,
      18107
    ]
  ]
}