{
  "n_true_positives": 10,
  "n_positives": 10,
  "total_time": 162.75662636756897,
  "date": "2025-01-25T15:44:31.228962",
  "backend": "BruteForce",
  "n_bins": 0,
  "eps": 7.5,
  "args": {
    "csvpath": [
      "../data/RobustBench/predictions/cifar100c-Diffenderfer2021Winning_LRR_CARD_Deck/vanilla.csv",
      "../data/RobustBench/predictions/cifar100c-Diffenderfer2021Winning_LRR_CARD_Deck/motion_blur-2.csv"
    ],
    "eps": 7.5,
    "n_bins": 0,
    "n_examples": -1,
    "out_path": "../results/semantic//results/cifar100c-Diffenderfer2021Winning_LRR_CARD_Deck/cifar100c-Diffenderfer2021Winning_LRR_CARD_Deck-L2-7.5-motion_blur-2.json",
    "full_output": false,
    "verbose": false,
    "randomize_order": false,
    "backend": "bf",
    "blind_cols": null,
    "pred": "pred",
    "metric": "L2"
  },
  "backend_meta": {
    "epsilon": 7.5,
    "decision_col": "pred",
    "metric": "Linf",
    "is_exact": true,
    "is_sound": true,
    "is_complete": true
  },
  "positives": [
    [
      491,
      10491
    ],
    [
      618,
      10618
    ],
    [
      1465,
      11465
    ],
    [
      1930,
      11930
    ],
    [
      5681,
      15681
    ],
    [
      6114,
      16114
    ],
    [
      7451,
      17451
    ],
    [
      7574,
      17574
    ],
    [
      8297,
      18297
    ],
    [
      9782,
      19782
    ]
  ]
}