{
  "n_true_positives": 124,
  "n_positives": 124,
  "total_time": 40.82127594947815,
  "date": "2025-01-25T15:41:21.919718",
  "backend": "BruteForce",
  "n_bins": 0,
  "eps": 7.5,
  "args": {
    "csvpath": [
      "../data/RobustBench/predictions/cifar100c-Diffenderfer2021Winning_LRR_CARD_Deck/vanilla.csv",
      "../data/RobustBench/predictions/cifar100c-Diffenderfer2021Winning_LRR_CARD_Deck/defocus_blur-3.csv"
    ],
    "eps": 7.5,
    "n_bins": 0,
    "n_examples": -1,
    "out_path": "../results/semantic//results/cifar100c-Diffenderfer2021Winning_LRR_CARD_Deck/cifar100c-Diffenderfer2021Winning_LRR_CARD_Deck-L2-7.5-defocus_blur-3.json",
    "full_output": false,
    "verbose": false,
    "randomize_order": false,
    "backend": "bf",
    "blind_cols": null,
    "pred": "pred",
    "metric": "L2"
  },
  "backend_meta": {
    "epsilon": 7.5,
    "decision_col": "pred",
    "metric": "Linf",
    "is_exact": true,
    "is_sound": true,
    "is_complete": true
  },
  "positives": [
    [
      6,
      10006
    ],
    [
      72,
      10072
    ],
    [
      222,
      10222
    ],
    [
      305,
      10305
    ],
    [
      336,
      10336
    ],
    [
      430,
      10430
    ],
    [
      466,
      10466
    ],
    [
      491,
      10491
    ],
    [
      544,
      10544
    ],
    [
      673,
      10673
    ],
    [
      698,
      10698
    ],
    [
      704,
      10704
    ],
    [
      711,
      10711
    ],
    [
      818,
      10818
    ],
    [
      866,
      10866
    ],
    [
      1035,
      11035
    ],
    [
      1041,
      11041
    ],
    [
      1114,
      11114
    ],
    [
      1119,
      11119
    ],
    [
      1369,
      11369
    ],
    [
      1550,
      11550
    ],
    [
      1643,
      11643
    ],
    [
      1836,
      11836
    ],
    [
      1868,
      11868
    ],
    [
      1912,
      11912
    ],
    [
      1917,
      11917
    ],
    [
      1977,
      11977
    ],
    [
      2057,
      12057
    ],
    [
      2213,
      12213
    ],
    [
      2250,
      12250
    ],
    [
      2382,
      12382
    ],
    [
      2391,
      12391
    ],
    [
      2612,
      12612
    ],
    [
      2759,
      12759
    ],
    [
      2772,
      12772
    ],
    [
      2962,
      12962
    ],
    [
      2978,
      12978
    ],
    [
      3004,
      13004
    ],
    [
      3020,
      13020
    ],
    [
      3093,
      13093
    ],
    [
      3103,
      13103
    ],
    [
      3198,
      13198
    ],
    [
      3199,
      13199
    ],
    [
      3260,
      13260
    ],
    [
      3300,
      13300
    ],
    [
      3327,
      13327
    ],
    [
      3381,
      13381
    ],
    [
      3408,
      13408
    ],
    [
      3417,
      13417
    ],
    [
      3482,
      13482
    ],
    [
      3562,
      13562
    ],
    [
      3782,
      13782
    ],
    [
      3807,
      13807
    ],
    [
      3999,
      13999
    ],
    [
      4151,
      14151
    ],
    [
      4238,
      14238
    ],
    [
      4273,
      14273
    ],
    [
      4396,
      14396
    ],
    [
      4467,
      14467
    ],
    [
      4476,
      14476
    ],
    [
      4996,
      14996
    ],
    [
      5085,
      15085
    ],
    [
      5176,
      15176
    ],
    [
      5265,
      15265
    ],
    [
      5402,
      15402
    ],
    [
      5418,
      15418
    ],
    [
      5442,
      15442
    ],
    [
      5444,
      15444
    ],
    [
      5599,
      15599
    ],
    [
      5672,
      15672
    ],
    [
      5674,
      15674
    ],
    [
      5681,
      15681
    ],
    [
      5777,
      15777
    ],
    [
      5830,
      15830
    ],
    [
      5881,
      15881
    ],
    [
      5933,
      15933
    ],
    [
      5980,
      15980
    ],
    [
      5982,
      15982
    ],
    [
      5992,
      15992
    ],
    [
      6019,
      16019
    ],
    [
      6171,
      16171
    ],
    [
      6203,
      16203
    ],
    [
      6249,
      16249
    ],
    [
      6281,
      16281
    ],
    [
      6284,
      16284
    ],
    [
      6316,
      16316
    ],
    [
      6476,
      16476
    ],
    [
      6520,
      16520
    ],
    [
      6522,
      16522
    ],
    [
      6680,
      16680
    ],
    [
      6810,
      16810
    ],
    [
      6846,
      16846
    ],
    [
      6872,
      16872
    ],
    [
      6913,
      16913
    ],
    [
      6996,
      16996
    ],
    [
      7100,
      17100
    ],
    [
      7138,
      17138
    ],
    [
      7183,
      17183
    ],
    [
      7184,
      17184
    ],
    [
      7185,
      17185
    ],
    [
      7467,
      17467
    ],
    [
      7503,
      17503
    ],
    [
      7574,
      17574
    ],
    [
      7614,
      17614
    ],
    [
      7826,
      17826
    ],
    [
      7858,
      17858
    ],
    [
      8063,
      18063
    ],
    [
      8159,
      18159
    ],
    [
      8200,
      18200
    ],
    [
      8296,
      18296
    ],
    [
      8396,
      18396
    ],
    [
      8422,
      18422
    ],
    [
      8428,
      18428
    ],
    [
      8667,
      18667
    ],
    [
      8722,
      18722
    ],
    [
      8727,
      18727
    ],
    [
      8806,
      18806
    ],
    [
      8995,
      18995
    ],
    [
      9068,
      19068
    ],
    [
      9070,
      19070
    ],
    [
      9459,
      19459
    ],
    [
      9883,
      19883
    ],
    [
      9890,
      19890
    ],
    [
      9905,
      19905
    ]
  ]
}