{
  "n_true_positives": 16,
  "n_positives": 16,
  "total_time": 156.36394667625427,
  "date": "2025-01-25T15:44:23.908286",
  "backend": "BruteForce",
  "n_bins": 0,
  "eps": 7.5,
  "args": {
    "csvpath": [
      "../data/RobustBench/predictions/cifar100c-Diffenderfer2021Winning_LRR_CARD_Deck/vanilla.csv",
      "../data/RobustBench/predictions/cifar100c-Diffenderfer2021Winning_LRR_CARD_Deck/fog-5.csv"
    ],
    "eps": 7.5,
    "n_bins": 0,
    "n_examples": -1,
    "out_path": "../results/semantic//results/cifar100c-Diffenderfer2021Winning_LRR_CARD_Deck/cifar100c-Diffenderfer2021Winning_LRR_CARD_Deck-L2-7.5-fog-5.json",
    "full_output": false,
    "verbose": false,
    "randomize_order": false,
    "backend": "bf",
    "blind_cols": null,
    "pred": "pred",
    "metric": "L2"
  },
  "backend_meta": {
    "epsilon": 7.5,
    "decision_col": "pred",
    "metric": "Linf",
    "is_exact": true,
    "is_sound": true,
    "is_complete": true
  },
  "positives": [
    [
      10459,
      19248
    ],
    [
      10664,
      13129
    ],
    [
      10706,
      14682
    ],
    [
      10861,
      16040
    ],
    [
      10893,
      12962
    ],
    [
      10893,
      14189
    ],
    [
      11414,
      12458
    ],
    [
      12099,
      16530
    ],
    [
      12236,
      14235
    ],
    [
      12567,
      12589
    ],
    [
      12914,
      16704
    ],
    [
      13258,
      18109
    ],
    [
      14067,
      17402
    ],
    [
      14486,
      18319
    ],
    [
      18227,
      18319
    ],
    [
      18319,
      18658
    ]
  ]
}