{
  "n_true_positives": 167,
  "n_positives": 167,
  "total_time": 57.44395923614502,
  "date": "2025-01-25T15:41:12.985584",
  "backend": "BruteForce",
  "n_bins": 0,
  "eps": 7.5,
  "args": {
    "csvpath": [
      "../data/RobustBench/predictions/cifar100c-Diffenderfer2021Winning_LRR_CARD_Deck/vanilla.csv",
      "../data/RobustBench/predictions/cifar100c-Diffenderfer2021Winning_LRR_CARD_Deck/snow-1.csv"
    ],
    "eps": 7.5,
    "n_bins": 0,
    "n_examples": -1,
    "out_path": "../results/semantic//results/cifar100c-Diffenderfer2021Winning_LRR_CARD_Deck/cifar100c-Diffenderfer2021Winning_LRR_CARD_Deck-L2-7.5-snow-1.json",
    "full_output": false,
    "verbose": false,
    "randomize_order": false,
    "backend": "bf",
    "blind_cols": null,
    "pred": "pred",
    "metric": "L2"
  },
  "backend_meta": {
    "epsilon": 7.5,
    "decision_col": "pred",
    "metric": "Linf",
    "is_exact": true,
    "is_sound": true,
    "is_complete": true
  },
  "positives": [
    [
      31,
      10031
    ],
    [
      79,
      10079
    ],
    [
      99,
      10099
    ],
    [
      134,
      10134
    ],
    [
      235,
      10235
    ],
    [
      255,
      10255
    ],
    [
      379,
      10379
    ],
    [
      549,
      10549
    ],
    [
      569,
      10569
    ],
    [
      573,
      10573
    ],
    [
      595,
      10595
    ],
    [
      782,
      10782
    ],
    [
      847,
      10847
    ],
    [
      927,
      10927
    ],
    [
      936,
      10936
    ],
    [
      1016,
      11016
    ],
    [
      1034,
      11034
    ],
    [
      1042,
      11042
    ],
    [
      1069,
      11069
    ],
    [
      1072,
      11072
    ],
    [
      1099,
      11099
    ],
    [
      1272,
      11272
    ],
    [
      1287,
      11287
    ],
    [
      1338,
      11338
    ],
    [
      1349,
      11349
    ],
    [
      1384,
      11384
    ],
    [
      1442,
      11442
    ],
    [
      1527,
      11527
    ],
    [
      1532,
      11532
    ],
    [
      1570,
      11570
    ],
    [
      1628,
      11628
    ],
    [
      1654,
      11654
    ],
    [
      1712,
      11712
    ],
    [
      1763,
      11763
    ],
    [
      1788,
      11788
    ],
    [
      1809,
      11809
    ],
    [
      1820,
      11820
    ],
    [
      1821,
      11821
    ],
    [
      1868,
      11868
    ],
    [
      1875,
      11875
    ],
    [
      1887,
      11887
    ],
    [
      2002,
      12002
    ],
    [
      2003,
      12003
    ],
    [
      2093,
      12093
    ],
    [
      2097,
      12097
    ],
    [
      2136,
      12136
    ],
    [
      2198,
      12198
    ],
    [
      2200,
      12200
    ],
    [
      2227,
      12227
    ],
    [
      2341,
      12341
    ],
    [
      2345,
      12345
    ],
    [
      2393,
      12393
    ],
    [
      2426,
      12426
    ],
    [
      2498,
      12498
    ],
    [
      2519,
      12519
    ],
    [
      2526,
      12526
    ],
    [
      2656,
      12656
    ],
    [
      2809,
      12809
    ],
    [
      2858,
      12858
    ],
    [
      2866,
      12866
    ],
    [
      2869,
      12869
    ],
    [
      2966,
      12966
    ],
    [
      3026,
      13026
    ],
    [
      3029,
      13029
    ],
    [
      3132,
      13132
    ],
    [
      3160,
      13160
    ],
    [
      3254,
      13254
    ],
    [
      3373,
      13373
    ],
    [
      3423,
      13423
    ],
    [
      3535,
      13535
    ],
    [
      3543,
      13543
    ],
    [
      3556,
      13556
    ],
    [
      3566,
      13566
    ],
    [
      3602,
      13602
    ],
    [
      3614,
      13614
    ],
    [
      3673,
      13673
    ],
    [
      3697,
      13697
    ],
    [
      3799,
      13799
    ],
    [
      3807,
      13807
    ],
    [
      4018,
      14018
    ],
    [
      4110,
      14110
    ],
    [
      4115,
      14115
    ],
    [
      4135,
      14135
    ],
    [
      4300,
      14300
    ],
    [
      4405,
      14405
    ],
    [
      4576,
      14576
    ],
    [
      4667,
      14667
    ],
    [
      4704,
      14704
    ],
    [
      4791,
      14791
    ],
    [
      4840,
      14840
    ],
    [
      4846,
      14846
    ],
    [
      4867,
      14867
    ],
    [
      4912,
      14912
    ],
    [
      5049,
      15049
    ],
    [
      5081,
      15081
    ],
    [
      5085,
      15085
    ],
    [
      5111,
      15111
    ],
    [
      5156,
      15156
    ],
    [
      5160,
      15160
    ],
    [
      5163,
      15163
    ],
    [
      5195,
      15195
    ],
    [
      5276,
      15276
    ],
    [
      5424,
      15424
    ],
    [
      5465,
      15465
    ],
    [
      5584,
      15584
    ],
    [
      5620,
      15620
    ],
    [
      5642,
      15642
    ],
    [
      5653,
      15653
    ],
    [
      5654,
      15654
    ],
    [
      5680,
      15680
    ],
    [
      5748,
      15748
    ],
    [
      5842,
      15842
    ],
    [
      5930,
      15930
    ],
    [
      6212,
      16212
    ],
    [
      6230,
      16230
    ],
    [
      6325,
      16325
    ],
    [
      6356,
      16356
    ],
    [
      6435,
      16435
    ],
    [
      6587,
      16587
    ],
    [
      6872,
      16872
    ],
    [
      6979,
      16979
    ],
    [
      6994,
      16994
    ],
    [
      7161,
      17161
    ],
    [
      7183,
      17183
    ],
    [
      7223,
      17223
    ],
    [
      7276,
      17276
    ],
    [
      7408,
      17408
    ],
    [
      7417,
      17417
    ],
    [
      7445,
      17445
    ],
    [
      7614,
      17614
    ],
    [
      7630,
      17630
    ],
    [
      7826,
      17826
    ],
    [
      7968,
      17968
    ],
    [
      7976,
      17976
    ],
    [
      7982,
      17982
    ],
    [
      8000,
      18000
    ],
    [
      8013,
      18013
    ],
    [
      8090,
      18090
    ],
    [
      8164,
      18164
    ],
    [
      8210,
      18210
    ],
    [
      8258,
      18258
    ],
    [
      8315,
      18315
    ],
    [
      8325,
      18325
    ],
    [
      8464,
      18464
    ],
    [
      8650,
      18650
    ],
    [
      8655,
      18655
    ],
    [
      8666,
      18666
    ],
    [
      8818,
      18818
    ],
    [
      8824,
      18824
    ],
    [
      8863,
      18863
    ],
    [
      8939,
      18939
    ],
    [
      8995,
      18995
    ],
    [
      9120,
      19120
    ],
    [
      9124,
      19124
    ],
    [
      9140,
      19140
    ],
    [
      9152,
      19152
    ],
    [
      9162,
      19162
    ],
    [
      9309,
      19309
    ],
    [
      9318,
      19318
    ],
    [
      9348,
      19348
    ],
    [
      9364,
      19364
    ],
    [
      9444,
      19444
    ],
    [
      9581,
      19581
    ],
    [
      9603,
      19603
    ],
    [
      9640,
      19640
    ],
    [
      9754,
      19754
    ],
    [
      9832,
      19832
    ]
  ]
}