{
  "n_true_positives": 28,
  "n_positives": 28,
  "total_time": 78.74038934707642,
  "date": "2025-01-25T15:43:03.806745",
  "backend": "BruteForce",
  "n_bins": 0,
  "eps": 7.5,
  "args": {
    "csvpath": [
      "../data/RobustBench/predictions/cifar100c-Diffenderfer2021Winning_LRR_CARD_Deck/vanilla.csv",
      "../data/RobustBench/predictions/cifar100c-Diffenderfer2021Winning_LRR_CARD_Deck/zoom_blur-2.csv"
    ],
    "eps": 7.5,
    "n_bins": 0,
    "n_examples": -1,
    "out_path": "../results/semantic//results/cifar100c-Diffenderfer2021Winning_LRR_CARD_Deck/cifar100c-Diffenderfer2021Winning_LRR_CARD_Deck-L2-7.5-zoom_blur-2.json",
    "full_output": false,
    "verbose": false,
    "randomize_order": false,
    "backend": "bf",
    "blind_cols": null,
    "pred": "pred",
    "metric": "L2"
  },
  "backend_meta": {
    "epsilon": 7.5,
    "decision_col": "pred",
    "metric": "Linf",
    "is_exact": true,
    "is_sound": true,
    "is_complete": true
  },
  "positives": [
    [
      222,
      10222
    ],
    [
      466,
      10466
    ],
    [
      1465,
      11465
    ],
    [
      1725,
      11725
    ],
    [
      1854,
      11854
    ],
    [
      2084,
      12084
    ],
    [
      2391,
      12391
    ],
    [
      2962,
      12962
    ],
    [
      3185,
      13185
    ],
    [
      3301,
      13301
    ],
    [
      4069,
      14069
    ],
    [
      4195,
      14195
    ],
    [
      4486,
      14486
    ],
    [
      5418,
      15418
    ],
    [
      5444,
      15444
    ],
    [
      5869,
      15869
    ],
    [
      5881,
      15881
    ],
    [
      6058,
      16058
    ],
    [
      6753,
      16753
    ],
    [
      7133,
      17133
    ],
    [
      7503,
      17503
    ],
    [
      8227,
      18227
    ],
    [
      8297,
      18297
    ],
    [
      8892,
      18892
    ],
    [
      9135,
      19135
    ],
    [
      9782,
      19782
    ],
    [
      9874,
      19874
    ],
    [
      9905,
      19905
    ]
  ]
}