{
  "n_true_positives": 104,
  "n_positives": 104,
  "total_time": 154.43941235542297,
  "date": "2025-01-25T15:44:22.251396",
  "backend": "BruteForce",
  "n_bins": 0,
  "eps": 7.5,
  "args": {
    "csvpath": [
      "../data/RobustBench/predictions/cifar100c-Diffenderfer2021Winning_LRR_CARD_Deck/vanilla.csv",
      "../data/RobustBench/predictions/cifar100c-Diffenderfer2021Winning_LRR_CARD_Deck/pixelate-3.csv"
    ],
    "eps": 7.5,
    "n_bins": 0,
    "n_examples": -1,
    "out_path": "../results/semantic//results/cifar100c-Diffenderfer2021Winning_LRR_CARD_Deck/cifar100c-Diffenderfer2021Winning_LRR_CARD_Deck-L2-7.5-pixelate-3.json",
    "full_output": false,
    "verbose": false,
    "randomize_order": false,
    "backend": "bf",
    "blind_cols": null,
    "pred": "pred",
    "metric": "L2"
  },
  "backend_meta": {
    "epsilon": 7.5,
    "decision_col": "pred",
    "metric": "Linf",
    "is_exact": true,
    "is_sound": true,
    "is_complete": true
  },
  "positives": [
    [
      6,
      10006
    ],
    [
      89,
      10089
    ],
    [
      171,
      10171
    ],
    [
      305,
      10305
    ],
    [
      456,
      10456
    ],
    [
      533,
      10533
    ],
    [
      554,
      10554
    ],
    [
      673,
      10673
    ],
    [
      1079,
      11079
    ],
    [
      1113,
      11113
    ],
    [
      1163,
      11163
    ],
    [
      1237,
      11237
    ],
    [
      1309,
      11309
    ],
    [
      1519,
      11519
    ],
    [
      1676,
      11676
    ],
    [
      1704,
      11704
    ],
    [
      1710,
      11710
    ],
    [
      1757,
      11757
    ],
    [
      1792,
      11792
    ],
    [
      1815,
      11815
    ],
    [
      1836,
      11836
    ],
    [
      1882,
      11882
    ],
    [
      2028,
      12028
    ],
    [
      2056,
      12056
    ],
    [
      2209,
      12209
    ],
    [
      2377,
      12377
    ],
    [
      2393,
      12393
    ],
    [
      2448,
      12448
    ],
    [
      2455,
      12455
    ],
    [
      2540,
      12540
    ],
    [
      2575,
      12575
    ],
    [
      2695,
      12695
    ],
    [
      2931,
      12931
    ],
    [
      2962,
      12962
    ],
    [
      3019,
      13019
    ],
    [
      3079,
      13079
    ],
    [
      3091,
      13091
    ],
    [
      3263,
      13263
    ],
    [
      3285,
      13285
    ],
    [
      3381,
      13381
    ],
    [
      3468,
      13468
    ],
    [
      3664,
      13664
    ],
    [
      3843,
      13843
    ],
    [
      4069,
      14069
    ],
    [
      4273,
      14273
    ],
    [
      4312,
      14312
    ],
    [
      4486,
      14486
    ],
    [
      4524,
      14524
    ],
    [
      4566,
      14566
    ],
    [
      4905,
      14905
    ],
    [
      4929,
      14929
    ],
    [
      4953,
      14953
    ],
    [
      4963,
      14963
    ],
    [
      4967,
      14967
    ],
    [
      5134,
      15134
    ],
    [
      5168,
      15168
    ],
    [
      5179,
      15179
    ],
    [
      5200,
      15200
    ],
    [
      5265,
      15265
    ],
    [
      5328,
      15328
    ],
    [
      5433,
      15433
    ],
    [
      5462,
      15462
    ],
    [
      5734,
      15734
    ],
    [
      5739,
      15739
    ],
    [
      5975,
      15975
    ],
    [
      5976,
      15976
    ],
    [
      6008,
      16008
    ],
    [
      6019,
      16019
    ],
    [
      6040,
      16040
    ],
    [
      6058,
      16058
    ],
    [
      6068,
      16068
    ],
    [
      6109,
      16109
    ],
    [
      6535,
      16535
    ],
    [
      6717,
      16717
    ],
    [
      6797,
      16797
    ],
    [
      6979,
      16979
    ],
    [
      7136,
      17136
    ],
    [
      7245,
      17245
    ],
    [
      7355,
      17355
    ],
    [
      7451,
      17451
    ],
    [
      7695,
      17695
    ],
    [
      7786,
      17786
    ],
    [
      7908,
      17908
    ],
    [
      7912,
      17912
    ],
    [
      7982,
      17982
    ],
    [
      8227,
      18227
    ],
    [
      8297,
      18297
    ],
    [
      8312,
      18312
    ],
    [
      8571,
      18571
    ],
    [
      8623,
      18623
    ],
    [
      8791,
      18791
    ],
    [
      8805,
      18805
    ],
    [
      9004,
      19004
    ],
    [
      9070,
      19070
    ],
    [
      9102,
      19102
    ],
    [
      9244,
      19244
    ],
    [
      9249,
      19249
    ],
    [
      9382,
      19382
    ],
    [
      9459,
      19459
    ],
    [
      9502,
      19502
    ],
    [
      9503,
      19503
    ],
    [
      9830,
      19830
    ],
    [
      9879,
      19879
    ],
    [
      9905,
      19905
    ]
  ]
}