{
  "n_true_positives": 27,
  "n_positives": 27,
  "total_time": 161.53081035614014,
  "date": "2025-01-25T15:41:24.245948",
  "backend": "BruteForce",
  "n_bins": 0,
  "eps": 7.5,
  "args": {
    "csvpath": [
      "../data/RobustBench/predictions/cifar100c-Diffenderfer2021Winning_LRR_CARD_Deck/vanilla.csv",
      "../data/RobustBench/predictions/cifar100c-Diffenderfer2021Winning_LRR_CARD_Deck/shot_noise-3.csv"
    ],
    "eps": 7.5,
    "n_bins": 0,
    "n_examples": -1,
    "out_path": "../results/semantic//results/cifar100c-Diffenderfer2021Winning_LRR_CARD_Deck/cifar100c-Diffenderfer2021Winning_LRR_CARD_Deck-L2-7.5-shot_noise-3.json",
    "full_output": false,
    "verbose": false,
    "randomize_order": false,
    "backend": "bf",
    "blind_cols": null,
    "pred": "pred",
    "metric": "L2"
  },
  "backend_meta": {
    "epsilon": 7.5,
    "decision_col": "pred",
    "metric": "Linf",
    "is_exact": true,
    "is_sound": true,
    "is_complete": true
  },
  "positives": [
    [
      618,
      10618
    ],
    [
      884,
      10884
    ],
    [
      1040,
      11040
    ],
    [
      1628,
      11628
    ],
    [
      1649,
      11649
    ],
    [
      2034,
      12034
    ],
    [
      2093,
      12093
    ],
    [
      2230,
      12230
    ],
    [
      3052,
      13052
    ],
    [
      3233,
      13233
    ],
    [
      3381,
      13381
    ],
    [
      4549,
      14549
    ],
    [
      4622,
      14622
    ],
    [
      4702,
      14702
    ],
    [
      5956,
      15956
    ],
    [
      5977,
      15977
    ],
    [
      6025,
      16025
    ],
    [
      6035,
      16035
    ],
    [
      6273,
      16273
    ],
    [
      6587,
      16587
    ],
    [
      6846,
      16846
    ],
    [
      7066,
      17066
    ],
    [
      7580,
      17580
    ],
    [
      7768,
      17768
    ],
    [
      8965,
      18965
    ],
    [
      9004,
      19004
    ],
    [
      9779,
      19779
    ]
  ]
}