{
  "n_true_positives": 50,
  "n_positives": 50,
  "total_time": 85.36501693725586,
  "date": "2025-01-25T15:42:08.095501",
  "backend": "BruteForce",
  "n_bins": 0,
  "eps": 7.5,
  "args": {
    "csvpath": [
      "../data/RobustBench/predictions/cifar100c-Diffenderfer2021Winning_LRR_CARD_Deck/vanilla.csv",
      "../data/RobustBench/predictions/cifar100c-Diffenderfer2021Winning_LRR_CARD_Deck/impulse_noise-1.csv"
    ],
    "eps": 7.5,
    "n_bins": 0,
    "n_examples": -1,
    "out_path": "../results/semantic//results/cifar100c-Diffenderfer2021Winning_LRR_CARD_Deck/cifar100c-Diffenderfer2021Winning_LRR_CARD_Deck-L2-7.5-impulse_noise-1.json",
    "full_output": false,
    "verbose": false,
    "randomize_order": false,
    "backend": "bf",
    "blind_cols": null,
    "pred": "pred",
    "metric": "L2"
  },
  "backend_meta": {
    "epsilon": 7.5,
    "decision_col": "pred",
    "metric": "Linf",
    "is_exact": true,
    "is_sound": true,
    "is_complete": true
  },
  "positives": [
    [
      165,
      10165
    ],
    [
      215,
      10215
    ],
    [
      648,
      10648
    ],
    [
      791,
      10791
    ],
    [
      820,
      10820
    ],
    [
      904,
      10904
    ],
    [
      1023,
      11023
    ],
    [
      1314,
      11314
    ],
    [
      1520,
      11520
    ],
    [
      1836,
      11836
    ],
    [
      2093,
      12093
    ],
    [
      2344,
      12344
    ],
    [
      2425,
      12425
    ],
    [
      2526,
      12526
    ],
    [
      2578,
      12578
    ],
    [
      2641,
      12641
    ],
    [
      2808,
      12808
    ],
    [
      3014,
      13014
    ],
    [
      3093,
      13093
    ],
    [
      3194,
      13194
    ],
    [
      3306,
      13306
    ],
    [
      3390,
      13390
    ],
    [
      3667,
      13667
    ],
    [
      3799,
      13799
    ],
    [
      3883,
      13883
    ],
    [
      4135,
      14135
    ],
    [
      4145,
      14145
    ],
    [
      4151,
      14151
    ],
    [
      4300,
      14300
    ],
    [
      4476,
      14476
    ],
    [
      4843,
      14843
    ],
    [
      4963,
      14963
    ],
    [
      5173,
      15173
    ],
    [
      5237,
      15237
    ],
    [
      5881,
      15881
    ],
    [
      5955,
      15955
    ],
    [
      5956,
      15956
    ],
    [
      6230,
      16230
    ],
    [
      6515,
      16515
    ],
    [
      6532,
      16532
    ],
    [
      6846,
      16846
    ],
    [
      6913,
      16913
    ],
    [
      6996,
      16996
    ],
    [
      7010,
      17010
    ],
    [
      7416,
      17416
    ],
    [
      7417,
      17417
    ],
    [
      7656,
      17656
    ],
    [
      8666,
      18666
    ],
    [
      9162,
      19162
    ],
    [
      9511,
      19511
    ]
  ]
}