{
  "n_true_positives": 613,
  "n_positives": 613,
  "total_time": 160.5059711933136,
  "date": "2025-01-25T15:41:23.482690",
  "backend": "BruteForce",
  "n_bins": 0,
  "eps": 7.5,
  "args": {
    "csvpath": [
      "../data/RobustBench/predictions/cifar100c-Diffenderfer2021Winning_LRR_CARD_Deck/vanilla.csv",
      "../data/RobustBench/predictions/cifar100c-Diffenderfer2021Winning_LRR_CARD_Deck/frost-1.csv"
    ],
    "eps": 7.5,
    "n_bins": 0,
    "n_examples": -1,
    "out_path": "../results/semantic//results/cifar100c-Diffenderfer2021Winning_LRR_CARD_Deck/cifar100c-Diffenderfer2021Winning_LRR_CARD_Deck-L2-7.5-frost-1.json",
    "full_output": false,
    "verbose": false,
    "randomize_order": false,
    "backend": "bf",
    "blind_cols": null,
    "pred": "pred",
    "metric": "L2"
  },
  "backend_meta": {
    "epsilon": 7.5,
    "decision_col": "pred",
    "metric": "Linf",
    "is_exact": true,
    "is_sound": true,
    "is_complete": true
  },
  "positives": [
    [
      5,
      10005
    ],
    [
      9,
      10009
    ],
    [
      31,
      10031
    ],
    [
      60,
      10060
    ],
    [
      63,
      10063
    ],
    [
      72,
      10072
    ],
    [
      79,
      10079
    ],
    [
      89,
      10089
    ],
    [
      92,
      10092
    ],
    [
      127,
      10127
    ],
    [
      134,
      10134
    ],
    [
      143,
      10143
    ],
    [
      165,
      10165
    ],
    [
      173,
      10173
    ],
    [
      198,
      10198
    ],
    [
      255,
      10255
    ],
    [
      266,
      10266
    ],
    [
      293,
      10293
    ],
    [
      298,
      10298
    ],
    [
      322,
      10322
    ],
    [
      351,
      10351
    ],
    [
      362,
      10362
    ],
    [
      369,
      10369
    ],
    [
      374,
      10374
    ],
    [
      379,
      10379
    ],
    [
      394,
      10394
    ],
    [
      411,
      10411
    ],
    [
      430,
      10430
    ],
    [
      439,
      10439
    ],
    [
      451,
      10451
    ],
    [
      476,
      10476
    ],
    [
      488,
      10488
    ],
    [
      489,
      10489
    ],
    [
      491,
      10491
    ],
    [
      521,
      10521
    ],
    [
      529,
      10529
    ],
    [
      553,
      10553
    ],
    [
      564,
      10564
    ],
    [
      569,
      10569
    ],
    [
      572,
      10572
    ],
    [
      603,
      10603
    ],
    [
      616,
      10616
    ],
    [
      648,
      10648
    ],
    [
      671,
      10671
    ],
    [
      701,
      10701
    ],
    [
      704,
      10704
    ],
    [
      718,
      10718
    ],
    [
      756,
      10756
    ],
    [
      787,
      10787
    ],
    [
      791,
      10791
    ],
    [
      794,
      10794
    ],
    [
      799,
      10799
    ],
    [
      826,
      10826
    ],
    [
      829,
      10829
    ],
    [
      835,
      10835
    ],
    [
      840,
      10840
    ],
    [
      844,
      10844
    ],
    [
      847,
      10847
    ],
    [
      857,
      10857
    ],
    [
      866,
      10866
    ],
    [
      871,
      10871
    ],
    [
      899,
      10899
    ],
    [
      904,
      10904
    ],
    [
      915,
      10915
    ],
    [
      936,
      10936
    ],
    [
      937,
      10937
    ],
    [
      942,
      10942
    ],
    [
      951,
      10951
    ],
    [
      965,
      10965
    ],
    [
      983,
      10983
    ],
    [
      991,
      10991
    ],
    [
      1022,
      11022
    ],
    [
      1036,
      11036
    ],
    [
      1046,
      11046
    ],
    [
      1047,
      11047
    ],
    [
      1049,
      11049
    ],
    [
      1058,
      11058
    ],
    [
      1069,
      11069
    ],
    [
      1119,
      11119
    ],
    [
      1169,
      11169
    ],
    [
      1203,
      11203
    ],
    [
      1238,
      11238
    ],
    [
      1272,
      11272
    ],
    [
      1290,
      11290
    ],
    [
      1309,
      11309
    ],
    [
      1338,
      11338
    ],
    [
      1348,
      11348
    ],
    [
      1349,
      11349
    ],
    [
      1384,
      11384
    ],
    [
      1387,
      11387
    ],
    [
      1395,
      11395
    ],
    [
      1407,
      11407
    ],
    [
      1442,
      11442
    ],
    [
      1482,
      11482
    ],
    [
      1496,
      11496
    ],
    [
      1519,
      11519
    ],
    [
      1531,
      11531
    ],
    [
      1532,
      11532
    ],
    [
      1549,
      11549
    ],
    [
      1550,
      11550
    ],
    [
      1585,
      11585
    ],
    [
      1603,
      11603
    ],
    [
      1605,
      11605
    ],
    [
      1615,
      11615
    ],
    [
      1622,
      11622
    ],
    [
      1654,
      11654
    ],
    [
      1705,
      11705
    ],
    [
      1712,
      11712
    ],
    [
      1717,
      11717
    ],
    [
      1725,
      11725
    ],
    [
      1730,
      11730
    ],
    [
      1731,
      11731
    ],
    [
      1744,
      11744
    ],
    [
      1765,
      11765
    ],
    [
      1788,
      11788
    ],
    [
      1794,
      11794
    ],
    [
      1820,
      11820
    ],
    [
      1821,
      11821
    ],
    [
      1834,
      11834
    ],
    [
      1841,
      11841
    ],
    [
      1855,
      11855
    ],
    [
      1865,
      11865
    ],
    [
      1882,
      11882
    ],
    [
      1894,
      11894
    ],
    [
      1917,
      11917
    ],
    [
      2007,
      12007
    ],
    [
      2010,
      12010
    ],
    [
      2014,
      12014
    ],
    [
      2028,
      12028
    ],
    [
      2035,
      12035
    ],
    [
      2048,
      12048
    ],
    [
      2050,
      12050
    ],
    [
      2052,
      12052
    ],
    [
      2057,
      12057
    ],
    [
      2059,
      12059
    ],
    [
      2092,
      12092
    ],
    [
      2093,
      12093
    ],
    [
      2097,
      12097
    ],
    [
      2125,
      12125
    ],
    [
      2136,
      12136
    ],
    [
      2186,
      12186
    ],
    [
      2194,
      12194
    ],
    [
      2215,
      12215
    ],
    [
      2227,
      12227
    ],
    [
      2230,
      12230
    ],
    [
      2250,
      12250
    ],
    [
      2261,
      12261
    ],
    [
      2275,
      12275
    ],
    [
      2278,
      12278
    ],
    [
      2282,
      12282
    ],
    [
      2288,
      12288
    ],
    [
      2302,
      12302
    ],
    [
      2306,
      12306
    ],
    [
      2308,
      12308
    ],
    [
      2309,
      12309
    ],
    [
      2318,
      12318
    ],
    [
      2319,
      12319
    ],
    [
      2344,
      12344
    ],
    [
      2348,
      12348
    ],
    [
      2365,
      12365
    ],
    [
      2425,
      12425
    ],
    [
      2426,
      12426
    ],
    [
      2444,
      12444
    ],
    [
      2455,
      12455
    ],
    [
      2478,
      12478
    ],
    [
      2506,
      12506
    ],
    [
      2519,
      12519
    ],
    [
      2526,
      12526
    ],
    [
      2534,
      12534
    ],
    [
      2541,
      12541
    ],
    [
      2552,
      12552
    ],
    [
      2583,
      12583
    ],
    [
      2587,
      12587
    ],
    [
      2635,
      12635
    ],
    [
      2636,
      12636
    ],
    [
      2643,
      12643
    ],
    [
      2695,
      12695
    ],
    [
      2719,
      12719
    ],
    [
      2728,
      12728
    ],
    [
      2759,
      12759
    ],
    [
      2764,
      12764
    ],
    [
      2769,
      12769
    ],
    [
      2809,
      12809
    ],
    [
      2833,
      12833
    ],
    [
      2858,
      12858
    ],
    [
      2869,
      12869
    ],
    [
      2891,
      12891
    ],
    [
      2924,
      12924
    ],
    [
      2934,
      12934
    ],
    [
      3004,
      13004
    ],
    [
      3018,
      13018
    ],
    [
      3020,
      13020
    ],
    [
      3026,
      13026
    ],
    [
      3037,
      13037
    ],
    [
      3039,
      13039
    ],
    [
      3043,
      13043
    ],
    [
      3087,
      13087
    ],
    [
      3091,
      13091
    ],
    [
      3094,
      13094
    ],
    [
      3097,
      13097
    ],
    [
      3124,
      13124
    ],
    [
      3132,
      13132
    ],
    [
      3143,
      13143
    ],
    [
      3157,
      13157
    ],
    [
      3185,
      13185
    ],
    [
      3194,
      13194
    ],
    [
      3199,
      13199
    ],
    [
      3217,
      13217
    ],
    [
      3233,
      13233
    ],
    [
      3254,
      13254
    ],
    [
      3285,
      13285
    ],
    [
      3313,
      13313
    ],
    [
      3319,
      13319
    ],
    [
      3332,
      13332
    ],
    [
      3336,
      13336
    ],
    [
      3350,
      13350
    ],
    [
      3351,
      13351
    ],
    [
      3397,
      13397
    ],
    [
      3408,
      13408
    ],
    [
      3417,
      13417
    ],
    [
      3419,
      13419
    ],
    [
      3423,
      13423
    ],
    [
      3476,
      13476
    ],
    [
      3479,
      13479
    ],
    [
      3491,
      13491
    ],
    [
      3504,
      13504
    ],
    [
      3507,
      13507
    ],
    [
      3508,
      13508
    ],
    [
      3515,
      13515
    ],
    [
      3534,
      13534
    ],
    [
      3543,
      13543
    ],
    [
      3567,
      13567
    ],
    [
      3614,
      13614
    ],
    [
      3616,
      13616
    ],
    [
      3636,
      13636
    ],
    [
      3643,
      13643
    ],
    [
      3656,
      13656
    ],
    [
      3667,
      13667
    ],
    [
      3688,
      13688
    ],
    [
      3691,
      13691
    ],
    [
      3692,
      13692
    ],
    [
      3701,
      13701
    ],
    [
      3720,
      13720
    ],
    [
      3737,
      13737
    ],
    [
      3761,
      13761
    ],
    [
      3771,
      13771
    ],
    [
      3799,
      13799
    ],
    [
      3812,
      13812
    ],
    [
      3835,
      13835
    ],
    [
      3844,
      13844
    ],
    [
      3848,
      13848
    ],
    [
      3881,
      13881
    ],
    [
      3899,
      13899
    ],
    [
      3930,
      13930
    ],
    [
      3961,
      13961
    ],
    [
      4018,
      14018
    ],
    [
      4110,
      14110
    ],
    [
      4120,
      14120
    ],
    [
      4131,
      14131
    ],
    [
      4135,
      14135
    ],
    [
      4146,
      14146
    ],
    [
      4149,
      14149
    ],
    [
      4151,
      14151
    ],
    [
      4175,
      14175
    ],
    [
      4176,
      14176
    ],
    [
      4236,
      14236
    ],
    [
      4244,
      14244
    ],
    [
      4247,
      14247
    ],
    [
      4255,
      14255
    ],
    [
      4265,
      14265
    ],
    [
      4275,
      14275
    ],
    [
      4284,
      14284
    ],
    [
      4305,
      14305
    ],
    [
      4320,
      14320
    ],
    [
      4345,
      14345
    ],
    [
      4354,
      14354
    ],
    [
      4397,
      14397
    ],
    [
      4405,
      14405
    ],
    [
      4442,
      14442
    ],
    [
      4471,
      14471
    ],
    [
      4476,
      14476
    ],
    [
      4486,
      14486
    ],
    [
      4497,
      14497
    ],
    [
      4510,
      14510
    ],
    [
      4514,
      14514
    ],
    [
      4565,
      14565
    ],
    [
      4586,
      14586
    ],
    [
      4601,
      14601
    ],
    [
      4603,
      14603
    ],
    [
      4666,
      14666
    ],
    [
      4679,
      14679
    ],
    [
      4696,
      14696
    ],
    [
      4702,
      14702
    ],
    [
      4724,
      14724
    ],
    [
      4748,
      14748
    ],
    [
      4791,
      14791
    ],
    [
      4795,
      14795
    ],
    [
      4808,
      14808
    ],
    [
      4820,
      14820
    ],
    [
      4827,
      14827
    ],
    [
      4843,
      14843
    ],
    [
      4846,
      14846
    ],
    [
      4885,
      14885
    ],
    [
      4907,
      14907
    ],
    [
      4911,
      14911
    ],
    [
      4912,
      14912
    ],
    [
      4929,
      14929
    ],
    [
      4938,
      14938
    ],
    [
      4984,
      14984
    ],
    [
      4997,
      14997
    ],
    [
      5010,
      15010
    ],
    [
      5012,
      15012
    ],
    [
      5020,
      15020
    ],
    [
      5068,
      15068
    ],
    [
      5075,
      15075
    ],
    [
      5080,
      15080
    ],
    [
      5085,
      15085
    ],
    [
      5092,
      15092
    ],
    [
      5102,
      15102
    ],
    [
      5105,
      15105
    ],
    [
      5147,
      15147
    ],
    [
      5148,
      15148
    ],
    [
      5163,
      15163
    ],
    [
      5165,
      15165
    ],
    [
      5173,
      15173
    ],
    [
      5195,
      15195
    ],
    [
      5201,
      15201
    ],
    [
      5208,
      15208
    ],
    [
      5210,
      15210
    ],
    [
      5261,
      15261
    ],
    [
      5263,
      15263
    ],
    [
      5272,
      15272
    ],
    [
      5289,
      15289
    ],
    [
      5299,
      15299
    ],
    [
      5307,
      15307
    ],
    [
      5340,
      15340
    ],
    [
      5361,
      15361
    ],
    [
      5381,
      15381
    ],
    [
      5383,
      15383
    ],
    [
      5422,
      15422
    ],
    [
      5426,
      15426
    ],
    [
      5444,
      15444
    ],
    [
      5470,
      15470
    ],
    [
      5498,
      15498
    ],
    [
      5499,
      15499
    ],
    [
      5540,
      15540
    ],
    [
      5563,
      15563
    ],
    [
      5591,
      15591
    ],
    [
      5594,
      15594
    ],
    [
      5620,
      15620
    ],
    [
      5631,
      15631
    ],
    [
      5648,
      15648
    ],
    [
      5654,
      15654
    ],
    [
      5672,
      15672
    ],
    [
      5680,
      15680
    ],
    [
      5681,
      15681
    ],
    [
      5693,
      15693
    ],
    [
      5712,
      15712
    ],
    [
      5748,
      15748
    ],
    [
      5782,
      15782
    ],
    [
      5785,
      15785
    ],
    [
      5786,
      15786
    ],
    [
      5848,
      15848
    ],
    [
      5858,
      15858
    ],
    [
      5864,
      15864
    ],
    [
      5897,
      15897
    ],
    [
      5903,
      15903
    ],
    [
      5922,
      15922
    ],
    [
      5930,
      15930
    ],
    [
      5933,
      15933
    ],
    [
      5947,
      15947
    ],
    [
      5955,
      15955
    ],
    [
      5956,
      15956
    ],
    [
      5966,
      15966
    ],
    [
      5969,
      15969
    ],
    [
      5976,
      15976
    ],
    [
      5980,
      15980
    ],
    [
      5999,
      15999
    ],
    [
      6008,
      16008
    ],
    [
      6019,
      16019
    ],
    [
      6021,
      16021
    ],
    [
      6035,
      16035
    ],
    [
      6054,
      16054
    ],
    [
      6058,
      16058
    ],
    [
      6068,
      16068
    ],
    [
      6069,
      16069
    ],
    [
      6157,
      16157
    ],
    [
      6185,
      16185
    ],
    [
      6192,
      16192
    ],
    [
      6200,
      16200
    ],
    [
      6201,
      16201
    ],
    [
      6203,
      16203
    ],
    [
      6230,
      16230
    ],
    [
      6255,
      16255
    ],
    [
      6259,
      16259
    ],
    [
      6290,
      16290
    ],
    [
      6292,
      16292
    ],
    [
      6293,
      16293
    ],
    [
      6300,
      16300
    ],
    [
      6344,
      16344
    ],
    [
      6399,
      16399
    ],
    [
      6405,
      16405
    ],
    [
      6424,
      16424
    ],
    [
      6429,
      16429
    ],
    [
      6435,
      16435
    ],
    [
      6465,
      16465
    ],
    [
      6485,
      16485
    ],
    [
      6503,
      16503
    ],
    [
      6511,
      16511
    ],
    [
      6515,
      16515
    ],
    [
      6546,
      16546
    ],
    [
      6554,
      16554
    ],
    [
      6601,
      16601
    ],
    [
      6641,
      16641
    ],
    [
      6667,
      16667
    ],
    [
      6672,
      16672
    ],
    [
      6678,
      16678
    ],
    [
      6705,
      16705
    ],
    [
      6720,
      16720
    ],
    [
      6721,
      16721
    ],
    [
      6745,
      16745
    ],
    [
      6751,
      16751
    ],
    [
      6752,
      16752
    ],
    [
      6756,
      16756
    ],
    [
      6763,
      16763
    ],
    [
      6775,
      16775
    ],
    [
      6794,
      16794
    ],
    [
      6818,
      16818
    ],
    [
      6842,
      16842
    ],
    [
      6872,
      16872
    ],
    [
      6883,
      16883
    ],
    [
      6891,
      16891
    ],
    [
      6895,
      16895
    ],
    [
      6907,
      16907
    ],
    [
      6954,
      16954
    ],
    [
      6990,
      16990
    ],
    [
      6994,
      16994
    ],
    [
      7068,
      17068
    ],
    [
      7094,
      17094
    ],
    [
      7100,
      17100
    ],
    [
      7104,
      17104
    ],
    [
      7112,
      17112
    ],
    [
      7134,
      17134
    ],
    [
      7135,
      17135
    ],
    [
      7137,
      17137
    ],
    [
      7138,
      17138
    ],
    [
      7144,
      17144
    ],
    [
      7161,
      17161
    ],
    [
      7173,
      17173
    ],
    [
      7177,
      17177
    ],
    [
      7183,
      17183
    ],
    [
      7206,
      17206
    ],
    [
      7252,
      17252
    ],
    [
      7256,
      17256
    ],
    [
      7280,
      17280
    ],
    [
      7316,
      17316
    ],
    [
      7333,
      17333
    ],
    [
      7346,
      17346
    ],
    [
      7369,
      17369
    ],
    [
      7383,
      17383
    ],
    [
      7390,
      17390
    ],
    [
      7403,
      17403
    ],
    [
      7408,
      17408
    ],
    [
      7416,
      17416
    ],
    [
      7417,
      17417
    ],
    [
      7440,
      17440
    ],
    [
      7445,
      17445
    ],
    [
      7471,
      17471
    ],
    [
      7520,
      17520
    ],
    [
      7524,
      17524
    ],
    [
      7533,
      17533
    ],
    [
      7550,
      17550
    ],
    [
      7561,
      17561
    ],
    [
      7595,
      17595
    ],
    [
      7614,
      17614
    ],
    [
      7630,
      17630
    ],
    [
      7643,
      17643
    ],
    [
      7644,
      17644
    ],
    [
      7681,
      17681
    ],
    [
      7685,
      17685
    ],
    [
      7695,
      17695
    ],
    [
      7705,
      17705
    ],
    [
      7710,
      17710
    ],
    [
      7721,
      17721
    ],
    [
      7733,
      17733
    ],
    [
      7750,
      17750
    ],
    [
      7772,
      17772
    ],
    [
      7786,
      17786
    ],
    [
      7802,
      17802
    ],
    [
      7809,
      17809
    ],
    [
      7823,
      17823
    ],
    [
      7866,
      17866
    ],
    [
      7874,
      17874
    ],
    [
      7875,
      17875
    ],
    [
      7876,
      17876
    ],
    [
      7877,
      17877
    ],
    [
      7894,
      17894
    ],
    [
      7895,
      17895
    ],
    [
      7918,
      17918
    ],
    [
      7927,
      17927
    ],
    [
      7973,
      17973
    ],
    [
      8000,
      18000
    ],
    [
      8013,
      18013
    ],
    [
      8038,
      18038
    ],
    [
      8068,
      18068
    ],
    [
      8072,
      18072
    ],
    [
      8079,
      18079
    ],
    [
      8095,
      18095
    ],
    [
      8113,
      18113
    ],
    [
      8118,
      18118
    ],
    [
      8122,
      18122
    ],
    [
      8159,
      18159
    ],
    [
      8179,
      18179
    ],
    [
      8207,
      18207
    ],
    [
      8227,
      18227
    ],
    [
      8235,
      18235
    ],
    [
      8241,
      18241
    ],
    [
      8246,
      18246
    ],
    [
      8265,
      18265
    ],
    [
      8270,
      18270
    ],
    [
      8285,
      18285
    ],
    [
      8292,
      18292
    ],
    [
      8381,
      18381
    ],
    [
      8385,
      18385
    ],
    [
      8394,
      18394
    ],
    [
      8413,
      18413
    ],
    [
      8418,
      18418
    ],
    [
      8437,
      18437
    ],
    [
      8445,
      18445
    ],
    [
      8448,
      18448
    ],
    [
      8449,
      18449
    ],
    [
      8476,
      18476
    ],
    [
      8529,
      18529
    ],
    [
      8539,
      18539
    ],
    [
      8576,
      18576
    ],
    [
      8586,
      18586
    ],
    [
      8590,
      18590
    ],
    [
      8594,
      18594
    ],
    [
      8602,
      18602
    ],
    [
      8609,
      18609
    ],
    [
      8623,
      18623
    ],
    [
      8646,
      18646
    ],
    [
      8647,
      18647
    ],
    [
      8667,
      18667
    ],
    [
      8669,
      18669
    ],
    [
      8674,
      18674
    ],
    [
      8679,
      18679
    ],
    [
      8680,
      18680
    ],
    [
      8687,
      18687
    ],
    [
      8698,
      18698
    ],
    [
      8759,
      18759
    ],
    [
      8772,
      18772
    ],
    [
      8784,
      18784
    ],
    [
      8805,
      18805
    ],
    [
      8823,
      18823
    ],
    [
      8824,
      18824
    ],
    [
      8854,
      18854
    ],
    [
      8859,
      18859
    ],
    [
      8862,
      18862
    ],
    [
      8931,
      18931
    ],
    [
      8995,
      18995
    ],
    [
      8999,
      18999
    ],
    [
      9013,
      19013
    ],
    [
      9027,
      19027
    ],
    [
      9039,
      19039
    ],
    [
      9054,
      19054
    ],
    [
      9097,
      19097
    ],
    [
      9102,
      19102
    ],
    [
      9120,
      19120
    ],
    [
      9123,
      19123
    ],
    [
      9141,
      19141
    ],
    [
      9151,
      19151
    ],
    [
      9152,
      19152
    ],
    [
      9162,
      19162
    ],
    [
      9179,
      19179
    ],
    [
      9229,
      19229
    ],
    [
      9299,
      19299
    ],
    [
      9309,
      19309
    ],
    [
      9364,
      19364
    ],
    [
      9384,
      19384
    ],
    [
      9419,
      19419
    ],
    [
      9455,
      19455
    ],
    [
      9460,
      19460
    ],
    [
      9464,
      19464
    ],
    [
      9471,
      19471
    ],
    [
      9483,
      19483
    ],
    [
      9503,
      19503
    ],
    [
      9603,
      19603
    ],
    [
      9608,
      19608
    ],
    [
      9633,
      19633
    ],
    [
      9636,
      19636
    ],
    [
      9650,
      19650
    ],
    [
      9659,
      19659
    ],
    [
      9680,
      19680
    ],
    [
      9703,
      19703
    ],
    [
      9732,
      19732
    ],
    [
      9740,
      19740
    ],
    [
      9756,
      19756
    ],
    [
      9761,
      19761
    ],
    [
      9763,
      19763
    ],
    [
      9770,
      19770
    ],
    [
      9780,
      19780
    ],
    [
      9792,
      19792
    ],
    [
      9820,
      19820
    ],
    [
      9855,
      19855
    ],
    [
      9875,
      19875
    ],
    [
      9879,
      19879
    ],
    [
      9883,
      19883
    ],
    [
      9911,
      19911
    ],
    [
      9914,
      19914
    ],
    [
      9948,
      19948
    ],
    [
      9955,
      19955
    ],
    [
      9994,
      19994
    ]
  ]
}