{
  "n_true_positives": 11,
  "n_positives": 11,
  "total_time": 139.90821170806885,
  "date": "2025-01-25T19:36:57.532089",
  "backend": "BruteForce",
  "n_bins": 0,
  "eps": 12.5,
  "args": {
    "csvpath": [
      "../data/RobustBench/predictions/imagenet3dcc-Tian2022Deeper_DeiT-B/vanilla.csv",
      "../data/RobustBench/predictions/imagenet3dcc-Tian2022Deeper_DeiT-B/flash-5.csv"
    ],
    "eps": 12.5,
    "n_bins": 0,
    "n_examples": -1,
    "out_path": "../results/semantic//results/imagenet3dcc-Tian2022Deeper_DeiT-B/imagenet3dcc-Tian2022Deeper_DeiT-B-L2-12.5-flash-5.json",
    "full_output": false,
    "verbose": false,
    "randomize_order": false,
    "backend": "bf",
    "blind_cols": null,
    "pred": "pred",
    "metric": "L2"
  },
  "backend_meta": {
    "epsilon": 12.5,
    "decision_col": "pred",
    "metric": "Linf",
    "is_exact": true,
    "is_sound": true,
    "is_complete": true
  },
  "positives": [
    [
      5108,
      8876
    ],
    [
      5115,
      6796
    ],
    [
      5188,
      9086
    ],
    [
      5740,
      8765
    ],
    [
      7058,
      8950
    ],
    [
      7301,
      8190
    ],
    [
      8082,
      8876
    ],
    [
      8190,
      8824
    ],
    [
      8190,
      9963
    ],
    [
      8824,
      9963
    ],
    [
      9107,
      9578
    ]
  ]
}