{
  "n_true_positives": 22,
  "n_positives": 22,
  "total_time": 118.39031887054443,
  "date": "2025-01-25T19:32:34.321529",
  "backend": "BruteForce",
  "n_bins": 0,
  "eps": 12.5,
  "args": {
    "csvpath": [
      "../data/RobustBench/predictions/imagenet3dcc-Tian2022Deeper_DeiT-B/vanilla.csv",
      "../data/RobustBench/predictions/imagenet3dcc-Tian2022Deeper_DeiT-B/flash-1.csv"
    ],
    "eps": 12.5,
    "n_bins": 0,
    "n_examples": -1,
    "out_path": "../results/semantic//results/imagenet3dcc-Tian2022Deeper_DeiT-B/imagenet3dcc-Tian2022Deeper_DeiT-B-L2-12.5-flash-1.json",
    "full_output": false,
    "verbose": false,
    "randomize_order": false,
    "backend": "bf",
    "blind_cols": null,
    "pred": "pred",
    "metric": "L2"
  },
  "backend_meta": {
    "epsilon": 12.5,
    "decision_col": "pred",
    "metric": "Linf",
    "is_exact": true,
    "is_sound": true,
    "is_complete": true
  },
  "positives": [
    [
      145,
      5145
    ],
    [
      264,
      5264
    ],
    [
      396,
      5396
    ],
    [
      411,
      5411
    ],
    [
      1077,
      6077
    ],
    [
      1191,
      6191
    ],
    [
      1204,
      6204
    ],
    [
      1229,
      6229
    ],
    [
      1460,
      6460
    ],
    [
      1718,
      6718
    ],
    [
      1720,
      6720
    ],
    [
      1727,
      6727
    ],
    [
      2122,
      7122
    ],
    [
      2304,
      7304
    ],
    [
      2583,
      7583
    ],
    [
      2803,
      7803
    ],
    [
      2978,
      7978
    ],
    [
      3838,
      8838
    ],
    [
      3936,
      8936
    ],
    [
      4076,
      9076
    ],
    [
      4423,
      9423
    ],
    [
      4792,
      9792
    ]
  ]
}