{
  "n_true_positives": 45,
  "n_positives": 45,
  "total_time": 131.1037130355835,
  "date": "2025-01-25T19:28:45.412972",
  "backend": "BruteForce",
  "n_bins": 0,
  "eps": 12.5,
  "args": {
    "csvpath": [
      "../data/RobustBench/predictions/imagenet3dcc-Tian2022Deeper_DeiT-B/vanilla.csv",
      "../data/RobustBench/predictions/imagenet3dcc-Tian2022Deeper_DeiT-B/fog_3d-1.csv"
    ],
    "eps": 12.5,
    "n_bins": 0,
    "n_examples": -1,
    "out_path": "../results/semantic//results/imagenet3dcc-Tian2022Deeper_DeiT-B/imagenet3dcc-Tian2022Deeper_DeiT-B-L2-12.5-fog_3d-1.json",
    "full_output": false,
    "verbose": false,
    "randomize_order": false,
    "backend": "bf",
    "blind_cols": null,
    "pred": "pred",
    "metric": "L2"
  },
  "backend_meta": {
    "epsilon": 12.5,
    "decision_col": "pred",
    "metric": "Linf",
    "is_exact": true,
    "is_sound": true,
    "is_complete": true
  },
  "positives": [
    [
      2,
      5002
    ],
    [
      65,
      5065
    ],
    [
      112,
      5112
    ],
    [
      151,
      5151
    ],
    [
      198,
      5198
    ],
    [
      272,
      5272
    ],
    [
      386,
      5386
    ],
    [
      592,
      5592
    ],
    [
      673,
      5673
    ],
    [
      799,
      5799
    ],
    [
      935,
      5935
    ],
    [
      976,
      5976
    ],
    [
      1010,
      6010
    ],
    [
      1021,
      6021
    ],
    [
      1027,
      6027
    ],
    [
      1029,
      6029
    ],
    [
      1334,
      6334
    ],
    [
      1373,
      6373
    ],
    [
      1564,
      6564
    ],
    [
      1622,
      6622
    ],
    [
      1708,
      6708
    ],
    [
      1727,
      6727
    ],
    [
      2256,
      7256
    ],
    [
      2344,
      7344
    ],
    [
      2359,
      7359
    ],
    [
      2381,
      7381
    ],
    [
      2503,
      7503
    ],
    [
      2686,
      7686
    ],
    [
      2722,
      7722
    ],
    [
      2803,
      7803
    ],
    [
      3142,
      8142
    ],
    [
      3210,
      8210
    ],
    [
      3218,
      8218
    ],
    [
      3289,
      8289
    ],
    [
      3348,
      8348
    ],
    [
      3739,
      8739
    ],
    [
      3839,
      8839
    ],
    [
      3992,
      8992
    ],
    [
      4382,
      9382
    ],
    [
      4519,
      9519
    ],
    [
      4581,
      9581
    ],
    [
      4658,
      9658
    ],
    [
      4710,
      9710
    ],
    [
      4717,
      9717
    ],
    [
      4743,
      9743
    ]
  ]
}