{
  "n_true_positives": 1324,
  "n_positives": 1324,
  "total_time": 118.59250116348267,
  "date": "2025-01-25T19:45:11.157355",
  "backend": "BruteForce",
  "n_bins": 0,
  "eps": 12.5,
  "args": {
    "csvpath": [
      "../data/RobustBench/predictions/imagenet3dcc-Tian2022Deeper_DeiT-B/vanilla.csv",
      "../data/RobustBench/predictions/imagenet3dcc-Tian2022Deeper_DeiT-B/fog_3d-4.csv"
    ],
    "eps": 12.5,
    "n_bins": 0,
    "n_examples": -1,
    "out_path": "../results/semantic//results/imagenet3dcc-Tian2022Deeper_DeiT-B/imagenet3dcc-Tian2022Deeper_DeiT-B-L2-12.5-fog_3d-4.json",
    "full_output": false,
    "verbose": false,
    "randomize_order": false,
    "backend": "bf",
    "blind_cols": null,
    "pred": "pred",
    "metric": "L2"
  },
  "backend_meta": {
    "epsilon": 12.5,
    "decision_col": "pred",
    "metric": "Linf",
    "is_exact": true,
    "is_sound": true,
    "is_complete": true
  },
  "positives": [
    [
      3210,
      8210
    ],
    [
      5001,
      5509
    ],
    [
      5001,
      8232
    ],
    [
      5010,
      9163
    ],
    [
      5019,
      6942
    ],
    [
      5019,
      8141
    ],
    [
      5019,
      8437
    ],
    [
      5019,
      9702
    ],
    [
      5025,
      6357
    ],
    [
      5025,
      7378
    ],
    [
      5025,
      7584
    ],
    [
      5038,
      5398
    ],
    [
      5038,
      9381
    ],
    [
      5040,
      5043
    ],
    [
      5040,
      5678
    ],
    [
      5040,
      6744
    ],
    [
      5040,
      7643
    ],
    [
      5040,
      9153
    ],
    [
      5040,
      9876
    ],
    [
      5043,
      5155
    ],
    [
      5043,
      6577
    ],
    [
      5043,
      6744
    ],
    [
      5043,
      7102
    ],
    [
      5043,
      7643
    ],
    [
      5043,
      9153
    ],
    [
      5046,
      9654
    ],
    [
      5049,
      5826
    ],
    [
      5052,
      5725
    ],
    [
      5052,
      6186
    ],
    [
      5052,
      7093
    ],
    [
      5062,
      7606
    ],
    [
      5077,
      7843
    ],
    [
      5082,
      6821
    ],
    [
      5082,
      7731
    ],
    [
      5083,
      5302
    ],
    [
      5110,
      5241
    ],
    [
      5110,
      6056
    ],
    [
      5120,
      5194
    ],
    [
      5120,
      5411
    ],
    [
      5120,
      5795
    ],
    [
      5120,
      5824
    ],
    [
      5120,
      6699
    ],
    [
      5120,
      6861
    ],
    [
      5120,
      7019
    ],
    [
      5120,
      9419
    ],
    [
      5125,
      5715
    ],
    [
      5125,
      6468
    ],
    [
      5125,
      9538
    ],
    [
      5125,
      9830
    ],
    [
      5141,
      5210
    ],
    [
      5141,
      5419
    ],
    [
      5141,
      6371
    ],
    [
      5141,
      6401
    ],
    [
      5143,
      5509
    ],
    [
      5143,
      5669
    ],
    [
      5143,
      8232
    ],
    [
      5143,
      9235
    ],
    [
      5145,
      5856
    ],
    [
      5145,
      8658
    ],
    [
      5145,
      9287
    ],
    [
      5155,
      6577
    ],
    [
      5155,
      6857
    ],
    [
      5155,
      7102
    ],
    [
      5155,
      9153
    ],
    [
      5155,
      9817
    ],
    [
      5155,
      9876
    ],
    [
      5157,
      6114
    ],
    [
      5157,
      6398
    ],
    [
      5157,
      8646
    ],
    [
      5157,
      9708
    ],
    [
      5160,
      5795
    ],
    [
      5160,
      6099
    ],
    [
      5160,
      8176
    ],
    [
      5160,
      8357
    ],
    [
      5164,
      6651
    ],
    [
      5164,
      7556
    ],
    [
      5164,
      8111
    ],
    [
      5164,
      9035
    ],
    [
      5164,
      9445
    ],
    [
      5176,
      6398
    ],
    [
      5176,
      8596
    ],
    [
      5176,
      8646
    ],
    [
      5176,
      9708
    ],
    [
      5194,
      5566
    ],
    [
      5194,
      5824
    ],
    [
      5194,
      6003
    ],
    [
      5194,
      6495
    ],
    [
      5210,
      5419
    ],
    [
      5210,
      6371
    ],
    [
      5210,
      9109
    ],
    [
      5210,
      9728
    ],
    [
      5211,
      5432
    ],
    [
      5211,
      5605
    ],
    [
      5211,
      5710
    ],
    [
      5211,
      5750
    ],
    [
      5211,
      6290
    ],
    [
      5211,
      6685
    ],
    [
      5211,
      6878
    ],
    [
      5211,
      7102
    ],
    [
      5211,
      7764
    ],
    [
      5211,
      7892
    ],
    [
      5211,
      8045
    ],
    [
      5211,
      8178
    ],
    [
      5211,
      8258
    ],
    [
      5211,
      8474
    ],
    [
      5211,
      9385
    ],
    [
      5214,
      7406
    ],
    [
      5228,
      9095
    ],
    [
      5231,
      6181
    ],
    [
      5231,
      8943
    ],
    [
      5233,
      5396
    ],
    [
      5233,
      6059
    ],
    [
      5233,
      6092
    ],
    [
      5233,
      7181
    ],
    [
      5233,
      7571
    ],
    [
      5233,
      8513
    ],
    [
      5236,
      5480
    ],
    [
      5241,
      6787
    ],
    [
      5246,
      5952
    ],
    [
      5248,
      5566
    ],
    [
      5248,
      5824
    ],
    [
      5248,
      6003
    ],
    [
      5248,
      6495
    ],
    [
      5248,
      8382
    ],
    [
      5248,
      9497
    ],
    [
      5257,
      5305
    ],
    [
      5257,
      6091
    ],
    [
      5257,
      6379
    ],
    [
      5257,
      6665
    ],
    [
      5257,
      7351
    ],
    [
      5257,
      7836
    ],
    [
      5257,
      8247
    ],
    [
      5257,
      9185
    ],
    [
      5257,
      9244
    ],
    [
      5279,
      6718
    ],
    [
      5279,
      9120
    ],
    [
      5279,
      9235
    ],
    [
      5288,
      5535
    ],
    [
      5288,
      6542
    ],
    [
      5288,
      7207
    ],
    [
      5288,
      7328
    ],
    [
      5288,
      7406
    ],
    [
      5288,
      9846
    ],
    [
      5294,
      5361
    ],
    [
      5294,
      5846
    ],
    [
      5294,
      5963
    ],
    [
      5294,
      5985
    ],
    [
      5294,
      7309
    ],
    [
      5294,
      7490
    ],
    [
      5294,
      8471
    ],
    [
      5294,
      9135
    ],
    [
      5294,
      9386
    ],
    [
      5299,
      6031
    ],
    [
      5299,
      6974
    ],
    [
      5299,
      7878
    ],
    [
      5299,
      8126
    ],
    [
      5302,
      5750
    ],
    [
      5302,
      7725
    ],
    [
      5302,
      8025
    ],
    [
      5302,
      8045
    ],
    [
      5302,
      9385
    ],
    [
      5304,
      6181
    ],
    [
      5304,
      8943
    ],
    [
      5304,
      9429
    ],
    [
      5305,
      5433
    ],
    [
      5305,
      6091
    ],
    [
      5305,
      6264
    ],
    [
      5305,
      6665
    ],
    [
      5305,
      6823
    ],
    [
      5305,
      7148
    ],
    [
      5305,
      7351
    ],
    [
      5305,
      7836
    ],
    [
      5305,
      8951
    ],
    [
      5305,
      9185
    ],
    [
      5322,
      7472
    ],
    [
      5322,
      8100
    ],
    [
      5331,
      7472
    ],
    [
      5344,
      5565
    ],
    [
      5344,
      6833
    ],
    [
      5344,
      8232
    ],
    [
      5361,
      5846
    ],
    [
      5361,
      5963
    ],
    [
      5361,
      6229
    ],
    [
      5361,
      9386
    ],
    [
      5372,
      5791
    ],
    [
      5372,
      6181
    ],
    [
      5372,
      8943
    ],
    [
      5372,
      9429
    ],
    [
      5374,
      5415
    ],
    [
      5374,
      5787
    ],
    [
      5374,
      5833
    ],
    [
      5374,
      6001
    ],
    [
      5374,
      6762
    ],
    [
      5374,
      6812
    ],
    [
      5374,
      7874
    ],
    [
      5374,
      7934
    ],
    [
      5374,
      8043
    ],
    [
      5374,
      9374
    ],
    [
      5375,
      6297
    ],
    [
      5381,
      5448
    ],
    [
      5381,
      5766
    ],
    [
      5381,
      7413
    ],
    [
      5381,
      7476
    ],
    [
      5381,
      7606
    ],
    [
      5381,
      7615
    ],
    [
      5381,
      9325
    ],
    [
      5396,
      5916
    ],
    [
      5396,
      6059
    ],
    [
      5396,
      6092
    ],
    [
      5396,
      6384
    ],
    [
      5396,
      7181
    ],
    [
      5396,
      7341
    ],
    [
      5396,
      7571
    ],
    [
      5396,
      8513
    ],
    [
      5398,
      7669
    ],
    [
      5398,
      8141
    ],
    [
      5398,
      8800
    ],
    [
      5398,
      9381
    ],
    [
      5398,
      9702
    ],
    [
      5398,
      9806
    ],
    [
      5411,
      5824
    ],
    [
      5411,
      6699
    ],
    [
      5411,
      7019
    ],
    [
      5415,
      7731
    ],
    [
      5419,
      9109
    ],
    [
      5431,
      5787
    ],
    [
      5431,
      8172
    ],
    [
      5432,
      6290
    ],
    [
      5432,
      6577
    ],
    [
      5432,
      6857
    ],
    [
      5432,
      7102
    ],
    [
      5432,
      7892
    ],
    [
      5432,
      8825
    ],
    [
      5432,
      9385
    ],
    [
      5432,
      9513
    ],
    [
      5432,
      9817
    ],
    [
      5433,
      6091
    ],
    [
      5433,
      6823
    ],
    [
      5433,
      7148
    ],
    [
      5433,
      7351
    ],
    [
      5433,
      8951
    ],
    [
      5443,
      9557
    ],
    [
      5443,
      9979
    ],
    [
      5448,
      5766
    ],
    [
      5448,
      7476
    ],
    [
      5448,
      7615
    ],
    [
      5448,
      9116
    ],
    [
      5455,
      5565
    ],
    [
      5471,
      5961
    ],
    [
      5471,
      7121
    ],
    [
      5480,
      5858
    ],
    [
      5483,
      6181
    ],
    [
      5483,
      6186
    ],
    [
      5483,
      7250
    ],
    [
      5483,
      8943
    ],
    [
      5483,
      9429
    ],
    [
      5490,
      7812
    ],
    [
      5490,
      8342
    ],
    [
      5490,
      8447
    ],
    [
      5490,
      9725
    ],
    [
      5497,
      9843
    ],
    [
      5501,
      7434
    ],
    [
      5507,
      7145
    ],
    [
      5507,
      7570
    ],
    [
      5507,
      8148
    ],
    [
      5507,
      9219
    ],
    [
      5509,
      5565
    ],
    [
      5509,
      5669
    ],
    [
      5509,
      6833
    ],
    [
      5509,
      8553
    ],
    [
      5509,
      9020
    ],
    [
      5509,
      9070
    ],
    [
      5509,
      9235
    ],
    [
      5535,
      6542
    ],
    [
      5535,
      6753
    ],
    [
      5535,
      7207
    ],
    [
      5535,
      7229
    ],
    [
      5535,
      9846
    ],
    [
      5535,
      9920
    ],
    [
      5539,
      5813
    ],
    [
      5539,
      6136
    ],
    [
      5539,
      7445
    ],
    [
      5557,
      5690
    ],
    [
      5557,
      5813
    ],
    [
      5557,
      6227
    ],
    [
      5557,
      6925
    ],
    [
      5557,
      7445
    ],
    [
      5557,
      7973
    ],
    [
      5557,
      9649
    ],
    [
      5557,
      9755
    ],
    [
      5565,
      5669
    ],
    [
      5565,
      7508
    ],
    [
      5565,
      7995
    ],
    [
      5565,
      8553
    ],
    [
      5566,
      5824
    ],
    [
      5566,
      5892
    ],
    [
      5566,
      6003
    ],
    [
      5566,
      6191
    ],
    [
      5566,
      6495
    ],
    [
      5566,
      6906
    ],
    [
      5566,
      6920
    ],
    [
      5566,
      7019
    ],
    [
      5566,
      7452
    ],
    [
      5566,
      7573
    ],
    [
      5566,
      8382
    ],
    [
      5566,
      8968
    ],
    [
      5566,
      9328
    ],
    [
      5566,
      9423
    ],
    [
      5566,
      9497
    ],
    [
      5566,
      9669
    ],
    [
      5566,
      9867
    ],
    [
      5566,
      9978
    ],
    [
      5583,
      6222
    ],
    [
      5583,
      6296
    ],
    [
      5585,
      7096
    ],
    [
      5600,
      5678
    ],
    [
      5605,
      6290
    ],
    [
      5605,
      6577
    ],
    [
      5605,
      7892
    ],
    [
      5605,
      7938
    ],
    [
      5605,
      8825
    ],
    [
      5605,
      9513
    ],
    [
      5608,
      9116
    ],
    [
      5623,
      7812
    ],
    [
      5623,
      9725
    ],
    [
      5632,
      8412
    ],
    [
      5632,
      8752
    ],
    [
      5640,
      6542
    ],
    [
      5640,
      6753
    ],
    [
      5640,
      7229
    ],
    [
      5640,
      8566
    ],
    [
      5640,
      9846
    ],
    [
      5640,
      9920
    ],
    [
      5641,
      5689
    ],
    [
      5641,
      7584
    ],
    [
      5642,
      6186
    ],
    [
      5642,
      7250
    ],
    [
      5642,
      7580
    ],
    [
      5660,
      6114
    ],
    [
      5660,
      8646
    ],
    [
      5660,
      8870
    ],
    [
      5660,
      9553
    ],
    [
      5660,
      9708
    ],
    [
      5669,
      7409
    ],
    [
      5669,
      7890
    ],
    [
      5669,
      7995
    ],
    [
      5669,
      8553
    ],
    [
      5669,
      8590
    ],
    [
      5669,
      9020
    ],
    [
      5669,
      9070
    ],
    [
      5669,
      9235
    ],
    [
      5689,
      6628
    ],
    [
      5689,
      7584
    ],
    [
      5690,
      5813
    ],
    [
      5690,
      7445
    ],
    [
      5690,
      9084
    ],
    [
      5690,
      9504
    ],
    [
      5698,
      7587
    ],
    [
      5705,
      5898
    ],
    [
      5705,
      6114
    ],
    [
      5705,
      6453
    ],
    [
      5705,
      6591
    ],
    [
      5705,
      7626
    ],
    [
      5705,
      8112
    ],
    [
      5705,
      8401
    ],
    [
      5705,
      8870
    ],
    [
      5705,
      8881
    ],
    [
      5705,
      9016
    ],
    [
      5705,
      9895
    ],
    [
      5710,
      7892
    ],
    [
      5710,
      7938
    ],
    [
      5710,
      9385
    ],
    [
      5715,
      5882
    ],
    [
      5715,
      6468
    ],
    [
      5715,
      7650
    ],
    [
      5715,
      9181
    ],
    [
      5715,
      9538
    ],
    [
      5720,
      5755
    ],
    [
      5720,
      5885
    ],
    [
      5720,
      8718
    ],
    [
      5720,
      9126
    ],
    [
      5725,
      7093
    ],
    [
      5725,
      8428
    ],
    [
      5725,
      9130
    ],
    [
      5732,
      7278
    ],
    [
      5732,
      7855
    ],
    [
      5746,
      7472
    ],
    [
      5750,
      7892
    ],
    [
      5750,
      7938
    ],
    [
      5750,
      9385
    ],
    [
      5751,
      5943
    ],
    [
      5751,
      6899
    ],
    [
      5751,
      7847
    ],
    [
      5755,
      5873
    ],
    [
      5755,
      6720
    ],
    [
      5755,
      7263
    ],
    [
      5755,
      8085
    ],
    [
      5755,
      8369
    ],
    [
      5755,
      8669
    ],
    [
      5755,
      8718
    ],
    [
      5755,
      9126
    ],
    [
      5755,
      9394
    ],
    [
      5766,
      7413
    ],
    [
      5766,
      7606
    ],
    [
      5766,
      7615
    ],
    [
      5766,
      9325
    ],
    [
      5787,
      5833
    ],
    [
      5787,
      6001
    ],
    [
      5787,
      7811
    ],
    [
      5787,
      7874
    ],
    [
      5787,
      7934
    ],
    [
      5787,
      8043
    ],
    [
      5787,
      8172
    ],
    [
      5787,
      9374
    ],
    [
      5787,
      9859
    ],
    [
      5791,
      5954
    ],
    [
      5791,
      6465
    ],
    [
      5791,
      6934
    ],
    [
      5791,
      7743
    ],
    [
      5791,
      8070
    ],
    [
      5791,
      9429
    ],
    [
      5791,
      9760
    ],
    [
      5791,
      9878
    ],
    [
      5795,
      8176
    ],
    [
      5795,
      8658
    ],
    [
      5801,
      6677
    ],
    [
      5801,
      9442
    ],
    [
      5810,
      7841
    ],
    [
      5810,
      8471
    ],
    [
      5813,
      6227
    ],
    [
      5813,
      6273
    ],
    [
      5813,
      6925
    ],
    [
      5813,
      7445
    ],
    [
      5813,
      7973
    ],
    [
      5813,
      9649
    ],
    [
      5813,
      9755
    ],
    [
      5813,
      9926
    ],
    [
      5824,
      6495
    ],
    [
      5824,
      6699
    ],
    [
      5824,
      6906
    ],
    [
      5824,
      7019
    ],
    [
      5824,
      7452
    ],
    [
      5824,
      8968
    ],
    [
      5824,
      9978
    ],
    [
      5826,
      8617
    ],
    [
      5826,
      9904
    ],
    [
      5833,
      6001
    ],
    [
      5833,
      6297
    ],
    [
      5833,
      7874
    ],
    [
      5833,
      7934
    ],
    [
      5833,
      8043
    ],
    [
      5846,
      6229
    ],
    [
      5846,
      7757
    ],
    [
      5846,
      7811
    ],
    [
      5846,
      9386
    ],
    [
      5856,
      6422
    ],
    [
      5856,
      8441
    ],
    [
      5856,
      9074
    ],
    [
      5861,
      9109
    ],
    [
      5867,
      5969
    ],
    [
      5867,
      6026
    ],
    [
      5867,
      6737
    ],
    [
      5867,
      7252
    ],
    [
      5867,
      7298
    ],
    [
      5867,
      8908
    ],
    [
      5867,
      9084
    ],
    [
      5867,
      9504
    ],
    [
      5873,
      8718
    ],
    [
      5873,
      9126
    ],
    [
      5881,
      8932
    ],
    [
      5882,
      9830
    ],
    [
      5885,
      7263
    ],
    [
      5885,
      7900
    ],
    [
      5885,
      8428
    ],
    [
      5892,
      6191
    ],
    [
      5892,
      6906
    ],
    [
      5892,
      6920
    ],
    [
      5892,
      7019
    ],
    [
      5892,
      8441
    ],
    [
      5892,
      8968
    ],
    [
      5892,
      9669
    ],
    [
      5892,
      9978
    ],
    [
      5894,
      5947
    ],
    [
      5894,
      8539
    ],
    [
      5898,
      6114
    ],
    [
      5898,
      8112
    ],
    [
      5898,
      8646
    ],
    [
      5898,
      8870
    ],
    [
      5898,
      9708
    ],
    [
      5911,
      6260
    ],
    [
      5911,
      7882
    ],
    [
      5911,
      8151
    ],
    [
      5911,
      8156
    ],
    [
      5911,
      8175
    ],
    [
      5916,
      6059
    ],
    [
      5916,
      6092
    ],
    [
      5916,
      6384
    ],
    [
      5916,
      7181
    ],
    [
      5916,
      7341
    ],
    [
      5916,
      7571
    ],
    [
      5916,
      7907
    ],
    [
      5916,
      8390
    ],
    [
      5916,
      8513
    ],
    [
      5916,
      8526
    ],
    [
      5916,
      9734
    ],
    [
      5921,
      8412
    ],
    [
      5921,
      8752
    ],
    [
      5943,
      6899
    ],
    [
      5943,
      7147
    ],
    [
      5943,
      7847
    ],
    [
      5943,
      8502
    ],
    [
      5943,
      8547
    ],
    [
      5943,
      9163
    ],
    [
      5943,
      9173
    ],
    [
      5952,
      7178
    ],
    [
      5952,
      7963
    ],
    [
      5952,
      8619
    ],
    [
      5952,
      8808
    ],
    [
      5952,
      8985
    ],
    [
      5952,
      9196
    ],
    [
      5954,
      6181
    ],
    [
      5954,
      9429
    ],
    [
      5955,
      8057
    ],
    [
      5959,
      7847
    ],
    [
      5959,
      8372
    ],
    [
      5959,
      9531
    ],
    [
      5961,
      7121
    ],
    [
      5961,
      7496
    ],
    [
      5963,
      5985
    ],
    [
      5963,
      7490
    ],
    [
      5963,
      9135
    ],
    [
      5963,
      9386
    ],
    [
      5965,
      6222
    ],
    [
      5965,
      6398
    ],
    [
      5965,
      8596
    ],
    [
      5965,
      8646
    ],
    [
      5965,
      9150
    ],
    [
      5965,
      9708
    ],
    [
      5969,
      6737
    ],
    [
      5969,
      6827
    ],
    [
      5969,
      8674
    ],
    [
      5981,
      7406
    ],
    [
      5985,
      9386
    ],
    [
      5991,
      6290
    ],
    [
      5991,
      6481
    ],
    [
      5991,
      6577
    ],
    [
      5991,
      7141
    ],
    [
      5991,
      7892
    ],
    [
      5991,
      7921
    ],
    [
      5991,
      8825
    ],
    [
      5991,
      9513
    ],
    [
      6000,
      8176
    ],
    [
      6000,
      8658
    ],
    [
      6001,
      8043
    ],
    [
      6001,
      9374
    ],
    [
      6001,
      9859
    ],
    [
      6003,
      6191
    ],
    [
      6003,
      6906
    ],
    [
      6003,
      7019
    ],
    [
      6003,
      8968
    ],
    [
      6003,
      9978
    ],
    [
      6026,
      7342
    ],
    [
      6026,
      8908
    ],
    [
      6026,
      9084
    ],
    [
      6026,
      9504
    ],
    [
      6026,
      9856
    ],
    [
      6030,
      7214
    ],
    [
      6031,
      8126
    ],
    [
      6031,
      8838
    ],
    [
      6031,
      8963
    ],
    [
      6035,
      7812
    ],
    [
      6035,
      9725
    ],
    [
      6056,
      6136
    ],
    [
      6056,
      8451
    ],
    [
      6056,
      9016
    ],
    [
      6059,
      7181
    ],
    [
      6059,
      8390
    ],
    [
      6059,
      8513
    ],
    [
      6059,
      9423
    ],
    [
      6073,
      8239
    ],
    [
      6084,
      7472
    ],
    [
      6084,
      8097
    ],
    [
      6084,
      8100
    ],
    [
      6091,
      6264
    ],
    [
      6091,
      6379
    ],
    [
      6091,
      6665
    ],
    [
      6091,
      6823
    ],
    [
      6091,
      7351
    ],
    [
      6091,
      7836
    ],
    [
      6091,
      9185
    ],
    [
      6092,
      7181
    ],
    [
      6092,
      8513
    ],
    [
      6092,
      9734
    ],
    [
      6099,
      8176
    ],
    [
      6099,
      8357
    ],
    [
      6099,
      8658
    ],
    [
      6100,
      6406
    ],
    [
      6100,
      9247
    ],
    [
      6113,
      9959
    ],
    [
      6114,
      6787
    ],
    [
      6114,
      7626
    ],
    [
      6114,
      8112
    ],
    [
      6114,
      8646
    ],
    [
      6114,
      8870
    ],
    [
      6114,
      9553
    ],
    [
      6114,
      9708
    ],
    [
      6114,
      9895
    ],
    [
      6136,
      6227
    ],
    [
      6136,
      6925
    ],
    [
      6136,
      7410
    ],
    [
      6136,
      9755
    ],
    [
      6136,
      9926
    ],
    [
      6179,
      8539
    ],
    [
      6179,
      9863
    ],
    [
      6179,
      9959
    ],
    [
      6181,
      6209
    ],
    [
      6181,
      6465
    ],
    [
      6181,
      7743
    ],
    [
      6181,
      8070
    ],
    [
      6181,
      8698
    ],
    [
      6181,
      8943
    ],
    [
      6181,
      9429
    ],
    [
      6181,
      9878
    ],
    [
      6186,
      6209
    ],
    [
      6186,
      6410
    ],
    [
      6186,
      6425
    ],
    [
      6186,
      6696
    ],
    [
      6186,
      7250
    ],
    [
      6186,
      7580
    ],
    [
      6186,
      8153
    ],
    [
      6186,
      8484
    ],
    [
      6186,
      8507
    ],
    [
      6186,
      9072
    ],
    [
      6186,
      9130
    ],
    [
      6191,
      6920
    ],
    [
      6193,
      6272
    ],
    [
      6193,
      6779
    ],
    [
      6195,
      7263
    ],
    [
      6195,
      8369
    ],
    [
      6195,
      9542
    ],
    [
      6196,
      7615
    ],
    [
      6196,
      9325
    ],
    [
      6209,
      7250
    ],
    [
      6209,
      7580
    ],
    [
      6209,
      9429
    ],
    [
      6222,
      8998
    ],
    [
      6223,
      6677
    ],
    [
      6227,
      6273
    ],
    [
      6227,
      7410
    ],
    [
      6227,
      7445
    ],
    [
      6227,
      9016
    ],
    [
      6229,
      9386
    ],
    [
      6253,
      7907
    ],
    [
      6253,
      8390
    ],
    [
      6253,
      8513
    ],
    [
      6253,
      9973
    ],
    [
      6260,
      6514
    ],
    [
      6260,
      7122
    ],
    [
      6260,
      7882
    ],
    [
      6260,
      8151
    ],
    [
      6260,
      8156
    ],
    [
      6260,
      8175
    ],
    [
      6260,
      9569
    ],
    [
      6260,
      9993
    ],
    [
      6264,
      6823
    ],
    [
      6264,
      7148
    ],
    [
      6264,
      7351
    ],
    [
      6264,
      8951
    ],
    [
      6264,
      9116
    ],
    [
      6272,
      8533
    ],
    [
      6273,
      6925
    ],
    [
      6273,
      7445
    ],
    [
      6273,
      7973
    ],
    [
      6273,
      8881
    ],
    [
      6273,
      9755
    ],
    [
      6273,
      9926
    ],
    [
      6285,
      8176
    ],
    [
      6285,
      8497
    ],
    [
      6285,
      8658
    ],
    [
      6290,
      6577
    ],
    [
      6290,
      6685
    ],
    [
      6290,
      6878
    ],
    [
      6290,
      7727
    ],
    [
      6290,
      7764
    ],
    [
      6290,
      7957
    ],
    [
      6290,
      8178
    ],
    [
      6290,
      8474
    ],
    [
      6290,
      8825
    ],
    [
      6296,
      7481
    ],
    [
      6297,
      8043
    ],
    [
      6297,
      9374
    ],
    [
      6298,
      9734
    ],
    [
      6357,
      6827
    ],
    [
      6357,
      7054
    ],
    [
      6357,
      7235
    ],
    [
      6357,
      7378
    ],
    [
      6360,
      6946
    ],
    [
      6360,
      8069
    ],
    [
      6360,
      8188
    ],
    [
      6360,
      8900
    ],
    [
      6360,
      9375
    ],
    [
      6371,
      7669
    ],
    [
      6371,
      9109
    ],
    [
      6372,
      7609
    ],
    [
      6372,
      9431
    ],
    [
      6379,
      6665
    ],
    [
      6379,
      7836
    ],
    [
      6379,
      9185
    ],
    [
      6379,
      9244
    ],
    [
      6384,
      7181
    ],
    [
      6384,
      9497
    ],
    [
      6384,
      9734
    ],
    [
      6398,
      7481
    ],
    [
      6398,
      8596
    ],
    [
      6398,
      9708
    ],
    [
      6398,
      9804
    ],
    [
      6406,
      9574
    ],
    [
      6410,
      7093
    ],
    [
      6410,
      7250
    ],
    [
      6410,
      7580
    ],
    [
      6410,
      8470
    ],
    [
      6422,
      8658
    ],
    [
      6422,
      9287
    ],
    [
      6425,
      7093
    ],
    [
      6425,
      7250
    ],
    [
      6425,
      7580
    ],
    [
      6453,
      6591
    ],
    [
      6453,
      7626
    ],
    [
      6453,
      8112
    ],
    [
      6453,
      8401
    ],
    [
      6453,
      8870
    ],
    [
      6453,
      8881
    ],
    [
      6453,
      9016
    ],
    [
      6453,
      9895
    ],
    [
      6465,
      9429
    ],
    [
      6468,
      8047
    ],
    [
      6468,
      9194
    ],
    [
      6481,
      6685
    ],
    [
      6481,
      7141
    ],
    [
      6481,
      7764
    ],
    [
      6481,
      7921
    ],
    [
      6481,
      8758
    ],
    [
      6481,
      8825
    ],
    [
      6495,
      6699
    ],
    [
      6495,
      6906
    ],
    [
      6495,
      7452
    ],
    [
      6495,
      8968
    ],
    [
      6495,
      9978
    ],
    [
      6508,
      8470
    ],
    [
      6514,
      7121
    ],
    [
      6514,
      7882
    ],
    [
      6514,
      8156
    ],
    [
      6528,
      7235
    ],
    [
      6528,
      7596
    ],
    [
      6542,
      6753
    ],
    [
      6542,
      7207
    ],
    [
      6542,
      7229
    ],
    [
      6542,
      7328
    ],
    [
      6542,
      8056
    ],
    [
      6542,
      8250
    ],
    [
      6542,
      8566
    ],
    [
      6542,
      9625
    ],
    [
      6542,
      9904
    ],
    [
      6542,
      9920
    ],
    [
      6562,
      7141
    ],
    [
      6562,
      7481
    ],
    [
      6562,
      7921
    ],
    [
      6562,
      9804
    ],
    [
      6577,
      6685
    ],
    [
      6577,
      6857
    ],
    [
      6577,
      7102
    ],
    [
      6577,
      7643
    ],
    [
      6577,
      7727
    ],
    [
      6577,
      7764
    ],
    [
      6577,
      7892
    ],
    [
      6577,
      7957
    ],
    [
      6577,
      8258
    ],
    [
      6577,
      8474
    ],
    [
      6577,
      8825
    ],
    [
      6577,
      9153
    ],
    [
      6577,
      9817
    ],
    [
      6577,
      9876
    ],
    [
      6589,
      8669
    ],
    [
      6591,
      7055
    ],
    [
      6591,
      8112
    ],
    [
      6591,
      8401
    ],
    [
      6591,
      9093
    ],
    [
      6595,
      9740
    ],
    [
      6615,
      7025
    ],
    [
      6628,
      7584
    ],
    [
      6628,
      9856
    ],
    [
      6651,
      8853
    ],
    [
      6665,
      7351
    ],
    [
      6665,
      7836
    ],
    [
      6665,
      8247
    ],
    [
      6665,
      8452
    ],
    [
      6665,
      9185
    ],
    [
      6665,
      9244
    ],
    [
      6675,
      6677
    ],
    [
      6675,
      9442
    ],
    [
      6685,
      7102
    ],
    [
      6685,
      7892
    ],
    [
      6685,
      8825
    ],
    [
      6696,
      7250
    ],
    [
      6696,
      7580
    ],
    [
      6696,
      8470
    ],
    [
      6707,
      8275
    ],
    [
      6707,
      9120
    ],
    [
      6720,
      8369
    ],
    [
      6720,
      8669
    ],
    [
      6720,
      8718
    ],
    [
      6720,
      9126
    ],
    [
      6721,
      8098
    ],
    [
      6721,
      8674
    ],
    [
      6737,
      8908
    ],
    [
      6737,
      9084
    ],
    [
      6737,
      9504
    ],
    [
      6737,
      9856
    ],
    [
      6742,
      7472
    ],
    [
      6742,
      8369
    ],
    [
      6744,
      6857
    ],
    [
      6744,
      9153
    ],
    [
      6744,
      9817
    ],
    [
      6744,
      9876
    ],
    [
      6748,
      8963
    ],
    [
      6753,
      7229
    ],
    [
      6753,
      8250
    ],
    [
      6753,
      8617
    ],
    [
      6753,
      9625
    ],
    [
      6753,
      9846
    ],
    [
      6753,
      9904
    ],
    [
      6753,
      9920
    ],
    [
      6758,
      7907
    ],
    [
      6758,
      8390
    ],
    [
      6758,
      8513
    ],
    [
      6758,
      9973
    ],
    [
      6779,
      8183
    ],
    [
      6779,
      8313
    ],
    [
      6779,
      8533
    ],
    [
      6782,
      6848
    ],
    [
      6790,
      8412
    ],
    [
      6814,
      9654
    ],
    [
      6821,
      7731
    ],
    [
      6821,
      7978
    ],
    [
      6821,
      7981
    ],
    [
      6821,
      9171
    ],
    [
      6822,
      8515
    ],
    [
      6823,
      7148
    ],
    [
      6823,
      7351
    ],
    [
      6823,
      7836
    ],
    [
      6823,
      8951
    ],
    [
      6823,
      9116
    ],
    [
      6823,
      9185
    ],
    [
      6833,
      8232
    ],
    [
      6857,
      7102
    ],
    [
      6857,
      7643
    ],
    [
      6857,
      7892
    ],
    [
      6857,
      8258
    ],
    [
      6857,
      9153
    ],
    [
      6864,
      7145
    ],
    [
      6864,
      7570
    ],
    [
      6864,
      7746
    ],
    [
      6864,
      8148
    ],
    [
      6864,
      9219
    ],
    [
      6875,
      8471
    ],
    [
      6878,
      7892
    ],
    [
      6878,
      7938
    ],
    [
      6892,
      9063
    ],
    [
      6899,
      7147
    ],
    [
      6899,
      7962
    ],
    [
      6899,
      8502
    ],
    [
      6899,
      9173
    ],
    [
      6906,
      6920
    ],
    [
      6906,
      8382
    ],
    [
      6906,
      9497
    ],
    [
      6920,
      7907
    ],
    [
      6920,
      8382
    ],
    [
      6920,
      8441
    ],
    [
      6920,
      8968
    ],
    [
      6920,
      9423
    ],
    [
      6920,
      9978
    ],
    [
      6925,
      7410
    ],
    [
      6925,
      7445
    ],
    [
      6925,
      9016
    ],
    [
      6925,
      9649
    ],
    [
      6934,
      7250
    ],
    [
      6934,
      8440
    ],
    [
      6934,
      8470
    ],
    [
      6934,
      9429
    ],
    [
      6942,
      8141
    ],
    [
      6942,
      9381
    ],
    [
      6942,
      9702
    ],
    [
      6946,
      8069
    ],
    [
      6950,
      8497
    ],
    [
      6968,
      8943
    ],
    [
      6974,
      8126
    ],
    [
      6974,
      8838
    ],
    [
      6974,
      8963
    ],
    [
      7008,
      8853
    ],
    [
      7054,
      7378
    ],
    [
      7054,
      7584
    ],
    [
      7091,
      7093
    ],
    [
      7091,
      7250
    ],
    [
      7091,
      8470
    ],
    [
      7093,
      8153
    ],
    [
      7093,
      8428
    ],
    [
      7093,
      8507
    ],
    [
      7093,
      9130
    ],
    [
      7102,
      7643
    ],
    [
      7102,
      7764
    ],
    [
      7102,
      7892
    ],
    [
      7102,
      8258
    ],
    [
      7102,
      9153
    ],
    [
      7102,
      9385
    ],
    [
      7102,
      9817
    ],
    [
      7102,
      9876
    ],
    [
      7122,
      9569
    ],
    [
      7122,
      9993
    ],
    [
      7141,
      7481
    ],
    [
      7141,
      7921
    ],
    [
      7141,
      8758
    ],
    [
      7141,
      8825
    ],
    [
      7145,
      7348
    ],
    [
      7145,
      7570
    ],
    [
      7145,
      8148
    ],
    [
      7145,
      9219
    ],
    [
      7147,
      7847
    ],
    [
      7148,
      7351
    ],
    [
      7148,
      7836
    ],
    [
      7148,
      8951
    ],
    [
      7148,
      9116
    ],
    [
      7148,
      9185
    ],
    [
      7155,
      8398
    ],
    [
      7155,
      8731
    ],
    [
      7162,
      8369
    ],
    [
      7162,
      8669
    ],
    [
      7181,
      7341
    ],
    [
      7181,
      7571
    ],
    [
      7181,
      7907
    ],
    [
      7181,
      8382
    ],
    [
      7181,
      8863
    ],
    [
      7181,
      9423
    ],
    [
      7181,
      9497
    ],
    [
      7207,
      7328
    ],
    [
      7207,
      7406
    ],
    [
      7207,
      9625
    ],
    [
      7207,
      9846
    ],
    [
      7229,
      8250
    ],
    [
      7229,
      9625
    ],
    [
      7229,
      9846
    ],
    [
      7229,
      9904
    ],
    [
      7229,
      9920
    ],
    [
      7235,
      7378
    ],
    [
      7235,
      7584
    ],
    [
      7241,
      8111
    ],
    [
      7241,
      8853
    ],
    [
      7241,
      9035
    ],
    [
      7250,
      7580
    ],
    [
      7250,
      7743
    ],
    [
      7250,
      8070
    ],
    [
      7250,
      8153
    ],
    [
      7250,
      8470
    ],
    [
      7250,
      8507
    ],
    [
      7250,
      9072
    ],
    [
      7250,
      9130
    ],
    [
      7252,
      7298
    ],
    [
      7252,
      9084
    ],
    [
      7252,
      9504
    ],
    [
      7263,
      8369
    ],
    [
      7263,
      8669
    ],
    [
      7263,
      8718
    ],
    [
      7263,
      9126
    ],
    [
      7278,
      7587
    ],
    [
      7281,
      7472
    ],
    [
      7281,
      8097
    ],
    [
      7298,
      8098
    ],
    [
      7298,
      8674
    ],
    [
      7304,
      8412
    ],
    [
      7304,
      8752
    ],
    [
      7307,
      9731
    ],
    [
      7309,
      7841
    ],
    [
      7309,
      8471
    ],
    [
      7328,
      9846
    ],
    [
      7336,
      9553
    ],
    [
      7341,
      8382
    ],
    [
      7341,
      8513
    ],
    [
      7341,
      9497
    ],
    [
      7341,
      9734
    ],
    [
      7348,
      7746
    ],
    [
      7348,
      8148
    ],
    [
      7348,
      9219
    ],
    [
      7351,
      7836
    ],
    [
      7351,
      8951
    ],
    [
      7351,
      9185
    ],
    [
      7366,
      7490
    ],
    [
      7366,
      9386
    ],
    [
      7378,
      7596
    ],
    [
      7378,
      8674
    ],
    [
      7393,
      7832
    ],
    [
      7406,
      8566
    ],
    [
      7406,
      9846
    ],
    [
      7409,
      7995
    ],
    [
      7409,
      9654
    ],
    [
      7410,
      9926
    ],
    [
      7413,
      7476
    ],
    [
      7413,
      8962
    ],
    [
      7413,
      9325
    ],
    [
      7413,
      9437
    ],
    [
      7414,
      8098
    ],
    [
      7434,
      7697
    ],
    [
      7445,
      7973
    ],
    [
      7445,
      9649
    ],
    [
      7445,
      9755
    ],
    [
      7445,
      9926
    ],
    [
      7449,
      8175
    ],
    [
      7452,
      7907
    ],
    [
      7452,
      8382
    ],
    [
      7452,
      9328
    ],
    [
      7452,
      9497
    ],
    [
      7455,
      8330
    ],
    [
      7465,
      9574
    ],
    [
      7472,
      8097
    ],
    [
      7472,
      8498
    ],
    [
      7472,
      9465
    ],
    [
      7476,
      7606
    ],
    [
      7476,
      7615
    ],
    [
      7476,
      9325
    ],
    [
      7481,
      7921
    ],
    [
      7490,
      7841
    ],
    [
      7490,
      9386
    ],
    [
      7542,
      7570
    ],
    [
      7542,
      9557
    ],
    [
      7542,
      9979
    ],
    [
      7564,
      9120
    ],
    [
      7570,
      8148
    ],
    [
      7570,
      9219
    ],
    [
      7571,
      8513
    ],
    [
      7571,
      9734
    ],
    [
      7573,
      7907
    ],
    [
      7573,
      8382
    ],
    [
      7573,
      9328
    ],
    [
      7573,
      9423
    ],
    [
      7573,
      9497
    ],
    [
      7576,
      9731
    ],
    [
      7580,
      8507
    ],
    [
      7580,
      9072
    ],
    [
      7580,
      9130
    ],
    [
      7587,
      7596
    ],
    [
      7587,
      7855
    ],
    [
      7606,
      7615
    ],
    [
      7615,
      9325
    ],
    [
      7626,
      8112
    ],
    [
      7626,
      8646
    ],
    [
      7626,
      8870
    ],
    [
      7626,
      9016
    ],
    [
      7626,
      9553
    ],
    [
      7643,
      9153
    ],
    [
      7643,
      9817
    ],
    [
      7643,
      9876
    ],
    [
      7650,
      9830
    ],
    [
      7668,
      9843
    ],
    [
      7669,
      8800
    ],
    [
      7669,
      8956
    ],
    [
      7669,
      9109
    ],
    [
      7719,
      8956
    ],
    [
      7725,
      7938
    ],
    [
      7725,
      9259
    ],
    [
      7727,
      8731
    ],
    [
      7727,
      8825
    ],
    [
      7731,
      7978
    ],
    [
      7731,
      9171
    ],
    [
      7743,
      8943
    ],
    [
      7743,
      9429
    ],
    [
      7746,
      8148
    ],
    [
      7746,
      9219
    ],
    [
      7757,
      7811
    ],
    [
      7757,
      9859
    ],
    [
      7764,
      7892
    ],
    [
      7764,
      8825
    ],
    [
      7764,
      9513
    ],
    [
      7808,
      8752
    ],
    [
      7811,
      8172
    ],
    [
      7811,
      9374
    ],
    [
      7811,
      9859
    ],
    [
      7843,
      8244
    ],
    [
      7847,
      8502
    ],
    [
      7847,
      8547
    ],
    [
      7847,
      9163
    ],
    [
      7847,
      9173
    ],
    [
      7874,
      8043
    ],
    [
      7874,
      9374
    ],
    [
      7874,
      9859
    ],
    [
      7878,
      8126
    ],
    [
      7878,
      8838
    ],
    [
      7878,
      8963
    ],
    [
      7882,
      8151
    ],
    [
      7882,
      8156
    ],
    [
      7882,
      8175
    ],
    [
      7890,
      7995
    ],
    [
      7890,
      9654
    ],
    [
      7892,
      7938
    ],
    [
      7892,
      7957
    ],
    [
      7892,
      8045
    ],
    [
      7892,
      8258
    ],
    [
      7892,
      8825
    ],
    [
      7892,
      9385
    ],
    [
      7892,
      9817
    ],
    [
      7907,
      8020
    ],
    [
      7907,
      8382
    ],
    [
      7907,
      8513
    ],
    [
      7907,
      8863
    ],
    [
      7907,
      9328
    ],
    [
      7907,
      9423
    ],
    [
      7907,
      9497
    ],
    [
      7907,
      9867
    ],
    [
      7907,
      9973
    ],
    [
      7908,
      9259
    ],
    [
      7921,
      8758
    ],
    [
      7921,
      8825
    ],
    [
      7934,
      8043
    ],
    [
      7934,
      9374
    ],
    [
      7934,
      9859
    ],
    [
      7938,
      8045
    ],
    [
      7938,
      8258
    ],
    [
      7938,
      9092
    ],
    [
      7938,
      9259
    ],
    [
      7938,
      9778
    ],
    [
      7957,
      8731
    ],
    [
      7957,
      8825
    ],
    [
      7962,
      9442
    ],
    [
      7973,
      9649
    ],
    [
      7981,
      8057
    ],
    [
      7995,
      8553
    ],
    [
      7995,
      9654
    ],
    [
      8020,
      8382
    ],
    [
      8020,
      9328
    ],
    [
      8020,
      9497
    ],
    [
      8034,
      8126
    ],
    [
      8034,
      8838
    ],
    [
      8034,
      9557
    ],
    [
      8043,
      8172
    ],
    [
      8043,
      9374
    ],
    [
      8043,
      9859
    ],
    [
      8045,
      9385
    ],
    [
      8047,
      9538
    ],
    [
      8056,
      8566
    ],
    [
      8056,
      9846
    ],
    [
      8056,
      9920
    ],
    [
      8057,
      9171
    ],
    [
      8057,
      9279
    ],
    [
      8069,
      8183
    ],
    [
      8069,
      8188
    ],
    [
      8069,
      8900
    ],
    [
      8069,
      9375
    ],
    [
      8069,
      9863
    ],
    [
      8070,
      9429
    ],
    [
      8085,
      8718
    ],
    [
      8085,
      9126
    ],
    [
      8089,
      9504
    ],
    [
      8097,
      8498
    ],
    [
      8098,
      8674
    ],
    [
      8111,
      8853
    ],
    [
      8112,
      8401
    ],
    [
      8112,
      8870
    ],
    [
      8112,
      8881
    ],
    [
      8112,
      9016
    ],
    [
      8112,
      9093
    ],
    [
      8112,
      9895
    ],
    [
      8126,
      8838
    ],
    [
      8126,
      8963
    ],
    [
      8141,
      9381
    ],
    [
      8151,
      8156
    ],
    [
      8151,
      9569
    ],
    [
      8151,
      9993
    ],
    [
      8153,
      8470
    ],
    [
      8156,
      8175
    ],
    [
      8156,
      8402
    ],
    [
      8172,
      9374
    ],
    [
      8172,
      9859
    ],
    [
      8175,
      8402
    ],
    [
      8175,
      9569
    ],
    [
      8175,
      9993
    ],
    [
      8176,
      8357
    ],
    [
      8176,
      8658
    ],
    [
      8178,
      8825
    ],
    [
      8183,
      8188
    ],
    [
      8183,
      8900
    ],
    [
      8183,
      9375
    ],
    [
      8188,
      8313
    ],
    [
      8232,
      9020
    ],
    [
      8232,
      9070
    ],
    [
      8244,
      8897
    ],
    [
      8244,
      8912
    ],
    [
      8244,
      8928
    ],
    [
      8244,
      9830
    ],
    [
      8250,
      9846
    ],
    [
      8250,
      9920
    ],
    [
      8258,
      9385
    ],
    [
      8258,
      9817
    ],
    [
      8271,
      8372
    ],
    [
      8313,
      8900
    ],
    [
      8313,
      9375
    ],
    [
      8342,
      8447
    ],
    [
      8342,
      9020
    ],
    [
      8342,
      9235
    ],
    [
      8342,
      9725
    ],
    [
      8369,
      8669
    ],
    [
      8369,
      8718
    ],
    [
      8369,
      9126
    ],
    [
      8369,
      9394
    ],
    [
      8372,
      8547
    ],
    [
      8372,
      9686
    ],
    [
      8382,
      8513
    ],
    [
      8382,
      8863
    ],
    [
      8382,
      8968
    ],
    [
      8382,
      9497
    ],
    [
      8382,
      9867
    ],
    [
      8390,
      8513
    ],
    [
      8398,
      8731
    ],
    [
      8401,
      8870
    ],
    [
      8401,
      9016
    ],
    [
      8401,
      9093
    ],
    [
      8412,
      8507
    ],
    [
      8415,
      8539
    ],
    [
      8415,
      9863
    ],
    [
      8415,
      9959
    ],
    [
      8441,
      9287
    ],
    [
      8441,
      9669
    ],
    [
      8441,
      9973
    ],
    [
      8447,
      9731
    ],
    [
      8451,
      8870
    ],
    [
      8470,
      9072
    ],
    [
      8474,
      8825
    ],
    [
      8474,
      9513
    ],
    [
      8507,
      8752
    ],
    [
      8513,
      8863
    ],
    [
      8513,
      9423
    ],
    [
      8513,
      9497
    ],
    [
      8513,
      9973
    ],
    [
      8515,
      9654
    ],
    [
      8526,
      9734
    ],
    [
      8536,
      9569
    ],
    [
      8536,
      9993
    ],
    [
      8566,
      9846
    ],
    [
      8596,
      8646
    ],
    [
      8596,
      9804
    ],
    [
      8642,
      9618
    ],
    [
      8642,
      9953
    ],
    [
      8646,
      8870
    ],
    [
      8646,
      9150
    ],
    [
      8646,
      9553
    ],
    [
      8646,
      9708
    ],
    [
      8646,
      9804
    ],
    [
      8646,
      9895
    ],
    [
      8669,
      8718
    ],
    [
      8669,
      9126
    ],
    [
      8669,
      9394
    ],
    [
      8669,
      9542
    ],
    [
      8698,
      8943
    ],
    [
      8718,
      9126
    ],
    [
      8718,
      9394
    ],
    [
      8758,
      8825
    ],
    [
      8800,
      9654
    ],
    [
      8825,
      9513
    ],
    [
      8838,
      9557
    ],
    [
      8838,
      9979
    ],
    [
      8853,
      9035
    ],
    [
      8863,
      9328
    ],
    [
      8863,
      9423
    ],
    [
      8863,
      9497
    ],
    [
      8870,
      9016
    ],
    [
      8870,
      9708
    ],
    [
      8870,
      9895
    ],
    [
      8881,
      9016
    ],
    [
      8881,
      9093
    ],
    [
      8897,
      9830
    ],
    [
      8908,
      9504
    ],
    [
      8912,
      9830
    ],
    [
      8928,
      9830
    ],
    [
      8943,
      9458
    ],
    [
      8943,
      9878
    ],
    [
      8956,
      9109
    ],
    [
      8968,
      9497
    ],
    [
      9016,
      9895
    ],
    [
      9016,
      9926
    ],
    [
      9020,
      9235
    ],
    [
      9070,
      9235
    ],
    [
      9074,
      9287
    ],
    [
      9074,
      9669
    ],
    [
      9084,
      9504
    ],
    [
      9092,
      9259
    ],
    [
      9109,
      9702
    ],
    [
      9116,
      9451
    ],
    [
      9120,
      9731
    ],
    [
      9126,
      9394
    ],
    [
      9135,
      9386
    ],
    [
      9150,
      9708
    ],
    [
      9153,
      9817
    ],
    [
      9153,
      9876
    ],
    [
      9163,
      9173
    ],
    [
      9181,
      9830
    ],
    [
      9194,
      9538
    ],
    [
      9247,
      9574
    ],
    [
      9259,
      9778
    ],
    [
      9328,
      9497
    ],
    [
      9328,
      9867
    ],
    [
      9381,
      9702
    ],
    [
      9381,
      9806
    ],
    [
      9423,
      9497
    ],
    [
      9423,
      9867
    ],
    [
      9429,
      9878
    ],
    [
      9491,
      9760
    ],
    [
      9497,
      9867
    ],
    [
      9531,
      9686
    ],
    [
      9553,
      9804
    ],
    [
      9557,
      9979
    ],
    [
      9625,
      9846
    ],
    [
      9625,
      9920
    ],
    [
      9649,
      9755
    ],
    [
      9654,
      9806
    ],
    [
      9669,
      9978
    ],
    [
      9846,
      9904
    ],
    [
      9846,
      9920
    ],
    [
      9904,
      9920
    ]
  ]
}