{
  "n_true_positives": 76,
  "n_positives": 76,
  "total_time": 130.968834400177,
  "date": "2025-01-25T19:42:52.656634",
  "backend": "BruteForce",
  "n_bins": 0,
  "eps": 12.5,
  "args": {
    "csvpath": [
      "../data/RobustBench/predictions/imagenet3dcc-Tian2022Deeper_DeiT-B/vanilla.csv",
      "../data/RobustBench/predictions/imagenet3dcc-Tian2022Deeper_DeiT-B/far_focus-3.csv"
    ],
    "eps": 12.5,
    "n_bins": 0,
    "n_examples": -1,
    "out_path": "../results/semantic//results/imagenet3dcc-Tian2022Deeper_DeiT-B/imagenet3dcc-Tian2022Deeper_DeiT-B-L2-12.5-far_focus-3.json",
    "full_output": false,
    "verbose": false,
    "randomize_order": false,
    "backend": "bf",
    "blind_cols": null,
    "pred": "pred",
    "metric": "L2"
  },
  "backend_meta": {
    "epsilon": 12.5,
    "decision_col": "pred",
    "metric": "Linf",
    "is_exact": true,
    "is_sound": true,
    "is_complete": true
  },
  "positives": [
    [
      125,
      5125
    ],
    [
      151,
      5151
    ],
    [
      164,
      5164
    ],
    [
      243,
      5243
    ],
    [
      364,
      5364
    ],
    [
      396,
      5396
    ],
    [
      411,
      5411
    ],
    [
      415,
      5415
    ],
    [
      564,
      5564
    ],
    [
      653,
      5653
    ],
    [
      673,
      5673
    ],
    [
      705,
      5705
    ],
    [
      771,
      5771
    ],
    [
      791,
      5791
    ],
    [
      1035,
      6035
    ],
    [
      1114,
      6114
    ],
    [
      1285,
      6285
    ],
    [
      1577,
      6577
    ],
    [
      1615,
      6615
    ],
    [
      1644,
      6644
    ],
    [
      1699,
      6699
    ],
    [
      1720,
      6720
    ],
    [
      1732,
      6732
    ],
    [
      1833,
      6833
    ],
    [
      1887,
      6887
    ],
    [
      1975,
      6975
    ],
    [
      2034,
      7034
    ],
    [
      2121,
      7121
    ],
    [
      2122,
      7122
    ],
    [
      2148,
      7148
    ],
    [
      2157,
      7157
    ],
    [
      2235,
      7235
    ],
    [
      2258,
      7258
    ],
    [
      2293,
      7293
    ],
    [
      2304,
      7304
    ],
    [
      2309,
      7309
    ],
    [
      2341,
      7341
    ],
    [
      2344,
      7344
    ],
    [
      2351,
      7351
    ],
    [
      2367,
      7367
    ],
    [
      2381,
      7381
    ],
    [
      2387,
      7387
    ],
    [
      2402,
      7402
    ],
    [
      2556,
      7556
    ],
    [
      2571,
      7571
    ],
    [
      2593,
      7593
    ],
    [
      2630,
      7630
    ],
    [
      2637,
      7637
    ],
    [
      2934,
      7934
    ],
    [
      3042,
      8042
    ],
    [
      3045,
      8045
    ],
    [
      3047,
      8047
    ],
    [
      3057,
      8057
    ],
    [
      3111,
      8111
    ],
    [
      3142,
      8142
    ],
    [
      3266,
      8266
    ],
    [
      3289,
      8289
    ],
    [
      3471,
      8471
    ],
    [
      3825,
      8825
    ],
    [
      3945,
      8945
    ],
    [
      3956,
      8956
    ],
    [
      3973,
      8973
    ],
    [
      4074,
      9074
    ],
    [
      4148,
      9148
    ],
    [
      4229,
      9229
    ],
    [
      4423,
      9423
    ],
    [
      4437,
      9437
    ],
    [
      4441,
      9441
    ],
    [
      4583,
      9583
    ],
    [
      4649,
      9649
    ],
    [
      4654,
      9654
    ],
    [
      4708,
      9708
    ],
    [
      4743,
      9743
    ],
    [
      4867,
      9867
    ],
    [
      4927,
      9927
    ],
    [
      4997,
      9997
    ]
  ]
}