{
  "n_true_positives": 16,
  "n_positives": 16,
  "total_time": 117.3973867893219,
  "date": "2025-01-25T19:35:04.628300",
  "backend": "BruteForce",
  "n_bins": 0,
  "eps": 12.5,
  "args": {
    "csvpath": [
      "../data/RobustBench/predictions/imagenet3dcc-Tian2022Deeper_DeiT-B/vanilla.csv",
      "../data/RobustBench/predictions/imagenet3dcc-Tian2022Deeper_DeiT-B/near_focus-5.csv"
    ],
    "eps": 12.5,
    "n_bins": 0,
    "n_examples": -1,
    "out_path": "../results/semantic//results/imagenet3dcc-Tian2022Deeper_DeiT-B/imagenet3dcc-Tian2022Deeper_DeiT-B-L2-12.5-near_focus-5.json",
    "full_output": false,
    "verbose": false,
    "randomize_order": false,
    "backend": "bf",
    "blind_cols": null,
    "pred": "pred",
    "metric": "L2"
  },
  "backend_meta": {
    "epsilon": 12.5,
    "decision_col": "pred",
    "metric": "Linf",
    "is_exact": true,
    "is_sound": true,
    "is_complete": true
  },
  "positives": [
    [
      44,
      5044
    ],
    [
      705,
      5705
    ],
    [
      791,
      5791
    ],
    [
      1285,
      6285
    ],
    [
      1538,
      6538
    ],
    [
      1564,
      6564
    ],
    [
      1644,
      6644
    ],
    [
      2351,
      7351
    ],
    [
      2722,
      7722
    ],
    [
      3047,
      8047
    ],
    [
      3342,
      8342
    ],
    [
      3945,
      8945
    ],
    [
      4437,
      9437
    ],
    [
      4557,
      9557
    ],
    [
      4781,
      9781
    ],
    [
      4927,
      9927
    ]
  ]
}