{
  "n_true_positives": 38,
  "n_positives": 38,
  "total_time": 119.2617871761322,
  "date": "2025-01-25T19:25:31.718931",
  "backend": "BruteForce",
  "n_bins": 0,
  "eps": 12.5,
  "args": {
    "csvpath": [
      "../data/RobustBench/predictions/imagenet3dcc-Tian2022Deeper_DeiT-B/vanilla.csv",
      "../data/RobustBench/predictions/imagenet3dcc-Tian2022Deeper_DeiT-B/near_focus-3.csv"
    ],
    "eps": 12.5,
    "n_bins": 0,
    "n_examples": -1,
    "out_path": "../results/semantic//results/imagenet3dcc-Tian2022Deeper_DeiT-B/imagenet3dcc-Tian2022Deeper_DeiT-B-L2-12.5-near_focus-3.json",
    "full_output": false,
    "verbose": false,
    "randomize_order": false,
    "backend": "bf",
    "blind_cols": null,
    "pred": "pred",
    "metric": "L2"
  },
  "backend_meta": {
    "epsilon": 12.5,
    "decision_col": "pred",
    "metric": "Linf",
    "is_exact": true,
    "is_sound": true,
    "is_complete": true
  },
  "positives": [
    [
      125,
      5125
    ],
    [
      705,
      5705
    ],
    [
      712,
      5712
    ],
    [
      791,
      5791
    ],
    [
      1162,
      6162
    ],
    [
      1191,
      6191
    ],
    [
      1204,
      6204
    ],
    [
      1285,
      6285
    ],
    [
      1538,
      6538
    ],
    [
      1564,
      6564
    ],
    [
      1644,
      6644
    ],
    [
      2344,
      7344
    ],
    [
      2351,
      7351
    ],
    [
      2556,
      7556
    ],
    [
      2630,
      7630
    ],
    [
      2653,
      7653
    ],
    [
      2682,
      7682
    ],
    [
      2722,
      7722
    ],
    [
      2803,
      7803
    ],
    [
      3047,
      8047
    ],
    [
      3068,
      8068
    ],
    [
      3342,
      8342
    ],
    [
      3549,
      8549
    ],
    [
      3760,
      8760
    ],
    [
      3825,
      8825
    ],
    [
      3839,
      8839
    ],
    [
      3945,
      8945
    ],
    [
      4148,
      9148
    ],
    [
      4345,
      9345
    ],
    [
      4382,
      9382
    ],
    [
      4423,
      9423
    ],
    [
      4437,
      9437
    ],
    [
      4557,
      9557
    ],
    [
      4723,
      9723
    ],
    [
      4781,
      9781
    ],
    [
      4815,
      9815
    ],
    [
      4867,
      9867
    ],
    [
      4927,
      9927
    ]
  ]
}