{
  "n_true_positives": 379,
  "n_positives": 379,
  "total_time": 116.43267512321472,
  "date": "2025-01-25T19:28:00.051187",
  "backend": "BruteForce",
  "n_bins": 0,
  "eps": 12.5,
  "args": {
    "csvpath": [
      "../data/RobustBench/predictions/imagenet3dcc-Tian2022Deeper_DeiT-B/vanilla.csv",
      "../data/RobustBench/predictions/imagenet3dcc-Tian2022Deeper_DeiT-B/color_quant-1.csv"
    ],
    "eps": 12.5,
    "n_bins": 0,
    "n_examples": -1,
    "out_path": "../results/semantic//results/imagenet3dcc-Tian2022Deeper_DeiT-B/imagenet3dcc-Tian2022Deeper_DeiT-B-L2-12.5-color_quant-1.json",
    "full_output": false,
    "verbose": false,
    "randomize_order": false,
    "backend": "bf",
    "blind_cols": null,
    "pred": "pred",
    "metric": "L2"
  },
  "backend_meta": {
    "epsilon": 12.5,
    "decision_col": "pred",
    "metric": "Linf",
    "is_exact": true,
    "is_sound": true,
    "is_complete": true
  },
  "positives": [
    [
      2,
      5002
    ],
    [
      4,
      5004
    ],
    [
      46,
      5046
    ],
    [
      64,
      5064
    ],
    [
      65,
      5065
    ],
    [
      67,
      5067
    ],
    [
      125,
      5125
    ],
    [
      142,
      5142
    ],
    [
      151,
      5151
    ],
    [
      156,
      5156
    ],
    [
      158,
      5158
    ],
    [
      164,
      5164
    ],
    [
      186,
      5186
    ],
    [
      198,
      5198
    ],
    [
      228,
      5228
    ],
    [
      240,
      5240
    ],
    [
      243,
      5243
    ],
    [
      265,
      5265
    ],
    [
      271,
      5271
    ],
    [
      272,
      5272
    ],
    [
      286,
      5286
    ],
    [
      311,
      5311
    ],
    [
      313,
      5313
    ],
    [
      320,
      5320
    ],
    [
      353,
      5353
    ],
    [
      358,
      5358
    ],
    [
      359,
      5359
    ],
    [
      364,
      5364
    ],
    [
      383,
      5383
    ],
    [
      389,
      5389
    ],
    [
      396,
      5396
    ],
    [
      409,
      5409
    ],
    [
      410,
      5410
    ],
    [
      411,
      5411
    ],
    [
      415,
      5415
    ],
    [
      436,
      5436
    ],
    [
      496,
      5496
    ],
    [
      521,
      5521
    ],
    [
      548,
      5548
    ],
    [
      568,
      5568
    ],
    [
      581,
      5581
    ],
    [
      582,
      5582
    ],
    [
      618,
      5618
    ],
    [
      644,
      5644
    ],
    [
      655,
      5655
    ],
    [
      657,
      5657
    ],
    [
      668,
      5668
    ],
    [
      673,
      5673
    ],
    [
      675,
      5675
    ],
    [
      676,
      5676
    ],
    [
      705,
      5705
    ],
    [
      712,
      5712
    ],
    [
      735,
      5735
    ],
    [
      739,
      5739
    ],
    [
      773,
      5773
    ],
    [
      788,
      5788
    ],
    [
      799,
      5799
    ],
    [
      806,
      5806
    ],
    [
      807,
      5807
    ],
    [
      832,
      5832
    ],
    [
      836,
      5836
    ],
    [
      847,
      5847
    ],
    [
      891,
      5891
    ],
    [
      902,
      5902
    ],
    [
      920,
      5920
    ],
    [
      935,
      5935
    ],
    [
      966,
      5966
    ],
    [
      976,
      5976
    ],
    [
      984,
      5984
    ],
    [
      1010,
      6010
    ],
    [
      1015,
      6015
    ],
    [
      1021,
      6021
    ],
    [
      1027,
      6027
    ],
    [
      1029,
      6029
    ],
    [
      1035,
      6035
    ],
    [
      1050,
      6050
    ],
    [
      1078,
      6078
    ],
    [
      1084,
      6084
    ],
    [
      1109,
      6109
    ],
    [
      1113,
      6113
    ],
    [
      1152,
      6152
    ],
    [
      1162,
      6162
    ],
    [
      1185,
      6185
    ],
    [
      1191,
      6191
    ],
    [
      1192,
      6192
    ],
    [
      1204,
      6204
    ],
    [
      1215,
      6215
    ],
    [
      1218,
      6218
    ],
    [
      1229,
      6229
    ],
    [
      1231,
      6231
    ],
    [
      1249,
      6249
    ],
    [
      1265,
      6265
    ],
    [
      1266,
      6266
    ],
    [
      1275,
      6275
    ],
    [
      1285,
      6285
    ],
    [
      1304,
      6304
    ],
    [
      1345,
      6345
    ],
    [
      1373,
      6373
    ],
    [
      1389,
      6389
    ],
    [
      1403,
      6403
    ],
    [
      1423,
      6423
    ],
    [
      1448,
      6448
    ],
    [
      1457,
      6457
    ],
    [
      1467,
      6467
    ],
    [
      1475,
      6475
    ],
    [
      1478,
      6478
    ],
    [
      1483,
      6483
    ],
    [
      1521,
      6521
    ],
    [
      1538,
      6538
    ],
    [
      1564,
      6564
    ],
    [
      1574,
      6574
    ],
    [
      1577,
      6577
    ],
    [
      1615,
      6615
    ],
    [
      1616,
      6616
    ],
    [
      1622,
      6622
    ],
    [
      1640,
      6640
    ],
    [
      1644,
      6644
    ],
    [
      1699,
      6699
    ],
    [
      1708,
      6708
    ],
    [
      1710,
      6710
    ],
    [
      1714,
      6714
    ],
    [
      1715,
      6715
    ],
    [
      1718,
      6718
    ],
    [
      1720,
      6720
    ],
    [
      1732,
      6732
    ],
    [
      1734,
      6734
    ],
    [
      1735,
      6735
    ],
    [
      1788,
      6788
    ],
    [
      1799,
      6799
    ],
    [
      1838,
      6838
    ],
    [
      1844,
      6844
    ],
    [
      1868,
      6868
    ],
    [
      1881,
      6881
    ],
    [
      1885,
      6885
    ],
    [
      1887,
      6887
    ],
    [
      1893,
      6893
    ],
    [
      1919,
      6919
    ],
    [
      1922,
      6922
    ],
    [
      1923,
      6923
    ],
    [
      1935,
      6935
    ],
    [
      1938,
      6938
    ],
    [
      1955,
      6955
    ],
    [
      1973,
      6973
    ],
    [
      1975,
      6975
    ],
    [
      2026,
      7026
    ],
    [
      2034,
      7034
    ],
    [
      2036,
      7036
    ],
    [
      2063,
      7063
    ],
    [
      2067,
      7067
    ],
    [
      2073,
      7073
    ],
    [
      2081,
      7081
    ],
    [
      2097,
      7097
    ],
    [
      2116,
      7116
    ],
    [
      2121,
      7121
    ],
    [
      2122,
      7122
    ],
    [
      2124,
      7124
    ],
    [
      2130,
      7130
    ],
    [
      2137,
      7137
    ],
    [
      2148,
      7148
    ],
    [
      2157,
      7157
    ],
    [
      2162,
      7162
    ],
    [
      2173,
      7173
    ],
    [
      2175,
      7175
    ],
    [
      2198,
      7198
    ],
    [
      2233,
      7233
    ],
    [
      2235,
      7235
    ],
    [
      2256,
      7256
    ],
    [
      2266,
      7266
    ],
    [
      2276,
      7276
    ],
    [
      2293,
      7293
    ],
    [
      2304,
      7304
    ],
    [
      2309,
      7309
    ],
    [
      2310,
      7310
    ],
    [
      2329,
      7329
    ],
    [
      2330,
      7330
    ],
    [
      2335,
      7335
    ],
    [
      2341,
      7341
    ],
    [
      2344,
      7344
    ],
    [
      2351,
      7351
    ],
    [
      2359,
      7359
    ],
    [
      2367,
      7367
    ],
    [
      2381,
      7381
    ],
    [
      2387,
      7387
    ],
    [
      2388,
      7388
    ],
    [
      2401,
      7401
    ],
    [
      2414,
      7414
    ],
    [
      2419,
      7419
    ],
    [
      2449,
      7449
    ],
    [
      2454,
      7454
    ],
    [
      2459,
      7459
    ],
    [
      2468,
      7468
    ],
    [
      2498,
      7498
    ],
    [
      2503,
      7503
    ],
    [
      2513,
      7513
    ],
    [
      2516,
      7516
    ],
    [
      2539,
      7539
    ],
    [
      2549,
      7549
    ],
    [
      2553,
      7553
    ],
    [
      2555,
      7555
    ],
    [
      2571,
      7571
    ],
    [
      2583,
      7583
    ],
    [
      2593,
      7593
    ],
    [
      2630,
      7630
    ],
    [
      2635,
      7635
    ],
    [
      2652,
      7652
    ],
    [
      2682,
      7682
    ],
    [
      2683,
      7683
    ],
    [
      2686,
      7686
    ],
    [
      2692,
      7692
    ],
    [
      2706,
      7706
    ],
    [
      2722,
      7722
    ],
    [
      2747,
      7747
    ],
    [
      2775,
      7775
    ],
    [
      2798,
      7798
    ],
    [
      2799,
      7799
    ],
    [
      2803,
      7803
    ],
    [
      2837,
      7837
    ],
    [
      2855,
      7855
    ],
    [
      2877,
      7877
    ],
    [
      2880,
      7880
    ],
    [
      2896,
      7896
    ],
    [
      2919,
      7919
    ],
    [
      2924,
      7924
    ],
    [
      2934,
      7934
    ],
    [
      2939,
      7939
    ],
    [
      2942,
      7942
    ],
    [
      2945,
      7945
    ],
    [
      2959,
      7959
    ],
    [
      2978,
      7978
    ],
    [
      2982,
      7982
    ],
    [
      2991,
      7991
    ],
    [
      2992,
      7992
    ],
    [
      3003,
      8003
    ],
    [
      3042,
      8042
    ],
    [
      3045,
      8045
    ],
    [
      3055,
      8055
    ],
    [
      3091,
      8091
    ],
    [
      3111,
      8111
    ],
    [
      3120,
      8120
    ],
    [
      3173,
      8173
    ],
    [
      3184,
      8184
    ],
    [
      3186,
      8186
    ],
    [
      3206,
      8206
    ],
    [
      3210,
      8210
    ],
    [
      3218,
      8218
    ],
    [
      3230,
      8230
    ],
    [
      3238,
      8238
    ],
    [
      3265,
      8265
    ],
    [
      3266,
      8266
    ],
    [
      3287,
      8287
    ],
    [
      3288,
      8288
    ],
    [
      3289,
      8289
    ],
    [
      3310,
      8310
    ],
    [
      3322,
      8322
    ],
    [
      3350,
      8350
    ],
    [
      3377,
      8377
    ],
    [
      3391,
      8391
    ],
    [
      3392,
      8392
    ],
    [
      3423,
      8423
    ],
    [
      3453,
      8453
    ],
    [
      3461,
      8461
    ],
    [
      3471,
      8471
    ],
    [
      3488,
      8488
    ],
    [
      3500,
      8500
    ],
    [
      3505,
      8505
    ],
    [
      3516,
      8516
    ],
    [
      3524,
      8524
    ],
    [
      3529,
      8529
    ],
    [
      3588,
      8588
    ],
    [
      3599,
      8599
    ],
    [
      3613,
      8613
    ],
    [
      3620,
      8620
    ],
    [
      3621,
      8621
    ],
    [
      3651,
      8651
    ],
    [
      3671,
      8671
    ],
    [
      3675,
      8675
    ],
    [
      3703,
      8703
    ],
    [
      3739,
      8739
    ],
    [
      3740,
      8740
    ],
    [
      3749,
      8749
    ],
    [
      3750,
      8750
    ],
    [
      3781,
      8781
    ],
    [
      3795,
      8795
    ],
    [
      3803,
      8803
    ],
    [
      3815,
      8815
    ],
    [
      3825,
      8825
    ],
    [
      3839,
      8839
    ],
    [
      3844,
      8844
    ],
    [
      3845,
      8845
    ],
    [
      3945,
      8945
    ],
    [
      3956,
      8956
    ],
    [
      3964,
      8964
    ],
    [
      3965,
      8965
    ],
    [
      3972,
      8972
    ],
    [
      3973,
      8973
    ],
    [
      3990,
      8990
    ],
    [
      3992,
      8992
    ],
    [
      3993,
      8993
    ],
    [
      3997,
      8997
    ],
    [
      3998,
      8998
    ],
    [
      4029,
      9029
    ],
    [
      4040,
      9040
    ],
    [
      4074,
      9074
    ],
    [
      4076,
      9076
    ],
    [
      4082,
      9082
    ],
    [
      4089,
      9089
    ],
    [
      4100,
      9100
    ],
    [
      4103,
      9103
    ],
    [
      4116,
      9116
    ],
    [
      4118,
      9118
    ],
    [
      4148,
      9148
    ],
    [
      4156,
      9156
    ],
    [
      4172,
      9172
    ],
    [
      4214,
      9214
    ],
    [
      4229,
      9229
    ],
    [
      4250,
      9250
    ],
    [
      4272,
      9272
    ],
    [
      4311,
      9311
    ],
    [
      4333,
      9333
    ],
    [
      4341,
      9341
    ],
    [
      4351,
      9351
    ],
    [
      4352,
      9352
    ],
    [
      4369,
      9369
    ],
    [
      4382,
      9382
    ],
    [
      4384,
      9384
    ],
    [
      4385,
      9385
    ],
    [
      4391,
      9391
    ],
    [
      4423,
      9423
    ],
    [
      4425,
      9425
    ],
    [
      4437,
      9437
    ],
    [
      4441,
      9441
    ],
    [
      4447,
      9447
    ],
    [
      4465,
      9465
    ],
    [
      4482,
      9482
    ],
    [
      4491,
      9491
    ],
    [
      4519,
      9519
    ],
    [
      4547,
      9547
    ],
    [
      4550,
      9550
    ],
    [
      4583,
      9583
    ],
    [
      4589,
      9589
    ],
    [
      4591,
      9591
    ],
    [
      4592,
      9592
    ],
    [
      4632,
      9632
    ],
    [
      4639,
      9639
    ],
    [
      4649,
      9649
    ],
    [
      4654,
      9654
    ],
    [
      4658,
      9658
    ],
    [
      4660,
      9660
    ],
    [
      4663,
      9663
    ],
    [
      4695,
      9695
    ],
    [
      4704,
      9704
    ],
    [
      4706,
      9706
    ],
    [
      4708,
      9708
    ],
    [
      4710,
      9710
    ],
    [
      4717,
      9717
    ],
    [
      4733,
      9733
    ],
    [
      4738,
      9738
    ],
    [
      4741,
      9741
    ],
    [
      4743,
      9743
    ],
    [
      4757,
      9757
    ],
    [
      4763,
      9763
    ],
    [
      4781,
      9781
    ],
    [
      4789,
      9789
    ],
    [
      4807,
      9807
    ],
    [
      4830,
      9830
    ],
    [
      4835,
      9835
    ],
    [
      4846,
      9846
    ],
    [
      4850,
      9850
    ],
    [
      4867,
      9867
    ],
    [
      4873,
      9873
    ],
    [
      4897,
      9897
    ],
    [
      4915,
      9915
    ],
    [
      4926,
      9926
    ],
    [
      4927,
      9927
    ],
    [
      4949,
      9949
    ],
    [
      4984,
      9984
    ],
    [
      4990,
      9990
    ],
    [
      4992,
      9992
    ],
    [
      4997,
      9997
    ]
  ]
}